<?xml version="1.0" encoding="utf-8"?><index><!-- saved from url=(0016)http://localhost -->
<stem n="schmitt"><phr n="Schmitt"><ent r="3" t="31" w="140" /><ent r="3" t="31" w="140" /><ent r="3" t="62" w="140" /><ent r="3" t="62" w="140" /><ent r="3" t="113" w="144" /><ent r="3" t="113" w="144" /><ent r="3" t="136" w="144" /><ent r="3" t="136" w="144" /><ent r="3" t="187" w="202" /><ent r="3" t="187" w="202" /><ent r="3" t="214" w="202" /><ent r="3" t="214" w="202" /></phr></stem><stem n="trigger"><phr n="trigger"><ent r="3" t="31" w="141" /><ent r="3" t="31" w="141" /><ent r="3" t="62" w="141" /><ent r="3" t="62" w="141" /><ent r="3" t="113" w="145" /><ent r="3" t="113" w="145" /><ent r="3" t="136" w="145" /><ent r="3" t="136" w="145" /><ent r="3" t="187" w="203" /><ent r="3" t="187" w="203" /><ent r="3" t="214" w="203" /><ent r="3" t="214" w="203" /><ent r="4" t="401" w="315" /><ent r="4" t="401" w="315" /></phr><phr n="triggering"><ent r="8" t="210" w="86" /><ent r="8" t="210" w="86" /></phr><phr n="TRIGGER"><ent r="6" t="374" w="284" /><ent r="6" t="374" w="284" /></phr><phr n="Trigger"><ent r="68" t="374" w="292" /><ent r="68" t="374" w="292" /><ent r="82" t="374" w="451" /><ent r="82" t="374" w="451" /><ent r="6" t="374" w="470" /><ent r="6" t="374" w="470" /><ent r="6" t="374" w="478" /><ent r="6" t="374" w="478" /></phr><phr n="triggered"><ent r="4" t="401" w="328" /><ent r="4" t="401" w="328" /></phr></stem><stem n="ring"><phr n="ringing"><ent r="3" t="31" w="152" /><ent r="3" t="62" w="152" /><ent r="3" t="113" w="156" /><ent r="3" t="136" w="156" /><ent r="3" t="187" w="214" /><ent r="3" t="214" w="214" /><ent r="4" t="401" w="306" /><ent r="4" t="401" w="313" /><ent r="3" t="401" w="547" /></phr><phr n="ring"><ent r="7" t="78" w="849" /><ent r="7" t="78" w="849" /><ent r="7" t="131" w="885" /><ent r="7" t="131" w="885" /><ent r="3" t="251" w="147" /><ent r="3" t="251" w="147" /></phr><phr n="rings"><ent r="7" t="78" w="883" /><ent r="7" t="78" w="883" /><ent r="7" t="131" w="919" /><ent r="7" t="131" w="919" /></phr><phr n="Ring"><ent r="6" t="156" w="315" /><ent r="6" t="156" w="315" /><ent r="6" t="156" w="382" /><ent r="6" t="156" w="382" /></phr></stem><stem n="multipl"><phr n="multiple"><ent r="3" t="31" w="158" /><ent r="3" t="31" w="158" /><ent r="3" t="40" w="121" /><ent r="3" t="40" w="121" /><ent r="3" t="62" w="158" /><ent r="3" t="62" w="158" /><ent r="3" t="66" w="121" /><ent r="3" t="66" w="121" /><ent r="4" t="96" w="79" /><ent r="4" t="96" w="79" /><ent r="3" t="113" w="162" /><ent r="3" t="113" w="162" /><ent r="3" t="121" w="121" /><ent r="3" t="121" w="121" /><ent r="5" t="125" w="83" /><ent r="5" t="125" w="83" /><ent r="3" t="136" w="162" /><ent r="3" t="136" w="162" /><ent r="9" t="150" w="23" /><ent r="9" t="150" w="23" /><ent r="3" t="157" w="117" /><ent r="3" t="157" w="117" /><ent r="9" t="165" w="23" /><ent r="9" t="165" w="23" /><ent r="9" t="175" w="90" /><ent r="9" t="175" w="90" /><ent r="3" t="187" w="220" /><ent r="3" t="187" w="220" /><ent r="3" t="195" w="117" /><ent r="3" t="195" w="117" /><ent r="9" t="201" w="135" /><ent r="9" t="201" w="135" /><ent r="3" t="214" w="220" /><ent r="3" t="214" w="220" /><ent r="3" t="219" w="117" /><ent r="3" t="219" w="117" /><ent r="9" t="227" w="135" /><ent r="9" t="227" w="135" /><ent r="7" t="235" w="1626" /><ent r="7" t="235" w="1626" /><ent r="3" t="239" w="208" /><ent r="3" t="239" w="208" /><ent r="3" t="239" w="409" /><ent r="3" t="239" w="409" /><ent r="3" t="239" w="446" /><ent r="3" t="239" w="446" /><ent r="3" t="269" w="138" /><ent r="3" t="269" w="138" /><ent r="3" t="271" w="91" /><ent r="3" t="271" w="91" /><ent r="3" t="276" w="176" /><ent r="3" t="276" w="176" /><ent r="3" t="276" w="2257" /><ent r="3" t="276" w="2257" /><ent r="5" t="297" w="708" /><ent r="5" t="297" w="708" /><ent r="6" t="314" w="735" /><ent r="6" t="314" w="735" /><ent r="6" t="314" w="940" /><ent r="6" t="314" w="940" /><ent r="3" t="319" w="167" /><ent r="3" t="319" w="167" /><ent r="3" t="323" w="227" /><ent r="3" t="323" w="227" /><ent r="3" t="348" w="216" /><ent r="3" t="348" w="216" /><ent r="3" t="362" w="263" /><ent r="3" t="362" w="263" /><ent r="3" t="379" w="59" /><ent r="3" t="379" w="59" /><ent r="3" t="382" w="116" /><ent r="3" t="382" w="116" /><ent r="6" t="388" w="1126" /><ent r="6" t="388" w="1126" /><ent r="6" t="388" w="1421" /><ent r="6" t="388" w="1421" /><ent r="7" t="396" w="105" /><ent r="7" t="396" w="105" /><ent r="7" t="396" w="205" /><ent r="7" t="396" w="205" /><ent r="3" t="399" w="272" /><ent r="3" t="399" w="272" /><ent r="3" t="399" w="606" /><ent r="3" t="399" w="606" /><ent r="3" t="400" w="1420" /><ent r="3" t="400" w="1420" /><ent r="5" t="400" w="2037" /><ent r="5" t="400" w="2037" /><ent r="3" t="402" w="262" /><ent r="3" t="402" w="262" /><ent r="3" t="402" w="313" /><ent r="3" t="402" w="313" /><ent r="7" t="491" w="59" /><ent r="7" t="491" w="59" /><ent r="7" t="491" w="68" /><ent r="7" t="491" w="68" /></phr><phr n="Multiple"><ent r="7" t="235" w="2088" /><ent r="7" t="235" w="2088" /><ent r="4" t="276" w="157" /><ent r="4" t="276" w="157" /><ent r="3" t="319" w="192" /><ent r="3" t="319" w="192" /><ent r="68" t="395" w="261" /><ent r="68" t="395" w="261" /><ent r="7" t="395" w="267" /><ent r="7" t="395" w="267" /><ent r="7" t="431" w="187" /><ent r="7" t="431" w="187" /><ent r="1000" t="443" w="3" /><ent r="1000" t="443" w="3" /><ent r="82" t="443" w="11" /><ent r="82" t="443" w="11" /></phr><phr n="multiples"><ent r="4" t="422" w="808" /><ent r="4" t="422" w="975" /></phr></stem><stem n="recogn"><phr n="recognized"><ent r="3" t="31" w="164" /><ent r="3" t="62" w="164" /><ent r="3" t="113" w="168" /><ent r="3" t="136" w="168" /><ent r="3" t="187" w="226" /><ent r="3" t="214" w="226" /></phr><phr n="recognizes"><ent r="3" t="138" w="432" /><ent r="3" t="138" w="432" /></phr><phr n="recognize"><ent r="54" t="239" w="68" /><ent r="54" t="239" w="68" /></phr></stem><stem n="u1"><phr n="U1"><ent r="3" t="31" w="166" /><ent r="3" t="31" w="166" /><ent r="3" t="62" w="166" /><ent r="3" t="62" w="166" /><ent r="3" t="113" w="170" /><ent r="3" t="113" w="170" /><ent r="3" t="136" w="170" /><ent r="3" t="136" w="170" /></phr></stem><stem n="texa"><phr n="Texas"><ent r="3" t="31" w="168" /><ent r="3" t="31" w="168" /><ent r="3" t="62" w="168" /><ent r="3" t="62" w="168" /><ent r="3" t="113" w="172" /><ent r="3" t="113" w="172" /><ent r="3" t="115" w="690" /><ent r="3" t="115" w="690" /><ent r="3" t="136" w="172" /><ent r="3" t="136" w="172" /><ent r="3" t="138" w="626" /><ent r="3" t="138" w="626" /></phr></stem><stem n="instrument"><phr n="instrument"><ent r="3" t="31" w="169" /><ent r="3" t="62" w="169" /><ent r="3" t="113" w="173" /><ent r="3" t="136" w="173" /><ent r="3" t="499" w="70" /></phr><phr n="Instrument"><ent r="3" t="115" w="691" /><ent r="3" t="138" w="627" /></phr><phr n="instruments"><ent r="3" t="393" w="28" /><ent r="3" t="393" w="28" /></phr></stem><stem n="sn74lvc2g17"><phr n="SN74LVC2G17"><ent r="3" t="31" w="170" /><ent r="3" t="31" w="170" /><ent r="3" t="31" w="178" /><ent r="3" t="31" w="178" /><ent r="3" t="62" w="170" /><ent r="3" t="62" w="170" /><ent r="3" t="62" w="178" /><ent r="3" t="62" w="178" /><ent r="3" t="113" w="174" /><ent r="3" t="113" w="174" /><ent r="3" t="113" w="182" /><ent r="3" t="113" w="182" /><ent r="3" t="136" w="174" /><ent r="3" t="136" w="174" /><ent r="3" t="136" w="182" /><ent r="3" t="136" w="182" /></phr></stem><stem n="u2"><phr n="U2"><ent r="3" t="31" w="172" /><ent r="3" t="31" w="172" /><ent r="3" t="62" w="172" /><ent r="3" t="62" w="172" /><ent r="3" t="113" w="176" /><ent r="3" t="113" w="176" /><ent r="3" t="136" w="176" /><ent r="3" t="136" w="176" /></phr></stem><stem n="semiconductor"><phr n="Semiconductor"><ent r="3" t="31" w="175" /><ent r="3" t="62" w="175" /><ent r="3" t="113" w="179" /><ent r="3" t="136" w="179" /></phr></stem><stem n="nup4301mr6t1g"><phr n="NUP4301MR6T1G"><ent r="3" t="31" w="176" /><ent r="3" t="31" w="176" /><ent r="3" t="62" w="176" /><ent r="3" t="62" w="176" /><ent r="3" t="113" w="180" /><ent r="3" t="113" w="180" /><ent r="3" t="136" w="180" /><ent r="3" t="136" w="180" /></phr></stem><stem n="suitabl"><phr n="suitable"><ent r="3" t="31" w="181" /><ent r="3" t="31" w="181" /><ent r="3" t="62" w="181" /><ent r="3" t="62" w="181" /><ent r="3" t="113" w="185" /><ent r="3" t="113" w="185" /><ent r="3" t="136" w="185" /><ent r="3" t="136" w="185" /><ent r="5" t="268" w="163" /><ent r="5" t="268" w="163" /><ent r="3" t="276" w="2327" /><ent r="3" t="276" w="2327" /><ent r="3" t="499" w="42" /><ent r="3" t="499" w="42" /><ent r="3" t="501" w="28" /><ent r="3" t="501" w="28" /></phr></stem><stem n="accept"><phr n="accepts"><ent r="3" t="31" w="187" /><ent r="3" t="31" w="187" /><ent r="3" t="62" w="187" /><ent r="3" t="62" w="187" /><ent r="3" t="113" w="191" /><ent r="3" t="113" w="191" /><ent r="3" t="136" w="191" /><ent r="3" t="136" w="191" /><ent r="7" t="235" w="2228" /><ent r="7" t="235" w="2228" /><ent r="3" t="399" w="155" /><ent r="3" t="399" w="155" /></phr><phr n="accept"><ent r="7" t="91" w="767" /><ent r="7" t="91" w="767" /><ent r="7" t="91" w="1466" /><ent r="7" t="91" w="1466" /><ent r="7" t="91" w="1549" /><ent r="7" t="91" w="1549" /><ent r="7" t="235" w="2274" /><ent r="7" t="235" w="2274" /><ent r="3" t="265" w="378" /><ent r="3" t="265" w="378" /><ent r="3" t="276" w="1945" /><ent r="3" t="276" w="1945" /><ent r="6" t="314" w="670" /><ent r="6" t="314" w="670" /><ent r="6" t="314" w="761" /><ent r="6" t="314" w="761" /><ent r="6" t="314" w="965" /><ent r="6" t="314" w="965" /><ent r="3" t="314" w="1173" /><ent r="3" t="314" w="1173" /><ent r="3" t="314" w="1192" /><ent r="3" t="314" w="1192" /><ent r="3" t="314" w="1387" /><ent r="3" t="314" w="1387" /><ent r="3" t="314" w="1401" /><ent r="3" t="314" w="1401" /><ent r="3" t="321" w="17" /><ent r="3" t="321" w="17" /><ent r="3" t="400" w="867" /><ent r="3" t="400" w="867" /><ent r="5" t="427" w="591" /><ent r="5" t="427" w="591" /></phr><phr n="accepted"><ent r="7" t="235" w="2285" /><ent r="7" t="235" w="2285" /><ent r="8" t="372" w="1640" /></phr><phr n="accepting"><ent r="3" t="240" w="307" /><ent r="3" t="240" w="307" /><ent r="3" t="240" w="335" /><ent r="3" t="240" w="335" /><ent r="3" t="240" w="446" /><ent r="3" t="240" w="446" /><ent r="3" t="240" w="494" /><ent r="3" t="240" w="494" /><ent r="3" t="240" w="557" /><ent r="3" t="240" w="557" /></phr><phr n="Accepts"><ent r="6" t="314" w="747" /><ent r="6" t="314" w="747" /><ent r="6" t="314" w="953" /><ent r="6" t="314" w="953" /></phr></stem><stem n="care"><phr n="care"><ent r="3" t="31" w="202" /><ent r="3" t="31" w="202" /><ent r="3" t="62" w="202" /><ent r="3" t="62" w="202" /><ent r="3" t="113" w="206" /><ent r="3" t="113" w="206" /><ent r="3" t="136" w="206" /><ent r="3" t="136" w="206" /><ent r="7" t="445" w="488" /><ent r="1000" t="499" w="3" /><ent r="1000" t="499" w="3" /><ent r="92" t="499" w="7" /><ent r="92" t="499" w="7" /></phr><phr n="careful"><ent r="3" t="115" w="393" /><ent r="3" t="115" w="393" /><ent r="3" t="138" w="298" /><ent r="3" t="138" w="298" /><ent r="5" t="282" w="291" /><ent r="5" t="282" w="291" /></phr></stem><stem n="exce"><phr n="exceed"><ent r="3" t="31" w="211" /><ent r="3" t="31" w="211" /><ent r="3" t="62" w="211" /><ent r="3" t="62" w="211" /><ent r="3" t="113" w="215" /><ent r="3" t="113" w="215" /><ent r="3" t="136" w="215" /><ent r="3" t="136" w="215" /><ent r="3" t="382" w="45" /><ent r="3" t="382" w="45" /><ent r="7" t="431" w="158" /><ent r="7" t="431" w="158" /></phr><phr n="exceeds"><ent r="54" t="263" w="84" /><ent r="54" t="263" w="84" /><ent r="54" t="268" w="75" /><ent r="54" t="268" w="75" /><ent r="3" t="359" w="383" /><ent r="3" t="359" w="383" /><ent r="7" t="431" w="172" /><ent r="7" t="431" w="172" /><ent r="7" t="445" w="241" /><ent r="7" t="445" w="241" /><ent r="7" t="445" w="249" /><ent r="7" t="445" w="249" /><ent r="3" t="475" w="54" /><ent r="3" t="475" w="54" /></phr></stem><stem n="0-3"><phr n="0-3"><ent r="6" t="32" w="23" /><ent r="7" t="32" w="113" /><ent r="6" t="32" w="213" /><ent r="6" t="32" w="303" /><ent r="7" t="63" w="23" /><ent r="7" t="63" w="113" /><ent r="7" t="63" w="213" /><ent r="7" t="63" w="303" /><ent r="7" t="83" w="107" /><ent r="7" t="188" w="65" /><ent r="7" t="188" w="151" /><ent r="3" t="194" w="9" /><ent r="7" t="215" w="65" /><ent r="7" t="215" w="151" /><ent r="3" t="218" w="9" /><ent r="7" t="353" w="903" /><ent r="7" t="353" w="966" /><ent r="7" t="445" w="198" /><ent r="7" t="445" w="198" /></phr></stem><stem n="alreadi"><phr n="already"><ent r="7" t="32" w="70" /><ent r="7" t="32" w="70" /><ent r="7" t="32" w="170" /><ent r="7" t="32" w="170" /><ent r="7" t="32" w="260" /><ent r="7" t="32" w="260" /><ent r="7" t="32" w="360" /><ent r="7" t="32" w="360" /><ent r="7" t="63" w="70" /><ent r="7" t="63" w="70" /><ent r="7" t="63" w="170" /><ent r="7" t="63" w="170" /><ent r="7" t="63" w="260" /><ent r="7" t="63" w="260" /><ent r="7" t="63" w="360" /><ent r="7" t="63" w="360" /><ent r="7" t="83" w="23" /><ent r="7" t="83" w="23" /><ent r="7" t="83" w="29" /><ent r="7" t="83" w="29" /><ent r="7" t="83" w="65" /><ent r="7" t="83" w="65" /><ent r="7" t="83" w="71" /><ent r="7" t="83" w="71" /><ent r="7" t="83" w="163" /><ent r="7" t="83" w="163" /><ent r="7" t="114" w="71" /><ent r="7" t="114" w="71" /><ent r="7" t="114" w="172" /><ent r="7" t="114" w="172" /><ent r="7" t="114" w="263" /><ent r="7" t="114" w="263" /><ent r="7" t="114" w="364" /><ent r="7" t="114" w="364" /><ent r="7" t="137" w="71" /><ent r="7" t="137" w="71" /><ent r="7" t="137" w="171" /><ent r="7" t="137" w="171" /><ent r="7" t="137" w="262" /><ent r="7" t="137" w="262" /><ent r="7" t="188" w="23" /><ent r="7" t="188" w="23" /><ent r="7" t="188" w="29" /><ent r="7" t="188" w="29" /><ent r="7" t="188" w="121" /><ent r="7" t="188" w="121" /><ent r="7" t="188" w="244" /><ent r="7" t="188" w="244" /><ent r="3" t="194" w="84" /><ent r="3" t="194" w="84" /><ent r="7" t="215" w="23" /><ent r="7" t="215" w="23" /><ent r="7" t="215" w="29" /><ent r="7" t="215" w="29" /><ent r="7" t="215" w="121" /><ent r="7" t="215" w="121" /><ent r="7" t="215" w="244" /><ent r="7" t="215" w="244" /><ent r="3" t="218" w="84" /><ent r="3" t="218" w="84" /><ent r="3" t="317" w="24" /><ent r="3" t="317" w="24" /><ent r="5" t="398" w="250" /><ent r="5" t="398" w="250" /><ent r="5" t="398" w="1175" /><ent r="5" t="398" w="1175" /><ent r="5" t="398" w="1842" /><ent r="5" t="398" w="1842" /><ent r="5" t="422" w="1161" /><ent r="5" t="422" w="1161" /><ent r="7" t="445" w="506" /><ent r="7" t="445" w="506" /></phr></stem><stem n="label"><phr n="labeled"><ent r="7" t="32" w="79" /><ent r="7" t="32" w="79" /><ent r="7" t="32" w="179" /><ent r="7" t="32" w="179" /><ent r="7" t="32" w="269" /><ent r="7" t="32" w="269" /><ent r="7" t="32" w="369" /><ent r="7" t="32" w="369" /><ent r="7" t="63" w="79" /><ent r="7" t="63" w="79" /><ent r="7" t="63" w="179" /><ent r="7" t="63" w="179" /><ent r="7" t="63" w="269" /><ent r="7" t="63" w="269" /><ent r="7" t="63" w="369" /><ent r="7" t="63" w="369" /><ent r="7" t="83" w="44" /><ent r="7" t="83" w="44" /><ent r="7" t="83" w="86" /><ent r="7" t="83" w="86" /><ent r="7" t="83" w="172" /><ent r="7" t="83" w="172" /><ent r="7" t="114" w="80" /><ent r="7" t="114" w="80" /><ent r="7" t="114" w="181" /><ent r="7" t="114" w="181" /><ent r="7" t="114" w="272" /><ent r="7" t="114" w="272" /><ent r="7" t="114" w="373" /><ent r="7" t="114" w="373" /><ent r="7" t="137" w="80" /><ent r="7" t="137" w="80" /><ent r="7" t="137" w="180" /><ent r="7" t="137" w="180" /><ent r="7" t="137" w="271" /><ent r="7" t="137" w="271" /><ent r="6" t="164" w="83" /><ent r="6" t="164" w="83" /><ent r="6" t="164" w="97" /><ent r="6" t="164" w="97" /><ent r="6" t="164" w="119" /><ent r="6" t="164" w="119" /><ent r="6" t="164" w="139" /><ent r="6" t="164" w="139" /><ent r="6" t="164" w="151" /><ent r="6" t="164" w="151" /><ent r="4" t="164" w="171" /><ent r="4" t="164" w="171" /><ent r="4" t="164" w="185" /><ent r="4" t="164" w="185" /><ent r="5" t="164" w="273" /><ent r="5" t="164" w="273" /><ent r="5" t="164" w="279" /><ent r="5" t="164" w="279" /><ent r="4" t="164" w="348" /><ent r="4" t="164" w="348" /><ent r="4" t="164" w="361" /><ent r="4" t="164" w="361" /><ent r="5" t="164" w="428" /><ent r="5" t="164" w="428" /><ent r="5" t="164" w="442" /><ent r="5" t="164" w="442" /><ent r="4" t="164" w="490" /><ent r="4" t="164" w="490" /><ent r="7" t="188" w="44" /><ent r="7" t="188" w="44" /><ent r="7" t="188" w="130" /><ent r="7" t="188" w="130" /><ent r="7" t="188" w="253" /><ent r="7" t="188" w="253" /><ent r="7" t="188" w="262" /><ent r="7" t="188" w="262" /><ent r="7" t="188" w="281" /><ent r="7" t="188" w="281" /><ent r="3" t="194" w="92" /><ent r="3" t="194" w="92" /><ent r="3" t="194" w="100" /><ent r="3" t="194" w="100" /><ent r="3" t="194" w="118" /><ent r="3" t="194" w="118" /><ent r="7" t="215" w="44" /><ent r="7" t="215" w="44" /><ent r="7" t="215" w="130" /><ent r="7" t="215" w="130" /><ent r="7" t="215" w="253" /><ent r="7" t="215" w="253" /><ent r="7" t="215" w="262" /><ent r="7" t="215" w="262" /><ent r="7" t="215" w="281" /><ent r="7" t="215" w="281" /><ent r="6" t="215" w="319" /><ent r="6" t="215" w="319" /><ent r="3" t="218" w="92" /><ent r="3" t="218" w="92" /><ent r="3" t="218" w="100" /><ent r="3" t="218" w="100" /><ent r="3" t="218" w="118" /><ent r="3" t="218" w="118" /><ent r="6" t="226" w="69" /><ent r="6" t="226" w="69" /><ent r="6" t="226" w="89" /><ent r="6" t="226" w="89" /><ent r="6" t="226" w="97" /><ent r="6" t="226" w="97" /><ent r="4" t="226" w="117" /><ent r="4" t="226" w="117" /><ent r="4" t="226" w="131" /><ent r="4" t="226" w="131" /><ent r="5" t="226" w="226" /><ent r="5" t="226" w="226" /><ent r="5" t="226" w="233" /><ent r="5" t="226" w="233" /><ent r="4" t="226" w="314" /><ent r="4" t="226" w="314" /><ent r="4" t="226" w="328" /><ent r="4" t="226" w="328" /><ent r="5" t="226" w="400" /><ent r="5" t="226" w="400" /><ent r="5" t="226" w="415" /><ent r="5" t="226" w="415" /></phr><phr n="label"><ent r="3" t="91" w="1407" /><ent r="3" t="91" w="1407" /></phr><phr n="Labelling"><ent r="3" t="91" w="1743" /><ent r="3" t="91" w="1743" /></phr><phr n="labels"><ent r="3" t="258" w="24" /><ent r="3" t="258" w="24" /></phr></stem><stem n="either"><phr n="either"><ent r="7" t="32" w="92" /><ent r="7" t="32" w="92" /><ent r="7" t="32" w="192" /><ent r="7" t="32" w="192" /><ent r="7" t="32" w="282" /><ent r="7" t="32" w="282" /><ent r="7" t="32" w="382" /><ent r="7" t="32" w="382" /><ent r="3" t="43" w="360" /><ent r="3" t="43" w="360" /><ent r="7" t="63" w="92" /><ent r="7" t="63" w="92" /><ent r="7" t="63" w="192" /><ent r="7" t="63" w="192" /><ent r="7" t="63" w="282" /><ent r="7" t="63" w="282" /><ent r="7" t="63" w="382" /><ent r="7" t="63" w="382" /><ent r="7" t="83" w="185" /><ent r="7" t="83" w="185" /><ent r="6" t="111" w="245" /><ent r="6" t="111" w="245" /><ent r="7" t="114" w="93" /><ent r="7" t="114" w="93" /><ent r="7" t="114" w="194" /><ent r="7" t="114" w="194" /><ent r="7" t="114" w="285" /><ent r="7" t="114" w="285" /><ent r="7" t="114" w="386" /><ent r="7" t="114" w="386" /><ent r="5" t="115" w="468" /><ent r="5" t="115" w="468" /><ent r="7" t="131" w="334" /><ent r="7" t="131" w="334" /><ent r="7" t="137" w="93" /><ent r="7" t="137" w="93" /><ent r="7" t="137" w="193" /><ent r="7" t="137" w="193" /><ent r="7" t="137" w="284" /><ent r="7" t="137" w="284" /><ent r="5" t="138" w="373" /><ent r="5" t="138" w="373" /><ent r="3" t="146" w="396" /><ent r="3" t="146" w="396" /><ent r="3" t="157" w="161" /><ent r="3" t="157" w="161" /><ent r="3" t="160" w="43" /><ent r="3" t="160" w="43" /><ent r="5" t="164" w="269" /><ent r="5" t="164" w="269" /><ent r="4" t="164" w="504" /><ent r="4" t="164" w="504" /><ent r="4" t="216" w="280" /><ent r="4" t="216" w="280" /><ent r="6" t="222" w="566" /><ent r="6" t="222" w="566" /><ent r="3" t="223" w="36" /><ent r="3" t="223" w="36" /><ent r="5" t="226" w="222" /><ent r="5" t="226" w="222" /><ent r="4" t="226" w="521" /><ent r="7" t="235" w="1918" /><ent r="7" t="235" w="1918" /><ent r="7" t="235" w="2236" /><ent r="7" t="235" w="2236" /><ent r="5" t="244" w="332" /><ent r="5" t="244" w="332" /><ent r="5" t="244" w="429" /><ent r="5" t="244" w="429" /><ent r="5" t="244" w="1003" /><ent r="5" t="244" w="1003" /><ent r="3" t="249" w="120" /><ent r="3" t="249" w="120" /><ent r="3" t="249" w="145" /><ent r="3" t="249" w="145" /><ent r="3" t="249" w="297" /><ent r="3" t="249" w="297" /><ent r="3" t="265" w="295" /><ent r="3" t="265" w="295" /><ent r="5" t="266" w="48" /><ent r="5" t="266" w="48" /><ent r="5" t="266" w="288" /><ent r="5" t="266" w="288" /><ent r="5" t="266" w="313" /><ent r="5" t="266" w="313" /><ent r="3" t="269" w="394" /><ent r="3" t="269" w="394" /><ent r="3" t="269" w="463" /><ent r="3" t="269" w="463" /><ent r="3" t="276" w="1270" /><ent r="3" t="276" w="1270" /><ent r="3" t="281" w="30" /><ent r="3" t="281" w="30" /><ent r="3" t="282" w="47" /><ent r="3" t="282" w="47" /><ent r="3" t="283" w="117" /><ent r="3" t="283" w="117" /><ent r="5" t="284" w="901" /><ent r="5" t="284" w="901" /><ent r="3" t="288" w="331" /><ent r="3" t="288" w="331" /><ent r="3" t="288" w="483" /><ent r="3" t="288" w="483" /><ent r="3" t="297" w="223" /><ent r="3" t="297" w="223" /><ent r="3" t="308" w="35" /><ent r="3" t="308" w="35" /><ent r="3" t="321" w="31" /><ent r="3" t="321" w="31" /><ent r="3" t="336" w="31" /><ent r="3" t="336" w="31" /><ent r="3" t="348" w="127" /><ent r="3" t="348" w="127" /><ent r="3" t="399" w="161" /><ent r="3" t="399" w="161" /><ent r="3" t="404" w="89" /><ent r="3" t="404" w="89" /><ent r="3" t="404" w="1100" /><ent r="3" t="404" w="1100" /><ent r="3" t="405" w="267" /><ent r="3" t="405" w="267" /><ent r="3" t="427" w="69" /><ent r="3" t="427" w="69" /></phr><phr n="Either"><ent r="5" t="244" w="315" /><ent r="5" t="244" w="315" /><ent r="5" t="244" w="404" /><ent r="5" t="244" w="404" /><ent r="3" t="500" w="107" /><ent r="3" t="500" w="107" /><ent r="3" t="501" w="212" /><ent r="3" t="501" w="212" /></phr></stem><stem n="cmo"><phr n="CMOS"><ent r="7" t="32" w="96" /><ent r="7" t="32" w="96" /><ent r="7" t="32" w="196" /><ent r="7" t="32" w="196" /><ent r="7" t="32" w="286" /><ent r="7" t="32" w="286" /><ent r="7" t="32" w="386" /><ent r="7" t="32" w="386" /><ent r="7" t="63" w="96" /><ent r="7" t="63" w="96" /><ent r="7" t="63" w="196" /><ent r="7" t="63" w="196" /><ent r="7" t="63" w="286" /><ent r="7" t="63" w="286" /><ent r="7" t="63" w="386" /><ent r="7" t="63" w="386" /><ent r="7" t="83" w="189" /><ent r="7" t="83" w="189" /><ent r="6" t="106" w="2048" /><ent r="6" t="106" w="2048" /><ent r="7" t="114" w="97" /><ent r="7" t="114" w="97" /><ent r="7" t="114" w="198" /><ent r="7" t="114" w="198" /><ent r="7" t="114" w="289" /><ent r="7" t="114" w="289" /><ent r="7" t="114" w="390" /><ent r="7" t="114" w="390" /><ent r="7" t="137" w="97" /><ent r="7" t="137" w="97" /><ent r="7" t="137" w="197" /><ent r="7" t="137" w="197" /><ent r="7" t="137" w="288" /><ent r="7" t="137" w="288" /></phr></stem><stem n="rt"><phr n="RTS"><ent r="7" t="32" w="121" /><ent r="6" t="32" w="311" /><ent r="7" t="63" w="121" /><ent r="7" t="63" w="311" /><ent r="7" t="83" w="114" /><ent r="7" t="114" w="123" /><ent r="7" t="114" w="315" /><ent r="7" t="137" w="123" /><ent r="6" t="156" w="308" /><ent r="6" t="156" w="308" /><ent r="6" t="156" w="375" /><ent r="6" t="156" w="375" /><ent r="6" t="170" w="71" /><ent r="6" t="170" w="71" /><ent r="6" t="171" w="73" /><ent r="6" t="171" w="73" /><ent r="6" t="171" w="144" /><ent r="6" t="171" w="144" /><ent r="7" t="188" w="73" /><ent r="7" t="215" w="73" /></phr><phr n="RT"><ent r="8" t="348" w="346" /><ent r="8" t="348" w="352" /><ent r="6" t="372" w="1693" /><ent r="6" t="372" w="1693" /></phr></stem><stem n="ct"><phr n="CTS"><ent r="7" t="32" w="122" /><ent r="7" t="32" w="122" /><ent r="6" t="32" w="312" /><ent r="6" t="32" w="312" /><ent r="7" t="63" w="122" /><ent r="7" t="63" w="122" /><ent r="7" t="63" w="312" /><ent r="7" t="63" w="312" /><ent r="7" t="83" w="115" /><ent r="7" t="83" w="115" /><ent r="7" t="114" w="124" /><ent r="7" t="114" w="124" /><ent r="7" t="114" w="316" /><ent r="7" t="114" w="316" /><ent r="7" t="137" w="124" /><ent r="7" t="137" w="124" /><ent r="6" t="156" w="292" /><ent r="6" t="156" w="292" /><ent r="6" t="156" w="359" /><ent r="6" t="156" w="359" /><ent r="6" t="170" w="75" /><ent r="6" t="170" w="75" /><ent r="6" t="171" w="77" /><ent r="6" t="171" w="77" /><ent r="6" t="171" w="148" /><ent r="6" t="171" w="148" /><ent r="7" t="188" w="74" /><ent r="7" t="188" w="74" /><ent r="7" t="215" w="74" /><ent r="7" t="215" w="74" /><ent r="6" t="364" w="412" /><ent r="6" t="364" w="412" /></phr></stem><stem n="hardwar"><phr n="hardware"><ent r="7" t="32" w="125" /><ent r="7" t="32" w="125" /><ent r="6" t="32" w="315" /><ent r="6" t="32" w="315" /><ent r="7" t="63" w="125" /><ent r="7" t="63" w="125" /><ent r="7" t="63" w="315" /><ent r="7" t="63" w="315" /><ent r="3" t="69" w="85" /><ent r="3" t="69" w="85" /><ent r="7" t="83" w="118" /><ent r="7" t="83" w="118" /><ent r="7" t="114" w="127" /><ent r="7" t="114" w="127" /><ent r="7" t="114" w="319" /><ent r="7" t="114" w="319" /><ent r="7" t="137" w="127" /><ent r="7" t="137" w="127" /><ent r="3" t="157" w="20" /><ent r="3" t="157" w="20" /><ent r="3" t="157" w="32" /><ent r="3" t="157" w="32" /><ent r="7" t="188" w="77" /><ent r="7" t="188" w="77" /><ent r="3" t="195" w="20" /><ent r="3" t="195" w="20" /><ent r="3" t="195" w="32" /><ent r="3" t="195" w="32" /><ent r="7" t="215" w="77" /><ent r="7" t="215" w="77" /><ent r="3" t="219" w="20" /><ent r="3" t="219" w="20" /><ent r="3" t="219" w="32" /><ent r="3" t="219" w="32" /><ent r="7" t="235" w="12" /><ent r="7" t="235" w="12" /><ent r="7" t="235" w="1455" /><ent r="7" t="235" w="3409" /><ent r="3" t="239" w="183" /><ent r="3" t="239" w="183" /><ent r="3" t="239" w="357" /><ent r="3" t="239" w="357" /><ent r="3" t="239" w="422" /><ent r="3" t="239" w="422" /><ent r="3" t="239" w="632" /><ent r="3" t="239" w="632" /><ent r="6" t="312" w="573" /><ent r="6" t="312" w="573" /><ent r="3" t="318" w="169" /><ent r="3" t="318" w="169" /><ent r="6" t="332" w="396" /><ent r="6" t="332" w="396" /><ent r="3" t="390" w="953" /><ent r="3" t="390" w="953" /><ent r="4" t="390" w="987" /><ent r="4" t="390" w="987" /><ent r="3" t="401" w="121" /><ent r="3" t="401" w="121" /><ent r="7" t="402" w="608" /><ent r="7" t="402" w="608" /><ent r="7" t="402" w="686" /><ent r="7" t="402" w="686" /><ent r="7" t="402" w="811" /><ent r="7" t="402" w="811" /><ent r="3" t="404" w="267" /><ent r="3" t="404" w="267" /><ent r="3" t="404" w="295" /><ent r="3" t="404" w="295" /><ent r="3" t="404" w="872" /><ent r="3" t="404" w="872" /></phr><phr n="Hardware"><ent r="4" t="239" w="627" /><ent r="4" t="239" w="627" /><ent r="6" t="312" w="109" /><ent r="6" t="312" w="109" /><ent r="72" t="401" w="168" /><ent r="72" t="401" w="168" /></phr></stem></index>