<?xml version="1.0" encoding="utf-8"?><index><!-- saved from url=(0016)http://localhost -->
<stem n="weeknumb"><phr n="weekNumber"><ent r="3" t="399" w="1250" /><ent r="3" t="399" w="1250" /><ent r="3" t="399" w="1277" /><ent r="3" t="399" w="1277" /><ent r="3" t="399" w="1310" /><ent r="3" t="399" w="1682" /><ent r="3" t="399" w="1682" /><ent r="3" t="399" w="1708" /></phr></stem><stem n="nsv"><phr n="nSVs"><ent r="3" t="399" w="1253" /><ent r="3" t="399" w="1253" /><ent r="3" t="399" w="1281" /><ent r="3" t="399" w="1281" /><ent r="3" t="399" w="1312" /><ent r="3" t="399" w="1811" /><ent r="3" t="399" w="1811" /><ent r="3" t="399" w="1827" /><ent r="3" t="399" w="1827" /><ent r="3" t="399" w="1834" /><ent r="3" t="399" w="1834" /><ent r="3" t="399" w="1841" /><ent r="3" t="399" w="1841" /><ent r="3" t="399" w="1898" /><ent r="3" t="399" w="1898" /><ent r="3" t="399" w="1915" /><ent r="3" t="399" w="1915" /><ent r="3" t="399" w="1922" /><ent r="3" t="399" w="1922" /><ent r="3" t="399" w="1929" /><ent r="3" t="399" w="1929" /><ent r="3" t="399" w="2023" /><ent r="3" t="399" w="2023" /><ent r="3" t="399" w="2040" /><ent r="3" t="399" w="2040" /><ent r="3" t="399" w="2047" /><ent r="3" t="399" w="2047" /><ent r="3" t="399" w="2054" /><ent r="3" t="399" w="2054" /><ent r="3" t="399" w="2237" /><ent r="3" t="399" w="2237" /><ent r="3" t="399" w="2253" /><ent r="3" t="399" w="2253" /><ent r="3" t="399" w="2260" /><ent r="3" t="399" w="2260" /><ent r="3" t="399" w="2267" /><ent r="3" t="399" w="2267" /><ent r="3" t="399" w="2382" /><ent r="3" t="399" w="2382" /><ent r="3" t="399" w="2424" /><ent r="3" t="399" w="2424" /><ent r="3" t="399" w="2472" /><ent r="3" t="399" w="2500" /></phr></stem><stem n="initnumb"><phr n="initNumber"><ent r="3" t="399" w="1262" /><ent r="3" t="399" w="1262" /><ent r="3" t="399" w="1290" /><ent r="3" t="399" w="1290" /><ent r="3" t="399" w="1318" /><ent r="3" t="399" w="1318" /></phr></stem><stem n="printf"><phr n="printf"><ent r="3" t="399" w="1264" /><ent r="3" t="399" w="1293" /><ent r="3" t="399" w="1346" /><ent r="3" t="399" w="1373" /><ent r="3" t="399" w="1415" /><ent r="3" t="399" w="1436" /><ent r="3" t="399" w="1475" /><ent r="3" t="399" w="1497" /><ent r="3" t="399" w="1533" /><ent r="3" t="399" w="1556" /><ent r="3" t="399" w="1598" /><ent r="3" t="399" w="1626" /><ent r="3" t="399" w="1665" /><ent r="3" t="399" w="1695" /><ent r="3" t="399" w="1745" /><ent r="3" t="399" w="1771" /><ent r="3" t="399" w="1816" /><ent r="3" t="399" w="1830" /><ent r="3" t="399" w="1863" /><ent r="3" t="399" w="1903" /><ent r="3" t="399" w="1918" /><ent r="3" t="399" w="1957" /><ent r="3" t="399" w="2028" /><ent r="3" t="399" w="2043" /><ent r="3" t="399" w="2111" /><ent r="3" t="399" w="2242" /><ent r="3" t="399" w="2256" /><ent r="3" t="399" w="2314" /><ent r="3" t="399" w="2403" /><ent r="3" t="399" w="2465" /><ent r="3" t="399" w="2603" /><ent r="3" t="399" w="2624" /><ent r="3" t="399" w="2648" /><ent r="3" t="399" w="2765" /><ent r="3" t="399" w="2870" /><ent r="3" t="399" w="3140" /><ent r="3" t="399" w="3452" /><ent r="3" t="399" w="3473" /><ent r="3" t="399" w="3498" /><ent r="3" t="399" w="3502" /><ent r="3" t="399" w="3506" /><ent r="3" t="399" w="3704" /><ent r="3" t="399" w="3871" /><ent r="3" t="399" w="3952" /><ent r="3" t="399" w="3996" /><ent r="3" t="399" w="4036" /></phr></stem><stem n="gsoftyp"><phr n="GsofType"><ent r="3" t="399" w="1265" /><ent r="3" t="399" w="1347" /><ent r="3" t="399" w="1416" /><ent r="3" t="399" w="1476" /><ent r="3" t="399" w="1534" /><ent r="3" t="399" w="1599" /><ent r="3" t="399" w="1666" /><ent r="3" t="399" w="1746" /><ent r="3" t="399" w="1817" /><ent r="3" t="399" w="1904" /><ent r="3" t="399" w="2029" /><ent r="3" t="399" w="2243" /><ent r="3" t="399" w="2404" /><ent r="3" t="399" w="2766" /><ent r="3" t="399" w="3453" /></phr><phr n="gsofType"><ent r="3" t="399" w="3131" /><ent r="3" t="399" w="3131" /><ent r="3" t="399" w="3156" /><ent r="3" t="399" w="3156" /><ent r="3" t="399" w="3182" /><ent r="3" t="399" w="3182" /><ent r="3" t="399" w="3198" /><ent r="3" t="399" w="3198" /><ent r="3" t="399" w="3214" /><ent r="3" t="399" w="3214" /><ent r="3" t="399" w="3230" /><ent r="3" t="399" w="3230" /><ent r="3" t="399" w="3246" /><ent r="3" t="399" w="3246" /><ent r="3" t="399" w="3262" /><ent r="3" t="399" w="3262" /><ent r="3" t="399" w="3278" /><ent r="3" t="399" w="3278" /><ent r="3" t="399" w="3294" /><ent r="3" t="399" w="3294" /><ent r="3" t="399" w="3310" /><ent r="3" t="399" w="3310" /><ent r="3" t="399" w="3326" /><ent r="3" t="399" w="3326" /><ent r="3" t="399" w="3342" /><ent r="3" t="399" w="3342" /><ent r="3" t="399" w="3358" /><ent r="3" t="399" w="3358" /><ent r="3" t="399" w="3374" /><ent r="3" t="399" w="3374" /><ent r="3" t="399" w="3390" /><ent r="3" t="399" w="3390" /><ent r="3" t="399" w="3406" /><ent r="3" t="399" w="3406" /><ent r="3" t="399" w="3422" /><ent r="3" t="399" w="3422" /><ent r="3" t="399" w="3459" /></phr></stem><stem n="positiontim"><phr n="PositionTime"><ent r="3" t="399" w="1267" /><ent r="3" t="399" w="1267" /></phr></stem><stem n="len"><phr n="len"><ent r="3" t="399" w="1268" /><ent r="3" t="399" w="1350" /><ent r="3" t="399" w="1419" /><ent r="3" t="399" w="1480" /><ent r="3" t="399" w="1539" /><ent r="3" t="399" w="1603" /><ent r="3" t="399" w="1671" /><ent r="3" t="399" w="1750" /><ent r="3" t="399" w="1822" /><ent r="3" t="399" w="1910" /><ent r="3" t="399" w="2035" /><ent r="3" t="399" w="2248" /><ent r="3" t="399" w="2407" /><ent r="3" t="399" w="2770" /><ent r="3" t="399" w="3455" /></phr><phr n="Len"><ent r="3" t="399" w="4004" /></phr></stem><stem n="pdata++"><phr n="pData++"><ent r="3" t="399" w="1282" /><ent r="3" t="399" w="1282" /><ent r="3" t="399" w="1285" /><ent r="3" t="399" w="1285" /><ent r="3" t="399" w="1288" /><ent r="3" t="399" w="1288" /><ent r="3" t="399" w="1291" /><ent r="3" t="399" w="1291" /><ent r="3" t="399" w="1609" /><ent r="3" t="399" w="1609" /><ent r="3" t="399" w="1693" /><ent r="3" t="399" w="1693" /><ent r="3" t="399" w="1828" /><ent r="3" t="399" w="1828" /><ent r="3" t="399" w="1855" /><ent r="3" t="399" w="1855" /><ent r="3" t="399" w="1858" /><ent r="3" t="399" w="1858" /><ent r="3" t="399" w="1861" /><ent r="3" t="399" w="1861" /><ent r="3" t="399" w="1916" /><ent r="3" t="399" w="1916" /><ent r="3" t="399" w="1946" /><ent r="3" t="399" w="1946" /><ent r="3" t="399" w="1949" /><ent r="3" t="399" w="1952" /><ent r="3" t="399" w="1952" /><ent r="3" t="399" w="1955" /><ent r="3" t="399" w="1955" /><ent r="3" t="399" w="2041" /><ent r="3" t="399" w="2041" /><ent r="3" t="399" w="2081" /><ent r="3" t="399" w="2081" /><ent r="3" t="399" w="2084" /><ent r="3" t="399" w="2087" /><ent r="3" t="399" w="2087" /><ent r="3" t="399" w="2090" /><ent r="3" t="399" w="2090" /><ent r="3" t="399" w="2093" /><ent r="3" t="399" w="2093" /><ent r="3" t="399" w="2101" /><ent r="3" t="399" w="2105" /><ent r="3" t="399" w="2109" /><ent r="3" t="399" w="2254" /><ent r="3" t="399" w="2254" /><ent r="3" t="399" w="2293" /><ent r="3" t="399" w="2293" /><ent r="3" t="399" w="2296" /><ent r="3" t="399" w="2296" /><ent r="3" t="399" w="2299" /><ent r="3" t="399" w="2299" /><ent r="3" t="399" w="2302" /><ent r="3" t="399" w="2302" /><ent r="3" t="399" w="2309" /><ent r="3" t="399" w="2309" /><ent r="3" t="399" w="2312" /><ent r="3" t="399" w="2312" /><ent r="3" t="399" w="2422" /><ent r="3" t="399" w="2422" /><ent r="3" t="399" w="2425" /><ent r="3" t="399" w="2425" /><ent r="3" t="399" w="2428" /><ent r="3" t="399" w="2428" /><ent r="3" t="399" w="2799" /><ent r="3" t="399" w="2802" /><ent r="3" t="399" w="2805" /><ent r="3" t="399" w="2808" /><ent r="3" t="399" w="2811" /><ent r="3" t="399" w="2822" /><ent r="3" t="399" w="2863" /><ent r="3" t="399" w="3157" /><ent r="3" t="399" w="3157" /><ent r="3" t="399" w="3160" /><ent r="3" t="399" w="3160" /><ent r="3" t="399" w="3477" /><ent r="3" t="399" w="3696" /><ent r="3" t="399" w="3696" /><ent r="3" t="399" w="3699" /><ent r="3" t="399" w="3699" /><ent r="3" t="399" w="3702" /><ent r="3" t="399" w="3702" /><ent r="3" t="399" w="3762" /><ent r="3" t="399" w="3762" /></phr></stem><stem n="ld"><phr n="ld"><ent r="3" t="399" w="1295" /><ent r="3" t="399" w="1295" /></phr></stem><stem n="02x"><phr n="02X"><ent r="3" t="399" w="1302" /><ent r="3" t="399" w="1303" /><ent r="3" t="399" w="1303" /><ent r="3" t="399" w="1628" /><ent r="3" t="399" w="1628" /><ent r="3" t="399" w="1867" /><ent r="3" t="399" w="1868" /><ent r="3" t="399" w="1962" /><ent r="3" t="399" w="1963" /><ent r="3" t="399" w="2116" /><ent r="3" t="399" w="2117" /><ent r="3" t="399" w="2318" /><ent r="3" t="399" w="2319" /><ent r="3" t="399" w="2319" /><ent r="3" t="399" w="2470" /><ent r="3" t="399" w="3474" /><ent r="3" t="399" w="4038" /></phr><phr n="02x"><ent r="3" t="399" w="1703" /></phr></stem><stem n="processlatlonheight"><phr n="processLatLonHeight"><ent r="3" t="399" w="1332" /><ent r="3" t="399" w="1391" /><ent r="3" t="399" w="3202" /></phr></stem><stem n="latlongheight"><phr n="LatLongHeight"><ent r="3" t="399" w="1349" /><ent r="3" t="399" w="1349" /></phr></stem><stem n="processecef"><phr n="processECEF"><ent r="3" t="399" w="1401" /><ent r="3" t="399" w="1450" /><ent r="3" t="399" w="3218" /></phr></stem><stem n="processecefdelta"><phr n="processEcefDelta"><ent r="3" t="399" w="1461" /><ent r="3" t="399" w="1511" /><ent r="3" t="399" w="3394" /></phr></stem><stem n="processtangentplanedelta"><phr n="processTangentPlaneDelta"><ent r="3" t="399" w="1519" /><ent r="3" t="399" w="1570" /><ent r="3" t="399" w="3410" /></phr></stem><stem n="processvelocitydata"><phr n="processVelocityData"><ent r="3" t="399" w="1577" /><ent r="3" t="399" w="1648" /><ent r="3" t="399" w="3250" /></phr></stem><stem n="processutctim"><phr n="processUtcTime"><ent r="3" t="399" w="1656" /><ent r="3" t="399" w="1717" /><ent r="3" t="399" w="3298" /></phr></stem><stem n="utcoffset"><phr n="utcOffset"><ent r="3" t="399" w="1687" /><ent r="3" t="399" w="1687" /><ent r="3" t="399" w="1710" /></phr></stem><stem n="lu"><phr n="lu"><ent r="3" t="399" w="1697" /><ent r="3" t="399" w="1697" /></phr></stem><stem n="utcoff"><phr n="utcOff"><ent r="3" t="399" w="1700" /></phr></stem><stem n="processpdopinfo"><phr n="processPdopInfo"><ent r="3" t="399" w="1724" /><ent r="3" t="399" w="1793" /><ent r="3" t="399" w="3266" /></phr></stem><stem n="processbriefsvinfo"><phr n="processBriefSVInfo"><ent r="3" t="399" w="1801" /><ent r="3" t="399" w="1877" /><ent r="3" t="399" w="1877" /><ent r="3" t="399" w="3282" /></phr></stem><stem n="svcount"><phr n="SvCount"><ent r="3" t="399" w="1831" /><ent r="3" t="399" w="1919" /><ent r="3" t="399" w="2044" /><ent r="3" t="399" w="2257" /></phr></stem><stem n="++i"><phr n="++i"><ent r="3" t="399" w="1842" /><ent r="3" t="399" w="1842" /><ent r="3" t="399" w="1930" /><ent r="3" t="399" w="1930" /><ent r="3" t="399" w="2055" /><ent r="3" t="399" w="2055" /><ent r="3" t="399" w="2268" /><ent r="3" t="399" w="2268" /><ent r="3" t="399" w="3470" /><ent r="3" t="399" w="3470" /><ent r="3" t="399" w="3758" /><ent r="3" t="399" w="3984" /><ent r="3" t="399" w="3984" /></phr></stem><stem n="processallbriefsvinfo"><phr n="processAllBriefSVInfo"><ent r="3" t="399" w="1888" /><ent r="3" t="399" w="2002" /><ent r="3" t="399" w="2002" /><ent r="3" t="399" w="3314" /></phr></stem><stem n="processalldetailedsvinfo"><phr n="processAllDetailedSVInfo"><ent r="3" t="399" w="2013" /><ent r="3" t="399" w="2219" /><ent r="3" t="399" w="2219" /><ent r="3" t="399" w="3330" /></phr></stem><stem n="az"><phr n="Az"><ent r="3" t="399" w="2122" /></phr></stem><stem n="3s"><phr n="3s"><ent r="3" t="399" w="2127" /><ent r="3" t="399" w="2127" /><ent r="3" t="399" w="2133" /><ent r="3" t="399" w="2133" /><ent r="3" t="399" w="2139" /><ent r="3" t="399" w="2139" /></phr></stem><stem n="2f"><phr n="2f"><ent r="3" t="399" w="2129" /><ent r="3" t="399" w="2135" /><ent r="3" t="399" w="2141" /><ent r="3" t="399" w="2327" /><ent r="3" t="399" w="2327" /><ent r="3" t="399" w="2330" /></phr></stem><stem n="g1p"><phr n="G1P"><ent r="3" t="399" w="2207" /><ent r="8" t="431" w="704" /><ent r="8" t="431" w="704" /><ent r="7" t="443" w="694" /><ent r="7" t="443" w="694" /><ent r="7" t="443" w="824" /><ent r="7" t="443" w="824" /><ent r="7" t="443" w="834" /><ent r="7" t="443" w="834" /></phr></stem><stem n="processsvdetailedinfo"><phr n="processSvDetailedInfo"><ent r="3" t="399" w="2227" /><ent r="3" t="399" w="2357" /><ent r="3" t="399" w="3346" /></phr></stem><stem n="l1snr"><phr n="l1Snr"><ent r="3" t="399" w="2287" /><ent r="3" t="399" w="2287" /><ent r="3" t="399" w="2308" /><ent r="3" t="399" w="2308" /><ent r="3" t="399" w="2344" /></phr><phr n="L1snr"><ent r="3" t="399" w="2325" /></phr></stem><stem n="l2snr"><phr n="l2Snr"><ent r="3" t="399" w="2290" /><ent r="3" t="399" w="2290" /><ent r="3" t="399" w="2311" /><ent r="3" t="399" w="2311" /><ent r="3" t="399" w="2349" /></phr><phr n="L2snr"><ent r="3" t="399" w="2328" /></phr></stem><stem n="elv"><phr n="elv"><ent r="3" t="399" w="2320" /></phr></stem><stem n="azm"><phr n="azm"><ent r="3" t="399" w="2322" /></phr></stem><stem n="processattitudeinfo"><phr n="processAttitudeInfo"><ent r="3" t="399" w="2364" /><ent r="3" t="399" w="2662" /><ent r="3" t="399" w="3362" /></phr></stem><stem n="gpstime"><phr n="gpsTime"><ent r="3" t="399" w="2374" /><ent r="3" t="399" w="2374" /><ent r="3" t="399" w="2414" /><ent r="3" t="399" w="2414" /><ent r="3" t="399" w="2496" /></phr><phr n="GPSTime"><ent r="4" t="401" w="602" /><ent r="4" t="401" w="602" /></phr></stem><stem n="attitudeinfo"><phr n="AttitudeInfo"><ent r="3" t="399" w="2406" /><ent r="3" t="399" w="2406" /></phr></stem><stem n="++pdata"><phr n="++pData"><ent r="3" t="399" w="2430" /><ent r="3" t="399" w="2430" /></phr></stem><stem n="pitch_var"><phr n="pitch_var"><ent r="3" t="399" w="2531" /><ent r="3" t="399" w="2531" /><ent r="3" t="399" w="2559" /><ent r="3" t="399" w="2559" /><ent r="3" t="399" w="2618" /></phr></stem><stem n="yaw_var"><phr n="yaw_var"><ent r="3" t="399" w="2534" /><ent r="3" t="399" w="2534" /><ent r="3" t="399" w="2563" /><ent r="3" t="399" w="2563" /><ent r="3" t="399" w="2620" /></phr></stem><stem n="roll_var"><phr n="roll_var"><ent r="3" t="399" w="2537" /><ent r="3" t="399" w="2537" /><ent r="3" t="399" w="2567" /><ent r="3" t="399" w="2567" /><ent r="3" t="399" w="2622" /><ent r="3" t="399" w="2622" /></phr></stem><stem n="pitch_yaw_covar"><phr n="pitch_yaw_covar"><ent r="3" t="399" w="2540" /><ent r="3" t="399" w="2540" /><ent r="3" t="399" w="2579" /><ent r="3" t="399" w="2579" /><ent r="3" t="399" w="2642" /></phr></stem><stem n="pitch_roll_covar"><phr n="pitch_roll_covar"><ent r="3" t="399" w="2543" /><ent r="3" t="399" w="2543" /><ent r="3" t="399" w="2583" /><ent r="3" t="399" w="2583" /><ent r="3" t="399" w="2644" /></phr></stem><stem n="yaw_roll_covar"><phr n="yaw_roll_covar"><ent r="3" t="399" w="2546" /><ent r="3" t="399" w="2546" /><ent r="3" t="399" w="2587" /><ent r="3" t="399" w="2587" /><ent r="3" t="399" w="2646" /><ent r="3" t="399" w="2646" /></phr></stem><stem n="range_var"><phr n="range_var"><ent r="3" t="399" w="2549" /><ent r="3" t="399" w="2600" /><ent r="3" t="399" w="2600" /><ent r="3" t="399" w="2657" /><ent r="3" t="399" w="2657" /></phr></stem><stem n="radians^2"><phr n="radians^2"><ent r="3" t="399" w="2557" /><ent r="3" t="399" w="2557" /><ent r="3" t="399" w="2577" /><ent r="3" t="399" w="2577" /><ent r="3" t="399" w="2605" /><ent r="3" t="399" w="2626" /></phr></stem><stem n="m^2"><phr n="m^2"><ent r="3" t="399" w="2598" /><ent r="3" t="399" w="2598" /><ent r="3" t="399" w="2650" /></phr></stem><stem n="pitch-yaw"><phr n="pitch-yaw"><ent r="3" t="399" w="2628" /></phr><phr n="Pitch-Yaw"><ent r="3" t="400" w="291" /><ent r="7" t="432" w="376" /><ent r="7" t="432" w="376" /></phr></stem><stem n="pitch-rol"><phr n="pitch-roll"><ent r="3" t="399" w="2632" /></phr><phr n="Pitch-Roll"><ent r="7" t="432" w="400" /><ent r="7" t="432" w="400" /></phr></stem><stem n="yaw-rol"><phr n="yaw-roll"><ent r="3" t="399" w="2636" /></phr><phr n="Yaw-Roll"><ent r="7" t="432" w="424" /><ent r="7" t="432" w="424" /></phr></stem><stem n="processlbandstatu"><phr n="processLbandStatus"><ent r="3" t="399" w="2671" /><ent r="3" t="399" w="3029" /><ent r="3" t="399" w="3426" /></phr></stem><stem n="freq"><phr n="freq"><ent r="3" t="399" w="2686" /><ent r="3" t="399" w="2786" /><ent r="3" t="399" w="2786" /><ent r="3" t="399" w="2971" /><ent r="3" t="399" w="2971" /><ent r="3" t="399" w="2976" /><ent r="3" t="399" w="2984" /></phr><phr n="Freq"><ent r="3" t="399" w="2874" /></phr></stem><stem n="bit_rat"><phr n="bit_rate"><ent r="3" t="399" w="2690" /><ent r="3" t="399" w="2790" /><ent r="3" t="399" w="2790" /><ent r="3" t="399" w="2986" /></phr></stem><stem n="hp_xp_subscribed_engin"><phr n="hp_xp_subscribed_engine"><ent r="3" t="399" w="2697" /><ent r="3" t="399" w="2798" /><ent r="3" t="399" w="2798" /><ent r="3" t="399" w="2990" /></phr></stem><stem n="hp_xp_library_mod"><phr n="hp_xp_library_mode"><ent r="3" t="399" w="2701" /><ent r="3" t="399" w="2801" /><ent r="3" t="399" w="2801" /><ent r="3" t="399" w="2992" /></phr></stem><stem n="vbs_library_mod"><phr n="vbs_library_mode"><ent r="3" t="399" w="2705" /><ent r="3" t="399" w="2804" /><ent r="3" t="399" w="2804" /><ent r="3" t="399" w="2994" /></phr></stem><stem n="beam_mod"><phr n="beam_mode"><ent r="3" t="399" w="2709" /><ent r="3" t="399" w="2807" /><ent r="3" t="399" w="2807" /><ent r="3" t="399" w="2996" /></phr></stem><stem n="omnistar_mot"><phr n="omnistar_motion"><ent r="3" t="399" w="2713" /><ent r="3" t="399" w="2810" /><ent r="3" t="399" w="2810" /><ent r="3" t="399" w="2998" /></phr></stem><stem n="horiz_prec_thresh"><phr n="horiz_prec_thresh"><ent r="3" t="399" w="2716" /><ent r="3" t="399" w="2813" /><ent r="3" t="399" w="2813" /><ent r="3" t="399" w="3000" /></phr></stem><stem n="vert_prec_thresh"><phr n="vert_prec_thresh"><ent r="3" t="399" w="2719" /><ent r="3" t="399" w="2817" /><ent r="3" t="399" w="2817" /><ent r="3" t="399" w="3002" /></phr></stem><stem n="nmea_encrypt"><phr n="nmea_encryption"><ent r="3" t="399" w="2723" /><ent r="3" t="399" w="2821" /><ent r="3" t="399" w="2821" /><ent r="3" t="399" w="3004" /></phr></stem><stem n="iq_ratio"><phr n="iq_ratio"><ent r="3" t="399" w="2726" /><ent r="3" t="399" w="2824" /><ent r="3" t="399" w="2824" /><ent r="3" t="399" w="3006" /></phr></stem><stem n="est_ber"><phr n="est_ber"><ent r="3" t="399" w="2729" /><ent r="3" t="399" w="2828" /><ent r="3" t="399" w="2828" /><ent r="3" t="399" w="3008" /></phr></stem><stem n="total_uw"><phr n="total_uw"><ent r="3" t="399" w="2733" /><ent r="3" t="399" w="2832" /><ent r="3" t="399" w="2832" /><ent r="3" t="399" w="3010" /></phr></stem><stem n="total_bad_uw"><phr n="total_bad_uw"><ent r="3" t="399" w="2737" /><ent r="3" t="399" w="2836" /><ent r="3" t="399" w="2836" /><ent r="3" t="399" w="3012" /></phr></stem><stem n="total_bad_uw_bit"><phr n="total_bad_uw_bits"><ent r="3" t="399" w="2741" /><ent r="3" t="399" w="2840" /><ent r="3" t="399" w="2840" /><ent r="3" t="399" w="3014" /></phr></stem><stem n="total_viterbi"><phr n="total_viterbi"><ent r="3" t="399" w="2745" /><ent r="3" t="399" w="2844" /><ent r="3" t="399" w="2844" /><ent r="3" t="399" w="3016" /></phr></stem><stem n="total_bad_viterbi"><phr n="total_bad_viterbi"><ent r="3" t="399" w="2749" /><ent r="3" t="399" w="2848" /><ent r="3" t="399" w="2848" /><ent r="3" t="399" w="3018" /></phr></stem><stem n="total_bad_messag"><phr n="total_bad_messages"><ent r="3" t="399" w="2753" /><ent r="3" t="399" w="2852" /><ent r="3" t="399" w="2852" /><ent r="3" t="399" w="3020" /></phr></stem><stem n="meas_freq_is_valid"><phr n="meas_freq_is_valid"><ent r="3" t="399" w="2757" /><ent r="3" t="399" w="2757" /><ent r="3" t="399" w="2862" /><ent r="3" t="399" w="2862" /><ent r="3" t="399" w="3022" /></phr></stem><stem n="-1;"><phr n="-1;"><ent r="3" t="399" w="2759" /></phr></stem><stem n="meas_freq"><phr n="meas_freq"><ent r="3" t="399" w="2761" /><ent r="3" t="399" w="2761" /><ent r="3" t="399" w="2865" /><ent r="3" t="399" w="2865" /><ent r="3" t="399" w="3024" /><ent r="3" t="399" w="3024" /></phr></stem><stem n="lband"><phr n="LBAND"><ent r="3" t="399" w="2768" /><ent r="3" t="399" w="2768" /></phr></stem><stem n="memcpi"><phr n="memcpy"><ent r="3" t="399" w="2777" /></phr></stem><stem n="horiz"><phr n="Horiz"><ent r="3" t="399" w="2912" /><ent r="3" t="399" w="2912" /></phr></stem><stem n="prec"><phr n="prec"><ent r="3" t="399" w="2913" /><ent r="3" t="399" w="2918" /></phr></stem><stem n="thresh"><phr n="thresh"><ent r="3" t="399" w="2914" /><ent r="3" t="399" w="2919" /></phr></stem><stem n="vert"><phr n="Vert"><ent r="3" t="399" w="2917" /><ent r="3" t="399" w="2917" /></phr></stem><stem n="encryp"><phr n="encryp"><ent r="3" t="399" w="2925" /></phr></stem><stem n="uw"><phr n="UW"><ent r="3" t="399" w="2942" /><ent r="3" t="399" w="2946" /><ent r="3" t="399" w="2950" /><ent r="3" t="399" w="2950" /></phr></stem><stem n="sub-typ"><phr n="sub-type"><ent r="3" t="399" w="3085" /><ent r="3" t="399" w="3085" /></phr></stem><stem n="hex-dump"><phr n="hex-dump"><ent r="3" t="399" w="3120" /><ent r="3" t="399" w="3120" /></phr></stem><stem n="gsoflength"><phr n="gsofLength"><ent r="3" t="399" w="3134" /><ent r="3" t="399" w="3134" /><ent r="3" t="399" w="3159" /><ent r="3" t="399" w="3159" /><ent r="3" t="399" w="3187" /><ent r="3" t="399" w="3192" /><ent r="3" t="399" w="3192" /><ent r="3" t="399" w="3203" /><ent r="3" t="399" w="3208" /><ent r="3" t="399" w="3208" /><ent r="3" t="399" w="3219" /><ent r="3" t="399" w="3224" /><ent r="3" t="399" w="3224" /><ent r="3" t="399" w="3235" /><ent r="3" t="399" w="3240" /><ent r="3" t="399" w="3240" /><ent r="3" t="399" w="3251" /><ent r="3" t="399" w="3256" /><ent r="3" t="399" w="3256" /><ent r="3" t="399" w="3267" /><ent r="3" t="399" w="3272" /><ent r="3" t="399" w="3272" /><ent r="3" t="399" w="3283" /><ent r="3" t="399" w="3288" /><ent r="3" t="399" w="3288" /><ent r="3" t="399" w="3299" /><ent r="3" t="399" w="3304" /><ent r="3" t="399" w="3304" /><ent r="3" t="399" w="3315" /><ent r="3" t="399" w="3320" /><ent r="3" t="399" w="3320" /><ent r="3" t="399" w="3331" /><ent r="3" t="399" w="3336" /><ent r="3" t="399" w="3336" /><ent r="3" t="399" w="3347" /><ent r="3" t="399" w="3352" /><ent r="3" t="399" w="3352" /><ent r="3" t="399" w="3363" /><ent r="3" t="399" w="3368" /><ent r="3" t="399" w="3368" /><ent r="3" t="399" w="3379" /><ent r="3" t="399" w="3384" /><ent r="3" t="399" w="3384" /><ent r="3" t="399" w="3395" /><ent r="3" t="399" w="3400" /><ent r="3" t="399" w="3400" /><ent r="3" t="399" w="3411" /><ent r="3" t="399" w="3416" /><ent r="3" t="399" w="3416" /><ent r="3" t="399" w="3427" /><ent r="3" t="399" w="3432" /><ent r="3" t="399" w="3432" /><ent r="3" t="399" w="3461" /><ent r="3" t="399" w="3461" /><ent r="3" t="399" w="3469" /><ent r="3" t="399" w="3469" /><ent r="3" t="399" w="3494" /><ent r="3" t="399" w="3494" /></phr></stem><stem n="ngsof"><phr n="nGSOF"><ent r="3" t="399" w="3141" /><ent r="3" t="399" w="3141" /></phr></stem><stem n="processlocaldatum"><phr n="processLocalDatum"><ent r="3" t="399" w="3234" /></phr></stem><stem n="processpositiontimeutc"><phr n="processPositionTimeUtc"><ent r="3" t="399" w="3378" /></phr></stem><stem n="portion"><phr n="portion"><ent r="3" t="399" w="3544" /><ent r="3" t="399" w="3544" /><ent r="3" t="399" w="3554" /><ent r="3" t="399" w="3554" /><ent r="3" t="399" w="3568" /><ent r="3" t="399" w="3568" /><ent r="3" t="399" w="3580" /><ent r="3" t="399" w="3580" /><ent r="3" t="399" w="3588" /><ent r="3" t="399" w="3588" /><ent r="3" t="399" w="3606" /><ent r="3" t="399" w="3632" /><ent r="3" t="399" w="3632" /><ent r="3" t="399" w="3661" /><ent r="3" t="399" w="3661" /><ent r="3" t="399" w="3727" /><ent r="3" t="399" w="3746" /><ent r="3" t="399" w="3746" /><ent r="3" t="399" w="3769" /><ent r="3" t="399" w="3769" /><ent r="3" t="402" w="910" /><ent r="3" t="402" w="910" /></phr><phr n="portions"><ent r="3" t="399" w="3565" /><ent r="3" t="399" w="3602" /></phr></stem><stem n="gsoftransmissionnumb"><phr n="gsofTransmissionNumber"><ent r="3" t="399" w="3684" /><ent r="3" t="399" w="3684" /><ent r="3" t="399" w="3695" /><ent r="3" t="399" w="3695" /><ent r="3" t="399" w="3715" /></phr></stem><stem n="gsofpageindex"><phr n="gsofPageIndex"><ent r="3" t="399" w="3687" /><ent r="3" t="399" w="3687" /><ent r="3" t="399" w="3698" /><ent r="3" t="399" w="3698" /><ent r="3" t="399" w="3717" /><ent r="3" t="399" w="3734" /><ent r="3" t="399" w="3734" /><ent r="3" t="399" w="3779" /><ent r="3" t="399" w="3779" /></phr></stem><stem n="gsofmaxpageindex"><phr n="gsofMaxPageIndex"><ent r="3" t="399" w="3690" /><ent r="3" t="399" w="3690" /><ent r="3" t="399" w="3701" /><ent r="3" t="399" w="3701" /><ent r="3" t="399" w="3719" /><ent r="3" t="399" w="3719" /><ent r="3" t="399" w="3780" /></phr></stem><stem n="tran"><phr n="Trans"><ent r="3" t="399" w="3707" /></phr></stem><stem n="maxpag"><phr n="MaxPage"><ent r="3" t="399" w="3711" /></phr></stem><stem n="gsofdataindex++"><phr n="gsofDataIndex++"><ent r="3" t="399" w="3761" /><ent r="3" t="399" w="3761" /></phr></stem><stem n="whole"><phr n="whole"><ent r="3" t="399" w="3775" /><ent r="3" t="399" w="3775" /></phr></stem><stem n="getchar"><phr n="getchar"><ent r="3" t="399" w="3802" /><ent r="3" t="399" w="3862" /></phr></stem><stem n="abort"><phr n="aborts"><ent r="3" t="399" w="3820" /><ent r="3" t="399" w="3820" /></phr></stem><stem n="_exit"><phr n="_exit"><ent r="3" t="399" w="3877" /></phr></stem><stem n="argn"><phr n="argn"><ent r="3" t="399" w="3891" /></phr></stem><stem n="argc"><phr n="argc"><ent r="3" t="399" w="3893" /><ent r="3" t="399" w="3893" /></phr></stem><stem n="handler"><phr n="handler"><ent r="3" t="399" w="3922" /></phr></stem><stem n="tcstx"><phr n="tcStx"><ent r="3" t="399" w="3927" /><ent r="3" t="399" w="3927" /><ent r="3" t="399" w="3961" /><ent r="3" t="399" w="3961" /><ent r="3" t="399" w="3965" /><ent r="3" t="399" w="3965" /><ent r="3" t="399" w="4012" /><ent r="3" t="399" w="4040" /><ent r="3" t="399" w="4040" /></phr></stem><stem n="tcstat"><phr n="tcStat"><ent r="3" t="399" w="3930" /><ent r="3" t="399" w="3930" /><ent r="3" t="399" w="3969" /><ent r="3" t="399" w="3969" /><ent r="3" t="399" w="4014" /></phr></stem><stem n="tctype"><phr n="tcType"><ent r="3" t="399" w="3933" /><ent r="3" t="399" w="3933" /><ent r="3" t="399" w="3972" /><ent r="3" t="399" w="3972" /><ent r="3" t="399" w="4016" /><ent r="3" t="399" w="4026" /><ent r="3" t="399" w="4026" /></phr></stem><stem n="tclength"><phr n="tcLength"><ent r="3" t="399" w="3936" /><ent r="3" t="399" w="3936" /><ent r="3" t="399" w="3975" /><ent r="3" t="399" w="3975" /><ent r="3" t="399" w="3983" /><ent r="3" t="399" w="3983" /><ent r="3" t="399" w="4018" /><ent r="3" t="399" w="4031" /><ent r="3" t="399" w="4031" /></phr></stem><stem n="tccsum"><phr n="tcCsum"><ent r="3" t="399" w="3939" /><ent r="3" t="399" w="3939" /><ent r="3" t="399" w="3990" /><ent r="3" t="399" w="3990" /><ent r="3" t="399" w="4020" /></phr></stem></index>