<?xml version="1.0" encoding="utf-8"?><index><!-- saved from url=(0016)http://localhost -->
<stem n="connect"><phr n="connect"><ent r="3" t="22" w="186" /><ent r="3" t="22" w="186" /><ent r="6" t="24" w="419" /><ent r="6" t="24" w="419" /><ent r="6" t="24" w="456" /><ent r="6" t="24" w="456" /><ent r="6" t="24" w="480" /><ent r="6" t="24" w="480" /><ent r="6" t="24" w="504" /><ent r="6" t="24" w="504" /><ent r="7" t="24" w="549" /><ent r="7" t="24" w="549" /><ent r="6" t="24" w="568" /><ent r="6" t="24" w="568" /><ent r="6" t="24" w="592" /><ent r="6" t="24" w="592" /><ent r="6" t="24" w="616" /><ent r="6" t="24" w="616" /><ent r="6" t="24" w="742" /><ent r="6" t="24" w="742" /><ent r="6" t="24" w="951" /><ent r="6" t="24" w="951" /><ent r="6" t="24" w="975" /><ent r="6" t="24" w="975" /><ent r="6" t="24" w="999" /><ent r="6" t="24" w="999" /><ent r="6" t="24" w="1023" /><ent r="6" t="24" w="1023" /><ent r="6" t="24" w="1059" /><ent r="6" t="24" w="1059" /><ent r="6" t="24" w="1098" /><ent r="6" t="24" w="1098" /><ent r="6" t="24" w="1137" /><ent r="6" t="24" w="1137" /><ent r="6" t="24" w="1185" /><ent r="6" t="24" w="1185" /><ent r="6" t="24" w="1209" /><ent r="6" t="24" w="1209" /><ent r="6" t="24" w="1233" /><ent r="6" t="24" w="1233" /><ent r="6" t="24" w="1257" /><ent r="6" t="24" w="1257" /><ent r="6" t="24" w="1293" /><ent r="6" t="24" w="1293" /><ent r="6" t="24" w="1317" /><ent r="6" t="24" w="1317" /><ent r="6" t="24" w="1341" /><ent r="6" t="24" w="1341" /><ent r="6" t="24" w="1365" /><ent r="6" t="24" w="1365" /><ent r="6" t="24" w="1389" /><ent r="6" t="24" w="1389" /><ent r="6" t="24" w="1413" /><ent r="6" t="24" w="1413" /><ent r="6" t="24" w="1437" /><ent r="6" t="24" w="1437" /><ent r="6" t="24" w="1461" /><ent r="6" t="24" w="1461" /><ent r="6" t="24" w="1509" /><ent r="6" t="24" w="1509" /><ent r="6" t="24" w="1537" /><ent r="6" t="24" w="1537" /><ent r="6" t="24" w="1562" /><ent r="6" t="24" w="1562" /><ent r="6" t="24" w="1609" /><ent r="6" t="24" w="1609" /><ent r="6" t="24" w="1835" /><ent r="6" t="24" w="1835" /><ent r="5" t="42" w="82" /><ent r="5" t="42" w="82" /><ent r="3" t="53" w="184" /><ent r="3" t="53" w="184" /><ent r="6" t="55" w="464" /><ent r="6" t="55" w="464" /><ent r="6" t="55" w="488" /><ent r="6" t="55" w="488" /><ent r="6" t="55" w="512" /><ent r="6" t="55" w="512" /><ent r="7" t="55" w="557" /><ent r="7" t="55" w="557" /><ent r="6" t="55" w="576" /><ent r="6" t="55" w="576" /><ent r="6" t="55" w="600" /><ent r="6" t="55" w="600" /><ent r="6" t="55" w="624" /><ent r="6" t="55" w="624" /><ent r="6" t="55" w="750" /><ent r="6" t="55" w="750" /><ent r="6" t="55" w="959" /><ent r="6" t="55" w="959" /><ent r="6" t="55" w="983" /><ent r="6" t="55" w="983" /><ent r="6" t="55" w="1007" /><ent r="6" t="55" w="1007" /><ent r="6" t="55" w="1031" /><ent r="6" t="55" w="1031" /><ent r="6" t="55" w="1055" /><ent r="6" t="55" w="1055" /><ent r="6" t="55" w="1079" /><ent r="6" t="55" w="1079" /><ent r="6" t="55" w="1118" /><ent r="6" t="55" w="1118" /><ent r="6" t="55" w="1157" /><ent r="6" t="55" w="1157" /><ent r="6" t="55" w="1205" /><ent r="6" t="55" w="1205" /><ent r="6" t="55" w="1229" /><ent r="6" t="55" w="1229" /><ent r="6" t="55" w="1253" /><ent r="6" t="55" w="1253" /><ent r="6" t="55" w="1277" /><ent r="6" t="55" w="1277" /><ent r="6" t="55" w="1313" /><ent r="6" t="55" w="1313" /><ent r="6" t="55" w="1337" /><ent r="6" t="55" w="1337" /><ent r="6" t="55" w="1361" /><ent r="6" t="55" w="1361" /><ent r="6" t="55" w="1385" /><ent r="6" t="55" w="1385" /><ent r="6" t="55" w="1409" /><ent r="6" t="55" w="1409" /><ent r="6" t="55" w="1433" /><ent r="6" t="55" w="1433" /><ent r="6" t="55" w="1457" /><ent r="6" t="55" w="1457" /><ent r="6" t="55" w="1481" /><ent r="6" t="55" w="1481" /><ent r="6" t="55" w="1529" /><ent r="6" t="55" w="1529" /><ent r="6" t="55" w="1557" /><ent r="6" t="55" w="1557" /><ent r="6" t="55" w="1582" /><ent r="6" t="55" w="1582" /><ent r="6" t="55" w="1629" /><ent r="6" t="55" w="1629" /><ent r="6" t="55" w="1734" /><ent r="6" t="55" w="1734" /><ent r="6" t="55" w="1770" /><ent r="6" t="55" w="1770" /><ent r="6" t="55" w="1879" /><ent r="6" t="55" w="1879" /><ent r="5" t="68" w="82" /><ent r="5" t="68" w="82" /><ent r="6" t="78" w="556" /><ent r="5" t="93" w="82" /><ent r="5" t="93" w="82" /><ent r="3" t="104" w="170" /><ent r="3" t="104" w="170" /><ent r="6" t="106" w="464" /><ent r="6" t="106" w="464" /><ent r="6" t="106" w="488" /><ent r="6" t="106" w="488" /><ent r="6" t="106" w="512" /><ent r="6" t="106" w="512" /><ent r="7" t="106" w="557" /><ent r="7" t="106" w="557" /><ent r="6" t="106" w="576" /><ent r="6" t="106" w="576" /><ent r="6" t="106" w="600" /><ent r="6" t="106" w="600" /><ent r="6" t="106" w="624" /><ent r="6" t="106" w="624" /><ent r="6" t="106" w="750" /><ent r="6" t="106" w="750" /><ent r="6" t="106" w="995" /><ent r="6" t="106" w="995" /><ent r="6" t="106" w="1019" /><ent r="6" t="106" w="1019" /><ent r="6" t="106" w="1043" /><ent r="6" t="106" w="1043" /><ent r="6" t="106" w="1067" /><ent r="6" t="106" w="1067" /><ent r="6" t="106" w="1091" /><ent r="6" t="106" w="1091" /><ent r="6" t="106" w="1115" /><ent r="6" t="106" w="1115" /><ent r="6" t="106" w="1154" /><ent r="6" t="106" w="1154" /><ent r="6" t="106" w="1193" /><ent r="6" t="106" w="1193" /><ent r="6" t="106" w="1241" /><ent r="6" t="106" w="1241" /><ent r="6" t="106" w="1265" /><ent r="6" t="106" w="1265" /><ent r="6" t="106" w="1289" /><ent r="6" t="106" w="1289" /><ent r="6" t="106" w="1313" /><ent r="6" t="106" w="1313" /><ent r="6" t="106" w="1349" /><ent r="6" t="106" w="1349" /><ent r="6" t="106" w="1373" /><ent r="6" t="106" w="1373" /><ent r="6" t="106" w="1397" /><ent r="6" t="106" w="1397" /><ent r="6" t="106" w="1421" /><ent r="6" t="106" w="1421" /><ent r="6" t="106" w="1445" /><ent r="6" t="106" w="1445" /><ent r="6" t="106" w="1469" /><ent r="6" t="106" w="1469" /><ent r="6" t="106" w="1493" /><ent r="6" t="106" w="1493" /><ent r="6" t="106" w="1517" /><ent r="6" t="106" w="1517" /><ent r="6" t="106" w="1565" /><ent r="6" t="106" w="1565" /><ent r="6" t="106" w="1593" /><ent r="6" t="106" w="1593" /><ent r="6" t="106" w="1618" /><ent r="6" t="106" w="1618" /><ent r="6" t="106" w="1665" /><ent r="6" t="106" w="1665" /><ent r="6" t="106" w="1770" /><ent r="6" t="106" w="1770" /><ent r="6" t="106" w="1806" /><ent r="6" t="106" w="1806" /><ent r="6" t="106" w="1915" /><ent r="6" t="106" w="1915" /><ent r="5" t="123" w="82" /><ent r="5" t="123" w="82" /><ent r="7" t="131" w="608" /><ent r="5" t="145" w="82" /><ent r="5" t="145" w="82" /><ent r="8" t="156" w="414" /><ent r="6" t="156" w="438" /><ent r="6" t="156" w="438" /><ent r="5" t="159" w="82" /><ent r="5" t="159" w="82" /><ent r="3" t="163" w="22" /><ent r="3" t="163" w="22" /><ent r="4" t="164" w="180" /><ent r="4" t="164" w="180" /><ent r="4" t="164" w="356" /><ent r="4" t="164" w="356" /><ent r="5" t="164" w="437" /><ent r="5" t="164" w="437" /><ent r="6" t="181" w="547" /><ent r="6" t="181" w="547" /><ent r="7" t="187" w="118" /><ent r="7" t="187" w="118" /><ent r="5" t="197" w="82" /><ent r="5" t="197" w="82" /><ent r="6" t="207" w="540" /><ent r="6" t="207" w="540" /><ent r="6" t="207" w="777" /><ent r="7" t="214" w="118" /><ent r="7" t="214" w="118" /><ent r="5" t="221" w="82" /><ent r="5" t="221" w="82" /><ent r="3" t="225" w="20" /><ent r="3" t="225" w="20" /><ent r="4" t="226" w="126" /><ent r="4" t="226" w="126" /><ent r="4" t="226" w="323" /><ent r="4" t="226" w="323" /><ent r="5" t="226" w="410" /><ent r="5" t="226" w="410" /><ent r="3" t="239" w="231" /><ent r="3" t="239" w="231" /><ent r="3" t="240" w="728" /><ent r="3" t="240" w="728" /><ent r="7" t="276" w="593" /><ent r="7" t="276" w="593" /><ent r="3" t="276" w="846" /><ent r="3" t="276" w="846" /><ent r="3" t="276" w="982" /><ent r="3" t="276" w="982" /><ent r="7" t="276" w="1062" /><ent r="7" t="276" w="1062" /><ent r="3" t="276" w="1293" /><ent r="3" t="276" w="1293" /><ent r="3" t="276" w="1533" /><ent r="3" t="276" w="1533" /><ent r="3" t="279" w="383" /><ent r="3" t="279" w="383" /><ent r="3" t="287" w="433" /><ent r="3" t="287" w="433" /><ent r="3" t="287" w="501" /><ent r="3" t="287" w="501" /><ent r="3" t="287" w="518" /><ent r="3" t="287" w="518" /><ent r="4" t="288" w="864" /><ent r="4" t="288" w="864" /><ent r="3" t="289" w="15" /><ent r="3" t="289" w="15" /><ent r="3" t="295" w="46" /><ent r="3" t="295" w="46" /><ent r="3" t="296" w="78" /><ent r="3" t="296" w="78" /><ent r="7" t="296" w="260" /><ent r="7" t="296" w="264" /><ent r="3" t="297" w="56" /><ent r="3" t="297" w="56" /><ent r="3" t="297" w="79" /><ent r="3" t="297" w="79" /><ent r="3" t="297" w="422" /><ent r="3" t="297" w="422" /><ent r="3" t="303" w="40" /><ent r="3" t="303" w="40" /><ent r="3" t="309" w="20" /><ent r="3" t="309" w="20" /><ent r="3" t="309" w="109" /><ent r="3" t="309" w="109" /><ent r="3" t="314" w="122" /><ent r="3" t="314" w="122" /><ent r="5" t="317" w="436" /><ent r="5" t="317" w="436" /><ent r="6" t="388" w="1190" /><ent r="6" t="388" w="1190" /><ent r="6" t="388" w="1254" /><ent r="6" t="388" w="1254" /><ent r="6" t="388" w="1485" /><ent r="6" t="388" w="1485" /><ent r="6" t="388" w="1549" /><ent r="6" t="388" w="1549" /><ent r="3" t="402" w="987" /><ent r="3" t="402" w="987" /><ent r="3" t="409" w="231" /><ent r="3" t="409" w="231" /><ent r="5" t="427" w="637" /><ent r="5" t="427" w="637" /><ent r="3" t="500" w="54" /><ent r="3" t="500" w="54" /><ent r="3" t="501" w="120" /><ent r="3" t="501" w="120" /><ent r="3" t="502" w="32" /><ent r="3" t="502" w="32" /><ent r="3" t="502" w="111" /><ent r="3" t="502" w="111" /><ent r="3" t="502" w="229" /><ent r="3" t="502" w="229" /><ent r="3" t="502" w="284" /><ent r="3" t="502" w="284" /></phr><phr n="Connect"><ent r="6" t="24" w="649" /><ent r="6" t="24" w="649" /><ent r="6" t="24" w="682" /><ent r="6" t="24" w="682" /><ent r="6" t="24" w="714" /><ent r="6" t="24" w="714" /><ent r="6" t="24" w="764" /><ent r="6" t="24" w="764" /><ent r="6" t="24" w="799" /><ent r="6" t="24" w="799" /><ent r="6" t="24" w="1483" /><ent r="6" t="24" w="1483" /><ent r="6" t="24" w="1583" /><ent r="6" t="24" w="1583" /><ent r="6" t="24" w="1630" /><ent r="6" t="24" w="1630" /><ent r="6" t="24" w="1653" /><ent r="6" t="24" w="1653" /><ent r="6" t="24" w="1676" /><ent r="6" t="24" w="1676" /><ent r="6" t="24" w="1747" /><ent r="6" t="24" w="1747" /><ent r="6" t="24" w="1776" /><ent r="6" t="24" w="1776" /><ent r="6" t="24" w="1856" /><ent r="6" t="24" w="1856" /><ent r="6" t="24" w="1885" /><ent r="6" t="24" w="1885" /><ent r="6" t="55" w="657" /><ent r="6" t="55" w="657" /><ent r="6" t="55" w="690" /><ent r="6" t="55" w="690" /><ent r="6" t="55" w="722" /><ent r="6" t="55" w="722" /><ent r="6" t="55" w="772" /><ent r="6" t="55" w="772" /><ent r="6" t="55" w="807" /><ent r="6" t="55" w="807" /><ent r="6" t="55" w="1503" /><ent r="6" t="55" w="1503" /><ent r="6" t="55" w="1603" /><ent r="6" t="55" w="1603" /><ent r="6" t="55" w="1650" /><ent r="6" t="55" w="1650" /><ent r="6" t="55" w="1673" /><ent r="6" t="55" w="1673" /><ent r="6" t="55" w="1696" /><ent r="6" t="55" w="1696" /><ent r="6" t="55" w="1791" /><ent r="6" t="55" w="1791" /><ent r="6" t="55" w="1820" /><ent r="6" t="55" w="1820" /><ent r="6" t="55" w="1900" /><ent r="6" t="55" w="1900" /><ent r="6" t="55" w="1929" /><ent r="6" t="55" w="1929" /><ent r="6" t="78" w="615" /><ent r="6" t="78" w="615" /><ent r="7" t="78" w="645" /><ent r="7" t="78" w="645" /><ent r="6" t="78" w="691" /><ent r="6" t="78" w="691" /><ent r="6" t="78" w="714" /><ent r="6" t="78" w="714" /><ent r="6" t="78" w="1012" /><ent r="6" t="78" w="1012" /><ent r="6" t="78" w="1041" /><ent r="6" t="78" w="1041" /><ent r="6" t="78" w="1070" /><ent r="6" t="78" w="1070" /><ent r="6" t="78" w="1099" /><ent r="6" t="78" w="1099" /><ent r="6" t="78" w="1150" /><ent r="6" t="78" w="1150" /><ent r="6" t="78" w="1177" /><ent r="6" t="78" w="1177" /><ent r="6" t="78" w="1196" /><ent r="6" t="78" w="1196" /><ent r="6" t="78" w="1214" /><ent r="6" t="78" w="1214" /><ent r="6" t="78" w="1232" /><ent r="6" t="78" w="1232" /><ent r="3" t="91" w="406" /><ent r="3" t="91" w="406" /><ent r="6" t="106" w="657" /><ent r="6" t="106" w="657" /><ent r="6" t="106" w="690" /><ent r="6" t="106" w="690" /><ent r="6" t="106" w="722" /><ent r="6" t="106" w="722" /><ent r="6" t="106" w="772" /><ent r="6" t="106" w="772" /><ent r="6" t="106" w="807" /><ent r="6" t="106" w="807" /><ent r="6" t="106" w="1539" /><ent r="6" t="106" w="1539" /><ent r="6" t="106" w="1639" /><ent r="6" t="106" w="1639" /><ent r="6" t="106" w="1686" /><ent r="6" t="106" w="1686" /><ent r="6" t="106" w="1709" /><ent r="6" t="106" w="1709" /><ent r="6" t="106" w="1732" /><ent r="6" t="106" w="1732" /><ent r="6" t="106" w="1827" /><ent r="6" t="106" w="1827" /><ent r="6" t="106" w="1856" /><ent r="6" t="106" w="1856" /><ent r="6" t="106" w="1936" /><ent r="6" t="106" w="1936" /><ent r="6" t="106" w="2021" /><ent r="6" t="106" w="2021" /><ent r="7" t="131" w="439" /><ent r="7" t="131" w="439" /><ent r="7" t="131" w="463" /><ent r="7" t="131" w="463" /><ent r="7" t="131" w="669" /><ent r="7" t="131" w="669" /><ent r="7" t="131" w="699" /><ent r="7" t="131" w="699" /><ent r="7" t="131" w="721" /><ent r="7" t="131" w="721" /><ent r="7" t="131" w="744" /><ent r="7" t="131" w="744" /><ent r="7" t="131" w="767" /><ent r="7" t="131" w="767" /><ent r="7" t="131" w="790" /><ent r="7" t="131" w="790" /><ent r="7" t="131" w="990" /><ent r="7" t="131" w="990" /><ent r="7" t="131" w="1019" /><ent r="7" t="131" w="1019" /><ent r="7" t="131" w="1048" /><ent r="7" t="131" w="1048" /><ent r="7" t="131" w="1077" /><ent r="7" t="131" w="1077" /><ent r="8" t="156" w="100" /><ent r="8" t="156" w="100" /><ent r="8" t="156" w="405" /><ent r="8" t="156" w="405" /><ent r="4" t="164" w="164" /><ent r="4" t="164" w="164" /><ent r="4" t="164" w="341" /><ent r="4" t="164" w="341" /><ent r="5" t="164" w="421" /><ent r="5" t="164" w="421" /><ent r="4" t="164" w="483" /><ent r="4" t="164" w="483" /><ent r="7" t="181" w="286" /><ent r="7" t="181" w="286" /><ent r="7" t="181" w="298" /><ent r="7" t="181" w="298" /><ent r="7" t="181" w="312" /><ent r="7" t="181" w="312" /><ent r="6" t="181" w="498" /><ent r="6" t="181" w="498" /><ent r="6" t="181" w="569" /><ent r="6" t="181" w="569" /><ent r="6" t="181" w="599" /><ent r="6" t="181" w="599" /><ent r="7" t="181" w="652" /><ent r="7" t="181" w="652" /><ent r="7" t="181" w="666" /><ent r="7" t="181" w="666" /><ent r="6" t="181" w="791" /><ent r="6" t="181" w="791" /><ent r="6" t="181" w="808" /><ent r="6" t="181" w="808" /><ent r="6" t="181" w="822" /><ent r="6" t="181" w="822" /><ent r="6" t="181" w="840" /><ent r="6" t="181" w="840" /><ent r="6" t="181" w="857" /><ent r="6" t="181" w="857" /><ent r="6" t="181" w="872" /><ent r="6" t="181" w="872" /><ent r="7" t="207" w="279" /><ent r="7" t="207" w="279" /><ent r="7" t="207" w="291" /><ent r="7" t="207" w="291" /><ent r="7" t="207" w="305" /><ent r="7" t="207" w="305" /><ent r="6" t="207" w="491" /><ent r="6" t="207" w="491" /><ent r="6" t="207" w="562" /><ent r="6" t="207" w="562" /><ent r="6" t="207" w="592" /><ent r="6" t="207" w="592" /><ent r="7" t="207" w="645" /><ent r="7" t="207" w="645" /><ent r="7" t="207" w="659" /><ent r="7" t="207" w="659" /><ent r="6" t="207" w="914" /><ent r="6" t="207" w="914" /><ent r="6" t="207" w="937" /><ent r="6" t="207" w="937" /><ent r="6" t="207" w="961" /><ent r="6" t="207" w="961" /><ent r="6" t="207" w="985" /><ent r="6" t="207" w="985" /><ent r="4" t="226" w="110" /><ent r="4" t="226" w="110" /><ent r="4" t="226" w="307" /><ent r="4" t="226" w="307" /><ent r="5" t="226" w="393" /><ent r="5" t="226" w="393" /><ent r="6" t="234" w="186" /><ent r="6" t="234" w="186" /><ent r="4" t="279" w="366" /><ent r="4" t="279" w="366" /><ent r="4" t="279" w="379" /><ent r="4" t="279" w="379" /><ent r="4" t="279" w="391" /><ent r="4" t="279" w="391" /><ent r="4" t="288" w="1031" /><ent r="4" t="288" w="1031" /><ent r="4" t="309" w="297" /><ent r="4" t="309" w="297" /><ent r="6" t="311" w="90" /><ent r="6" t="311" w="90" /><ent r="6" t="311" w="304" /><ent r="6" t="311" w="304" /><ent r="6" t="311" w="327" /><ent r="6" t="311" w="327" /><ent r="6" t="312" w="442" /><ent r="6" t="312" w="442" /><ent r="6" t="312" w="491" /><ent r="6" t="312" w="491" /><ent r="6" t="312" w="516" /><ent r="6" t="312" w="516" /><ent r="6" t="312" w="521" /><ent r="6" t="312" w="521" /><ent r="5" t="312" w="686" /><ent r="5" t="312" w="686" /><ent r="7" t="312" w="798" /><ent r="7" t="312" w="798" /><ent r="5" t="312" w="818" /><ent r="5" t="312" w="820" /><ent r="5" t="312" w="820" /><ent r="4" t="315" w="216" /><ent r="4" t="315" w="216" /><ent r="4" t="315" w="343" /><ent r="4" t="315" w="343" /><ent r="4" t="315" w="354" /><ent r="4" t="315" w="354" /><ent r="3" t="402" w="1008" /><ent r="3" t="402" w="1008" /><ent r="4" t="405" w="181" /><ent r="4" t="409" w="224" /><ent r="4" t="409" w="224" /><ent r="3" t="409" w="235" /><ent r="4" t="502" w="160" /><ent r="4" t="502" w="160" /><ent r="4" t="502" w="173" /><ent r="4" t="502" w="173" /></phr><phr n="connected"><ent r="7" t="24" w="664" /><ent r="7" t="24" w="664" /><ent r="7" t="24" w="697" /><ent r="7" t="24" w="697" /><ent r="7" t="32" w="71" /><ent r="7" t="32" w="71" /><ent r="7" t="32" w="171" /><ent r="7" t="32" w="171" /><ent r="7" t="32" w="261" /><ent r="7" t="32" w="261" /><ent r="7" t="32" w="361" /><ent r="7" t="32" w="361" /><ent r="3" t="34" w="66" /><ent r="3" t="34" w="66" /><ent r="7" t="55" w="672" /><ent r="7" t="55" w="672" /><ent r="7" t="55" w="705" /><ent r="7" t="55" w="705" /><ent r="7" t="63" w="71" /><ent r="7" t="63" w="71" /><ent r="7" t="63" w="171" /><ent r="7" t="63" w="171" /><ent r="7" t="63" w="261" /><ent r="7" t="63" w="261" /><ent r="7" t="63" w="361" /><ent r="7" t="63" w="361" /><ent r="6" t="78" w="330" /><ent r="6" t="78" w="330" /><ent r="6" t="78" w="350" /><ent r="6" t="78" w="350" /><ent r="7" t="83" w="164" /><ent r="7" t="83" w="164" /><ent r="3" t="86" w="66" /><ent r="3" t="86" w="66" /><ent r="3" t="91" w="423" /><ent r="6" t="94" w="377" /><ent r="6" t="94" w="377" /><ent r="7" t="106" w="672" /><ent r="7" t="106" w="672" /><ent r="7" t="106" w="705" /><ent r="7" t="106" w="705" /><ent r="7" t="114" w="72" /><ent r="7" t="114" w="72" /><ent r="7" t="114" w="173" /><ent r="7" t="114" w="173" /><ent r="7" t="114" w="264" /><ent r="7" t="114" w="264" /><ent r="7" t="114" w="365" /><ent r="7" t="114" w="365" /><ent r="3" t="115" w="75" /><ent r="3" t="115" w="75" /><ent r="3" t="115" w="194" /><ent r="3" t="115" w="194" /><ent r="3" t="115" w="274" /><ent r="3" t="115" w="274" /><ent r="3" t="115" w="614" /><ent r="3" t="116" w="67" /><ent r="3" t="116" w="67" /><ent r="7" t="131" w="294" /><ent r="7" t="131" w="294" /><ent r="7" t="131" w="321" /><ent r="7" t="131" w="321" /><ent r="7" t="137" w="72" /><ent r="7" t="137" w="72" /><ent r="7" t="137" w="172" /><ent r="7" t="137" w="172" /><ent r="7" t="137" w="263" /><ent r="7" t="137" w="263" /><ent r="3" t="138" w="77" /><ent r="3" t="138" w="77" /><ent r="3" t="138" w="210" /><ent r="3" t="138" w="210" /><ent r="3" t="139" w="67" /><ent r="3" t="139" w="67" /><ent r="6" t="170" w="31" /><ent r="6" t="170" w="31" /><ent r="6" t="170" w="58" /><ent r="6" t="170" w="58" /><ent r="6" t="170" w="67" /><ent r="6" t="170" w="67" /><ent r="6" t="170" w="80" /><ent r="6" t="170" w="80" /><ent r="6" t="170" w="103" /><ent r="6" t="170" w="103" /><ent r="6" t="170" w="108" /><ent r="6" t="170" w="108" /><ent r="6" t="170" w="113" /><ent r="6" t="170" w="113" /><ent r="6" t="170" w="118" /><ent r="6" t="170" w="118" /><ent r="6" t="170" w="123" /><ent r="6" t="170" w="123" /><ent r="6" t="170" w="132" /><ent r="6" t="170" w="132" /><ent r="6" t="170" w="137" /><ent r="6" t="170" w="137" /><ent r="6" t="170" w="142" /><ent r="6" t="170" w="142" /><ent r="6" t="170" w="147" /><ent r="6" t="170" w="147" /><ent r="6" t="170" w="152" /><ent r="6" t="170" w="152" /><ent r="6" t="170" w="168" /><ent r="6" t="170" w="168" /><ent r="6" t="170" w="173" /><ent r="6" t="170" w="173" /><ent r="6" t="170" w="178" /><ent r="6" t="170" w="178" /><ent r="6" t="170" w="203" /><ent r="6" t="170" w="203" /><ent r="6" t="170" w="208" /><ent r="6" t="170" w="208" /><ent r="6" t="170" w="228" /><ent r="6" t="170" w="228" /><ent r="6" t="171" w="33" /><ent r="6" t="171" w="33" /><ent r="6" t="171" w="60" /><ent r="6" t="171" w="60" /><ent r="6" t="171" w="69" /><ent r="6" t="171" w="69" /><ent r="6" t="171" w="82" /><ent r="6" t="171" w="82" /><ent r="6" t="171" w="104" /><ent r="6" t="171" w="104" /><ent r="6" t="171" w="131" /><ent r="6" t="171" w="131" /><ent r="6" t="171" w="140" /><ent r="6" t="171" w="140" /><ent r="6" t="171" w="153" /><ent r="6" t="171" w="153" /><ent r="6" t="171" w="176" /><ent r="6" t="171" w="176" /><ent r="6" t="171" w="181" /><ent r="6" t="171" w="181" /><ent r="6" t="171" w="186" /><ent r="6" t="171" w="186" /><ent r="6" t="171" w="191" /><ent r="6" t="171" w="191" /><ent r="6" t="171" w="196" /><ent r="6" t="171" w="196" /><ent r="6" t="171" w="205" /><ent r="6" t="171" w="205" /><ent r="6" t="171" w="210" /><ent r="6" t="171" w="210" /><ent r="6" t="171" w="215" /><ent r="6" t="171" w="215" /><ent r="6" t="171" w="220" /><ent r="6" t="171" w="220" /><ent r="6" t="171" w="225" /><ent r="6" t="171" w="225" /><ent r="6" t="171" w="241" /><ent r="6" t="171" w="241" /><ent r="6" t="171" w="246" /><ent r="6" t="171" w="246" /><ent r="6" t="171" w="251" /><ent r="6" t="171" w="251" /><ent r="6" t="171" w="276" /><ent r="6" t="171" w="276" /><ent r="6" t="171" w="281" /><ent r="6" t="171" w="281" /><ent r="6" t="171" w="301" /><ent r="6" t="171" w="301" /><ent r="3" t="171" w="351" /><ent r="3" t="171" w="351" /><ent r="7" t="188" w="122" /><ent r="7" t="188" w="122" /><ent r="7" t="188" w="245" /><ent r="7" t="188" w="245" /><ent r="7" t="188" w="278" /><ent r="7" t="188" w="278" /><ent r="3" t="194" w="85" /><ent r="3" t="194" w="85" /><ent r="3" t="194" w="115" /><ent r="3" t="194" w="115" /><ent r="7" t="215" w="122" /><ent r="7" t="215" w="122" /><ent r="7" t="215" w="245" /><ent r="7" t="215" w="245" /><ent r="7" t="215" w="278" /><ent r="7" t="215" w="278" /><ent r="3" t="216" w="102" /><ent r="3" t="216" w="102" /><ent r="3" t="216" w="417" /><ent r="3" t="218" w="85" /><ent r="3" t="218" w="85" /><ent r="3" t="218" w="115" /><ent r="3" t="218" w="115" /><ent r="5" t="226" w="441" /><ent r="5" t="226" w="441" /><ent r="4" t="226" w="457" /><ent r="6" t="229" w="37" /><ent r="6" t="233" w="22" /><ent r="6" t="233" w="22" /><ent r="6" t="233" w="49" /><ent r="6" t="233" w="49" /><ent r="6" t="233" w="58" /><ent r="6" t="233" w="58" /><ent r="6" t="233" w="63" /><ent r="6" t="233" w="63" /><ent r="6" t="233" w="68" /><ent r="6" t="233" w="68" /><ent r="6" t="233" w="73" /><ent r="6" t="233" w="73" /><ent r="6" t="233" w="85" /><ent r="6" t="233" w="85" /><ent r="6" t="233" w="95" /><ent r="6" t="233" w="95" /><ent r="6" t="233" w="100" /><ent r="6" t="233" w="100" /><ent r="6" t="233" w="109" /><ent r="6" t="233" w="109" /><ent r="6" t="233" w="118" /><ent r="6" t="233" w="118" /><ent r="6" t="233" w="123" /><ent r="6" t="233" w="123" /><ent r="6" t="233" w="136" /><ent r="6" t="233" w="136" /><ent r="6" t="233" w="141" /><ent r="6" t="233" w="141" /><ent r="6" t="233" w="146" /><ent r="6" t="233" w="146" /><ent r="6" t="233" w="151" /><ent r="6" t="233" w="151" /><ent r="6" t="233" w="156" /><ent r="6" t="233" w="156" /><ent r="6" t="233" w="199" /><ent r="6" t="233" w="199" /><ent r="7" t="235" w="1762" /><ent r="7" t="235" w="1762" /><ent r="3" t="245" w="262" /><ent r="5" t="275" w="216" /><ent r="5" t="275" w="216" /><ent r="7" t="276" w="557" /><ent r="7" t="276" w="557" /><ent r="7" t="276" w="1026" /><ent r="7" t="276" w="1026" /><ent r="6" t="278" w="631" /><ent r="6" t="278" w="631" /><ent r="3" t="283" w="20" /><ent r="3" t="283" w="20" /><ent r="3" t="286" w="58" /><ent r="3" t="286" w="58" /><ent r="3" t="286" w="71" /><ent r="3" t="286" w="71" /><ent r="3" t="286" w="289" /><ent r="3" t="286" w="289" /><ent r="3" t="288" w="60" /><ent r="5" t="288" w="154" /><ent r="5" t="288" w="154" /><ent r="5" t="288" w="197" /><ent r="5" t="288" w="197" /><ent r="3" t="306" w="72" /><ent r="3" t="306" w="72" /><ent r="3" t="307" w="36" /><ent r="3" t="307" w="36" /><ent r="3" t="309" w="267" /><ent r="3" t="309" w="267" /><ent r="5" t="311" w="321" /><ent r="5" t="311" w="321" /><ent r="5" t="311" w="443" /><ent r="5" t="312" w="854" /><ent r="5" t="312" w="962" /><ent r="5" t="312" w="962" /><ent r="4" t="313" w="58" /><ent r="4" t="313" w="58" /><ent r="4" t="317" w="323" /><ent r="4" t="317" w="323" /><ent r="6" t="373" w="133" /><ent r="6" t="373" w="133" /><ent r="6" t="377" w="179" /><ent r="6" t="377" w="179" /><ent r="3" t="390" w="1066" /><ent r="3" t="390" w="1066" /><ent r="3" t="390" w="1169" /><ent r="3" t="390" w="1169" /><ent r="3" t="393" w="31" /><ent r="3" t="393" w="31" /><ent r="3" t="398" w="3063" /><ent r="3" t="398" w="3063" /><ent r="72" t="402" w="1672" /><ent r="72" t="402" w="1672" /><ent r="3" t="405" w="162" /><ent r="3" t="405" w="162" /><ent r="3" t="409" w="237" /><ent r="3" t="409" w="250" /><ent r="3" t="409" w="250" /><ent r="3" t="500" w="219" /><ent r="3" t="500" w="219" /><ent r="3" t="501" w="528" /><ent r="3" t="501" w="528" /></phr><phr n="CONNECT"><ent r="6" t="24" w="1919" /><ent r="6" t="24" w="1919" /><ent r="6" t="24" w="1925" /><ent r="6" t="24" w="1925" /><ent r="6" t="55" w="1963" /><ent r="6" t="55" w="1963" /><ent r="6" t="55" w="1969" /><ent r="6" t="55" w="1969" /><ent r="6" t="106" w="2092" /><ent r="6" t="106" w="2092" /><ent r="6" t="106" w="2098" /><ent r="6" t="106" w="2098" /><ent r="6" t="181" w="584" /><ent r="6" t="181" w="584" /><ent r="6" t="181" w="614" /><ent r="6" t="181" w="614" /><ent r="6" t="207" w="577" /><ent r="6" t="207" w="577" /><ent r="6" t="207" w="607" /><ent r="6" t="207" w="607" /></phr><phr n="connecting"><ent r="7" t="31" w="68" /><ent r="7" t="31" w="68" /><ent r="6" t="31" w="132" /><ent r="6" t="31" w="132" /><ent r="1000" t="42" w="3" /><ent r="1000" t="42" w="3" /><ent r="92" t="42" w="10" /><ent r="92" t="42" w="10" /><ent r="7" t="62" w="68" /><ent r="7" t="62" w="68" /><ent r="6" t="62" w="132" /><ent r="6" t="62" w="132" /><ent r="1000" t="68" w="3" /><ent r="1000" t="68" w="3" /><ent r="92" t="68" w="10" /><ent r="92" t="68" w="10" /><ent r="1000" t="93" w="3" /><ent r="1000" t="93" w="3" /><ent r="92" t="93" w="10" /><ent r="92" t="93" w="10" /><ent r="7" t="113" w="70" /><ent r="7" t="113" w="70" /><ent r="7" t="113" w="136" /><ent r="7" t="113" w="136" /><ent r="1000" t="123" w="3" /><ent r="1000" t="123" w="3" /><ent r="92" t="123" w="10" /><ent r="92" t="123" w="10" /><ent r="7" t="136" w="70" /><ent r="7" t="136" w="70" /><ent r="7" t="136" w="136" /><ent r="7" t="136" w="136" /><ent r="1000" t="145" w="3" /><ent r="1000" t="145" w="3" /><ent r="92" t="145" w="10" /><ent r="92" t="145" w="10" /><ent r="1000" t="159" w="3" /><ent r="1000" t="159" w="3" /><ent r="92" t="159" w="10" /><ent r="92" t="159" w="10" /><ent r="7" t="187" w="68" /><ent r="7" t="187" w="68" /><ent r="7" t="187" w="193" /><ent r="7" t="187" w="193" /><ent r="1000" t="197" w="3" /><ent r="1000" t="197" w="3" /><ent r="92" t="197" w="10" /><ent r="92" t="197" w="10" /><ent r="7" t="214" w="68" /><ent r="7" t="214" w="68" /><ent r="7" t="214" w="193" /><ent r="7" t="214" w="193" /><ent r="1000" t="221" w="3" /><ent r="1000" t="221" w="3" /><ent r="92" t="221" w="10" /><ent r="92" t="221" w="10" /><ent r="7" t="276" w="677" /><ent r="7" t="276" w="677" /><ent r="3" t="276" w="907" /><ent r="3" t="276" w="907" /><ent r="7" t="276" w="1165" /><ent r="7" t="276" w="1165" /><ent r="5" t="278" w="536" /><ent r="5" t="278" w="536" /><ent r="3" t="279" w="426" /><ent r="3" t="279" w="426" /><ent r="3" t="286" w="302" /><ent r="3" t="286" w="302" /><ent r="4" t="309" w="159" /><ent r="4" t="309" w="159" /><ent r="4" t="309" w="174" /><ent r="4" t="309" w="174" /><ent r="3" t="402" w="1021" /><ent r="3" t="402" w="1021" /><ent r="67" t="413" w="74" /><ent r="67" t="413" w="74" /><ent r="67" t="413" w="81" /><ent r="67" t="413" w="81" /><ent r="67" t="413" w="88" /><ent r="67" t="413" w="88" /><ent r="67" t="413" w="95" /><ent r="67" t="413" w="95" /><ent r="67" t="413" w="102" /><ent r="67" t="413" w="102" /><ent r="67" t="413" w="109" /><ent r="67" t="413" w="109" /><ent r="67" t="413" w="116" /><ent r="67" t="413" w="116" /><ent r="67" t="413" w="123" /><ent r="67" t="413" w="123" /><ent r="3" t="502" w="196" /><ent r="3" t="502" w="196" /><ent r="3" t="502" w="219" /><ent r="3" t="502" w="219" /></phr><phr n="Connectivity"><ent r="3" t="35" w="36" /><ent r="3" t="87" w="36" /><ent r="3" t="117" w="36" /><ent r="3" t="140" w="36" /><ent r="3" t="191" w="36" /><ent r="4" t="405" w="261" /><ent r="4" t="405" w="261" /></phr><phr n="connection"><ent r="3" t="41" w="145" /><ent r="3" t="41" w="145" /><ent r="5" t="42" w="110" /><ent r="5" t="42" w="110" /><ent r="3" t="67" w="133" /><ent r="3" t="67" w="133" /><ent r="5" t="68" w="110" /><ent r="5" t="68" w="110" /><ent r="3" t="92" w="137" /><ent r="3" t="92" w="137" /><ent r="5" t="93" w="110" /><ent r="5" t="93" w="110" /><ent r="3" t="122" w="133" /><ent r="3" t="122" w="133" /><ent r="5" t="123" w="110" /><ent r="5" t="123" w="110" /><ent r="3" t="144" w="136" /><ent r="3" t="144" w="136" /><ent r="5" t="145" w="110" /><ent r="5" t="145" w="110" /><ent r="6" t="151" w="94" /><ent r="6" t="151" w="94" /><ent r="3" t="158" w="65" /><ent r="3" t="158" w="65" /><ent r="5" t="159" w="110" /><ent r="5" t="159" w="110" /><ent r="3" t="196" w="181" /><ent r="3" t="196" w="181" /><ent r="5" t="197" w="110" /><ent r="5" t="197" w="110" /><ent r="3" t="220" w="185" /><ent r="3" t="220" w="185" /><ent r="5" t="221" w="110" /><ent r="5" t="221" w="110" /><ent r="6" t="234" w="267" /><ent r="6" t="234" w="267" /><ent r="7" t="235" w="2303" /><ent r="7" t="235" w="2303" /><ent r="5" t="275" w="43" /><ent r="5" t="275" w="43" /><ent r="5" t="275" w="55" /><ent r="5" t="275" w="55" /><ent r="5" t="275" w="69" /><ent r="5" t="275" w="69" /><ent r="5" t="275" w="89" /><ent r="5" t="275" w="89" /><ent r="5" t="275" w="128" /><ent r="5" t="275" w="128" /><ent r="5" t="275" w="137" /><ent r="5" t="275" w="137" /><ent r="56" t="275" w="149" /><ent r="56" t="275" w="149" /><ent r="3" t="275" w="334" /><ent r="3" t="275" w="334" /><ent r="5" t="275" w="344" /><ent r="5" t="275" w="344" /><ent r="5" t="275" w="355" /><ent r="5" t="275" w="355" /><ent r="5" t="275" w="368" /><ent r="5" t="275" w="368" /><ent r="5" t="275" w="396" /><ent r="5" t="275" w="396" /><ent r="3" t="276" w="130" /><ent r="3" t="276" w="130" /><ent r="3" t="276" w="268" /><ent r="3" t="276" w="538" /><ent r="3" t="276" w="1007" /><ent r="3" t="276" w="1568" /><ent r="3" t="276" w="1782" /><ent r="3" t="278" w="214" /><ent r="3" t="278" w="214" /><ent r="3" t="278" w="434" /><ent r="3" t="278" w="434" /><ent r="3" t="278" w="449" /><ent r="3" t="278" w="451" /><ent r="3" t="278" w="451" /><ent r="5" t="282" w="113" /><ent r="3" t="285" w="23" /><ent r="3" t="286" w="242" /><ent r="3" t="286" w="242" /><ent r="3" t="286" w="253" /><ent r="3" t="286" w="253" /><ent r="3" t="286" w="272" /><ent r="3" t="286" w="294" /><ent r="3" t="286" w="305" /><ent r="3" t="287" w="259" /><ent r="3" t="287" w="270" /><ent r="3" t="287" w="270" /><ent r="5" t="287" w="304" /><ent r="5" t="287" w="313" /><ent r="3" t="288" w="34" /><ent r="3" t="288" w="44" /><ent r="3" t="288" w="44" /><ent r="3" t="288" w="57" /><ent r="3" t="288" w="57" /><ent r="3" t="288" w="78" /><ent r="3" t="288" w="78" /><ent r="3" t="288" w="657" /><ent r="3" t="288" w="657" /><ent r="3" t="288" w="679" /><ent r="3" t="288" w="679" /><ent r="3" t="288" w="793" /><ent r="3" t="288" w="793" /><ent r="3" t="288" w="853" /><ent r="3" t="288" w="853" /><ent r="3" t="288" w="870" /><ent r="3" t="288" w="870" /><ent r="3" t="288" w="877" /><ent r="3" t="288" w="877" /><ent r="3" t="288" w="887" /><ent r="3" t="288" w="887" /><ent r="3" t="288" w="898" /><ent r="3" t="288" w="898" /><ent r="3" t="288" w="949" /><ent r="3" t="288" w="949" /><ent r="3" t="288" w="1029" /><ent r="3" t="288" w="1036" /><ent r="3" t="288" w="1036" /><ent r="3" t="288" w="1057" /><ent r="3" t="296" w="381" /><ent r="3" t="296" w="381" /><ent r="3" t="308" w="67" /><ent r="3" t="309" w="41" /><ent r="3" t="309" w="41" /><ent r="1000" t="311" w="4" /><ent r="1000" t="311" w="4" /><ent r="92" t="311" w="12" /><ent r="92" t="311" w="12" /><ent r="3" t="311" w="25" /><ent r="3" t="311" w="25" /><ent r="6" t="311" w="67" /><ent r="6" t="311" w="67" /><ent r="6" t="311" w="81" /><ent r="6" t="311" w="81" /><ent r="6" t="311" w="159" /><ent r="6" t="311" w="159" /><ent r="5" t="311" w="358" /><ent r="5" t="311" w="358" /><ent r="1000" t="312" w="4" /><ent r="1000" t="312" w="4" /><ent r="92" t="312" w="12" /><ent r="92" t="312" w="12" /><ent r="3" t="312" w="21" /><ent r="3" t="312" w="21" /><ent r="3" t="312" w="47" /><ent r="3" t="312" w="47" /><ent r="5" t="312" w="184" /><ent r="5" t="312" w="209" /><ent r="5" t="312" w="209" /><ent r="5" t="312" w="225" /><ent r="4" t="312" w="294" /><ent r="6" t="312" w="344" /><ent r="6" t="312" w="344" /><ent r="6" t="312" w="357" /><ent r="6" t="312" w="357" /><ent r="5" t="312" w="439" /><ent r="5" t="312" w="448" /><ent r="5" t="312" w="448" /><ent r="5" t="312" w="460" /><ent r="5" t="312" w="460" /><ent r="5" t="312" w="509" /><ent r="5" t="312" w="509" /><ent r="4" t="312" w="684" /><ent r="5" t="312" w="726" /><ent r="5" t="312" w="726" /><ent r="6" t="312" w="773" /><ent r="6" t="312" w="773" /><ent r="5" t="312" w="814" /><ent r="5" t="312" w="814" /><ent r="5" t="312" w="847" /><ent r="5" t="312" w="847" /><ent r="5" t="312" w="866" /><ent r="5" t="312" w="866" /><ent r="5" t="312" w="872" /><ent r="5" t="312" w="872" /><ent r="5" t="312" w="884" /><ent r="5" t="317" w="441" /><ent r="5" t="317" w="441" /><ent r="3" t="319" w="34" /><ent r="3" t="334" w="577" /><ent r="3" t="334" w="577" /><ent r="6" t="388" w="1195" /><ent r="6" t="388" w="1195" /><ent r="6" t="388" w="1259" /><ent r="6" t="388" w="1259" /><ent r="6" t="388" w="1490" /><ent r="6" t="388" w="1490" /><ent r="6" t="388" w="1554" /><ent r="6" t="388" w="1554" /><ent r="3" t="402" w="59" /><ent r="3" t="402" w="59" /><ent r="3" t="404" w="1156" /><ent r="3" t="404" w="1156" /><ent r="3" t="405" w="154" /><ent r="3" t="405" w="154" /><ent r="3" t="405" w="179" /><ent r="3" t="405" w="188" /><ent r="3" t="405" w="188" /><ent r="3" t="405" w="270" /><ent r="3" t="405" w="270" /><ent r="3" t="405" w="372" /><ent r="3" t="405" w="372" /><ent r="3" t="405" w="410" /><ent r="3" t="405" w="410" /><ent r="3" t="409" w="275" /><ent r="3" t="409" w="275" /><ent r="4" t="416" w="55" /><ent r="5" t="427" w="573" /><ent r="5" t="427" w="573" /><ent r="5" t="427" w="621" /><ent r="3" t="471" w="38" /><ent r="3" t="500" w="152" /><ent r="3" t="500" w="152" /><ent r="3" t="501" w="362" /><ent r="3" t="501" w="362" /></phr><phr n="connects"><ent r="3" t="115" w="223" /><ent r="3" t="115" w="223" /><ent r="3" t="115" w="288" /><ent r="3" t="115" w="288" /><ent r="3" t="138" w="224" /><ent r="3" t="138" w="224" /><ent r="3" t="216" w="121" /><ent r="3" t="216" w="121" /><ent r="7" t="235" w="521" /><ent r="7" t="235" w="521" /><ent r="3" t="288" w="592" /><ent r="3" t="288" w="592" /><ent r="3" t="288" w="612" /><ent r="3" t="288" w="612" /><ent r="3" t="290" w="98" /><ent r="3" t="290" w="98" /><ent r="3" t="405" w="134" /><ent r="3" t="405" w="134" /><ent r="3" t="501" w="501" /><ent r="3" t="501" w="501" /></phr><phr n="connections"><ent r="6" t="234" w="133" /><ent r="5" t="275" w="381" /><ent r="5" t="275" w="381" /><ent r="3" t="276" w="258" /><ent r="3" t="276" w="258" /><ent r="3" t="288" w="28" /><ent r="3" t="288" w="28" /><ent r="5" t="297" w="709" /><ent r="5" t="312" w="501" /><ent r="5" t="312" w="501" /><ent r="5" t="312" w="806" /><ent r="5" t="312" w="806" /><ent r="3" t="316" w="31" /><ent r="6" t="372" w="1375" /><ent r="6" t="372" w="1375" /><ent r="6" t="388" w="1127" /><ent r="6" t="388" w="1422" /><ent r="5" t="427" w="594" /></phr><phr n="Connected"><ent r="7" t="235" w="1792" /><ent r="7" t="235" w="1792" /><ent r="3" t="243" w="209" /><ent r="3" t="243" w="209" /><ent r="8" t="276" w="552" /><ent r="8" t="276" w="552" /><ent r="7" t="276" w="1021" /><ent r="7" t="276" w="1021" /><ent r="3" t="427" w="709" /><ent r="3" t="427" w="709" /></phr><phr n="Connection"><ent r="4" t="275" w="327" /><ent r="4" t="275" w="327" /><ent r="7" t="276" w="599" /><ent r="7" t="276" w="599" /><ent r="7" t="276" w="665" /><ent r="7" t="276" w="665" /><ent r="7" t="276" w="1068" /><ent r="7" t="276" w="1068" /><ent r="7" t="276" w="1153" /><ent r="7" t="276" w="1153" /><ent r="4" t="278" w="210" /><ent r="4" t="278" w="210" /><ent r="6" t="312" w="422" /><ent r="6" t="312" w="422" /><ent r="1000" t="409" w="5" /><ent r="1000" t="409" w="5" /><ent r="133" t="409" w="11" /><ent r="133" t="409" w="11" /></phr><phr n="Connections"><ent r="4" t="276" w="160" /><ent r="4" t="276" w="160" /><ent r="5" t="311" w="59" /><ent r="5" t="311" w="59" /><ent r="6" t="312" w="878" /><ent r="6" t="312" w="878" /></phr><phr n="Connecting"><ent r="6" t="278" w="531" /><ent r="6" t="278" w="531" /><ent r="72" t="402" w="980" /><ent r="72" t="402" w="980" /></phr><phr n="CONNECTION"><ent r="6" t="388" w="1146" /><ent r="6" t="388" w="1146" /><ent r="6" t="388" w="1441" /><ent r="6" t="388" w="1441" /><ent r="3" t="398" w="3023" /></phr></stem></index>