<?xml version="1.0" encoding="utf-8"?><index><!-- saved from url=(0016)http://localhost -->
<stem n="modul"><phr n="module"><ent r="1000" t="21" w="2" /><ent r="1000" t="21" w="2" /><ent r="92" t="21" w="7" /><ent r="92" t="21" w="7" /><ent r="3" t="22" w="26" /><ent r="8" t="22" w="56" /><ent r="8" t="22" w="56" /><ent r="3" t="40" w="9" /><ent r="3" t="40" w="9" /><ent r="3" t="40" w="37" /><ent r="4" t="42" w="200" /><ent r="1000" t="52" w="2" /><ent r="1000" t="52" w="2" /><ent r="92" t="52" w="7" /><ent r="92" t="52" w="7" /><ent r="3" t="53" w="26" /><ent r="8" t="53" w="56" /><ent r="8" t="53" w="56" /><ent r="3" t="66" w="9" /><ent r="3" t="66" w="9" /><ent r="3" t="66" w="37" /><ent r="4" t="68" w="200" /><ent r="3" t="69" w="19" /><ent r="3" t="69" w="19" /><ent r="3" t="69" w="39" /><ent r="3" t="69" w="39" /><ent r="3" t="69" w="69" /><ent r="3" t="69" w="69" /><ent r="4" t="70" w="94" /><ent r="4" t="70" w="94" /><ent r="4" t="70" w="135" /><ent r="4" t="70" w="135" /><ent r="8" t="74" w="39" /><ent r="1000" t="76" w="3" /><ent r="1000" t="76" w="3" /><ent r="92" t="76" w="9" /><ent r="92" t="76" w="9" /><ent r="8" t="77" w="19" /><ent r="8" t="77" w="19" /><ent r="6" t="78" w="797" /><ent r="3" t="85" w="65" /><ent r="3" t="85" w="65" /><ent r="3" t="90" w="21" /><ent r="3" t="90" w="21" /><ent r="4" t="90" w="26" /><ent r="4" t="90" w="26" /><ent r="4" t="90" w="55" /><ent r="4" t="90" w="55" /><ent r="3" t="91" w="116" /><ent r="3" t="91" w="116" /><ent r="3" t="91" w="132" /><ent r="3" t="91" w="132" /><ent r="4" t="93" w="212" /><ent r="3" t="95" w="105" /><ent r="3" t="95" w="105" /><ent r="1000" t="103" w="2" /><ent r="1000" t="103" w="2" /><ent r="92" t="103" w="7" /><ent r="92" t="103" w="7" /><ent r="8" t="104" w="42" /><ent r="8" t="104" w="42" /><ent r="3" t="121" w="9" /><ent r="3" t="121" w="9" /><ent r="3" t="121" w="37" /><ent r="3" t="124" w="19" /><ent r="3" t="124" w="19" /><ent r="3" t="124" w="45" /><ent r="3" t="124" w="189" /><ent r="3" t="124" w="189" /><ent r="1000" t="129" w="3" /><ent r="1000" t="129" w="3" /><ent r="92" t="129" w="9" /><ent r="92" t="129" w="9" /><ent r="8" t="130" w="19" /><ent r="8" t="130" w="19" /><ent r="4" t="159" w="200" /><ent r="4" t="197" w="200" /><ent r="4" t="221" w="200" /><ent r="3" t="318" w="151" /><ent r="3" t="318" w="151" /><ent r="3" t="408" w="17" /><ent r="3" t="408" w="17" /><ent r="3" t="408" w="37" /><ent r="3" t="408" w="37" /><ent r="3" t="408" w="94" /><ent r="3" t="408" w="94" /><ent r="67" t="411" w="8" /><ent r="67" t="411" w="8" /><ent r="67" t="411" w="13" /><ent r="67" t="411" w="13" /><ent r="67" t="411" w="19" /><ent r="67" t="411" w="19" /><ent r="67" t="411" w="24" /><ent r="67" t="411" w="24" /><ent r="67" t="411" w="30" /><ent r="67" t="411" w="30" /><ent r="4" t="414" w="179" /></phr><phr n="modules"><ent r="3" t="91" w="1396" /><ent r="3" t="318" w="61" /><ent r="65" t="400" w="69" /><ent r="65" t="400" w="69" /><ent r="65" t="400" w="79" /><ent r="65" t="400" w="79" /><ent r="3" t="400" w="401" /><ent r="3" t="400" w="401" /><ent r="82" t="400" w="1219" /><ent r="82" t="400" w="1219" /><ent r="3" t="400" w="1238" /><ent r="3" t="400" w="1238" /><ent r="3" t="400" w="1265" /><ent r="3" t="400" w="1265" /><ent r="82" t="400" w="1411" /><ent r="82" t="400" w="1411" /><ent r="3" t="400" w="1415" /><ent r="3" t="400" w="1415" /><ent r="72" t="400" w="1449" /><ent r="72" t="400" w="1449" /></phr><phr n="modulation"><ent r="7" t="235" w="468" /></phr><phr n="modulated"><ent r="3" t="281" w="114" /><ent r="3" t="281" w="114" /></phr><phr n="Modules"><ent r="4" t="404" w="165" /><ent r="4" t="404" w="165" /></phr><phr n="Module"><ent r="4" t="408" w="7" /><ent r="4" t="408" w="7" /></phr></stem><stem n="draw"><phr n="drawing"><ent r="1000" t="21" w="4" /><ent r="1000" t="21" w="4" /><ent r="92" t="21" w="9" /><ent r="92" t="21" w="9" /><ent r="3" t="35" w="59" /><ent r="3" t="35" w="59" /><ent r="1000" t="52" w="4" /><ent r="1000" t="52" w="4" /><ent r="92" t="52" w="9" /><ent r="92" t="52" w="9" /><ent r="1000" t="76" w="5" /><ent r="1000" t="76" w="5" /><ent r="92" t="76" w="11" /><ent r="92" t="76" w="11" /><ent r="3" t="87" w="59" /><ent r="3" t="87" w="59" /><ent r="1000" t="103" w="4" /><ent r="1000" t="103" w="4" /><ent r="92" t="103" w="9" /><ent r="92" t="103" w="9" /><ent r="3" t="117" w="59" /><ent r="3" t="117" w="59" /><ent r="1000" t="129" w="5" /><ent r="1000" t="129" w="5" /><ent r="92" t="129" w="11" /><ent r="92" t="129" w="11" /><ent r="3" t="140" w="59" /><ent r="3" t="140" w="59" /><ent r="3" t="191" w="59" /><ent r="3" t="191" w="59" /><ent r="67" t="411" w="10" /><ent r="67" t="411" w="10" /><ent r="67" t="411" w="15" /><ent r="67" t="411" w="15" /><ent r="67" t="411" w="21" /><ent r="67" t="411" w="21" /><ent r="67" t="411" w="26" /><ent r="67" t="411" w="26" /><ent r="67" t="411" w="32" /><ent r="67" t="411" w="32" /></phr><phr n="drawings"><ent r="3" t="22" w="34" /><ent r="3" t="22" w="34" /><ent r="3" t="40" w="44" /><ent r="3" t="40" w="44" /><ent r="3" t="53" w="34" /><ent r="3" t="53" w="34" /><ent r="3" t="66" w="44" /><ent r="3" t="66" w="44" /><ent r="3" t="104" w="20" /><ent r="3" t="104" w="20" /><ent r="3" t="121" w="44" /><ent r="3" t="121" w="44" /><ent r="1000" t="155" w="2" /><ent r="1000" t="155" w="2" /><ent r="92" t="155" w="6" /><ent r="92" t="155" w="6" /><ent r="3" t="155" w="12" /><ent r="3" t="155" w="12" /><ent r="3" t="155" w="23" /><ent r="3" t="155" w="23" /><ent r="3" t="157" w="40" /><ent r="3" t="157" w="40" /><ent r="1000" t="169" w="2" /><ent r="1000" t="169" w="2" /><ent r="92" t="169" w="6" /><ent r="92" t="169" w="6" /><ent r="3" t="169" w="12" /><ent r="3" t="169" w="12" /><ent r="3" t="169" w="23" /><ent r="3" t="169" w="23" /><ent r="1000" t="180" w="2" /><ent r="1000" t="180" w="2" /><ent r="92" t="180" w="6" /><ent r="92" t="180" w="6" /><ent r="3" t="180" w="12" /><ent r="3" t="180" w="12" /><ent r="3" t="180" w="23" /><ent r="3" t="180" w="23" /><ent r="3" t="195" w="40" /><ent r="3" t="195" w="40" /><ent r="3" t="196" w="200" /><ent r="3" t="196" w="200" /><ent r="1000" t="206" w="2" /><ent r="1000" t="206" w="2" /><ent r="92" t="206" w="6" /><ent r="92" t="206" w="6" /><ent r="3" t="206" w="12" /><ent r="3" t="206" w="12" /><ent r="3" t="206" w="23" /><ent r="3" t="206" w="23" /><ent r="3" t="219" w="40" /><ent r="3" t="219" w="40" /><ent r="3" t="220" w="244" /><ent r="3" t="220" w="244" /><ent r="1000" t="232" w="2" /><ent r="1000" t="232" w="2" /><ent r="92" t="232" w="6" /><ent r="92" t="232" w="6" /><ent r="3" t="232" w="12" /><ent r="3" t="232" w="12" /><ent r="3" t="232" w="23" /><ent r="3" t="232" w="23" /><ent r="4" t="411" w="82" /><ent r="4" t="411" w="82" /><ent r="4" t="411" w="95" /><ent r="4" t="411" w="95" /><ent r="67" t="417" w="154" /><ent r="67" t="417" w="154" /><ent r="67" t="417" w="158" /><ent r="67" t="417" w="158" /><ent r="67" t="417" w="162" /><ent r="67" t="417" w="162" /><ent r="67" t="417" w="166" /><ent r="67" t="417" w="166" /><ent r="67" t="417" w="170" /><ent r="67" t="417" w="170" /></phr><phr n="draw"><ent r="7" t="78" w="897" /><ent r="7" t="78" w="897" /><ent r="7" t="131" w="934" /><ent r="7" t="131" w="934" /></phr><phr n="Drawings"><ent r="1000" t="411" w="2" /><ent r="1000" t="411" w="2" /><ent r="102" t="411" w="5" /><ent r="102" t="411" w="5" /></phr></stem><stem n="shown"><phr n="shown"><ent r="3" t="21" w="13" /><ent r="3" t="21" w="13" /><ent r="3" t="21" w="18" /><ent r="3" t="21" w="18" /><ent r="3" t="22" w="190" /><ent r="3" t="22" w="210" /><ent r="7" t="29" w="111" /><ent r="7" t="29" w="111" /><ent r="3" t="37" w="99" /><ent r="3" t="37" w="99" /><ent r="3" t="52" w="13" /><ent r="3" t="52" w="13" /><ent r="3" t="52" w="18" /><ent r="3" t="52" w="18" /><ent r="3" t="53" w="188" /><ent r="3" t="53" w="208" /><ent r="7" t="60" w="111" /><ent r="7" t="60" w="111" /><ent r="7" t="81" w="111" /><ent r="7" t="81" w="111" /><ent r="3" t="89" w="98" /><ent r="3" t="89" w="98" /><ent r="3" t="103" w="13" /><ent r="3" t="103" w="13" /><ent r="3" t="103" w="18" /><ent r="3" t="103" w="18" /><ent r="3" t="104" w="174" /><ent r="3" t="104" w="194" /><ent r="7" t="111" w="115" /><ent r="7" t="111" w="115" /><ent r="3" t="119" w="98" /><ent r="3" t="119" w="98" /><ent r="3" t="129" w="15" /><ent r="3" t="129" w="15" /><ent r="3" t="129" w="20" /><ent r="3" t="129" w="20" /><ent r="7" t="134" w="115" /><ent r="7" t="134" w="115" /><ent r="3" t="142" w="99" /><ent r="3" t="142" w="99" /><ent r="3" t="158" w="44" /><ent r="3" t="158" w="44" /><ent r="3" t="193" w="96" /><ent r="3" t="193" w="96" /><ent r="3" t="206" w="39" /><ent r="3" t="206" w="39" /><ent r="7" t="212" w="111" /><ent r="7" t="212" w="111" /><ent r="3" t="217" w="99" /><ent r="3" t="217" w="99" /><ent r="5" t="242" w="1008" /><ent r="5" t="242" w="1008" /><ent r="3" t="242" w="1206" /><ent r="3" t="242" w="1206" /><ent r="3" t="246" w="151" /><ent r="3" t="246" w="151" /><ent r="3" t="246" w="215" /><ent r="3" t="246" w="215" /><ent r="3" t="246" w="263" /><ent r="3" t="246" w="263" /><ent r="3" t="246" w="308" /><ent r="3" t="246" w="308" /><ent r="3" t="250" w="149" /><ent r="3" t="250" w="149" /><ent r="5" t="256" w="80" /><ent r="5" t="256" w="80" /><ent r="5" t="259" w="84" /><ent r="5" t="259" w="84" /><ent r="5" t="259" w="95" /><ent r="5" t="259" w="95" /><ent r="5" t="259" w="108" /><ent r="5" t="259" w="108" /><ent r="3" t="275" w="307" /><ent r="3" t="275" w="307" /><ent r="5" t="278" w="161" /><ent r="3" t="278" w="206" /><ent r="3" t="278" w="206" /><ent r="5" t="278" w="627" /><ent r="3" t="279" w="303" /><ent r="3" t="279" w="303" /><ent r="3" t="304" w="156" /><ent r="3" t="304" w="156" /><ent r="5" t="312" w="732" /><ent r="5" t="312" w="732" /><ent r="3" t="314" w="172" /><ent r="3" t="314" w="172" /><ent r="3" t="314" w="233" /><ent r="3" t="314" w="233" /><ent r="3" t="314" w="604" /><ent r="3" t="314" w="604" /><ent r="5" t="317" w="360" /><ent r="5" t="317" w="360" /><ent r="5" t="317" w="466" /><ent r="5" t="317" w="466" /><ent r="3" t="324" w="26" /><ent r="3" t="324" w="26" /><ent r="6" t="336" w="172" /><ent r="6" t="336" w="172" /><ent r="6" t="336" w="187" /><ent r="6" t="336" w="187" /><ent r="3" t="351" w="69" /><ent r="3" t="351" w="69" /><ent r="3" t="390" w="735" /><ent r="3" t="390" w="735" /><ent r="3" t="390" w="924" /><ent r="3" t="390" w="924" /><ent r="3" t="390" w="978" /><ent r="3" t="390" w="978" /><ent r="3" t="390" w="1178" /><ent r="3" t="390" w="1178" /><ent r="3" t="400" w="1260" /><ent r="3" t="400" w="1260" /><ent r="3" t="400" w="1455" /><ent r="3" t="400" w="1455" /><ent r="3" t="400" w="1702" /><ent r="3" t="400" w="1702" /><ent r="5" t="400" w="2311" /><ent r="5" t="400" w="2311" /><ent r="3" t="407" w="27" /><ent r="3" t="407" w="27" /><ent r="3" t="407" w="48" /><ent r="3" t="407" w="48" /><ent r="3" t="408" w="120" /><ent r="3" t="408" w="120" /><ent r="3" t="408" w="141" /><ent r="3" t="408" w="141" /><ent r="3" t="421" w="97" /><ent r="3" t="421" w="97" /><ent r="3" t="421" w="152" /><ent r="3" t="421" w="152" /><ent r="3" t="421" w="245" /><ent r="3" t="421" w="245" /><ent r="3" t="423" w="261" /><ent r="3" t="423" w="261" /><ent r="3" t="423" w="414" /><ent r="3" t="423" w="419" /><ent r="7" t="487" w="128" /><ent r="7" t="487" w="128" /><ent r="7" t="487" w="155" /><ent r="7" t="487" w="155" /><ent r="7" t="489" w="94" /><ent r="7" t="489" w="94" /><ent r="7" t="489" w="121" /><ent r="7" t="489" w="121" /><ent r="3" t="490" w="333" /><ent r="3" t="490" w="333" /><ent r="3" t="501" w="531" /><ent r="3" t="501" w="531" /></phr><phr n="Shown"><ent r="3" t="400" w="224" /><ent r="3" t="400" w="224" /></phr></stem><stem n="bracket"><phr n="brackets"><ent r="3" t="21" w="20" /><ent r="3" t="21" w="20" /><ent r="3" t="52" w="20" /><ent r="3" t="52" w="20" /><ent r="3" t="103" w="20" /><ent r="3" t="103" w="20" /><ent r="3" t="129" w="22" /><ent r="3" t="129" w="22" /><ent r="3" t="155" w="30" /><ent r="3" t="155" w="30" /><ent r="3" t="169" w="30" /><ent r="3" t="169" w="30" /><ent r="3" t="180" w="30" /><ent r="3" t="180" w="30" /><ent r="3" t="206" w="30" /><ent r="3" t="206" w="30" /><ent r="3" t="232" w="30" /><ent r="3" t="232" w="30" /><ent r="3" t="242" w="1208" /><ent r="3" t="242" w="1208" /><ent r="5" t="284" w="1460" /><ent r="3" t="314" w="415" /><ent r="3" t="314" w="456" /><ent r="3" t="314" w="456" /><ent r="3" t="314" w="608" /><ent r="3" t="314" w="608" /><ent r="3" t="314" w="1223" /><ent r="3" t="314" w="1223" /><ent r="3" t="314" w="1252" /><ent r="3" t="314" w="1252" /><ent r="4" t="411" w="102" /><ent r="4" t="411" w="102" /></phr></stem><stem n="inch"><phr n="inches"><ent r="3" t="21" w="23" /><ent r="3" t="37" w="25" /><ent r="3" t="52" w="23" /><ent r="3" t="89" w="24" /><ent r="3" t="103" w="23" /><ent r="3" t="119" w="24" /><ent r="3" t="129" w="25" /><ent r="3" t="142" w="25" /><ent r="3" t="193" w="22" /></phr></stem><stem n="evalu"><phr n="evaluation"><ent r="1000" t="22" w="2" /><ent r="1000" t="22" w="2" /><ent r="92" t="22" w="8" /><ent r="92" t="22" w="8" /><ent r="3" t="22" w="15" /><ent r="3" t="22" w="15" /><ent r="3" t="22" w="40" /><ent r="3" t="22" w="40" /><ent r="3" t="23" w="55" /><ent r="3" t="23" w="55" /><ent r="3" t="40" w="21" /><ent r="3" t="40" w="21" /><ent r="3" t="40" w="28" /><ent r="3" t="40" w="28" /><ent r="1000" t="41" w="3" /><ent r="1000" t="41" w="3" /><ent r="92" t="41" w="8" /><ent r="92" t="41" w="8" /><ent r="3" t="41" w="12" /><ent r="3" t="41" w="12" /><ent r="3" t="43" w="12" /><ent r="3" t="43" w="12" /><ent r="1000" t="53" w="2" /><ent r="1000" t="53" w="2" /><ent r="92" t="53" w="8" /><ent r="92" t="53" w="8" /><ent r="3" t="53" w="15" /><ent r="3" t="53" w="15" /><ent r="3" t="53" w="40" /><ent r="3" t="53" w="40" /><ent r="3" t="54" w="55" /><ent r="3" t="54" w="55" /><ent r="3" t="66" w="21" /><ent r="3" t="66" w="21" /><ent r="3" t="66" w="28" /><ent r="3" t="66" w="28" /><ent r="1000" t="67" w="3" /><ent r="1000" t="67" w="3" /><ent r="92" t="67" w="8" /><ent r="92" t="67" w="8" /><ent r="3" t="67" w="12" /><ent r="3" t="67" w="12" /><ent r="1000" t="77" w="3" /><ent r="1000" t="77" w="3" /><ent r="92" t="77" w="10" /><ent r="92" t="77" w="10" /><ent r="1000" t="92" w="3" /><ent r="1000" t="92" w="3" /><ent r="92" t="92" w="8" /><ent r="92" t="92" w="8" /><ent r="3" t="92" w="12" /><ent r="3" t="92" w="12" /><ent r="3" t="94" w="12" /><ent r="3" t="94" w="12" /><ent r="1000" t="104" w="2" /><ent r="1000" t="104" w="2" /><ent r="92" t="104" w="8" /><ent r="92" t="104" w="8" /><ent r="3" t="104" w="26" /><ent r="3" t="104" w="26" /><ent r="3" t="105" w="54" /><ent r="3" t="105" w="54" /><ent r="3" t="121" w="21" /><ent r="3" t="121" w="21" /><ent r="3" t="121" w="28" /><ent r="3" t="121" w="28" /><ent r="1000" t="122" w="3" /><ent r="1000" t="122" w="3" /><ent r="92" t="122" w="8" /><ent r="92" t="122" w="8" /><ent r="3" t="122" w="12" /><ent r="3" t="122" w="12" /><ent r="1000" t="130" w="3" /><ent r="1000" t="130" w="3" /><ent r="92" t="130" w="10" /><ent r="92" t="130" w="10" /><ent r="1000" t="144" w="3" /><ent r="1000" t="144" w="3" /><ent r="92" t="144" w="8" /><ent r="92" t="144" w="8" /><ent r="3" t="144" w="12" /><ent r="3" t="144" w="12" /><ent r="3" t="146" w="12" /><ent r="3" t="146" w="12" /><ent r="1000" t="158" w="3" /><ent r="1000" t="158" w="3" /><ent r="92" t="158" w="9" /><ent r="92" t="158" w="9" /><ent r="3" t="158" w="15" /><ent r="3" t="158" w="15" /><ent r="1000" t="196" w="3" /><ent r="1000" t="196" w="3" /><ent r="92" t="196" w="9" /><ent r="92" t="196" w="9" /><ent r="3" t="196" w="15" /><ent r="3" t="196" w="15" /><ent r="3" t="196" w="206" /><ent r="3" t="196" w="206" /><ent r="1000" t="220" w="3" /><ent r="1000" t="220" w="3" /><ent r="92" t="220" w="9" /><ent r="92" t="220" w="9" /><ent r="3" t="220" w="15" /><ent r="3" t="220" w="15" /><ent r="3" t="220" w="250" /><ent r="3" t="220" w="250" /><ent r="3" t="222" w="12" /><ent r="3" t="222" w="12" /><ent r="67" t="411" w="35" /><ent r="67" t="411" w="35" /><ent r="67" t="411" w="41" /><ent r="67" t="411" w="41" /><ent r="67" t="411" w="48" /><ent r="67" t="411" w="48" /><ent r="67" t="411" w="54" /><ent r="67" t="411" w="54" /><ent r="67" t="411" w="61" /><ent r="67" t="411" w="61" /><ent r="67" t="413" w="31" /><ent r="67" t="413" w="31" /><ent r="67" t="413" w="36" /><ent r="67" t="413" w="36" /><ent r="67" t="413" w="41" /><ent r="67" t="413" w="41" /><ent r="67" t="413" w="46" /><ent r="67" t="413" w="46" /><ent r="67" t="413" w="51" /><ent r="67" t="413" w="51" /><ent r="67" t="413" w="56" /><ent r="67" t="413" w="56" /><ent r="67" t="413" w="62" /><ent r="67" t="413" w="62" /><ent r="67" t="413" w="68" /><ent r="67" t="413" w="68" /></phr></stem><stem n="prospect"><phr n="prospective"><ent r="3" t="22" w="29" /><ent r="3" t="22" w="29" /><ent r="3" t="53" w="29" /><ent r="3" t="53" w="29" /><ent r="3" t="104" w="15" /><ent r="3" t="104" w="15" /><ent r="3" t="196" w="195" /><ent r="3" t="196" w="195" /><ent r="3" t="220" w="239" /><ent r="3" t="220" w="239" /></phr></stem><stem n="schemat"><phr n="schematic"><ent r="3" t="22" w="33" /><ent r="3" t="22" w="33" /><ent r="3" t="35" w="63" /><ent r="3" t="35" w="63" /><ent r="3" t="36" w="92" /><ent r="3" t="36" w="92" /><ent r="3" t="53" w="33" /><ent r="3" t="53" w="33" /><ent r="3" t="85" w="88" /><ent r="3" t="85" w="88" /><ent r="3" t="87" w="63" /><ent r="3" t="87" w="63" /><ent r="3" t="88" w="92" /><ent r="3" t="88" w="92" /><ent r="3" t="104" w="19" /><ent r="3" t="104" w="19" /><ent r="3" t="117" w="63" /><ent r="3" t="117" w="63" /><ent r="3" t="118" w="93" /><ent r="3" t="118" w="93" /><ent r="3" t="140" w="63" /><ent r="3" t="140" w="63" /><ent r="3" t="141" w="93" /><ent r="3" t="141" w="93" /><ent r="3" t="191" w="63" /><ent r="3" t="191" w="63" /><ent r="3" t="192" w="92" /><ent r="3" t="192" w="92" /><ent r="3" t="196" w="199" /><ent r="3" t="196" w="199" /><ent r="3" t="220" w="243" /><ent r="3" t="220" w="243" /></phr><phr n="schematics"><ent r="1000" t="23" w="4" /><ent r="1000" t="23" w="4" /><ent r="92" t="23" w="9" /><ent r="92" t="23" w="9" /><ent r="1000" t="54" w="4" /><ent r="1000" t="54" w="4" /><ent r="92" t="54" w="9" /><ent r="92" t="54" w="9" /><ent r="1000" t="105" w="4" /><ent r="1000" t="105" w="4" /><ent r="92" t="105" w="9" /><ent r="92" t="105" w="9" /><ent r="67" t="411" w="69" /><ent r="67" t="411" w="69" /><ent r="67" t="411" w="74" /><ent r="67" t="411" w="74" /><ent r="67" t="411" w="79" /><ent r="67" t="411" w="79" /></phr><phr n="Schematics"><ent r="82" t="401" w="86" /><ent r="82" t="401" w="86" /></phr></stem><stem n="gerber"><phr n="Gerber"><ent r="3" t="22" w="36" /><ent r="3" t="22" w="36" /><ent r="3" t="53" w="36" /><ent r="3" t="53" w="36" /><ent r="3" t="104" w="22" /><ent r="3" t="104" w="22" /><ent r="3" t="196" w="202" /><ent r="3" t="196" w="202" /><ent r="3" t="220" w="246" /><ent r="3" t="220" w="246" /></phr></stem><stem n="contact"><phr n="contacting"><ent r="3" t="22" w="45" /><ent r="3" t="22" w="45" /><ent r="3" t="53" w="45" /><ent r="3" t="53" w="45" /><ent r="3" t="104" w="31" /><ent r="3" t="104" w="31" /><ent r="3" t="196" w="211" /><ent r="3" t="196" w="211" /><ent r="3" t="220" w="255" /><ent r="3" t="220" w="255" /></phr><phr n="contact"><ent r="7" t="43" w="346" /><ent r="7" t="43" w="346" /><ent r="7" t="83" w="33" /><ent r="7" t="83" w="33" /><ent r="7" t="83" w="75" /><ent r="7" t="83" w="75" /><ent r="7" t="94" w="346" /><ent r="7" t="94" w="346" /><ent r="7" t="146" w="346" /><ent r="7" t="146" w="346" /><ent r="3" t="158" w="112" /><ent r="3" t="158" w="112" /><ent r="7" t="188" w="33" /><ent r="7" t="188" w="33" /><ent r="7" t="215" w="33" /><ent r="7" t="215" w="33" /><ent r="6" t="215" w="308" /><ent r="6" t="215" w="308" /><ent r="6" t="222" w="346" /><ent r="6" t="222" w="346" /><ent r="6" t="222" w="729" /><ent r="6" t="222" w="729" /><ent r="3" t="234" w="29" /><ent r="3" t="234" w="29" /><ent r="3" t="239" w="564" /><ent r="3" t="239" w="564" /><ent r="3" t="240" w="933" /><ent r="3" t="240" w="933" /><ent r="3" t="276" w="1865" /><ent r="3" t="276" w="1865" /><ent r="3" t="279" w="307" /><ent r="3" t="279" w="307" /><ent r="3" t="280" w="40" /><ent r="3" t="280" w="40" /><ent r="3" t="304" w="119" /><ent r="3" t="304" w="119" /><ent r="3" t="318" w="196" /><ent r="3" t="318" w="196" /><ent r="10" t="348" w="711" /><ent r="10" t="348" w="711" /><ent r="3" t="404" w="703" /><ent r="3" t="404" w="703" /><ent r="3" t="404" w="712" /><ent r="3" t="404" w="712" /><ent r="4" t="404" w="1389" /><ent r="4" t="404" w="1389" /></phr><phr n="Contact"><ent r="3" t="283" w="61" /><ent r="3" t="283" w="61" /><ent r="3" t="293" w="62" /><ent r="3" t="293" w="62" /><ent r="3" t="293" w="75" /><ent r="3" t="293" w="75" /><ent r="3" t="472" w="14" /><ent r="3" t="472" w="14" /></phr></stem><stem n="❶"><phr n="❶"><ent r="8" t="22" w="52" /><ent r="8" t="22" w="52" /><ent r="8" t="41" w="127" /><ent r="8" t="41" w="127" /><ent r="8" t="42" w="163" /><ent r="8" t="42" w="163" /><ent r="8" t="53" w="52" /><ent r="8" t="53" w="52" /><ent r="8" t="67" w="115" /><ent r="8" t="67" w="115" /><ent r="8" t="68" w="163" /><ent r="8" t="68" w="163" /><ent r="8" t="77" w="15" /><ent r="8" t="77" w="15" /><ent r="8" t="92" w="118" /><ent r="8" t="92" w="118" /><ent r="8" t="93" w="163" /><ent r="8" t="93" w="163" /><ent r="8" t="104" w="38" /><ent r="8" t="104" w="38" /><ent r="8" t="122" w="115" /><ent r="8" t="122" w="115" /><ent r="8" t="130" w="15" /><ent r="8" t="130" w="15" /><ent r="8" t="144" w="117" /><ent r="8" t="144" w="117" /><ent r="8" t="158" w="47" /><ent r="8" t="158" w="47" /><ent r="8" t="159" w="163" /><ent r="8" t="159" w="163" /><ent r="8" t="196" w="163" /><ent r="8" t="196" w="163" /><ent r="8" t="197" w="163" /><ent r="8" t="197" w="163" /><ent r="7" t="206" w="47" /><ent r="7" t="206" w="47" /><ent r="8" t="220" w="167" /><ent r="8" t="220" w="167" /><ent r="8" t="221" w="163" /><ent r="8" t="221" w="163" /><ent r="8" t="314" w="175" /><ent r="8" t="314" w="175" /></phr></stem><stem n="❺"><phr n="❺"><ent r="8" t="22" w="58" /><ent r="8" t="22" w="58" /><ent r="8" t="53" w="58" /><ent r="8" t="53" w="58" /><ent r="8" t="77" w="84" /><ent r="8" t="77" w="84" /><ent r="8" t="93" w="175" /><ent r="8" t="93" w="175" /><ent r="8" t="104" w="44" /><ent r="8" t="104" w="44" /><ent r="8" t="130" w="21" /><ent r="8" t="130" w="21" /></phr></stem><stem n="❽"><phr n="❽"><ent r="8" t="22" w="64" /><ent r="8" t="22" w="64" /><ent r="8" t="53" w="64" /><ent r="8" t="53" w="64" /><ent r="8" t="77" w="52" /><ent r="8" t="77" w="52" /><ent r="8" t="104" w="50" /><ent r="8" t="104" w="50" /><ent r="8" t="130" w="74" /><ent r="8" t="130" w="74" /></phr></stem><stem n="❷"><phr n="❷"><ent r="8" t="22" w="72" /><ent r="8" t="22" w="72" /><ent r="8" t="41" w="132" /><ent r="8" t="41" w="132" /><ent r="8" t="42" w="169" /><ent r="8" t="42" w="169" /><ent r="8" t="53" w="70" /><ent r="8" t="53" w="70" /><ent r="8" t="67" w="120" /><ent r="8" t="67" w="120" /><ent r="8" t="68" w="169" /><ent r="8" t="68" w="169" /><ent r="8" t="77" w="32" /><ent r="8" t="77" w="32" /><ent r="8" t="92" w="124" /><ent r="8" t="92" w="124" /><ent r="8" t="93" w="181" /><ent r="8" t="93" w="181" /><ent r="8" t="104" w="56" /><ent r="8" t="104" w="56" /><ent r="8" t="122" w="120" /><ent r="8" t="122" w="120" /><ent r="8" t="130" w="31" /><ent r="8" t="130" w="31" /><ent r="8" t="144" w="123" /><ent r="8" t="144" w="123" /><ent r="8" t="158" w="52" /><ent r="8" t="158" w="52" /><ent r="8" t="159" w="169" /><ent r="8" t="159" w="169" /><ent r="8" t="196" w="168" /><ent r="8" t="196" w="168" /><ent r="8" t="197" w="169" /><ent r="8" t="197" w="169" /><ent r="7" t="206" w="53" /><ent r="7" t="206" w="53" /><ent r="8" t="220" w="172" /><ent r="8" t="220" w="172" /><ent r="8" t="221" w="169" /><ent r="8" t="221" w="169" /><ent r="8" t="314" w="186" /><ent r="8" t="314" w="186" /></phr></stem><stem n="statu"><phr n="status"><ent r="8" t="22" w="75" /><ent r="8" t="22" w="75" /><ent r="6" t="24" w="1813" /><ent r="6" t="24" w="1813" /><ent r="8" t="53" w="73" /><ent r="8" t="53" w="73" /><ent r="6" t="55" w="1857" /><ent r="6" t="55" w="1857" /><ent r="8" t="77" w="24" /><ent r="8" t="77" w="24" /><ent r="4" t="92" w="103" /><ent r="8" t="104" w="59" /><ent r="8" t="104" w="59" /><ent r="6" t="106" w="1893" /><ent r="6" t="106" w="1893" /><ent r="8" t="130" w="24" /><ent r="8" t="130" w="24" /><ent r="7" t="131" w="839" /><ent r="7" t="131" w="839" /><ent r="4" t="144" w="102" /><ent r="3" t="163" w="42" /><ent r="3" t="225" w="39" /><ent r="7" t="235" w="2378" /><ent r="7" t="235" w="2378" /><ent r="3" t="242" w="1560" /><ent r="3" t="242" w="1560" /><ent r="5" t="244" w="1110" /><ent r="5" t="244" w="1110" /><ent r="5" t="244" w="1136" /><ent r="5" t="244" w="1136" /><ent r="5" t="244" w="1162" /><ent r="5" t="244" w="1162" /><ent r="3" t="252" w="50" /><ent r="3" t="252" w="340" /><ent r="5" t="252" w="613" /><ent r="5" t="252" w="613" /><ent r="3" t="253" w="47" /><ent r="3" t="254" w="35" /><ent r="5" t="254" w="326" /><ent r="5" t="254" w="326" /><ent r="3" t="275" w="337" /><ent r="3" t="275" w="337" /><ent r="3" t="276" w="534" /><ent r="3" t="276" w="534" /><ent r="7" t="276" w="688" /><ent r="7" t="276" w="688" /><ent r="3" t="276" w="1003" /><ent r="3" t="276" w="1003" /><ent r="7" t="276" w="1176" /><ent r="7" t="276" w="1176" /><ent r="3" t="277" w="15" /><ent r="3" t="277" w="15" /><ent r="5" t="278" w="359" /><ent r="5" t="278" w="359" /><ent r="5" t="278" w="620" /><ent r="5" t="278" w="620" /><ent r="3" t="278" w="668" /><ent r="3" t="278" w="668" /><ent r="3" t="284" w="13" /><ent r="3" t="284" w="13" /><ent r="3" t="284" w="386" /><ent r="3" t="284" w="386" /><ent r="72" t="284" w="1152" /><ent r="72" t="284" w="1152" /><ent r="3" t="284" w="1159" /><ent r="3" t="284" w="1159" /><ent r="3" t="290" w="37" /><ent r="3" t="290" w="37" /><ent r="3" t="314" w="87" /><ent r="3" t="314" w="220" /><ent r="3" t="314" w="220" /><ent r="3" t="314" w="346" /><ent r="3" t="314" w="346" /><ent r="3" t="314" w="359" /><ent r="3" t="314" w="359" /><ent r="3" t="314" w="379" /><ent r="3" t="314" w="379" /><ent r="3" t="314" w="799" /><ent r="3" t="314" w="799" /><ent r="6" t="314" w="851" /><ent r="6" t="314" w="851" /><ent r="3" t="314" w="1125" /><ent r="3" t="314" w="1125" /><ent r="3" t="315" w="87" /><ent r="3" t="316" w="51" /><ent r="5" t="317" w="478" /><ent r="5" t="317" w="478" /><ent r="3" t="319" w="63" /><ent r="3" t="319" w="63" /><ent r="6" t="324" w="55" /><ent r="6" t="324" w="55" /><ent r="6" t="324" w="111" /><ent r="6" t="324" w="111" /><ent r="1000" t="325" w="2" /><ent r="1000" t="325" w="2" /><ent r="92" t="325" w="6" /><ent r="92" t="325" w="6" /><ent r="3" t="325" w="10" /><ent r="3" t="325" w="10" /><ent r="3" t="325" w="19" /><ent r="3" t="325" w="42" /><ent r="3" t="325" w="42" /><ent r="3" t="325" w="52" /><ent r="3" t="325" w="52" /><ent r="3" t="325" w="63" /><ent r="3" t="325" w="69" /><ent r="3" t="325" w="69" /><ent r="68" t="331" w="78" /><ent r="68" t="331" w="78" /><ent r="6" t="331" w="82" /><ent r="6" t="331" w="82" /><ent r="6" t="332" w="88" /><ent r="6" t="332" w="88" /><ent r="68" t="332" w="93" /><ent r="68" t="332" w="93" /><ent r="68" t="333" w="97" /><ent r="68" t="333" w="97" /><ent r="6" t="333" w="101" /><ent r="6" t="333" w="101" /><ent r="6" t="334" w="100" /><ent r="6" t="334" w="100" /><ent r="68" t="334" w="105" /><ent r="68" t="334" w="105" /><ent r="6" t="335" w="148" /><ent r="6" t="335" w="148" /><ent r="3" t="336" w="62" /><ent r="3" t="336" w="62" /><ent r="7" t="336" w="231" /><ent r="7" t="336" w="231" /><ent r="3" t="337" w="26" /><ent r="3" t="337" w="26" /><ent r="6" t="337" w="528" /><ent r="6" t="337" w="528" /><ent r="6" t="347" w="163" /><ent r="6" t="347" w="163" /><ent r="6" t="351" w="267" /><ent r="6" t="351" w="267" /><ent r="6" t="360" w="75" /><ent r="6" t="360" w="75" /><ent r="6" t="366" w="196" /><ent r="6" t="366" w="196" /><ent r="6" t="366" w="203" /><ent r="6" t="366" w="203" /><ent r="6" t="367" w="198" /><ent r="6" t="367" w="198" /><ent r="6" t="367" w="205" /><ent r="6" t="367" w="205" /><ent r="6" t="368" w="198" /><ent r="6" t="368" w="198" /><ent r="6" t="368" w="205" /><ent r="6" t="368" w="205" /><ent r="6" t="369" w="197" /><ent r="6" t="369" w="197" /><ent r="6" t="369" w="204" /><ent r="6" t="369" w="204" /><ent r="6" t="370" w="196" /><ent r="6" t="370" w="196" /><ent r="6" t="370" w="203" /><ent r="6" t="370" w="203" /><ent r="6" t="371" w="264" /><ent r="6" t="371" w="264" /><ent r="6" t="371" w="271" /><ent r="6" t="371" w="271" /><ent r="68" t="379" w="179" /><ent r="68" t="379" w="179" /><ent r="6" t="379" w="184" /><ent r="6" t="379" w="184" /><ent r="6" t="381" w="95" /><ent r="6" t="381" w="95" /><ent r="68" t="382" w="255" /><ent r="68" t="382" w="255" /><ent r="6" t="382" w="260" /><ent r="6" t="382" w="260" /><ent r="68" t="383" w="76" /><ent r="68" t="383" w="76" /><ent r="6" t="383" w="81" /><ent r="6" t="383" w="81" /><ent r="68" t="384" w="127" /><ent r="68" t="384" w="127" /><ent r="6" t="384" w="132" /><ent r="6" t="384" w="132" /><ent r="68" t="385" w="55" /><ent r="68" t="385" w="55" /><ent r="6" t="385" w="59" /><ent r="6" t="385" w="59" /><ent r="68" t="386" w="112" /><ent r="68" t="386" w="112" /><ent r="6" t="386" w="117" /><ent r="6" t="386" w="117" /><ent r="68" t="387" w="90" /><ent r="68" t="387" w="90" /><ent r="6" t="387" w="95" /><ent r="6" t="387" w="95" /><ent r="68" t="388" w="73" /><ent r="68" t="388" w="73" /><ent r="6" t="388" w="78" /><ent r="6" t="388" w="78" /><ent r="4" t="388" w="252" /><ent r="4" t="388" w="252" /><ent r="4" t="388" w="286" /><ent r="4" t="388" w="286" /><ent r="68" t="389" w="90" /><ent r="68" t="389" w="90" /><ent r="6" t="389" w="95" /><ent r="6" t="389" w="95" /><ent r="68" t="390" w="205" /><ent r="68" t="390" w="205" /><ent r="6" t="390" w="210" /><ent r="6" t="390" w="210" /><ent r="3" t="390" w="725" /><ent r="3" t="390" w="725" /><ent r="68" t="391" w="136" /><ent r="68" t="391" w="136" /><ent r="6" t="391" w="141" /><ent r="6" t="391" w="141" /><ent r="7" t="393" w="240" /><ent r="7" t="393" w="240" /><ent r="3" t="395" w="39" /><ent r="3" t="395" w="39" /><ent r="7" t="395" w="98" /><ent r="7" t="395" w="98" /><ent r="7" t="395" w="281" /><ent r="7" t="395" w="281" /><ent r="7" t="396" w="50" /><ent r="7" t="396" w="50" /><ent r="7" t="396" w="54" /><ent r="7" t="396" w="54" /><ent r="3" t="399" w="2769" /><ent r="3" t="399" w="2769" /><ent r="3" t="405" w="24" /><ent r="3" t="405" w="24" /><ent r="3" t="405" w="428" /><ent r="3" t="405" w="428" /><ent r="5" t="423" w="170" /><ent r="5" t="423" w="170" /><ent r="5" t="423" w="183" /><ent r="5" t="423" w="183" /><ent r="3" t="423" w="396" /><ent r="3" t="423" w="396" /><ent r="5" t="430" w="58" /><ent r="5" t="430" w="58" /><ent r="5" t="431" w="58" /><ent r="5" t="431" w="58" /><ent r="3" t="439" w="21" /><ent r="3" t="439" w="21" /><ent r="72" t="439" w="26" /><ent r="72" t="439" w="26" /><ent r="7" t="439" w="52" /><ent r="7" t="439" w="52" /><ent r="5" t="443" w="62" /><ent r="5" t="443" w="62" /><ent r="5" t="447" w="29" /><ent r="5" t="447" w="29" /><ent r="5" t="450" w="40" /><ent r="5" t="450" w="40" /><ent r="7" t="450" w="163" /><ent r="7" t="450" w="163" /><ent r="7" t="450" w="184" /><ent r="7" t="450" w="184" /><ent r="5" t="451" w="40" /><ent r="5" t="451" w="40" /><ent r="7" t="451" w="198" /><ent r="7" t="451" w="198" /><ent r="7" t="451" w="217" /><ent r="7" t="451" w="217" /><ent r="7" t="455" w="128" /><ent r="7" t="455" w="128" /><ent r="72" t="476" w="20" /><ent r="72" t="476" w="20" /><ent r="7" t="488" w="193" /><ent r="3" t="500" w="106" /></phr><phr n="Status"><ent r="6" t="43" w="92" /><ent r="6" t="43" w="92" /><ent r="6" t="94" w="92" /><ent r="6" t="94" w="92" /><ent r="6" t="94" w="363" /><ent r="6" t="94" w="363" /><ent r="6" t="146" w="92" /><ent r="6" t="146" w="92" /><ent r="6" t="222" w="92" /><ent r="6" t="222" w="92" /><ent r="6" t="222" w="371" /><ent r="6" t="222" w="371" /><ent r="1000" t="238" w="2" /><ent r="1000" t="238" w="2" /><ent r="92" t="238" w="6" /><ent r="92" t="238" w="6" /><ent r="4" t="238" w="12" /><ent r="4" t="238" w="12" /><ent r="1000" t="239" w="2" /><ent r="1000" t="239" w="2" /><ent r="82" t="239" w="6" /><ent r="82" t="239" w="6" /><ent r="1000" t="240" w="2" /><ent r="1000" t="240" w="2" /><ent r="82" t="240" w="7" /><ent r="82" t="240" w="7" /><ent r="1000" t="241" w="2" /><ent r="1000" t="241" w="2" /><ent r="82" t="241" w="6" /><ent r="82" t="241" w="6" /><ent r="1000" t="242" w="2" /><ent r="1000" t="242" w="2" /><ent r="82" t="242" w="6" /><ent r="82" t="242" w="6" /><ent r="1000" t="244" w="2" /><ent r="1000" t="244" w="2" /><ent r="82" t="244" w="6" /><ent r="82" t="244" w="6" /><ent r="1000" t="245" w="2" /><ent r="1000" t="245" w="2" /><ent r="82" t="245" w="8" /><ent r="82" t="245" w="8" /><ent r="4" t="276" w="529" /><ent r="4" t="276" w="529" /><ent r="6" t="276" w="540" /><ent r="6" t="276" w="540" /><ent r="7" t="276" w="685" /><ent r="7" t="276" w="685" /><ent r="4" t="276" w="998" /><ent r="4" t="276" w="998" /><ent r="6" t="276" w="1009" /><ent r="6" t="276" w="1009" /><ent r="7" t="276" w="1173" /><ent r="7" t="276" w="1173" /><ent r="4" t="278" w="272" /><ent r="4" t="278" w="272" /><ent r="5" t="278" w="305" /><ent r="5" t="278" w="305" /><ent r="5" t="278" w="328" /><ent r="5" t="278" w="328" /><ent r="1000" t="284" w="2" /><ent r="1000" t="284" w="2" /><ent r="82" t="284" w="5" /><ent r="82" t="284" w="5" /><ent r="72" t="284" w="351" /><ent r="72" t="284" w="351" /><ent r="72" t="284" w="1328" /><ent r="72" t="284" w="1328" /><ent r="4" t="286" w="19" /><ent r="4" t="286" w="19" /><ent r="4" t="296" w="223" /><ent r="4" t="296" w="223" /><ent r="6" t="296" w="233" /><ent r="6" t="296" w="233" /><ent r="3" t="304" w="353" /><ent r="3" t="304" w="353" /><ent r="6" t="311" w="369" /><ent r="6" t="311" w="369" /><ent r="6" t="312" w="889" /><ent r="6" t="312" w="889" /><ent r="7" t="314" w="818" /><ent r="7" t="314" w="822" /><ent r="7" t="314" w="822" /><ent r="4" t="334" w="32" /><ent r="4" t="334" w="32" /><ent r="6" t="336" w="119" /><ent r="6" t="336" w="119" /><ent r="6" t="348" w="280" /><ent r="6" t="348" w="280" /><ent r="68" t="395" w="276" /><ent r="68" t="395" w="276" /><ent r="7" t="396" w="227" /><ent r="7" t="396" w="227" /><ent r="72" t="396" w="302" /><ent r="72" t="396" w="302" /><ent r="6" t="398" w="1009" /><ent r="6" t="398" w="1009" /><ent r="6" t="398" w="1566" /><ent r="6" t="398" w="1566" /><ent r="67" t="399" w="493" /><ent r="67" t="399" w="493" /><ent r="72" t="399" w="2666" /><ent r="72" t="399" w="2666" /><ent r="64" t="405" w="442" /><ent r="64" t="405" w="442" /><ent r="4" t="423" w="391" /><ent r="4" t="423" w="391" /><ent r="4" t="428" w="46" /><ent r="4" t="428" w="46" /><ent r="1000" t="439" w="5" /><ent r="1000" t="439" w="5" /><ent r="82" t="439" w="12" /><ent r="82" t="439" w="12" /><ent r="7" t="445" w="587" /><ent r="7" t="445" w="587" /><ent r="7" t="494" w="90" /><ent r="7" t="494" w="90" /><ent r="1000" t="500" w="3" /><ent r="1000" t="500" w="3" /><ent r="82" t="500" w="7" /><ent r="82" t="500" w="7" /><ent r="3" t="501" w="539" /><ent r="65" t="501" w="544" /><ent r="65" t="501" w="544" /></phr><phr n="STATUS"><ent r="6" t="324" w="52" /><ent r="6" t="324" w="52" /><ent r="6" t="331" w="70" /><ent r="6" t="331" w="70" /><ent r="6" t="332" w="82" /><ent r="6" t="332" w="82" /><ent r="6" t="333" w="89" /><ent r="6" t="333" w="89" /><ent r="6" t="334" w="92" /><ent r="6" t="334" w="92" /><ent r="6" t="335" w="140" /><ent r="6" t="335" w="140" /><ent r="6" t="336" w="109" /><ent r="6" t="336" w="109" /><ent r="6" t="347" w="155" /><ent r="6" t="347" w="155" /><ent r="6" t="348" w="272" /><ent r="6" t="348" w="272" /><ent r="7" t="349" w="326" /><ent r="7" t="349" w="326" /><ent r="6" t="349" w="399" /><ent r="6" t="349" w="399" /><ent r="7" t="350" w="326" /><ent r="7" t="350" w="326" /><ent r="6" t="360" w="67" /><ent r="6" t="360" w="67" /><ent r="6" t="379" w="171" /><ent r="6" t="379" w="171" /><ent r="6" t="381" w="82" /><ent r="6" t="381" w="82" /><ent r="6" t="382" w="247" /><ent r="6" t="382" w="247" /><ent r="6" t="383" w="68" /><ent r="6" t="383" w="68" /><ent r="6" t="384" w="119" /><ent r="6" t="384" w="119" /><ent r="6" t="385" w="47" /><ent r="6" t="385" w="47" /><ent r="7" t="385" w="282" /><ent r="6" t="386" w="105" /><ent r="6" t="386" w="105" /><ent r="6" t="387" w="83" /><ent r="6" t="387" w="83" /><ent r="6" t="388" w="65" /><ent r="6" t="388" w="65" /><ent r="6" t="389" w="82" /><ent r="6" t="389" w="82" /><ent r="6" t="390" w="197" /><ent r="6" t="390" w="197" /><ent r="6" t="390" w="305" /><ent r="6" t="390" w="305" /><ent r="6" t="391" w="127" /><ent r="6" t="391" w="127" /><ent r="7" t="396" w="44" /><ent r="7" t="396" w="44" /></phr></stem></index>