<?xml version="1.0" encoding="utf-8"?><index><!-- saved from url=(0016)http://localhost -->
<stem n="1214"><phr n="1214"><ent r="7" t="120" w="91" /><ent r="7" t="120" w="91" /><ent r="7" t="143" w="91" /><ent r="7" t="143" w="91" /><ent r="3" t="249" w="381" /><ent r="3" t="249" w="381" /></phr></stem><stem n="176"><phr n="176"><ent r="5" t="121" w="84" /><ent r="5" t="121" w="84" /><ent r="6" t="338" w="472" /><ent r="6" t="346" w="375" /></phr></stem><stem n="multi-constel"><phr n="multi-constellation"><ent r="3" t="124" w="23" /></phr></stem><stem n="multi-frequ"><phr n="multi-frequency"><ent r="3" t="124" w="25" /><ent r="3" t="124" w="25" /></phr></stem><stem n="size"><phr n="size"><ent r="3" t="124" w="57" /><ent r="7" t="235" w="728" /><ent r="7" t="235" w="728" /><ent r="5" t="400" w="2231" /><ent r="5" t="400" w="2231" /><ent r="3" t="402" w="841" /><ent r="3" t="402" w="841" /><ent r="3" t="421" w="121" /><ent r="3" t="421" w="391" /><ent r="3" t="421" w="391" /><ent r="3" t="421" w="400" /><ent r="3" t="421" w="400" /><ent r="3" t="421" w="489" /><ent r="3" t="421" w="489" /><ent r="3" t="423" w="272" /></phr><phr n="SIZE"><ent r="6" t="382" w="546" /><ent r="6" t="382" w="546" /></phr><phr n="Size"><ent r="6" t="382" w="553" /><ent r="6" t="382" w="553" /><ent r="4" t="423" w="235" /><ent r="4" t="423" w="235" /></phr></stem><stem n="kaman"><phr n="Kaman"><ent r="3" t="124" w="137" /><ent r="3" t="124" w="137" /></phr></stem><stem n="instantli"><phr n="instantly"><ent r="3" t="124" w="172" /><ent r="3" t="124" w="172" /></phr></stem><stem n="larg"><phr n="large"><ent r="3" t="124" w="177" /><ent r="3" t="124" w="177" /><ent r="54" t="239" w="115" /><ent r="54" t="239" w="115" /><ent r="5" t="422" w="505" /><ent r="5" t="422" w="505" /><ent r="4" t="427" w="289" /><ent r="4" t="427" w="289" /><ent r="5" t="427" w="335" /><ent r="5" t="427" w="335" /></phr></stem><stem n="triple-frequ"><phr n="triple-frequency"><ent r="3" t="124" w="205" /><ent r="3" t="124" w="205" /></phr></stem><stem n="receive-onli"><phr n="receive-only"><ent r="4" t="125" w="245" /><ent r="4" t="125" w="245" /></phr></stem><stem n="403-473"><phr n="403-473"><ent r="7" t="125" w="253" /><ent r="7" t="125" w="253" /></phr></stem><stem n="403"><phr n="403"><ent r="7" t="125" w="253" /><ent r="7" t="128" w="14" /><ent r="7" t="128" w="14" /><ent r="6" t="373" w="274" /><ent r="6" t="373" w="274" /><ent r="6" t="377" w="300" /><ent r="6" t="377" w="300" /></phr></stem><stem n="473"><phr n="473"><ent r="7" t="125" w="254" /><ent r="7" t="128" w="17" /><ent r="7" t="128" w="17" /></phr></stem><stem n="spectral"><phr n="Spectrally"><ent r="7" t="125" w="257" /><ent r="7" t="125" w="257" /></phr></stem><stem n="effici"><phr n="Efficient"><ent r="7" t="125" w="258" /><ent r="7" t="125" w="258" /></phr><phr n="efficient"><ent r="7" t="235" w="593" /><ent r="7" t="235" w="593" /><ent r="3" t="276" w="2321" /></phr></stem><stem n="over-the-air"><phr n="Over-the-Air"><ent r="7" t="125" w="259" /><ent r="7" t="125" w="259" /></phr></stem><stem n="over-th"><phr n="Over-the"><ent r="7" t="125" w="259" /></phr></stem><stem n="the-air"><phr n="the-Air"><ent r="7" t="125" w="260" /></phr></stem><stem n="&gt;1000"><phr n="&gt;1000"><ent r="7" t="127" w="83" /><ent r="7" t="127" w="83" /></phr></stem><stem n="synthes"><phr n="Synthesized"><ent r="7" t="128" w="23" /><ent r="7" t="128" w="23" /></phr></stem><stem n="tune"><phr n="tuning"><ent r="7" t="128" w="27" /><ent r="7" t="128" w="27" /></phr></stem><stem n="deriv"><phr n="derived"><ent r="7" t="128" w="47" /><ent r="7" t="128" w="47" /><ent r="3" t="242" w="19" /><ent r="3" t="242" w="19" /><ent r="5" t="242" w="1304" /><ent r="5" t="242" w="1304" /><ent r="5" t="242" w="1325" /><ent r="5" t="242" w="1325" /><ent r="3" t="242" w="1467" /><ent r="3" t="242" w="1467" /><ent r="3" t="245" w="114" /><ent r="3" t="245" w="114" /><ent r="3" t="245" w="138" /><ent r="3" t="245" w="138" /><ent r="5" t="282" w="80" /><ent r="5" t="282" w="80" /><ent r="5" t="282" w="100" /><ent r="5" t="282" w="100" /><ent r="7" t="438" w="153" /><ent r="7" t="438" w="153" /><ent r="3" t="455" w="51" /><ent r="3" t="455" w="51" /><ent r="3" t="494" w="23" /><ent r="3" t="494" w="23" /><ent r="3" t="495" w="24" /><ent r="3" t="495" w="24" /><ent r="3" t="496" w="26" /><ent r="3" t="496" w="26" /></phr><phr n="derive"><ent r="3" t="245" w="235" /><ent r="3" t="245" w="235" /></phr><phr n="Derived"><ent r="6" t="351" w="504" /><ent r="6" t="351" w="504" /></phr></stem><stem n="sensit"><phr n="Sensitivity"><ent r="7" t="128" w="49" /><ent r="7" t="128" w="49" /></phr><phr n="sensitive"><ent r="3" t="427" w="91" /><ent r="3" t="427" w="105" /></phr></stem><stem n="-110"><phr n="-110"><ent r="7" t="128" w="51" /></phr></stem><stem n="ber"><phr n="BER"><ent r="7" t="128" w="53" /><ent r="7" t="128" w="53" /><ent r="4" t="281" w="345" /><ent r="4" t="281" w="345" /><ent r="3" t="399" w="2934" /></phr></stem><stem n="10-5"><phr n="10-5"><ent r="7" t="128" w="54" /><ent r="7" t="128" w="54" /></phr></stem><stem n="certifi"><phr n="Certified"><ent r="7" t="128" w="60" /><ent r="7" t="128" w="60" /></phr></stem><stem n="u"><phr n="U"><ent r="7" t="128" w="65" /><ent r="6" t="353" w="426" /><ent r="6" t="353" w="426" /><ent r="6" t="353" w="606" /><ent r="6" t="353" w="606" /><ent r="3" t="399" w="1531" /><ent r="3" t="399" w="1531" /><ent r="3" t="399" w="1552" /><ent r="3" t="399" w="1552" /><ent r="3" t="399" w="1566" /><ent r="3" t="399" w="1566" /><ent r="3" t="404" w="1459" /><ent r="3" t="499" w="123" /></phr><phr n="u"><ent r="3" t="399" w="1699" /><ent r="3" t="399" w="1699" /></phr></stem><stem n="91"><phr n="91"><ent r="3" t="128" w="89" /><ent r="3" t="128" w="89" /><ent r="6" t="334" w="159" /><ent r="6" t="334" w="159" /><ent r="6" t="344" w="324" /><ent r="4" t="404" w="174" /><ent r="4" t="404" w="174" /></phr></stem><stem n="decim"><phr n="decimal"><ent r="6" t="128" w="94" /><ent r="3" t="276" w="2677" /><ent r="3" t="276" w="2677" /><ent r="3" t="329" w="364" /><ent r="3" t="329" w="364" /><ent r="3" t="329" w="452" /><ent r="3" t="329" w="452" /><ent r="6" t="388" w="550" /><ent r="6" t="388" w="677" /><ent r="9" t="394" w="166" /><ent r="9" t="394" w="166" /><ent r="9" t="394" w="242" /><ent r="3" t="397" w="514" /><ent r="3" t="397" w="514" /><ent r="3" t="397" w="648" /><ent r="3" t="397" w="648" /><ent r="7" t="476" w="68" /><ent r="7" t="476" w="68" /><ent r="7" t="476" w="91" /><ent r="7" t="476" w="91" /><ent r="7" t="487" w="165" /><ent r="7" t="487" w="165" /><ent r="7" t="487" w="188" /><ent r="7" t="487" w="188" /><ent r="7" t="489" w="131" /><ent r="7" t="489" w="131" /><ent r="7" t="489" w="154" /><ent r="7" t="489" w="154" /></phr></stem><stem n="countri"><phr n="Country"><ent r="6" t="128" w="100" /><ent r="6" t="128" w="100" /><ent r="4" t="276" w="1374" /><ent r="4" t="276" w="1374" /><ent r="4" t="276" w="1491" /><ent r="4" t="276" w="1491" /><ent r="6" t="279" w="76" /><ent r="6" t="279" w="76" /><ent r="4" t="279" w="183" /><ent r="4" t="279" w="183" /><ent r="3" t="279" w="283" /><ent r="3" t="288" w="522" /><ent r="3" t="405" w="41" /></phr><phr n="country"><ent r="3" t="273" w="105" /><ent r="3" t="273" w="105" /><ent r="3" t="276" w="1383" /><ent r="3" t="276" w="1383" /><ent r="3" t="276" w="1496" /><ent r="3" t="276" w="1496" /><ent r="3" t="279" w="62" /><ent r="3" t="279" w="62" /><ent r="5" t="279" w="108" /><ent r="5" t="279" w="108" /><ent r="5" t="279" w="117" /><ent r="5" t="279" w="117" /><ent r="5" t="279" w="138" /><ent r="3" t="306" w="19" /><ent r="3" t="306" w="19" /></phr><phr n="countries"><ent r="5" t="279" w="81" /><ent r="5" t="279" w="81" /><ent r="3" t="288" w="919" /><ent r="3" t="404" w="68" /><ent r="3" t="404" w="104" /></phr></stem><stem n="01h"><phr n="01h"><ent r="6" t="128" w="103" /><ent r="6" t="333" w="125" /><ent r="6" t="333" w="125" /><ent r="6" t="333" w="146" /><ent r="6" t="333" w="146" /><ent r="8" t="347" w="215" /><ent r="6" t="347" w="329" /><ent r="6" t="347" w="329" /><ent r="6" t="348" w="322" /><ent r="6" t="349" w="203" /><ent r="6" t="350" w="203" /><ent r="6" t="361" w="323" /><ent r="6" t="361" w="323" /><ent r="6" t="361" w="366" /><ent r="6" t="361" w="366" /><ent r="6" t="362" w="178" /><ent r="6" t="363" w="78" /><ent r="6" t="363" w="78" /><ent r="6" t="363" w="194" /><ent r="6" t="363" w="194" /><ent r="6" t="363" w="370" /><ent r="6" t="363" w="370" /><ent r="6" t="363" w="404" /><ent r="6" t="363" w="404" /><ent r="6" t="363" w="405" /><ent r="6" t="363" w="405" /><ent r="6" t="363" w="435" /><ent r="6" t="363" w="435" /><ent r="6" t="363" w="436" /><ent r="6" t="363" w="436" /><ent r="6" t="363" w="466" /><ent r="6" t="363" w="466" /><ent r="6" t="363" w="467" /><ent r="6" t="363" w="467" /><ent r="6" t="363" w="497" /><ent r="6" t="363" w="497" /><ent r="6" t="363" w="498" /><ent r="6" t="363" w="498" /><ent r="6" t="363" w="540" /><ent r="6" t="363" w="540" /><ent r="6" t="364" w="256" /><ent r="6" t="364" w="256" /><ent r="6" t="364" w="370" /><ent r="6" t="364" w="370" /><ent r="6" t="364" w="410" /><ent r="6" t="364" w="410" /><ent r="6" t="366" w="251" /><ent r="6" t="366" w="251" /><ent r="6" t="367" w="254" /><ent r="6" t="367" w="254" /><ent r="6" t="368" w="254" /><ent r="6" t="368" w="254" /><ent r="6" t="369" w="253" /><ent r="6" t="369" w="253" /><ent r="6" t="370" w="252" /><ent r="6" t="370" w="252" /><ent r="6" t="371" w="320" /><ent r="6" t="371" w="320" /><ent r="6" t="371" w="368" /><ent r="6" t="371" w="368" /><ent r="7" t="372" w="248" /><ent r="6" t="372" w="1398" /><ent r="6" t="372" w="1398" /><ent r="6" t="373" w="252" /><ent r="6" t="373" w="252" /><ent r="6" t="373" w="260" /><ent r="6" t="373" w="260" /><ent r="6" t="373" w="268" /><ent r="6" t="373" w="268" /><ent r="6" t="373" w="276" /><ent r="6" t="373" w="276" /><ent r="6" t="373" w="284" /><ent r="6" t="373" w="284" /><ent r="6" t="373" w="292" /><ent r="6" t="373" w="292" /><ent r="6" t="374" w="205" /><ent r="6" t="374" w="205" /><ent r="6" t="374" w="215" /><ent r="6" t="374" w="215" /><ent r="6" t="374" w="279" /><ent r="6" t="374" w="335" /><ent r="6" t="374" w="335" /><ent r="6" t="374" w="409" /><ent r="6" t="374" w="409" /><ent r="6" t="374" w="443" /><ent r="6" t="374" w="443" /><ent r="6" t="374" w="475" /><ent r="6" t="374" w="475" /><ent r="6" t="375" w="84" /><ent r="6" t="375" w="84" /><ent r="6" t="375" w="159" /><ent r="6" t="375" w="159" /><ent r="6" t="376" w="80" /><ent r="6" t="376" w="80" /><ent r="6" t="377" w="278" /><ent r="6" t="377" w="278" /><ent r="6" t="377" w="286" /><ent r="6" t="377" w="286" /><ent r="6" t="377" w="294" /><ent r="6" t="377" w="294" /><ent r="6" t="377" w="302" /><ent r="6" t="377" w="302" /><ent r="6" t="377" w="310" /><ent r="6" t="377" w="310" /><ent r="6" t="377" w="318" /><ent r="6" t="377" w="318" /><ent r="6" t="382" w="465" /><ent r="6" t="382" w="487" /><ent r="6" t="382" w="636" /><ent r="6" t="382" w="636" /><ent r="6" t="385" w="83" /><ent r="6" t="385" w="83" /><ent r="6" t="388" w="121" /><ent r="8" t="388" w="140" /><ent r="4" t="388" w="237" /><ent r="4" t="388" w="237" /><ent r="4" t="388" w="241" /><ent r="6" t="388" w="512" /><ent r="6" t="388" w="512" /><ent r="6" t="388" w="639" /><ent r="6" t="388" w="639" /><ent r="6" t="388" w="1039" /><ent r="6" t="388" w="1039" /><ent r="6" t="388" w="1152" /><ent r="6" t="388" w="1152" /><ent r="6" t="388" w="1334" /><ent r="6" t="388" w="1334" /><ent r="6" t="388" w="1447" /><ent r="6" t="388" w="1447" /><ent r="6" t="391" w="320" /><ent r="6" t="391" w="320" /><ent r="7" t="396" w="165" /><ent r="7" t="396" w="165" /><ent r="5" t="398" w="1739" /><ent r="5" t="398" w="1739" /><ent r="3" t="398" w="2549" /><ent r="3" t="398" w="2549" /><ent r="7" t="433" w="84" /><ent r="7" t="433" w="84" /><ent r="7" t="450" w="136" /><ent r="7" t="451" w="172" /><ent r="7" t="452" w="64" /><ent r="7" t="452" w="64" /></phr></stem><stem n="rest"><phr n="Rest"><ent r="6" t="128" w="104" /><ent r="6" t="128" w="104" /></phr></stem><stem n="world"><phr n="World"><ent r="6" t="128" w="107" /><ent r="7" t="235" w="720" /><ent r="7" t="235" w="720" /><ent r="7" t="235" w="3646" /><ent r="7" t="235" w="3646" /></phr><phr n="world"><ent r="7" t="235" w="1409" /><ent r="5" t="279" w="84" /><ent r="5" t="279" w="84" /></phr></stem><stem n="pre2013"><phr n="pre2013"><ent r="6" t="128" w="112" /></phr></stem><stem n="0bh"><phr n="0Bh"><ent r="6" t="128" w="114" /><ent r="6" t="364" w="331" /><ent r="6" t="364" w="331" /><ent r="6" t="372" w="1468" /><ent r="6" t="372" w="1468" /><ent r="7" t="446" w="90" /><ent r="7" t="446" w="90" /></phr></stem><stem n="2013"><phr n="2013"><ent r="6" t="128" w="116" /><ent r="6" t="128" w="116" /></phr></stem><stem n="09h"><phr n="09h"><ent r="6" t="128" w="120" /><ent r="6" t="364" w="317" /><ent r="6" t="364" w="317" /><ent r="6" t="372" w="1454" /><ent r="6" t="372" w="1454" /><ent r="6" t="374" w="95" /><ent r="6" t="374" w="95" /><ent r="7" t="444" w="52" /><ent r="7" t="444" w="52" /><ent r="7" t="454" w="73" /><ent r="7" t="454" w="73" /></phr></stem><stem n="trimtalk"><phr n="TRIMTALK"><ent r="7" t="128" w="125" /><ent r="7" t="128" w="125" /><ent r="7" t="128" w="133" /><ent r="7" t="128" w="133" /><ent r="7" t="128" w="141" /><ent r="7" t="128" w="141" /><ent r="7" t="128" w="151" /><ent r="7" t="128" w="151" /><ent r="7" t="128" w="159" /><ent r="7" t="128" w="159" /></phr></stem><stem n="v1"><phr n="v1"><ent r="7" t="128" w="126" /><ent r="7" t="128" w="126" /><ent r="7" t="128" w="134" /><ent r="7" t="128" w="134" /><ent r="7" t="128" w="142" /><ent r="7" t="128" w="142" /><ent r="7" t="128" w="152" /><ent r="7" t="128" w="152" /><ent r="7" t="128" w="160" /><ent r="7" t="128" w="160" /></phr></stem><stem n="bp"><phr n="bps"><ent r="7" t="128" w="129" /><ent r="7" t="128" w="129" /><ent r="7" t="128" w="137" /><ent r="7" t="128" w="137" /><ent r="7" t="128" w="145" /><ent r="7" t="128" w="145" /><ent r="7" t="128" w="155" /><ent r="7" t="128" w="155" /><ent r="7" t="128" w="163" /><ent r="7" t="128" w="163" /><ent r="7" t="128" w="171" /><ent r="7" t="128" w="171" /><ent r="7" t="128" w="179" /><ent r="7" t="128" w="179" /><ent r="7" t="128" w="187" /><ent r="7" t="128" w="197" /><ent r="7" t="128" w="207" /><ent r="7" t="128" w="217" /><ent r="7" t="128" w="227" /><ent r="7" t="128" w="239" /><ent r="7" t="128" w="251" /><ent r="7" t="128" w="261" /><ent r="7" t="128" w="271" /><ent r="7" t="128" w="281" /><ent r="7" t="128" w="290" /><ent r="7" t="128" w="301" /><ent r="7" t="128" w="312" /><ent r="7" t="128" w="323" /><ent r="5" t="311" w="185" /><ent r="3" t="422" w="398" /><ent r="3" t="422" w="398" /></phr></stem><stem n="16000"><phr n="16000"><ent r="7" t="128" w="154" /><ent r="7" t="128" w="154" /></phr></stem><stem n="19200"><phr n="19200"><ent r="7" t="128" w="162" /><ent r="7" t="128" w="162" /><ent r="7" t="128" w="260" /><ent r="7" t="128" w="260" /><ent r="7" t="128" w="280" /><ent r="7" t="128" w="280" /><ent r="7" t="128" w="300" /><ent r="7" t="128" w="300" /><ent r="7" t="128" w="322" /><ent r="7" t="128" w="322" /><ent r="3" t="320" w="14" /><ent r="4" t="320" w="58" /><ent r="3" t="390" w="796" /></phr></stem><stem n="pcc"><phr n="PCC"><ent r="7" t="128" w="167" /><ent r="7" t="128" w="167" /><ent r="7" t="128" w="175" /><ent r="7" t="128" w="175" /><ent r="7" t="128" w="183" /><ent r="7" t="128" w="183" /><ent r="7" t="128" w="193" /><ent r="7" t="128" w="193" /><ent r="7" t="128" w="203" /><ent r="7" t="128" w="203" /><ent r="7" t="128" w="213" /><ent r="7" t="128" w="213" /><ent r="7" t="128" w="223" /><ent r="7" t="128" w="223" /><ent r="7" t="128" w="235" /><ent r="7" t="128" w="235" /><ent r="7" t="128" w="247" /><ent r="7" t="128" w="247" /><ent r="7" t="128" w="257" /><ent r="7" t="128" w="257" /><ent r="7" t="128" w="267" /><ent r="7" t="128" w="267" /><ent r="7" t="128" w="277" /><ent r="7" t="128" w="277" /></phr></stem><stem n="eot"><phr n="EOT"><ent r="7" t="128" w="168" /><ent r="7" t="128" w="168" /><ent r="7" t="128" w="176" /><ent r="7" t="128" w="176" /><ent r="7" t="128" w="184" /><ent r="7" t="128" w="184" /><ent r="7" t="128" w="194" /><ent r="7" t="128" w="194" /><ent r="7" t="128" w="204" /><ent r="7" t="128" w="204" /><ent r="7" t="128" w="214" /><ent r="7" t="128" w="214" /><ent r="7" t="128" w="224" /><ent r="7" t="128" w="224" /><ent r="7" t="128" w="236" /><ent r="7" t="128" w="236" /></phr></stem><stem n="fec"><phr n="FEC"><ent r="7" t="128" w="188" /><ent r="7" t="128" w="188" /><ent r="7" t="128" w="198" /><ent r="7" t="128" w="198" /><ent r="7" t="128" w="228" /><ent r="7" t="128" w="228" /><ent r="7" t="128" w="240" /><ent r="7" t="128" w="240" /><ent r="7" t="128" w="252" /><ent r="7" t="128" w="252" /><ent r="7" t="128" w="262" /><ent r="7" t="128" w="262" /><ent r="7" t="128" w="272" /><ent r="7" t="128" w="272" /><ent r="7" t="128" w="282" /><ent r="7" t="128" w="282" /><ent r="7" t="128" w="293" /><ent r="7" t="128" w="293" /><ent r="7" t="128" w="304" /><ent r="7" t="128" w="304" /><ent r="7" t="128" w="315" /><ent r="7" t="128" w="315" /><ent r="7" t="128" w="326" /><ent r="7" t="128" w="326" /></phr></stem><stem n="scrambl"><phr n="Scrambling"><ent r="7" t="128" w="208" /><ent r="7" t="128" w="208" /><ent r="7" t="128" w="218" /><ent r="7" t="128" w="218" /><ent r="7" t="128" w="230" /><ent r="7" t="128" w="230" /><ent r="7" t="128" w="242" /><ent r="7" t="128" w="242" /></phr><phr n="Scrambled"><ent r="7" t="235" w="2980" /><ent r="7" t="235" w="2980" /><ent r="72" t="402" w="1062" /><ent r="72" t="402" w="1062" /><ent r="72" t="402" w="1206" /><ent r="72" t="402" w="1206" /><ent r="4" t="402" w="1477" /><ent r="4" t="402" w="1477" /></phr><phr n="scrambled"><ent r="3" t="240" w="447" /><ent r="3" t="240" w="447" /><ent r="3" t="240" w="470" /><ent r="3" t="240" w="470" /><ent r="3" t="334" w="626" /><ent r="3" t="334" w="626" /><ent r="4" t="402" w="1480" /><ent r="4" t="402" w="1480" /></phr><phr n="scramble"><ent r="3" t="334" w="710" /><ent r="3" t="334" w="710" /><ent r="3" t="334" w="726" /><ent r="3" t="334" w="726" /></phr></stem><stem n="fst"><phr n="FST"><ent r="7" t="128" w="248" /><ent r="7" t="128" w="248" /><ent r="7" t="128" w="258" /><ent r="7" t="128" w="258" /><ent r="7" t="128" w="268" /><ent r="7" t="128" w="268" /><ent r="7" t="128" w="278" /><ent r="7" t="128" w="278" /></phr></stem><stem n="satel"><phr n="SATEL"><ent r="7" t="128" w="287" /><ent r="7" t="128" w="287" /><ent r="7" t="128" w="298" /><ent r="7" t="128" w="298" /><ent r="7" t="128" w="309" /><ent r="7" t="128" w="309" /><ent r="7" t="128" w="320" /><ent r="7" t="128" w="320" /></phr></stem><stem n="microcontrol"><phr n="microcontroller"><ent r="7" t="131" w="325" /><ent r="7" t="131" w="325" /></phr></stem><stem n="j2"><phr n="J2"><ent r="3" t="138" w="414" /><ent r="6" t="192" w="121" /><ent r="6" t="192" w="121" /></phr></stem><stem n="etc"><phr n="etc"><ent r="3" t="138" w="425" /><ent r="6" t="173" w="131" /><ent r="5" t="242" w="1024" /><ent r="4" t="335" w="751" /><ent r="4" t="337" w="324" /><ent r="6" t="349" w="225" /><ent r="6" t="350" w="225" /><ent r="7" t="353" w="1191" /><ent r="6" t="366" w="206" /><ent r="6" t="367" w="208" /><ent r="6" t="368" w="208" /><ent r="6" t="369" w="207" /><ent r="6" t="370" w="206" /><ent r="6" t="371" w="274" /><ent r="4" t="427" w="305" /><ent r="7" t="445" w="278" /></phr></stem><stem n="bu"><phr n="bus"><ent r="3" t="138" w="438" /><ent r="3" t="138" w="438" /><ent r="3" t="270" w="38" /></phr><phr n="Bus"><ent r="5" t="275" w="135" /></phr></stem><stem n="-0.2"><phr n="-0.2"><ent r="7" t="140" w="89" /></phr></stem><stem n="72-channel"><phr n="72-channel"><ent r="4" t="148" w="14" /><ent r="4" t="148" w="14" /><ent r="4" t="161" w="14" /><ent r="4" t="161" w="14" /><ent r="4" t="162" w="17" /><ent r="4" t="162" w="17" /><ent r="8" t="165" w="132" /><ent r="8" t="165" w="132" /><ent r="4" t="425" w="20" /><ent r="4" t="425" w="20" /></phr></stem><stem n="xp"><phr n="XP"><ent r="4" t="148" w="28" /><ent r="11" t="150" w="123" /><ent r="11" t="150" w="123" /><ent r="7" t="150" w="198" /><ent r="7" t="150" w="198" /><ent r="4" t="161" w="28" /><ent r="4" t="162" w="31" /><ent r="11" t="165" w="123" /><ent r="11" t="165" w="123" /><ent r="6" t="165" w="212" /><ent r="6" t="165" w="212" /><ent r="6" t="199" w="77" /><ent r="6" t="199" w="77" /><ent r="10" t="201" w="85" /><ent r="10" t="201" w="85" /><ent r="6" t="224" w="84" /><ent r="6" t="224" w="84" /><ent r="10" t="227" w="85" /><ent r="10" t="227" w="85" /><ent r="7" t="235" w="2423" /><ent r="7" t="235" w="2423" /><ent r="7" t="235" w="2440" /><ent r="7" t="235" w="2440" /><ent r="7" t="235" w="2477" /><ent r="7" t="235" w="2477" /><ent r="3" t="240" w="293" /><ent r="8" t="242" w="417" /><ent r="8" t="242" w="417" /><ent r="7" t="242" w="422" /><ent r="7" t="242" w="422" /><ent r="5" t="269" w="95" /><ent r="8" t="282" w="230" /><ent r="8" t="282" w="230" /><ent r="8" t="282" w="386" /><ent r="8" t="282" w="386" /><ent r="4" t="283" w="37" /><ent r="4" t="283" w="37" /><ent r="4" t="283" w="69" /><ent r="4" t="283" w="69" /><ent r="4" t="283" w="90" /><ent r="4" t="283" w="90" /><ent r="5" t="284" w="66" /><ent r="5" t="284" w="66" /><ent r="5" t="284" w="74" /><ent r="5" t="284" w="74" /><ent r="5" t="284" w="80" /><ent r="5" t="284" w="80" /><ent r="5" t="284" w="115" /><ent r="5" t="284" w="115" /><ent r="6" t="284" w="126" /><ent r="6" t="284" w="126" /><ent r="5" t="284" w="130" /><ent r="5" t="284" w="130" /><ent r="5" t="284" w="173" /><ent r="5" t="284" w="173" /><ent r="5" t="284" w="181" /><ent r="5" t="284" w="181" /><ent r="5" t="284" w="187" /><ent r="5" t="284" w="187" /><ent r="5" t="284" w="222" /><ent r="5" t="284" w="222" /><ent r="6" t="284" w="233" /><ent r="6" t="284" w="233" /><ent r="5" t="284" w="237" /><ent r="5" t="284" w="237" /><ent r="4" t="284" w="251" /><ent r="4" t="284" w="251" /><ent r="3" t="284" w="258" /><ent r="3" t="284" w="258" /><ent r="4" t="284" w="269" /><ent r="4" t="284" w="269" /><ent r="3" t="284" w="276" /><ent r="3" t="284" w="276" /><ent r="72" t="284" w="349" /><ent r="72" t="284" w="349" /><ent r="3" t="284" w="359" /><ent r="3" t="284" w="359" /><ent r="3" t="284" w="390" /><ent r="3" t="284" w="390" /><ent r="3" t="284" w="412" /><ent r="3" t="284" w="425" /><ent r="3" t="284" w="425" /><ent r="3" t="284" w="752" /><ent r="3" t="284" w="752" /><ent r="5" t="288" w="138" /><ent r="5" t="288" w="138" /><ent r="3" t="297" w="436" /><ent r="3" t="297" w="436" /><ent r="1000" t="311" w="7" /><ent r="1000" t="311" w="7" /><ent r="92" t="311" w="15" /><ent r="92" t="311" w="15" /><ent r="3" t="311" w="42" /><ent r="3" t="311" w="42" /><ent r="3" t="317" w="162" /><ent r="3" t="317" w="162" /><ent r="3" t="334" w="575" /><ent r="8" t="351" w="545" /><ent r="8" t="351" w="545" /><ent r="7" t="357" w="75" /><ent r="7" t="357" w="75" /><ent r="7" t="357" w="79" /><ent r="7" t="357" w="79" /><ent r="3" t="399" w="2887" /><ent r="3" t="399" w="2887" /><ent r="3" t="399" w="2892" /><ent r="3" t="399" w="2892" /><ent r="4" t="425" w="34" /><ent r="7" t="433" w="244" /><ent r="7" t="438" w="148" /><ent r="7" t="438" w="148" /><ent r="7" t="438" w="212" /><ent r="7" t="439" w="192" /><ent r="7" t="439" w="192" /><ent r="7" t="439" w="204" /><ent r="7" t="439" w="204" /><ent r="7" t="439" w="208" /><ent r="7" t="439" w="208" /><ent r="7" t="439" w="224" /><ent r="7" t="439" w="224" /><ent r="7" t="439" w="232" /><ent r="7" t="439" w="232" /><ent r="7" t="475" w="149" /><ent r="9" t="475" w="272" /><ent r="9" t="475" w="272" /><ent r="9" t="475" w="279" /><ent r="9" t="475" w="279" /><ent r="9" t="475" w="293" /><ent r="9" t="475" w="293" /><ent r="9" t="477" w="527" /><ent r="9" t="477" w="527" /><ent r="9" t="477" w="534" /><ent r="9" t="477" w="534" /><ent r="9" t="477" w="548" /><ent r="9" t="477" w="548" /><ent r="7" t="487" w="268" /><ent r="7" t="489" w="259" /><ent r="7" t="489" w="259" /><ent r="7" t="490" w="203" /><ent r="7" t="490" w="203" /><ent r="7" t="492" w="178" /><ent r="7" t="492" w="178" /><ent r="7" t="493" w="205" /><ent r="7" t="493" w="205" /></phr></stem><stem n="hp"><phr n="HP"><ent r="4" t="148" w="29" /><ent r="11" t="150" w="121" /><ent r="7" t="150" w="208" /><ent r="7" t="150" w="208" /><ent r="4" t="161" w="29" /><ent r="4" t="162" w="32" /><ent r="11" t="165" w="121" /><ent r="6" t="165" w="221" /><ent r="6" t="165" w="221" /><ent r="6" t="199" w="75" /><ent r="10" t="201" w="83" /><ent r="6" t="224" w="82" /><ent r="10" t="227" w="83" /><ent r="7" t="235" w="2422" /><ent r="7" t="235" w="2439" /><ent r="4" t="240" w="280" /><ent r="3" t="240" w="291" /><ent r="8" t="242" w="429" /><ent r="8" t="242" w="429" /><ent r="7" t="242" w="434" /><ent r="7" t="242" w="434" /><ent r="7" t="242" w="446" /><ent r="7" t="242" w="446" /><ent r="5" t="269" w="96" /><ent r="8" t="282" w="220" /><ent r="8" t="282" w="220" /><ent r="5" t="282" w="276" /><ent r="5" t="282" w="276" /><ent r="5" t="282" w="279" /><ent r="5" t="282" w="279" /><ent r="5" t="282" w="319" /><ent r="8" t="282" w="376" /><ent r="8" t="282" w="376" /><ent r="3" t="282" w="583" /><ent r="3" t="282" w="583" /><ent r="3" t="282" w="601" /><ent r="3" t="282" w="601" /><ent r="4" t="283" w="36" /><ent r="4" t="283" w="68" /><ent r="4" t="283" w="89" /><ent r="5" t="284" w="64" /><ent r="5" t="284" w="64" /><ent r="5" t="284" w="72" /><ent r="5" t="284" w="72" /><ent r="5" t="284" w="78" /><ent r="5" t="284" w="78" /><ent r="5" t="284" w="98" /><ent r="5" t="284" w="98" /><ent r="5" t="284" w="113" /><ent r="5" t="284" w="113" /><ent r="6" t="284" w="118" /><ent r="6" t="284" w="118" /><ent r="5" t="284" w="122" /><ent r="5" t="284" w="122" /><ent r="5" t="284" w="171" /><ent r="5" t="284" w="171" /><ent r="5" t="284" w="179" /><ent r="5" t="284" w="179" /><ent r="5" t="284" w="185" /><ent r="5" t="284" w="185" /><ent r="5" t="284" w="205" /><ent r="5" t="284" w="205" /><ent r="5" t="284" w="220" /><ent r="5" t="284" w="220" /><ent r="6" t="284" w="225" /><ent r="6" t="284" w="225" /><ent r="5" t="284" w="229" /><ent r="5" t="284" w="229" /><ent r="4" t="284" w="250" /><ent r="3" t="284" w="257" /><ent r="4" t="284" w="268" /><ent r="3" t="284" w="275" /><ent r="72" t="284" w="348" /><ent r="3" t="284" w="358" /><ent r="3" t="284" w="389" /><ent r="3" t="284" w="411" /><ent r="3" t="284" w="424" /><ent r="3" t="284" w="751" /><ent r="3" t="334" w="576" /><ent r="3" t="334" w="576" /><ent r="8" t="351" w="544" /><ent r="7" t="357" w="72" /><ent r="7" t="357" w="72" /><ent r="7" t="357" w="78" /><ent r="3" t="399" w="2886" /><ent r="3" t="399" w="2891" /><ent r="4" t="425" w="35" /><ent r="7" t="433" w="246" /><ent r="7" t="438" w="146" /><ent r="7" t="438" w="146" /><ent r="7" t="438" w="211" /><ent r="7" t="439" w="191" /><ent r="7" t="439" w="203" /><ent r="7" t="439" w="211" /><ent r="7" t="439" w="211" /><ent r="7" t="439" w="217" /><ent r="7" t="439" w="217" /><ent r="7" t="439" w="222" /><ent r="7" t="439" w="222" /><ent r="7" t="439" w="231" /><ent r="7" t="475" w="150" /><ent r="7" t="475" w="150" /><ent r="9" t="475" w="269" /><ent r="9" t="475" w="271" /><ent r="9" t="475" w="275" /><ent r="9" t="475" w="292" /><ent r="9" t="475" w="296" /><ent r="9" t="475" w="300" /><ent r="9" t="477" w="524" /><ent r="9" t="477" w="526" /><ent r="9" t="477" w="530" /><ent r="9" t="477" w="547" /><ent r="9" t="477" w="551" /><ent r="9" t="477" w="555" /><ent r="7" t="487" w="270" /><ent r="7" t="489" w="258" /><ent r="7" t="490" w="202" /><ent r="7" t="492" w="177" /><ent r="7" t="493" w="204" /></phr></stem></index>