<?xml version="1.0" encoding="utf-8"?><index><!-- saved from url=(0016)http://localhost -->
<stem n="p4"><phr n="P4"><ent r="8" t="343" w="349" /><ent r="8" t="343" w="349" /></phr></stem><stem n="tk"><phr n="tk"><ent r="6" t="343" w="384" /><ent r="6" t="343" w="384" /></phr></stem><stem n="udr"><phr n="UDRE"><ent r="6" t="343" w="477" /><ent r="6" t="343" w="477" /></phr></stem><stem n="lut"><phr n="LUT"><ent r="7" t="343" w="505" /><ent r="7" t="343" w="505" /><ent r="8" t="343" w="518" /><ent r="8" t="343" w="518" /></phr></stem><stem n="sec2"><phr n="sec2"><ent r="6" t="343" w="558" /><ent r="6" t="343" w="558" /><ent r="6" t="343" w="592" /><ent r="6" t="343" w="592" /><ent r="6" t="343" w="626" /><ent r="6" t="343" w="626" /></phr></stem><stem n="97"><phr n="97"><ent r="6" t="343" w="616" /><ent r="6" t="345" w="292" /><ent r="6" t="345" w="292" /></phr></stem><stem n="105"><phr n="105"><ent r="6" t="343" w="628" /><ent r="6" t="345" w="300" /><ent r="6" t="345" w="300" /><ent r="3" t="473" w="50" /></phr></stem><stem n="su"><phr n="SU"><ent r="6" t="343" w="645" /></phr></stem><stem n="113"><phr n="113"><ent r="6" t="343" w="647" /><ent r="6" t="345" w="317" /><ent r="6" t="345" w="317" /></phr></stem><stem n="τ"><phr n="τ"><ent r="6" t="343" w="668" /><ent r="6" t="343" w="668" /></phr></stem><stem n="129"><phr n="129"><ent r="6" t="343" w="694" /><ent r="6" t="345" w="342" /><ent r="6" t="345" w="342" /><ent r="6" t="371" w="483" /><ent r="6" t="371" w="483" /></phr></stem><stem n="tau"><phr n="TAU"><ent r="6" t="343" w="697" /><ent r="6" t="343" w="697" /><ent r="6" t="343" w="743" /><ent r="6" t="343" w="743" /></phr></stem><stem n="1-second"><phr n="1-second"><ent r="6" t="343" w="709" /><ent r="3" t="401" w="470" /><ent r="3" t="401" w="470" /><ent r="3" t="401" w="483" /><ent r="3" t="401" w="483" /></phr></stem><stem n="137"><phr n="137"><ent r="6" t="343" w="739" /><ent r="6" t="345" w="352" /><ent r="6" t="345" w="352" /><ent r="6" t="371" w="531" /><ent r="6" t="371" w="531" /></phr></stem><stem n="eleven"><phr n="eleven"><ent r="3" t="344" w="44" /><ent r="3" t="344" w="44" /></phr></stem><stem n="1024"><phr n="1024"><ent r="6" t="344" w="129" /><ent r="6" t="344" w="129" /><ent r="6" t="353" w="386" /><ent r="6" t="353" w="386" /><ent r="6" t="353" w="411" /><ent r="6" t="353" w="411" /><ent r="6" t="353" w="436" /><ent r="6" t="353" w="436" /></phr></stem><stem n="iodnav"><phr n="IODnav"><ent r="6" t="344" w="157" /><ent r="6" t="344" w="157" /></phr></stem><stem n="semi-circl"><phr n="Semi-circles"><ent r="6" t="344" w="199" /><ent r="6" t="344" w="211" /><ent r="6" t="344" w="211" /><ent r="6" t="344" w="223" /><ent r="6" t="344" w="223" /><ent r="6" t="344" w="259" /><ent r="6" t="344" w="259" /><ent r="6" t="344" w="296" /><ent r="6" t="344" w="296" /><ent r="6" t="344" w="321" /><ent r="6" t="344" w="321" /><ent r="6" t="344" w="333" /><ent r="6" t="344" w="333" /><ent r="6" t="344" w="358" /><ent r="6" t="344" w="358" /><ent r="6" t="344" w="379" /><ent r="6" t="344" w="379" /><ent r="6" t="344" w="390" /><ent r="6" t="344" w="402" /></phr><phr n="semi-circles"><ent r="6" t="351" w="99" /><ent r="6" t="351" w="99" /><ent r="6" t="351" w="118" /><ent r="6" t="351" w="118" /></phr><phr n="Semi-circle"><ent r="6" t="351" w="102" /><ent r="6" t="351" w="102" /><ent r="6" t="351" w="121" /><ent r="6" t="351" w="121" /></phr></stem><stem n="msub0"><phr n="MSUB0"><ent r="6" t="344" w="206" /><ent r="6" t="344" w="206" /></phr></stem><stem n="pi"><phr n="PI"><ent r="6" t="344" w="218" /><ent r="6" t="344" w="218" /><ent r="6" t="344" w="254" /><ent r="6" t="344" w="254" /><ent r="6" t="344" w="291" /><ent r="6" t="344" w="291" /><ent r="6" t="344" w="328" /><ent r="6" t="344" w="328" /><ent r="6" t="345" w="278" /><ent r="6" t="345" w="278" /><ent r="6" t="345" w="303" /><ent r="6" t="345" w="303" /><ent r="6" t="345" w="328" /><ent r="6" t="345" w="328" /><ent r="6" t="345" w="355" /><ent r="6" t="345" w="355" /><ent r="3" t="399" w="566" /><ent r="3" t="399" w="566" /><ent r="3" t="399" w="1360" /><ent r="3" t="399" w="1360" /><ent r="3" t="399" w="1367" /><ent r="3" t="399" w="1367" /><ent r="3" t="399" w="1620" /><ent r="3" t="399" w="1620" /><ent r="3" t="399" w="2436" /><ent r="3" t="399" w="2436" /><ent r="3" t="399" w="2443" /><ent r="3" t="399" w="2443" /><ent r="3" t="399" w="2450" /><ent r="3" t="399" w="2450" /></phr><phr n="Pi"><ent r="6" t="351" w="106" /><ent r="6" t="351" w="106" /><ent r="6" t="351" w="125" /><ent r="6" t="351" w="125" /></phr></stem><stem n="omegsub0"><phr n="OMEGSUB0"><ent r="6" t="344" w="316" /><ent r="6" t="344" w="316" /></phr></stem><stem n="98"><phr n="98"><ent r="6" t="344" w="325" /><ent r="6" t="344" w="325" /><ent r="6" t="345" w="299" /></phr></stem><stem n="isub0"><phr n="ISUB0"><ent r="6" t="344" w="353" /><ent r="6" t="344" w="353" /></phr></stem><stem n="107"><phr n="107"><ent r="6" t="344" w="361" /></phr></stem><stem n="114"><phr n="114"><ent r="6" t="344" w="362" /><ent r="6" t="344" w="362" /><ent r="6" t="345" w="324" /><ent r="3" t="482" w="181" /></phr></stem><stem n="123"><phr n="123"><ent r="6" t="344" w="382" /><ent r="6" t="371" w="446" /><ent r="6" t="371" w="446" /><ent r="3" t="483" w="45" /><ent r="3" t="489" w="379" /></phr></stem><stem n="131"><phr n="131"><ent r="6" t="344" w="394" /><ent r="6" t="371" w="494" /><ent r="6" t="371" w="494" /></phr></stem><stem n="138"><phr n="138"><ent r="6" t="344" w="395" /><ent r="6" t="344" w="395" /><ent r="6" t="345" w="368" /><ent r="6" t="371" w="538" /><ent r="6" t="371" w="538" /><ent r="3" t="402" w="1298" /><ent r="3" t="402" w="1298" /><ent r="3" t="493" w="54" /></phr></stem><stem n="idot"><phr n="IDOT"><ent r="6" t="344" w="397" /><ent r="6" t="344" w="397" /><ent r="6" t="345" w="405" /><ent r="6" t="345" w="405" /></phr></stem><stem n="149"><phr n="149"><ent r="6" t="344" w="406" /><ent r="6" t="344" w="406" /><ent r="6" t="371" w="590" /><ent r="6" t="371" w="590" /><ent r="3" t="485" w="84" /></phr></stem><stem n="sisa"><phr n="SISA"><ent r="6" t="344" w="408" /><ent r="6" t="344" w="408" /></phr></stem><stem n="141"><phr n="141"><ent r="6" t="344" w="414" /><ent r="6" t="344" w="414" /><ent r="6" t="371" w="558" /><ent r="6" t="371" w="558" /><ent r="3" t="482" w="45" /></phr></stem><stem n="hsdv"><phr n="HSDVS"><ent r="6" t="344" w="416" /><ent r="6" t="344" w="416" /></phr></stem><stem n="145"><phr n="145"><ent r="6" t="344" w="426" /><ent r="6" t="344" w="426" /><ent r="6" t="345" w="369" /><ent r="6" t="345" w="369" /><ent r="6" t="371" w="574" /><ent r="6" t="371" w="574" /></phr></stem><stem n="146"><phr n="146"><ent r="6" t="344" w="445" /><ent r="6" t="345" w="378" /><ent r="6" t="371" w="578" /><ent r="6" t="371" w="578" /></phr></stem><stem n="170"><phr n="170"><ent r="6" t="344" w="479" /><ent r="6" t="345" w="402" /></phr></stem><stem n="177"><phr n="177"><ent r="6" t="344" w="480" /><ent r="6" t="344" w="480" /><ent r="6" t="345" w="403" /><ent r="6" t="345" w="403" /></phr></stem><stem n="bgd1"><phr n="BGD1"><ent r="6" t="344" w="482" /><ent r="6" t="344" w="482" /><ent r="6" t="344" w="503" /></phr></stem><stem n="178"><phr n="178"><ent r="6" t="344" w="489" /><ent r="6" t="344" w="489" /><ent r="6" t="345" w="410" /></phr></stem><stem n="186"><phr n="186"><ent r="6" t="344" w="506" /><ent r="6" t="344" w="506" /><ent r="3" t="474" w="33" /></phr></stem><stem n="bgd2"><phr n="BGD2"><ent r="6" t="344" w="508" /><ent r="6" t="344" w="508" /><ent r="6" t="344" w="526" /></phr></stem><stem n="187"><phr n="187"><ent r="6" t="344" w="515" /><ent r="6" t="344" w="515" /><ent r="3" t="493" w="51" /></phr></stem><stem n="fourteen"><phr n="fourteen"><ent r="3" t="345" w="44" /><ent r="3" t="345" w="44" /></phr></stem><stem n="icd200"><phr n="ICD200"><ent r="3" t="345" w="81" /></phr></stem><stem n="omeg"><phr n="OMEG"><ent r="6" t="345" w="344" /><ent r="6" t="345" w="344" /></phr></stem><stem n="181"><phr n="181"><ent r="6" t="345" w="411" /><ent r="6" t="345" w="411" /><ent r="3" t="482" w="147" /></phr></stem><stem n="propag"><phr n="propagated"><ent r="3" t="345" w="470" /><ent r="3" t="345" w="470" /></phr><phr n="Propagate"><ent r="7" t="438" w="451" /></phr><phr n="propagate"><ent r="7" t="445" w="501" /><ent r="7" t="445" w="501" /></phr></stem><stem n="10b"><phr n="10b"><ent r="6" t="345" w="526" /><ent r="6" t="345" w="526" /></phr></stem><stem n="twenty-on"><phr n="twenty-one"><ent r="3" t="346" w="41" /><ent r="3" t="346" w="41" /></phr></stem><stem n="enhanc"><phr n="ENHANCED"><ent r="7" t="347" w="223" /><ent r="7" t="347" w="223" /><ent r="7" t="347" w="235" /><ent r="7" t="347" w="235" /><ent r="6" t="347" w="324" /><ent r="6" t="347" w="324" /></phr><phr n="Enhanced"><ent r="7" t="347" w="229" /><ent r="7" t="347" w="229" /><ent r="7" t="347" w="285" /><ent r="7" t="347" w="285" /><ent r="7" t="347" w="303" /><ent r="7" t="347" w="303" /><ent r="7" t="347" w="360" /><ent r="7" t="347" w="360" /><ent r="8" t="348" w="369" /><ent r="8" t="348" w="369" /><ent r="8" t="348" w="551" /><ent r="8" t="348" w="551" /><ent r="70" t="348" w="738" /><ent r="70" t="348" w="738" /><ent r="7" t="349" w="692" /><ent r="7" t="349" w="692" /><ent r="7" t="350" w="625" /><ent r="7" t="350" w="625" /><ent r="1000" t="353" w="5" /><ent r="1000" t="353" w="5" /><ent r="92" t="353" w="15" /><ent r="92" t="353" w="15" /><ent r="3" t="353" w="37" /><ent r="3" t="353" w="37" /><ent r="6" t="353" w="73" /><ent r="6" t="353" w="73" /><ent r="64" t="354" w="28" /><ent r="64" t="354" w="28" /><ent r="64" t="355" w="28" /><ent r="64" t="355" w="28" /><ent r="64" t="356" w="28" /><ent r="64" t="356" w="28" /><ent r="64" t="357" w="28" /><ent r="64" t="357" w="28" /><ent r="64" t="358" w="37" /><ent r="64" t="358" w="37" /></phr><phr n="Enhancements"><ent r="6" t="372" w="1696" /><ent r="6" t="372" w="1696" /></phr><phr n="enhancements"><ent r="3" t="404" w="498" /><ent r="3" t="404" w="498" /><ent r="3" t="404" w="550" /><ent r="3" t="404" w="550" /></phr></stem><stem n="doppler"><phr n="Doppler"><ent r="7" t="347" w="379" /><ent r="7" t="347" w="379" /><ent r="6" t="349" w="566" /><ent r="6" t="349" w="566" /><ent r="6" t="349" w="579" /><ent r="6" t="350" w="507" /><ent r="6" t="350" w="507" /><ent r="6" t="350" w="520" /><ent r="7" t="372" w="1805" /><ent r="7" t="372" w="1805" /></phr><phr n="DOPPLER"><ent r="6" t="349" w="571" /><ent r="6" t="349" w="571" /><ent r="6" t="349" w="802" /><ent r="6" t="349" w="802" /><ent r="6" t="350" w="512" /><ent r="6" t="350" w="512" /></phr><phr n="doppler"><ent r="7" t="438" w="326" /><ent r="7" t="438" w="326" /></phr></stem><stem n="style"><phr n="style"><ent r="3" t="348" w="62" /><ent r="5" t="422" w="516" /><ent r="5" t="422" w="516" /><ent r="3" t="422" w="629" /><ent r="4" t="422" w="791" /><ent r="4" t="422" w="791" /><ent r="4" t="422" w="873" /><ent r="4" t="422" w="873" /><ent r="4" t="422" w="958" /><ent r="4" t="422" w="958" /><ent r="4" t="422" w="1038" /><ent r="4" t="422" w="1038" /><ent r="5" t="427" w="332" /><ent r="5" t="427" w="332" /></phr><phr n="Style"><ent r="4" t="422" w="443" /><ent r="4" t="422" w="443" /><ent r="4" t="422" w="624" /><ent r="4" t="422" w="624" /><ent r="4" t="427" w="250" /><ent r="4" t="427" w="250" /></phr></stem><stem n="steam"><phr n="steaming"><ent r="4" t="348" w="109" /><ent r="4" t="348" w="109" /></phr></stem><stem n="overcom"><phr n="overcome"><ent r="3" t="348" w="145" /><ent r="3" t="348" w="145" /></phr></stem><stem n="counter"><phr n="counter"><ent r="3" t="348" w="152" /><ent r="3" t="348" w="152" /><ent r="6" t="348" w="471" /><ent r="6" t="348" w="471" /><ent r="6" t="349" w="735" /><ent r="6" t="349" w="735" /><ent r="6" t="349" w="762" /><ent r="6" t="349" w="762" /><ent r="6" t="349" w="778" /><ent r="6" t="349" w="778" /><ent r="6" t="350" w="668" /><ent r="6" t="350" w="668" /><ent r="6" t="350" w="695" /><ent r="6" t="350" w="695" /><ent r="6" t="350" w="711" /><ent r="6" t="350" w="711" /><ent r="3" t="382" w="176" /><ent r="3" t="382" w="176" /><ent r="5" t="452" w="39" /><ent r="5" t="452" w="39" /></phr><phr n="Counter"><ent r="6" t="348" w="384" /><ent r="6" t="348" w="384" /></phr><phr n="COUNTER"><ent r="6" t="349" w="725" /><ent r="6" t="349" w="725" /><ent r="6" t="349" w="752" /><ent r="6" t="349" w="752" /><ent r="6" t="350" w="658" /><ent r="6" t="350" w="658" /><ent r="6" t="350" w="685" /><ent r="6" t="350" w="685" /></phr></stem><stem n="248"><phr n="248"><ent r="3" t="348" w="173" /><ent r="3" t="348" w="173" /><ent r="3" t="359" w="374" /><ent r="3" t="359" w="374" /><ent r="3" t="359" w="444" /><ent r="3" t="359" w="444" /><ent r="3" t="359" w="488" /><ent r="3" t="359" w="488" /><ent r="3" t="382" w="51" /><ent r="3" t="382" w="51" /></phr></stem><stem n="244"><phr n="244"><ent r="3" t="348" w="185" /><ent r="3" t="348" w="185" /><ent r="3" t="348" w="201" /><ent r="3" t="348" w="201" /><ent r="3" t="348" w="226" /><ent r="3" t="348" w="226" /></phr></stem><stem n="split"><phr n="split"><ent r="3" t="348" w="197" /><ent r="3" t="348" w="197" /><ent r="7" t="348" w="414" /><ent r="7" t="348" w="414" /><ent r="3" t="359" w="465" /><ent r="3" t="359" w="465" /><ent r="7" t="396" w="213" /><ent r="7" t="396" w="213" /></phr></stem><stem n="ever"><phr n="ever"><ent r="3" t="348" w="199" /><ent r="3" t="348" w="199" /></phr></stem><stem n="reconstruct"><phr n="reconstruct"><ent r="3" t="348" w="219" /><ent r="3" t="348" w="219" /></phr></stem><stem n="pars"><phr n="parsing"><ent r="3" t="348" w="230" /><ent r="3" t="348" w="230" /><ent r="7" t="348" w="536" /><ent r="7" t="348" w="536" /><ent r="64" t="392" w="46" /><ent r="64" t="392" w="46" /><ent r="1000" t="399" w="3" /><ent r="1000" t="399" w="3" /><ent r="92" t="399" w="9" /><ent r="92" t="399" w="9" /><ent r="3" t="399" w="294" /><ent r="3" t="399" w="294" /><ent r="3" t="399" w="3853" /><ent r="3" t="399" w="3853" /></phr><phr n="parsed"><ent r="3" t="399" w="201" /><ent r="3" t="399" w="201" /></phr><phr n="parses"><ent r="3" t="399" w="3083" /><ent r="3" t="399" w="3083" /></phr></stem><stem n="rt-17"><phr n="RT-17"><ent r="8" t="348" w="346" /></phr></stem><stem n="rt-11"><phr n="RT-11"><ent r="8" t="348" w="352" /></phr></stem><stem n="10f"><phr n="10f"><ent r="6" t="348" w="402" /><ent r="6" t="348" w="402" /></phr></stem><stem n="0x23"><phr n="0x23"><ent r="7" t="348" w="443" /><ent r="7" t="348" w="443" /></phr></stem><stem n="ffh"><phr n="FFh"><ent r="6" t="348" w="462" /><ent r="6" t="348" w="462" /><ent r="6" t="349" w="716" /><ent r="6" t="349" w="716" /><ent r="6" t="349" w="731" /><ent r="6" t="349" w="731" /><ent r="6" t="349" w="758" /><ent r="6" t="349" w="758" /><ent r="6" t="350" w="649" /><ent r="6" t="350" w="649" /><ent r="6" t="350" w="664" /><ent r="6" t="350" w="664" /><ent r="6" t="350" w="691" /><ent r="6" t="350" w="691" /><ent r="6" t="360" w="114" /><ent r="6" t="360" w="114" /><ent r="6" t="360" w="150" /><ent r="6" t="360" w="150" /><ent r="6" t="360" w="172" /><ent r="6" t="360" w="172" /><ent r="6" t="362" w="154" /><ent r="6" t="362" w="154" /><ent r="6" t="363" w="146" /><ent r="6" t="363" w="146" /><ent r="6" t="363" w="234" /><ent r="6" t="363" w="234" /><ent r="6" t="363" w="239" /><ent r="6" t="363" w="248" /><ent r="6" t="363" w="248" /><ent r="6" t="363" w="253" /><ent r="6" t="363" w="262" /><ent r="6" t="363" w="262" /><ent r="6" t="363" w="267" /><ent r="6" t="363" w="276" /><ent r="6" t="363" w="276" /><ent r="6" t="363" w="281" /><ent r="6" t="363" w="290" /><ent r="6" t="363" w="290" /><ent r="6" t="363" w="295" /><ent r="6" t="363" w="304" /><ent r="6" t="363" w="304" /><ent r="6" t="363" w="309" /><ent r="6" t="363" w="318" /><ent r="6" t="363" w="318" /><ent r="6" t="363" w="323" /><ent r="6" t="372" w="258" /><ent r="6" t="372" w="258" /><ent r="7" t="372" w="770" /><ent r="6" t="372" w="1496" /><ent r="6" t="372" w="1496" /><ent r="7" t="373" w="166" /><ent r="7" t="373" w="166" /><ent r="6" t="375" w="167" /><ent r="6" t="375" w="167" /><ent r="6" t="377" w="147" /><ent r="6" t="377" w="147" /><ent r="6" t="377" w="197" /><ent r="6" t="377" w="197" /><ent r="6" t="382" w="304" /><ent r="6" t="382" w="304" /><ent r="6" t="382" w="324" /><ent r="6" t="382" w="324" /><ent r="6" t="382" w="343" /><ent r="6" t="382" w="343" /><ent r="6" t="382" w="441" /><ent r="6" t="382" w="441" /><ent r="6" t="388" w="536" /><ent r="6" t="388" w="536" /><ent r="6" t="388" w="569" /><ent r="6" t="388" w="569" /><ent r="6" t="388" w="581" /><ent r="6" t="388" w="581" /><ent r="6" t="388" w="592" /><ent r="6" t="388" w="592" /><ent r="6" t="388" w="605" /><ent r="6" t="388" w="605" /><ent r="6" t="388" w="663" /><ent r="6" t="388" w="663" /><ent r="6" t="388" w="721" /><ent r="6" t="388" w="721" /><ent r="6" t="388" w="733" /><ent r="6" t="388" w="733" /><ent r="6" t="388" w="744" /><ent r="6" t="388" w="744" /><ent r="6" t="388" w="757" /><ent r="6" t="388" w="757" /><ent r="6" t="388" w="807" /><ent r="6" t="388" w="807" /><ent r="6" t="388" w="839" /><ent r="6" t="388" w="839" /><ent r="6" t="388" w="873" /><ent r="6" t="388" w="873" /><ent r="6" t="388" w="899" /><ent r="6" t="388" w="899" /><ent r="6" t="388" w="957" /><ent r="6" t="388" w="957" /><ent r="6" t="388" w="1010" /><ent r="6" t="388" w="1010" /><ent r="6" t="388" w="1078" /><ent r="6" t="388" w="1078" /><ent r="6" t="388" w="1095" /><ent r="6" t="388" w="1095" /><ent r="6" t="388" w="1111" /><ent r="6" t="388" w="1111" /><ent r="6" t="388" w="1226" /><ent r="6" t="388" w="1226" /><ent r="6" t="388" w="1248" /><ent r="6" t="388" w="1248" /><ent r="6" t="388" w="1305" /><ent r="6" t="388" w="1305" /><ent r="6" t="388" w="1373" /><ent r="6" t="388" w="1373" /><ent r="6" t="388" w="1390" /><ent r="6" t="388" w="1390" /><ent r="6" t="388" w="1406" /><ent r="6" t="388" w="1406" /><ent r="6" t="388" w="1521" /><ent r="6" t="388" w="1521" /><ent r="6" t="388" w="1543" /><ent r="6" t="388" w="1543" /><ent r="6" t="391" w="179" /><ent r="6" t="391" w="179" /><ent r="6" t="391" w="185" /><ent r="6" t="391" w="185" /><ent r="7" t="396" w="123" /><ent r="7" t="396" w="123" /><ent r="7" t="396" w="140" /><ent r="7" t="396" w="140" /><ent r="7" t="452" w="199" /><ent r="7" t="452" w="199" /></phr></stem><stem n="0-255"><phr n="0-255"><ent r="6" t="348" w="468" /><ent r="6" t="348" w="468" /><ent r="6" t="360" w="127" /><ent r="6" t="388" w="545" /><ent r="6" t="388" w="672" /></phr></stem><stem n="rollov"><phr n="rollover"><ent r="6" t="348" w="470" /><ent r="6" t="348" w="470" /><ent r="5" t="422" w="1128" /><ent r="5" t="422" w="1128" /><ent r="5" t="422" w="1183" /><ent r="5" t="422" w="1183" /></phr></stem><stem n="2nd"><phr n="2nd"><ent r="6" t="348" w="492" /><ent r="6" t="348" w="492" /><ent r="7" t="352" w="123" /><ent r="7" t="352" w="123" /></phr></stem><stem n="recombin"><phr n="recombined"><ent r="6" t="348" w="505" /><ent r="6" t="348" w="505" /></phr></stem><stem n="non-disclosur"><phr n="Non-Disclosure"><ent r="10" t="348" w="720" /><ent r="10" t="348" w="720" /></phr></stem><stem n="disclosur"><phr n="Disclosure"><ent r="10" t="348" w="721" /></phr></stem><stem n="agreement"><phr n="Agreement"><ent r="10" t="348" w="722" /><ent r="10" t="348" w="722" /></phr><phr n="agreement"><ent r="3" t="404" w="343" /><ent r="3" t="404" w="343" /><ent r="3" t="404" w="361" /><ent r="3" t="404" w="361" /></phr></stem><stem n="20h"><phr n="20h"><ent r="6" t="349" w="204" /><ent r="6" t="349" w="204" /><ent r="6" t="350" w="204" /><ent r="6" t="350" w="204" /><ent r="6" t="365" w="422" /><ent r="6" t="365" w="422" /><ent r="6" t="365" w="436" /><ent r="6" t="365" w="436" /><ent r="6" t="365" w="450" /><ent r="6" t="365" w="450" /><ent r="6" t="365" w="464" /><ent r="6" t="365" w="464" /><ent r="6" t="365" w="478" /><ent r="6" t="365" w="478" /><ent r="6" t="365" w="492" /><ent r="6" t="365" w="492" /><ent r="6" t="365" w="506" /><ent r="6" t="365" w="506" /><ent r="6" t="365" w="520" /><ent r="6" t="365" w="520" /><ent r="6" t="365" w="534" /><ent r="6" t="365" w="534" /><ent r="6" t="365" w="548" /><ent r="6" t="365" w="548" /><ent r="6" t="366" w="144" /><ent r="6" t="366" w="144" /><ent r="7" t="450" w="137" /><ent r="7" t="450" w="137" /><ent r="7" t="451" w="173" /></phr></stem><stem n="pseudorandom"><phr n="Pseudorandom"><ent r="6" t="349" w="206" /><ent r="6" t="349" w="206" /><ent r="6" t="350" w="206" /><ent r="6" t="350" w="206" /><ent r="7" t="450" w="139" /><ent r="7" t="450" w="139" /><ent r="7" t="451" w="175" /><ent r="7" t="451" w="175" /></phr></stem><stem n="flags1"><phr n="FLAGS1"><ent r="6" t="349" w="213" /><ent r="6" t="349" w="213" /><ent r="7" t="349" w="421" /><ent r="7" t="349" w="421" /><ent r="7" t="349" w="437" /><ent r="7" t="349" w="437" /><ent r="7" t="349" w="491" /><ent r="7" t="349" w="491" /><ent r="7" t="349" w="597" /><ent r="7" t="349" w="597" /><ent r="6" t="349" w="637" /><ent r="6" t="349" w="637" /><ent r="6" t="349" w="688" /><ent r="6" t="349" w="688" /><ent r="6" t="350" w="213" /><ent r="6" t="350" w="213" /><ent r="7" t="350" w="529" /><ent r="7" t="350" w="529" /><ent r="6" t="350" w="570" /><ent r="6" t="350" w="570" /><ent r="6" t="350" w="621" /><ent r="6" t="350" w="621" /></phr><phr n="flags1"><ent r="3" t="399" w="1256" /><ent r="3" t="399" w="1256" /><ent r="3" t="399" w="1284" /><ent r="3" t="399" w="1284" /><ent r="3" t="399" w="1314" /><ent r="3" t="399" w="1849" /><ent r="3" t="399" w="1849" /><ent r="3" t="399" w="1857" /><ent r="3" t="399" w="1857" /><ent r="3" t="399" w="1871" /><ent r="3" t="399" w="1940" /><ent r="3" t="399" w="1940" /><ent r="3" t="399" w="1951" /><ent r="3" t="399" w="1951" /><ent r="3" t="399" w="1996" /><ent r="3" t="399" w="2065" /><ent r="3" t="399" w="2065" /><ent r="3" t="399" w="2086" /><ent r="3" t="399" w="2086" /><ent r="3" t="399" w="2174" /><ent r="3" t="399" w="2275" /><ent r="3" t="399" w="2275" /><ent r="3" t="399" w="2295" /><ent r="3" t="399" w="2295" /><ent r="3" t="399" w="2335" /></phr><phr n="Flags1"><ent r="7" t="431" w="306" /><ent r="7" t="431" w="306" /><ent r="7" t="443" w="306" /><ent r="7" t="443" w="306" /><ent r="7" t="451" w="182" /><ent r="7" t="451" w="182" /></phr></stem><stem n="b6"><phr n="b6"><ent r="7" t="349" w="238" /><ent r="7" t="350" w="238" /></phr></stem><stem n="write"><phr n="write"><ent r="7" t="349" w="250" /><ent r="7" t="349" w="262" /><ent r="7" t="350" w="250" /><ent r="7" t="350" w="262" /><ent r="3" t="399" w="232" /><ent r="3" t="399" w="232" /><ent r="3" t="427" w="241" /><ent r="3" t="427" w="241" /></phr></stem><stem n="redund"><phr n="redundant"><ent r="7" t="349" w="270" /><ent r="7" t="350" w="270" /></phr></stem><stem n="lock-point"><phr n="lock-point"><ent r="7" t="349" w="280" /><ent r="7" t="349" w="280" /><ent r="7" t="350" w="280" /><ent r="7" t="350" w="280" /></phr></stem><stem n="pseudo"><phr n="pseudo"><ent r="7" t="349" w="288" /><ent r="7" t="349" w="288" /><ent r="7" t="350" w="288" /><ent r="7" t="350" w="288" /></phr></stem><stem n="squared-l2"><phr n="squared-L2"><ent r="7" t="349" w="292" /><ent r="7" t="349" w="292" /><ent r="7" t="350" w="292" /><ent r="7" t="350" w="292" /></phr></stem><stem n="4000sse"><phr n="4000SSE"><ent r="7" t="349" w="296" /><ent r="7" t="349" w="296" /><ent r="7" t="350" w="296" /><ent r="7" t="350" w="296" /></phr></stem><stem n="non-zero"><phr n="non-zero"><ent r="7" t="349" w="309" /><ent r="7" t="349" w="309" /><ent r="7" t="350" w="309" /><ent r="7" t="350" w="309" /><ent r="7" t="351" w="369" /><ent r="6" t="372" w="424" /><ent r="6" t="372" w="520" /></phr></stem><stem n="flags2"><phr n="FLAGS2"><ent r="6" t="349" w="340" /><ent r="6" t="349" w="340" /><ent r="7" t="349" w="406" /><ent r="7" t="349" w="406" /><ent r="7" t="349" w="427" /><ent r="7" t="349" w="427" /><ent r="7" t="349" w="443" /><ent r="7" t="349" w="443" /><ent r="6" t="349" w="537" /><ent r="6" t="349" w="668" /><ent r="6" t="349" w="680" /><ent r="6" t="350" w="340" /><ent r="6" t="350" w="340" /><ent r="6" t="350" w="478" /><ent r="6" t="350" w="601" /><ent r="6" t="350" w="613" /></phr><phr n="flags2"><ent r="3" t="399" w="1259" /><ent r="3" t="399" w="1259" /><ent r="3" t="399" w="1287" /><ent r="3" t="399" w="1287" /><ent r="3" t="399" w="1316" /><ent r="3" t="399" w="1852" /><ent r="3" t="399" w="1852" /><ent r="3" t="399" w="1860" /><ent r="3" t="399" w="1860" /><ent r="3" t="399" w="1872" /><ent r="3" t="399" w="1872" /><ent r="3" t="399" w="1943" /><ent r="3" t="399" w="1943" /><ent r="3" t="399" w="1954" /><ent r="3" t="399" w="1954" /><ent r="3" t="399" w="1997" /><ent r="3" t="399" w="1997" /><ent r="3" t="399" w="2068" /><ent r="3" t="399" w="2068" /><ent r="3" t="399" w="2089" /><ent r="3" t="399" w="2089" /><ent r="3" t="399" w="2175" /><ent r="3" t="399" w="2278" /><ent r="3" t="399" w="2278" /><ent r="3" t="399" w="2298" /><ent r="3" t="399" w="2298" /><ent r="3" t="399" w="2337" /></phr><phr n="Flags2"><ent r="7" t="431" w="398" /><ent r="7" t="431" w="398" /><ent r="7" t="443" w="398" /><ent r="7" t="443" w="398" /><ent r="7" t="445" w="493" /><ent r="7" t="445" w="493" /><ent r="7" t="451" w="201" /><ent r="7" t="451" w="201" /></phr></stem><stem n="p-rang"><phr n="P-RANGE"><ent r="6" t="349" w="516" /><ent r="6" t="349" w="516" /><ent r="6" t="350" w="457" /><ent r="6" t="350" w="457" /></phr></stem><stem n="range-r"><phr n="Range-Rate"><ent r="6" t="349" w="552" /><ent r="6" t="349" w="552" /><ent r="6" t="350" w="493" /><ent r="6" t="350" w="493" /></phr></stem><stem n="convent"><phr n="convention"><ent r="6" t="349" w="555" /><ent r="6" t="350" w="496" /><ent r="3" t="423" w="70" /><ent r="4" t="427" w="749" /><ent r="4" t="427" w="749" /></phr><phr n="Conventional"><ent r="6" t="356" w="47" /><ent r="6" t="356" w="47" /><ent r="6" t="356" w="102" /><ent r="6" t="356" w="102" /></phr></stem><stem n="a-cod"><phr n="A-Code"><ent r="6" t="349" w="671" /><ent r="6" t="349" w="671" /><ent r="6" t="350" w="604" /><ent r="6" t="350" w="604" /></phr></stem><stem n="roll-ov"><phr n="Roll-over"><ent r="6" t="349" w="733" /><ent r="6" t="349" w="733" /><ent r="6" t="349" w="760" /><ent r="6" t="349" w="760" /><ent r="6" t="350" w="666" /><ent r="6" t="350" w="666" /><ent r="6" t="350" w="693" /><ent r="6" t="350" w="693" /></phr><phr n="roll-over"><ent r="3" t="382" w="174" /><ent r="3" t="382" w="174" /></phr></stem><stem n="1536"><phr n="1536"><ent r="6" t="351" w="167" /></phr></stem><stem n="023"><phr n="023"><ent r="6" t="351" w="169" /><ent r="6" t="351" w="169" /><ent r="3" t="481" w="30" /><ent r="3" t="481" w="36" /></phr></stem><stem n="0ch"><phr n="0Ch"><ent r="6" t="351" w="279" /><ent r="6" t="351" w="279" /><ent r="6" t="362" w="179" /><ent r="6" t="362" w="179" /><ent r="6" t="364" w="339" /><ent r="6" t="364" w="339" /><ent r="6" t="372" w="1475" /><ent r="6" t="372" w="1475" /><ent r="6" t="382" w="466" /><ent r="6" t="382" w="466" /><ent r="6" t="388" w="123" /><ent r="8" t="388" w="154" /><ent r="5" t="388" w="329" /><ent r="3" t="398" w="2774" /><ent r="3" t="398" w="2774" /><ent r="7" t="449" w="115" /><ent r="7" t="449" w="115" /></phr></stem></index>