<?xml version="1.0" encoding="utf-8"?><index><!-- saved from url=(0016)http://localhost -->
<stem n="cmr+™"><phr n="CMR+™"><ent r="4" t="14" w="222" /><ent r="6" t="20" w="84" /><ent r="4" t="45" w="222" /><ent r="6" t="51" w="84" /><ent r="4" t="70" w="279" /><ent r="6" t="75" w="115" /><ent r="5" t="96" w="244" /><ent r="7" t="102" w="84" /><ent r="5" t="125" w="274" /><ent r="4" t="148" w="164" /><ent r="6" t="154" w="78" /><ent r="6" t="168" w="91" /><ent r="4" t="173" w="210" /><ent r="6" t="179" w="86" /><ent r="4" t="199" w="286" /><ent r="6" t="205" w="86" /><ent r="4" t="224" w="294" /><ent r="6" t="231" w="86" /><ent r="5" t="269" w="184" /><ent r="5" t="269" w="184" /></phr></stem><stem n="scmrx"><phr n="sCMRx"><ent r="4" t="14" w="223" /><ent r="6" t="20" w="85" /><ent r="6" t="20" w="103" /><ent r="4" t="45" w="223" /><ent r="6" t="51" w="85" /><ent r="6" t="51" w="103" /><ent r="4" t="70" w="280" /><ent r="6" t="75" w="116" /><ent r="6" t="75" w="134" /><ent r="5" t="96" w="245" /><ent r="7" t="102" w="85" /><ent r="7" t="102" w="103" /><ent r="5" t="125" w="275" /><ent r="4" t="148" w="165" /><ent r="6" t="154" w="79" /><ent r="6" t="154" w="97" /><ent r="6" t="168" w="92" /><ent r="6" t="168" w="108" /><ent r="4" t="173" w="211" /><ent r="6" t="179" w="87" /><ent r="6" t="179" w="105" /><ent r="4" t="199" w="287" /><ent r="6" t="205" w="87" /><ent r="6" t="205" w="105" /><ent r="4" t="224" w="295" /><ent r="6" t="231" w="87" /><ent r="6" t="231" w="105" /><ent r="7" t="235" w="2978" /><ent r="7" t="235" w="2978" /><ent r="7" t="372" w="399" /><ent r="7" t="372" w="399" /><ent r="3" t="402" w="131" /><ent r="72" t="402" w="1271" /><ent r="72" t="402" w="1271" /><ent r="3" t="402" w="1275" /><ent r="3" t="402" w="1275" /><ent r="4" t="402" w="1469" /><ent r="4" t="402" w="1469" /></phr><phr n="SCMRx"><ent r="4" t="240" w="438" /><ent r="4" t="240" w="438" /><ent r="4" t="240" w="461" /><ent r="4" t="240" w="461" /></phr></stem><stem n="packet"><phr n="packet"><ent r="6" t="14" w="257" /><ent r="6" t="14" w="257" /><ent r="3" t="43" w="368" /><ent r="3" t="43" w="368" /><ent r="3" t="43" w="387" /><ent r="3" t="43" w="387" /><ent r="6" t="45" w="257" /><ent r="6" t="45" w="257" /><ent r="6" t="70" w="316" /><ent r="6" t="70" w="316" /><ent r="7" t="96" w="283" /><ent r="7" t="96" w="283" /><ent r="6" t="111" w="253" /><ent r="6" t="111" w="253" /><ent r="6" t="111" w="272" /><ent r="6" t="111" w="272" /><ent r="8" t="125" w="313" /><ent r="8" t="125" w="313" /><ent r="7" t="131" w="342" /><ent r="7" t="131" w="342" /><ent r="7" t="131" w="361" /><ent r="7" t="131" w="361" /><ent r="7" t="134" w="249" /><ent r="7" t="134" w="249" /><ent r="7" t="134" w="268" /><ent r="7" t="134" w="268" /><ent r="3" t="146" w="364" /><ent r="3" t="146" w="364" /><ent r="3" t="146" w="383" /><ent r="3" t="146" w="383" /><ent r="3" t="146" w="404" /><ent r="3" t="146" w="404" /><ent r="3" t="146" w="423" /><ent r="3" t="146" w="423" /><ent r="6" t="148" w="199" /><ent r="6" t="148" w="199" /><ent r="6" t="173" w="245" /><ent r="6" t="173" w="245" /><ent r="6" t="199" w="321" /><ent r="6" t="199" w="321" /><ent r="6" t="224" w="329" /><ent r="6" t="224" w="329" /><ent r="5" t="288" w="193" /><ent r="3" t="322" w="19" /><ent r="3" t="322" w="19" /><ent r="3" t="323" w="39" /><ent r="3" t="323" w="39" /><ent r="3" t="323" w="53" /><ent r="3" t="323" w="53" /><ent r="3" t="323" w="130" /><ent r="3" t="323" w="199" /><ent r="3" t="323" w="199" /><ent r="3" t="323" w="236" /><ent r="3" t="323" w="271" /><ent r="3" t="323" w="274" /><ent r="3" t="323" w="274" /><ent r="3" t="323" w="290" /><ent r="3" t="323" w="290" /><ent r="3" t="324" w="11" /><ent r="7" t="324" w="39" /><ent r="7" t="324" w="39" /><ent r="6" t="324" w="68" /><ent r="6" t="324" w="68" /><ent r="7" t="324" w="86" /><ent r="7" t="324" w="86" /><ent r="7" t="324" w="100" /><ent r="7" t="324" w="100" /><ent r="3" t="325" w="23" /><ent r="3" t="325" w="23" /><ent r="3" t="325" w="47" /><ent r="3" t="325" w="47" /><ent r="1000" t="326" w="4" /><ent r="1000" t="326" w="4" /><ent r="92" t="326" w="10" /><ent r="92" t="326" w="10" /><ent r="1000" t="330" w="2" /><ent r="1000" t="330" w="2" /><ent r="1000" t="330" w="5" /><ent r="1000" t="330" w="5" /><ent r="92" t="330" w="9" /><ent r="92" t="330" w="9" /><ent r="92" t="330" w="12" /><ent r="92" t="330" w="12" /><ent r="3" t="331" w="36" /><ent r="3" t="331" w="36" /><ent r="3" t="332" w="48" /><ent r="3" t="332" w="48" /><ent r="3" t="333" w="40" /><ent r="3" t="333" w="40" /><ent r="3" t="334" w="10" /><ent r="3" t="334" w="10" /><ent r="3" t="334" w="43" /><ent r="3" t="334" w="43" /><ent r="3" t="335" w="47" /><ent r="3" t="335" w="106" /><ent r="3" t="335" w="106" /><ent r="3" t="335" w="825" /><ent r="3" t="336" w="75" /><ent r="3" t="336" w="75" /><ent r="3" t="336" w="368" /><ent r="3" t="347" w="64" /><ent r="3" t="347" w="64" /><ent r="3" t="347" w="84" /><ent r="3" t="347" w="84" /><ent r="3" t="347" w="115" /><ent r="3" t="347" w="115" /><ent r="3" t="347" w="121" /><ent r="3" t="347" w="121" /><ent r="3" t="348" w="238" /><ent r="3" t="348" w="238" /><ent r="3" t="359" w="60" /><ent r="3" t="359" w="60" /><ent r="3" t="359" w="325" /><ent r="3" t="359" w="325" /><ent r="3" t="359" w="412" /><ent r="3" t="359" w="412" /><ent r="3" t="359" w="505" /><ent r="3" t="359" w="505" /><ent r="3" t="359" w="575" /><ent r="3" t="359" w="575" /><ent r="3" t="360" w="24" /><ent r="3" t="360" w="24" /><ent r="3" t="360" w="33" /><ent r="3" t="360" w="33" /><ent r="6" t="360" w="185" /><ent r="64" t="361" w="28" /><ent r="64" t="361" w="28" /><ent r="6" t="372" w="174" /><ent r="6" t="376" w="117" /><ent r="3" t="379" w="119" /><ent r="3" t="379" w="119" /><ent r="3" t="379" w="125" /><ent r="3" t="379" w="125" /><ent r="3" t="381" w="55" /><ent r="3" t="381" w="55" /><ent r="3" t="382" w="185" /><ent r="3" t="382" w="185" /><ent r="3" t="382" w="210" /><ent r="3" t="382" w="210" /><ent r="6" t="382" w="330" /><ent r="6" t="382" w="330" /><ent r="6" t="382" w="351" /><ent r="6" t="382" w="351" /><ent r="3" t="384" w="92" /><ent r="3" t="384" w="92" /><ent r="3" t="386" w="23" /><ent r="3" t="386" w="23" /><ent r="3" t="386" w="26" /><ent r="3" t="386" w="79" /><ent r="3" t="386" w="79" /><ent r="3" t="387" w="57" /><ent r="3" t="387" w="57" /><ent r="3" t="388" w="22" /><ent r="3" t="388" w="22" /><ent r="3" t="388" w="31" /><ent r="3" t="388" w="31" /><ent r="6" t="388" w="93" /><ent r="6" t="388" w="93" /><ent r="4" t="388" w="296" /><ent r="5" t="388" w="473" /><ent r="3" t="389" w="48" /><ent r="3" t="389" w="48" /><ent r="6" t="389" w="109" /><ent r="6" t="389" w="109" /><ent r="3" t="391" w="100" /><ent r="3" t="391" w="100" /><ent r="64" t="392" w="72" /><ent r="64" t="392" w="72" /><ent r="64" t="392" w="75" /><ent r="64" t="392" w="75" /><ent r="72" t="396" w="16" /><ent r="72" t="396" w="16" /><ent r="7" t="396" w="99" /><ent r="7" t="396" w="99" /><ent r="7" t="396" w="128" /><ent r="7" t="396" w="128" /><ent r="7" t="396" w="146" /><ent r="7" t="396" w="146" /><ent r="7" t="396" w="201" /><ent r="3" t="396" w="265" /><ent r="3" t="396" w="267" /><ent r="3" t="396" w="267" /><ent r="3" t="396" w="283" /><ent r="3" t="396" w="283" /><ent r="3" t="399" w="3536" /><ent r="3" t="399" w="3536" /><ent r="3" t="399" w="3551" /><ent r="3" t="399" w="3585" /><ent r="3" t="399" w="3646" /><ent r="3" t="399" w="3646" /><ent r="3" t="399" w="3676" /><ent r="3" t="399" w="3676" /><ent r="3" t="399" w="3706" /><ent r="3" t="399" w="3772" /><ent r="3" t="399" w="3776" /><ent r="3" t="399" w="3843" /><ent r="3" t="399" w="3843" /><ent r="3" t="402" w="206" /><ent r="3" t="402" w="220" /><ent r="3" t="402" w="220" /><ent r="67" t="410" w="22" /><ent r="67" t="410" w="22" /><ent r="67" t="415" w="12" /><ent r="67" t="415" w="12" /><ent r="67" t="415" w="15" /><ent r="67" t="415" w="15" /><ent r="7" t="454" w="93" /><ent r="7" t="454" w="93" /></phr><phr n="Packets"><ent r="4" t="164" w="402" /><ent r="4" t="226" w="372" /><ent r="3" t="323" w="209" /><ent r="3" t="323" w="209" /><ent r="6" t="330" w="17" /><ent r="6" t="330" w="17" /><ent r="6" t="372" w="1845" /><ent r="6" t="372" w="1845" /><ent r="6" t="372" w="1855" /><ent r="6" t="372" w="1855" /><ent r="1000" t="410" w="4" /><ent r="1000" t="410" w="4" /><ent r="102" t="410" w="9" /><ent r="102" t="410" w="9" /><ent r="1000" t="415" w="4" /><ent r="1000" t="415" w="4" /><ent r="102" t="415" w="9" /><ent r="102" t="415" w="9" /></phr><phr n="Packet"><ent r="4" t="164" w="514" /><ent r="4" t="164" w="514" /><ent r="6" t="226" w="550" /><ent r="6" t="226" w="550" /><ent r="1000" t="324" w="1" /><ent r="1000" t="324" w="1" /><ent r="92" t="324" w="4" /><ent r="92" t="324" w="4" /><ent r="3" t="326" w="63" /><ent r="3" t="326" w="63" /><ent r="3" t="326" w="76" /><ent r="3" t="326" w="76" /><ent r="3" t="331" w="10" /><ent r="3" t="331" w="10" /><ent r="64" t="331" w="28" /><ent r="64" t="331" w="28" /><ent r="6" t="331" w="96" /><ent r="6" t="331" w="96" /><ent r="68" t="331" w="121" /><ent r="68" t="331" w="121" /><ent r="3" t="332" w="10" /><ent r="3" t="332" w="10" /><ent r="64" t="332" w="20" /><ent r="64" t="332" w="20" /><ent r="68" t="332" w="461" /><ent r="68" t="332" w="461" /><ent r="6" t="333" w="115" /><ent r="6" t="333" w="115" /><ent r="68" t="333" w="164" /><ent r="68" t="333" w="164" /><ent r="3" t="334" w="54" /><ent r="3" t="334" w="54" /><ent r="6" t="334" w="120" /><ent r="6" t="334" w="120" /><ent r="68" t="334" w="393" /><ent r="68" t="334" w="393" /><ent r="3" t="335" w="10" /><ent r="3" t="335" w="10" /><ent r="3" t="335" w="54" /><ent r="3" t="335" w="54" /><ent r="64" t="335" w="60" /><ent r="64" t="335" w="60" /><ent r="6" t="335" w="162" /><ent r="6" t="335" w="162" /><ent r="68" t="335" w="447" /><ent r="68" t="335" w="447" /><ent r="3" t="336" w="16" /><ent r="3" t="336" w="16" /><ent r="64" t="336" w="25" /><ent r="64" t="336" w="25" /><ent r="6" t="336" w="133" /><ent r="6" t="336" w="133" /><ent r="3" t="336" w="361" /><ent r="3" t="336" w="361" /><ent r="3" t="336" w="377" /><ent r="3" t="336" w="377" /><ent r="64" t="337" w="18" /><ent r="64" t="337" w="18" /><ent r="3" t="337" w="39" /><ent r="3" t="337" w="39" /><ent r="64" t="337" w="66" /><ent r="64" t="337" w="66" /><ent r="3" t="337" w="404" /><ent r="3" t="337" w="404" /><ent r="64" t="338" w="17" /><ent r="64" t="338" w="17" /><ent r="64" t="338" w="59" /><ent r="64" t="338" w="59" /><ent r="64" t="339" w="15" /><ent r="64" t="339" w="15" /><ent r="3" t="339" w="32" /><ent r="3" t="339" w="32" /><ent r="64" t="339" w="84" /><ent r="64" t="339" w="84" /><ent r="64" t="340" w="17" /><ent r="64" t="340" w="17" /><ent r="3" t="340" w="34" /><ent r="3" t="340" w="34" /><ent r="64" t="340" w="71" /><ent r="64" t="340" w="71" /><ent r="64" t="341" w="18" /><ent r="64" t="341" w="18" /><ent r="3" t="341" w="35" /><ent r="3" t="341" w="35" /><ent r="3" t="341" w="72" /><ent r="3" t="341" w="72" /><ent r="64" t="341" w="93" /><ent r="64" t="341" w="93" /><ent r="64" t="342" w="18" /><ent r="64" t="342" w="18" /><ent r="3" t="342" w="37" /><ent r="3" t="342" w="37" /><ent r="64" t="342" w="64" /><ent r="64" t="342" w="64" /><ent r="64" t="343" w="18" /><ent r="64" t="343" w="18" /><ent r="64" t="343" w="61" /><ent r="64" t="343" w="61" /><ent r="64" t="344" w="18" /><ent r="64" t="344" w="18" /><ent r="64" t="344" w="61" /><ent r="64" t="344" w="61" /><ent r="64" t="345" w="18" /><ent r="64" t="345" w="18" /><ent r="64" t="345" w="62" /><ent r="64" t="345" w="62" /><ent r="64" t="346" w="17" /><ent r="64" t="346" w="17" /><ent r="64" t="346" w="60" /><ent r="64" t="346" w="60" /><ent r="3" t="347" w="24" /><ent r="3" t="347" w="24" /><ent r="64" t="347" w="59" /><ent r="64" t="347" w="59" /><ent r="3" t="347" w="89" /><ent r="3" t="347" w="89" /><ent r="6" t="347" w="177" /><ent r="6" t="347" w="177" /><ent r="68" t="347" w="401" /><ent r="68" t="347" w="401" /><ent r="3" t="348" w="24" /><ent r="3" t="348" w="24" /><ent r="4" t="348" w="102" /><ent r="4" t="348" w="102" /><ent r="6" t="348" w="294" /><ent r="6" t="348" w="294" /><ent r="68" t="348" w="758" /><ent r="68" t="348" w="758" /><ent r="64" t="349" w="40" /><ent r="64" t="349" w="40" /><ent r="64" t="349" w="52" /><ent r="64" t="349" w="52" /><ent r="64" t="350" w="40" /><ent r="64" t="350" w="40" /><ent r="64" t="350" w="52" /><ent r="64" t="350" w="52" /><ent r="64" t="351" w="30" /><ent r="64" t="351" w="30" /><ent r="64" t="351" w="42" /><ent r="64" t="351" w="42" /><ent r="64" t="352" w="32" /><ent r="64" t="352" w="32" /><ent r="64" t="352" w="45" /><ent r="64" t="352" w="45" /><ent r="64" t="353" w="32" /><ent r="64" t="353" w="32" /><ent r="64" t="353" w="45" /><ent r="64" t="353" w="45" /><ent r="3" t="359" w="310" /><ent r="3" t="359" w="310" /><ent r="82" t="359" w="363" /><ent r="82" t="359" w="363" /><ent r="3" t="359" w="395" /><ent r="3" t="359" w="395" /><ent r="3" t="359" w="479" /><ent r="3" t="359" w="479" /><ent r="3" t="359" w="554" /><ent r="3" t="359" w="554" /><ent r="3" t="359" w="594" /><ent r="3" t="359" w="594" /><ent r="3" t="359" w="604" /><ent r="3" t="359" w="604" /><ent r="6" t="360" w="89" /><ent r="6" t="360" w="89" /><ent r="68" t="360" w="308" /><ent r="68" t="360" w="308" /><ent r="64" t="362" w="67" /><ent r="64" t="362" w="67" /><ent r="3" t="362" w="268" /><ent r="3" t="362" w="268" /><ent r="64" t="363" w="56" /><ent r="64" t="363" w="56" /><ent r="64" t="364" w="63" /><ent r="64" t="364" w="63" /><ent r="64" t="365" w="51" /><ent r="64" t="365" w="51" /><ent r="64" t="366" w="107" /><ent r="64" t="366" w="107" /><ent r="64" t="367" w="107" /><ent r="64" t="367" w="107" /><ent r="64" t="368" w="107" /><ent r="64" t="368" w="107" /><ent r="64" t="369" w="107" /><ent r="64" t="369" w="107" /><ent r="64" t="370" w="107" /><ent r="64" t="370" w="107" /><ent r="64" t="371" w="108" /><ent r="64" t="371" w="108" /><ent r="64" t="372" w="86" /><ent r="64" t="372" w="86" /><ent r="64" t="373" w="44" /><ent r="64" t="373" w="44" /><ent r="64" t="374" w="68" /><ent r="64" t="374" w="68" /><ent r="64" t="375" w="48" /><ent r="64" t="375" w="48" /><ent r="64" t="376" w="43" /><ent r="64" t="376" w="43" /><ent r="64" t="377" w="39" /><ent r="64" t="377" w="39" /><ent r="64" t="378" w="46" /><ent r="64" t="378" w="46" /><ent r="3" t="379" w="29" /><ent r="3" t="379" w="29" /><ent r="64" t="379" w="51" /><ent r="64" t="379" w="51" /><ent r="6" t="379" w="198" /><ent r="6" t="379" w="198" /><ent r="68" t="379" w="210" /><ent r="68" t="379" w="210" /><ent r="68" t="379" w="258" /><ent r="68" t="379" w="258" /><ent r="3" t="380" w="18" /><ent r="3" t="380" w="18" /><ent r="64" t="380" w="29" /><ent r="64" t="380" w="29" /><ent r="3" t="380" w="41" /><ent r="3" t="380" w="41" /><ent r="3" t="380" w="92" /><ent r="3" t="380" w="92" /><ent r="65" t="380" w="99" /><ent r="65" t="380" w="99" /><ent r="3" t="381" w="18" /><ent r="3" t="381" w="18" /><ent r="64" t="381" w="46" /><ent r="64" t="381" w="46" /><ent r="6" t="381" w="109" /><ent r="6" t="381" w="109" /><ent r="3" t="382" w="16" /><ent r="3" t="382" w="16" /><ent r="64" t="382" w="37" /><ent r="64" t="382" w="37" /><ent r="3" t="382" w="42" /><ent r="3" t="382" w="42" /><ent r="3" t="382" w="124" /><ent r="3" t="382" w="124" /><ent r="6" t="382" w="274" /><ent r="6" t="382" w="274" /><ent r="68" t="382" w="286" /><ent r="68" t="382" w="286" /><ent r="68" t="382" w="572" /><ent r="68" t="382" w="572" /><ent r="3" t="383" w="18" /><ent r="3" t="383" w="18" /><ent r="6" t="383" w="95" /><ent r="6" t="383" w="95" /><ent r="68" t="383" w="149" /><ent r="68" t="383" w="149" /><ent r="3" t="384" w="16" /><ent r="3" t="384" w="16" /><ent r="6" t="384" w="146" /><ent r="6" t="384" w="146" /><ent r="68" t="384" w="200" /><ent r="68" t="384" w="200" /><ent r="3" t="385" w="14" /><ent r="3" t="385" w="14" /><ent r="6" t="385" w="73" /><ent r="6" t="385" w="73" /><ent r="68" t="385" w="118" /><ent r="68" t="385" w="118" /><ent r="3" t="386" w="16" /><ent r="3" t="386" w="16" /><ent r="3" t="386" w="38" /><ent r="3" t="386" w="38" /><ent r="3" t="386" w="53" /><ent r="3" t="386" w="53" /><ent r="6" t="386" w="130" /><ent r="6" t="386" w="130" /><ent r="68" t="386" w="153" /><ent r="68" t="386" w="153" /><ent r="3" t="387" w="14" /><ent r="3" t="387" w="14" /><ent r="64" t="387" w="23" /><ent r="64" t="387" w="23" /><ent r="3" t="387" w="49" /><ent r="3" t="387" w="49" /><ent r="6" t="387" w="108" /><ent r="6" t="387" w="108" /><ent r="68" t="387" w="154" /><ent r="68" t="387" w="154" /><ent r="68" t="388" w="105" /><ent r="68" t="388" w="105" /><ent r="68" t="388" w="194" /><ent r="68" t="388" w="194" /><ent r="3" t="389" w="10" /><ent r="3" t="389" w="10" /><ent r="64" t="389" w="40" /><ent r="64" t="389" w="40" /><ent r="68" t="389" w="134" /><ent r="68" t="389" w="134" /><ent r="3" t="390" w="16" /><ent r="3" t="390" w="16" /><ent r="64" t="390" w="26" /><ent r="64" t="390" w="26" /><ent r="3" t="390" w="30" /><ent r="3" t="390" w="30" /><ent r="3" t="390" w="172" /><ent r="3" t="390" w="172" /><ent r="6" t="390" w="224" /><ent r="6" t="390" w="224" /><ent r="68" t="390" w="236" /><ent r="68" t="390" w="236" /><ent r="68" t="390" w="528" /><ent r="68" t="390" w="528" /><ent r="3" t="391" w="14" /><ent r="3" t="391" w="14" /><ent r="6" t="391" w="155" /><ent r="6" t="391" w="155" /><ent r="68" t="391" w="260" /><ent r="68" t="391" w="260" /><ent r="7" t="396" w="67" /><ent r="7" t="396" w="67" /><ent r="67" t="410" w="16" /><ent r="67" t="410" w="16" /></phr><phr n="packets"><ent r="64" t="236" w="72" /><ent r="64" t="236" w="72" /><ent r="3" t="319" w="39" /><ent r="3" t="319" w="48" /><ent r="3" t="319" w="48" /><ent r="3" t="319" w="58" /><ent r="3" t="319" w="58" /><ent r="3" t="319" w="72" /><ent r="3" t="319" w="72" /><ent r="3" t="319" w="80" /><ent r="3" t="319" w="80" /><ent r="3" t="319" w="97" /><ent r="3" t="319" w="97" /><ent r="3" t="319" w="205" /><ent r="1000" t="323" w="4" /><ent r="1000" t="323" w="4" /><ent r="92" t="323" w="9" /><ent r="92" t="323" w="9" /><ent r="3" t="323" w="12" /><ent r="3" t="323" w="12" /><ent r="3" t="323" w="97" /><ent r="3" t="323" w="97" /><ent r="3" t="323" w="121" /><ent r="3" t="323" w="121" /><ent r="3" t="323" w="132" /><ent r="3" t="323" w="132" /><ent r="3" t="323" w="190" /><ent r="3" t="323" w="228" /><ent r="3" t="323" w="228" /><ent r="3" t="326" w="22" /><ent r="3" t="326" w="22" /><ent r="4" t="326" w="34" /><ent r="4" t="326" w="38" /><ent r="4" t="326" w="43" /><ent r="6" t="330" w="23" /><ent r="6" t="330" w="23" /><ent r="6" t="330" w="46" /><ent r="6" t="330" w="46" /><ent r="6" t="330" w="83" /><ent r="6" t="330" w="83" /><ent r="6" t="330" w="134" /><ent r="6" t="330" w="134" /><ent r="6" t="330" w="158" /><ent r="6" t="330" w="158" /><ent r="3" t="333" w="27" /><ent r="3" t="333" w="27" /><ent r="7" t="348" w="604" /><ent r="1000" t="359" w="3" /><ent r="1000" t="359" w="3" /><ent r="92" t="359" w="7" /><ent r="92" t="359" w="7" /><ent r="3" t="359" w="216" /><ent r="3" t="359" w="216" /><ent r="3" t="359" w="225" /><ent r="3" t="359" w="225" /><ent r="3" t="359" w="393" /><ent r="6" t="372" w="1865" /><ent r="6" t="372" w="1865" /><ent r="3" t="382" w="61" /><ent r="3" t="386" w="28" /><ent r="3" t="386" w="28" /><ent r="4" t="388" w="259" /><ent r="5" t="388" w="369" /><ent r="5" t="388" w="433" /><ent r="64" t="392" w="98" /><ent r="64" t="392" w="98" /><ent r="7" t="396" w="109" /><ent r="7" t="396" w="109" /><ent r="7" t="396" w="207" /><ent r="7" t="396" w="207" /><ent r="7" t="396" w="217" /><ent r="3" t="399" w="140" /><ent r="3" t="399" w="140" /><ent r="3" t="399" w="182" /><ent r="3" t="399" w="182" /><ent r="3" t="399" w="194" /><ent r="3" t="399" w="194" /><ent r="3" t="399" w="223" /><ent r="3" t="399" w="223" /><ent r="3" t="399" w="260" /><ent r="3" t="399" w="273" /><ent r="3" t="399" w="273" /><ent r="3" t="399" w="373" /><ent r="3" t="399" w="604" /><ent r="3" t="399" w="604" /><ent r="3" t="399" w="608" /><ent r="3" t="399" w="3049" /><ent r="3" t="399" w="3049" /><ent r="3" t="399" w="3902" /><ent r="1000" t="406" w="5" /><ent r="1000" t="406" w="5" /><ent r="92" t="406" w="11" /><ent r="92" t="406" w="11" /><ent r="67" t="410" w="14" /><ent r="67" t="410" w="14" /><ent r="4" t="410" w="32" /><ent r="4" t="410" w="32" /><ent r="67" t="415" w="22" /><ent r="67" t="415" w="22" /><ent r="67" t="415" w="29" /><ent r="67" t="415" w="29" /><ent r="67" t="415" w="33" /><ent r="67" t="415" w="33" /><ent r="67" t="415" w="40" /><ent r="67" t="415" w="40" /><ent r="67" t="415" w="45" /><ent r="67" t="415" w="45" /><ent r="4" t="415" w="54" /><ent r="1000" t="456" w="3" /><ent r="1000" t="456" w="3" /><ent r="92" t="456" w="7" /><ent r="92" t="456" w="7" /><ent r="1000" t="457" w="6" /><ent r="1000" t="457" w="6" /><ent r="92" t="457" w="13" /><ent r="92" t="457" w="13" /><ent r="1000" t="458" w="4" /><ent r="1000" t="458" w="4" /><ent r="92" t="458" w="9" /><ent r="92" t="458" w="9" /><ent r="1000" t="459" w="5" /><ent r="1000" t="459" w="5" /><ent r="92" t="459" w="11" /><ent r="92" t="459" w="11" /><ent r="1000" t="460" w="6" /><ent r="1000" t="460" w="6" /><ent r="92" t="460" w="13" /><ent r="92" t="460" w="13" /><ent r="3" t="500" w="38" /><ent r="3" t="500" w="38" /><ent r="3" t="501" w="104" /><ent r="3" t="501" w="104" /><ent r="3" t="502" w="268" /><ent r="3" t="502" w="268" /></phr><phr n="PACKET"><ent r="6" t="324" w="60" /><ent r="6" t="324" w="60" /><ent r="6" t="331" w="87" /><ent r="6" t="331" w="87" /><ent r="6" t="332" w="99" /><ent r="6" t="332" w="99" /><ent r="6" t="333" w="106" /><ent r="6" t="333" w="106" /><ent r="6" t="334" w="111" /><ent r="6" t="334" w="111" /><ent r="6" t="335" w="153" /><ent r="6" t="335" w="153" /><ent r="6" t="336" w="124" /><ent r="6" t="336" w="124" /><ent r="6" t="347" w="168" /><ent r="6" t="347" w="168" /><ent r="6" t="348" w="285" /><ent r="6" t="348" w="285" /><ent r="6" t="360" w="80" /><ent r="6" t="360" w="80" /><ent r="6" t="379" w="189" /><ent r="6" t="379" w="189" /><ent r="6" t="381" w="100" /><ent r="6" t="381" w="100" /><ent r="6" t="382" w="265" /><ent r="6" t="382" w="265" /><ent r="6" t="383" w="86" /><ent r="6" t="383" w="86" /><ent r="6" t="384" w="137" /><ent r="6" t="384" w="137" /><ent r="6" t="385" w="64" /><ent r="6" t="385" w="64" /><ent r="6" t="386" w="122" /><ent r="6" t="386" w="122" /><ent r="6" t="387" w="100" /><ent r="6" t="387" w="100" /><ent r="6" t="388" w="83" /><ent r="6" t="388" w="83" /><ent r="6" t="389" w="100" /><ent r="6" t="389" w="100" /><ent r="6" t="390" w="215" /><ent r="6" t="390" w="215" /><ent r="6" t="391" w="146" /><ent r="6" t="391" w="146" /><ent r="7" t="396" w="59" /><ent r="7" t="396" w="59" /></phr></stem><stem n="structur"><phr n="structures"><ent r="6" t="14" w="258" /><ent r="6" t="14" w="258" /><ent r="6" t="45" w="258" /><ent r="6" t="45" w="258" /><ent r="6" t="70" w="317" /><ent r="6" t="70" w="317" /><ent r="7" t="96" w="284" /><ent r="7" t="96" w="284" /><ent r="8" t="125" w="314" /><ent r="8" t="125" w="314" /><ent r="6" t="148" w="200" /><ent r="6" t="148" w="200" /><ent r="6" t="173" w="246" /><ent r="6" t="173" w="246" /><ent r="6" t="199" w="322" /><ent r="6" t="199" w="322" /><ent r="6" t="224" w="330" /><ent r="6" t="224" w="330" /><ent r="7" t="235" w="2099" /><ent r="7" t="235" w="2099" /><ent r="3" t="422" w="450" /><ent r="3" t="422" w="450" /><ent r="3" t="427" w="257" /><ent r="3" t="427" w="257" /></phr><phr n="structure"><ent r="3" t="314" w="1447" /><ent r="3" t="314" w="1447" /><ent r="3" t="319" w="232" /><ent r="3" t="319" w="232" /><ent r="1000" t="324" w="2" /><ent r="1000" t="324" w="2" /><ent r="92" t="324" w="5" /><ent r="92" t="324" w="5" /><ent r="68" t="331" w="122" /><ent r="68" t="331" w="122" /><ent r="68" t="332" w="462" /><ent r="68" t="332" w="462" /><ent r="68" t="333" w="165" /><ent r="68" t="333" w="165" /><ent r="68" t="334" w="394" /><ent r="68" t="334" w="394" /><ent r="68" t="335" w="448" /><ent r="68" t="335" w="448" /><ent r="3" t="347" w="116" /><ent r="68" t="347" w="402" /><ent r="68" t="347" w="402" /><ent r="68" t="348" w="759" /><ent r="68" t="348" w="759" /><ent r="3" t="360" w="20" /><ent r="3" t="360" w="20" /><ent r="68" t="360" w="309" /><ent r="68" t="360" w="309" /><ent r="3" t="379" w="120" /><ent r="68" t="379" w="211" /><ent r="68" t="379" w="211" /><ent r="68" t="379" w="259" /><ent r="68" t="379" w="259" /><ent r="3" t="381" w="56" /><ent r="3" t="382" w="211" /><ent r="68" t="382" w="287" /><ent r="68" t="382" w="287" /><ent r="68" t="382" w="573" /><ent r="68" t="382" w="573" /><ent r="68" t="383" w="150" /><ent r="68" t="383" w="150" /><ent r="3" t="384" w="93" /><ent r="68" t="384" w="201" /><ent r="68" t="384" w="201" /><ent r="68" t="385" w="119" /><ent r="68" t="385" w="119" /><ent r="3" t="386" w="80" /><ent r="68" t="386" w="154" /><ent r="68" t="386" w="154" /><ent r="3" t="387" w="58" /><ent r="68" t="387" w="155" /><ent r="68" t="387" w="155" /><ent r="3" t="388" w="18" /><ent r="3" t="388" w="18" /><ent r="68" t="388" w="106" /><ent r="68" t="388" w="106" /><ent r="68" t="388" w="195" /><ent r="68" t="388" w="195" /><ent r="4" t="388" w="292" /><ent r="4" t="388" w="292" /><ent r="5" t="388" w="469" /><ent r="5" t="388" w="469" /><ent r="68" t="389" w="135" /><ent r="68" t="389" w="135" /><ent r="3" t="390" w="169" /><ent r="3" t="390" w="169" /><ent r="68" t="390" w="237" /><ent r="68" t="390" w="237" /><ent r="68" t="390" w="529" /><ent r="68" t="390" w="529" /><ent r="3" t="390" w="554" /><ent r="3" t="390" w="554" /><ent r="3" t="391" w="101" /><ent r="68" t="391" w="261" /><ent r="68" t="391" w="261" /><ent r="72" t="396" w="18" /><ent r="72" t="396" w="18" /><ent r="67" t="410" w="17" /><ent r="67" t="410" w="17" /><ent r="3" t="421" w="59" /><ent r="3" t="421" w="70" /><ent r="5" t="422" w="526" /><ent r="5" t="422" w="526" /><ent r="5" t="422" w="557" /><ent r="5" t="422" w="557" /><ent r="5" t="422" w="594" /><ent r="5" t="422" w="594" /><ent r="3" t="427" w="233" /><ent r="3" t="427" w="233" /><ent r="5" t="427" w="354" /><ent r="5" t="427" w="354" /></phr><phr n="structured"><ent r="3" t="337" w="423" /><ent r="3" t="337" w="423" /></phr></stem><stem n="anoth"><phr n="another"><ent r="6" t="14" w="272" /><ent r="6" t="14" w="272" /><ent r="6" t="14" w="277" /><ent r="6" t="14" w="277" /><ent r="6" t="45" w="272" /><ent r="6" t="45" w="272" /><ent r="6" t="45" w="277" /><ent r="6" t="45" w="277" /><ent r="6" t="70" w="331" /><ent r="6" t="70" w="331" /><ent r="6" t="70" w="336" /><ent r="6" t="70" w="336" /><ent r="7" t="96" w="298" /><ent r="7" t="96" w="298" /><ent r="7" t="96" w="303" /><ent r="7" t="96" w="303" /><ent r="8" t="125" w="328" /><ent r="8" t="125" w="328" /><ent r="8" t="125" w="333" /><ent r="8" t="125" w="333" /><ent r="3" t="240" w="252" /><ent r="3" t="240" w="252" /><ent r="3" t="269" w="66" /><ent r="3" t="269" w="66" /><ent r="5" t="270" w="410" /><ent r="5" t="270" w="410" /><ent r="5" t="275" w="346" /><ent r="5" t="275" w="346" /><ent r="5" t="275" w="370" /><ent r="5" t="275" w="370" /><ent r="5" t="275" w="398" /><ent r="5" t="275" w="398" /><ent r="3" t="276" w="2081" /><ent r="3" t="276" w="2081" /><ent r="3" t="281" w="157" /><ent r="3" t="281" w="157" /><ent r="3" t="284" w="1263" /><ent r="3" t="284" w="1263" /><ent r="3" t="297" w="521" /><ent r="3" t="297" w="521" /><ent r="6" t="311" w="93" /><ent r="6" t="311" w="93" /><ent r="3" t="314" w="325" /><ent r="3" t="314" w="325" /><ent r="3" t="314" w="568" /><ent r="3" t="314" w="568" /><ent r="5" t="317" w="518" /><ent r="5" t="317" w="518" /><ent r="6" t="354" w="80" /><ent r="6" t="354" w="80" /><ent r="3" t="407" w="33" /><ent r="3" t="407" w="33" /><ent r="3" t="407" w="68" /><ent r="3" t="407" w="68" /><ent r="3" t="408" w="58" /><ent r="3" t="408" w="58" /><ent r="3" t="408" w="126" /><ent r="3" t="408" w="126" /><ent r="3" t="408" w="160" /><ent r="3" t="408" w="160" /><ent r="3" t="409" w="41" /><ent r="3" t="409" w="41" /><ent r="3" t="409" w="50" /><ent r="3" t="409" w="50" /><ent r="3" t="409" w="238" /><ent r="3" t="409" w="238" /><ent r="3" t="423" w="33" /><ent r="3" t="423" w="33" /></phr><phr n="Another"><ent r="5" t="276" w="510" /><ent r="5" t="276" w="510" /></phr></stem></index>