<?xml version="1.0" encoding="utf-8"?><index><!-- saved from url=(0016)http://localhost -->
<stem n="short"><phr n="shorted"><ent r="6" t="24" w="125" /><ent r="6" t="24" w="125" /><ent r="7" t="28" w="64" /><ent r="7" t="28" w="64" /><ent r="6" t="55" w="125" /><ent r="6" t="55" w="125" /><ent r="6" t="59" w="66" /><ent r="6" t="59" w="66" /><ent r="6" t="106" w="125" /><ent r="6" t="106" w="125" /><ent r="6" t="110" w="66" /><ent r="6" t="110" w="66" /><ent r="6" t="133" w="65" /><ent r="6" t="133" w="65" /></phr><phr n="Short"><ent r="6" t="28" w="89" /><ent r="6" t="28" w="107" /><ent r="6" t="28" w="107" /><ent r="6" t="59" w="93" /><ent r="6" t="59" w="111" /><ent r="6" t="59" w="111" /><ent r="6" t="80" w="35" /><ent r="6" t="80" w="48" /><ent r="6" t="80" w="48" /><ent r="6" t="110" w="93" /><ent r="6" t="110" w="111" /><ent r="6" t="110" w="111" /><ent r="6" t="133" w="79" /><ent r="6" t="133" w="97" /><ent r="6" t="133" w="97" /><ent r="6" t="185" w="26" /><ent r="6" t="185" w="39" /><ent r="6" t="185" w="39" /><ent r="6" t="211" w="26" /><ent r="6" t="211" w="39" /><ent r="6" t="211" w="39" /><ent r="6" t="363" w="401" /><ent r="6" t="363" w="432" /><ent r="6" t="363" w="463" /><ent r="6" t="363" w="494" /><ent r="6" t="365" w="217" /><ent r="6" t="365" w="578" /><ent r="6" t="372" w="421" /><ent r="6" t="372" w="517" /><ent r="6" t="373" w="118" /><ent r="6" t="377" w="164" /><ent r="6" t="379" w="226" /><ent r="6" t="382" w="549" /><ent r="6" t="383" w="119" /><ent r="6" t="384" w="170" /><ent r="7" t="397" w="140" /><ent r="7" t="397" w="140" /><ent r="7" t="431" w="638" /><ent r="7" t="431" w="638" /><ent r="7" t="432" w="297" /><ent r="7" t="432" w="297" /><ent r="7" t="433" w="128" /><ent r="7" t="433" w="128" /><ent r="7" t="443" w="621" /><ent r="7" t="443" w="621" /><ent r="7" t="446" w="250" /><ent r="7" t="446" w="250" /><ent r="7" t="449" w="300" /><ent r="7" t="449" w="300" /><ent r="7" t="451" w="235" /><ent r="7" t="451" w="235" /><ent r="7" t="452" w="110" /><ent r="7" t="452" w="110" /><ent r="7" t="454" w="112" /><ent r="7" t="454" w="112" /><ent r="7" t="454" w="131" /><ent r="7" t="454" w="131" /></phr><phr n="short"><ent r="6" t="28" w="100" /><ent r="6" t="28" w="100" /><ent r="7" t="43" w="174" /><ent r="7" t="43" w="174" /><ent r="6" t="59" w="104" /><ent r="6" t="59" w="104" /><ent r="6" t="80" w="45" /><ent r="6" t="80" w="45" /><ent r="3" t="84" w="67" /><ent r="3" t="84" w="67" /><ent r="7" t="94" w="174" /><ent r="7" t="94" w="174" /><ent r="6" t="110" w="104" /><ent r="6" t="110" w="104" /><ent r="6" t="133" w="90" /><ent r="6" t="133" w="90" /><ent r="7" t="146" w="174" /><ent r="7" t="146" w="174" /><ent r="6" t="185" w="36" /><ent r="6" t="185" w="36" /><ent r="6" t="211" w="36" /><ent r="6" t="211" w="36" /><ent r="6" t="222" w="174" /><ent r="6" t="222" w="174" /><ent r="6" t="222" w="489" /><ent r="6" t="222" w="489" /><ent r="4" t="226" w="499" /><ent r="4" t="226" w="499" /><ent r="7" t="235" w="3271" /><ent r="7" t="235" w="3271" /><ent r="3" t="282" w="554" /><ent r="3" t="282" w="554" /><ent r="3" t="284" w="763" /><ent r="3" t="284" w="763" /><ent r="6" t="334" w="194" /><ent r="6" t="334" w="202" /><ent r="6" t="334" w="210" /><ent r="6" t="334" w="326" /><ent r="6" t="334" w="378" /><ent r="6" t="338" w="138" /><ent r="6" t="338" w="154" /><ent r="6" t="339" w="155" /><ent r="6" t="340" w="122" /><ent r="6" t="340" w="196" /><ent r="6" t="346" w="129" /><ent r="6" t="346" w="141" /><ent r="6" t="352" w="148" /><ent r="6" t="353" w="117" /><ent r="6" t="353" w="505" /><ent r="6" t="353" w="524" /><ent r="6" t="353" w="543" /><ent r="6" t="353" w="563" /><ent r="6" t="353" w="586" /><ent r="6" t="353" w="609" /><ent r="6" t="353" w="631" /><ent r="6" t="353" w="655" /><ent r="6" t="353" w="736" /><ent r="6" t="353" w="843" /><ent r="3" t="399" w="579" /><ent r="3" t="399" w="579" /><ent r="3" t="399" w="584" /><ent r="3" t="399" w="584" /><ent r="3" t="399" w="1063" /><ent r="3" t="399" w="1063" /><ent r="3" t="399" w="1155" /><ent r="3" t="399" w="1155" /><ent r="3" t="399" w="1249" /><ent r="3" t="399" w="1249" /><ent r="3" t="399" w="2689" /><ent r="3" t="399" w="2689" /><ent r="4" t="422" w="875" /><ent r="4" t="422" w="875" /><ent r="4" t="422" w="1040" /><ent r="4" t="422" w="1040" /><ent r="7" t="434" w="81" /><ent r="7" t="434" w="81" /><ent r="7" t="447" w="147" /><ent r="7" t="447" w="147" /></phr><phr n="shorting"><ent r="8" t="210" w="52" /><ent r="8" t="210" w="52" /></phr><phr n="SHORT"><ent r="3" t="328" w="14" /><ent r="6" t="328" w="81" /><ent r="6" t="328" w="81" /><ent r="3" t="397" w="85" /></phr></stem><stem n="suppli"><phr n="supply"><ent r="6" t="24" w="132" /><ent r="6" t="24" w="132" /><ent r="6" t="27" w="34" /><ent r="6" t="27" w="34" /><ent r="7" t="28" w="83" /><ent r="7" t="28" w="83" /><ent r="6" t="28" w="122" /><ent r="6" t="28" w="122" /><ent r="6" t="55" w="132" /><ent r="6" t="55" w="132" /><ent r="6" t="57" w="34" /><ent r="6" t="57" w="34" /><ent r="6" t="59" w="85" /><ent r="6" t="59" w="85" /><ent r="6" t="59" w="126" /><ent r="6" t="59" w="126" /><ent r="6" t="78" w="303" /><ent r="6" t="78" w="303" /><ent r="6" t="78" w="801" /><ent r="6" t="78" w="801" /><ent r="7" t="78" w="968" /><ent r="7" t="78" w="968" /><ent r="6" t="79" w="31" /><ent r="6" t="79" w="31" /><ent r="3" t="84" w="57" /><ent r="3" t="84" w="57" /><ent r="6" t="106" w="132" /><ent r="6" t="106" w="132" /><ent r="7" t="108" w="34" /><ent r="7" t="108" w="34" /><ent r="6" t="110" w="85" /><ent r="6" t="110" w="85" /><ent r="6" t="110" w="126" /><ent r="6" t="110" w="126" /><ent r="7" t="132" w="34" /><ent r="7" t="132" w="34" /><ent r="6" t="133" w="112" /><ent r="6" t="133" w="112" /><ent r="3" t="158" w="42" /><ent r="3" t="160" w="122" /><ent r="3" t="160" w="122" /><ent r="7" t="184" w="35" /><ent r="7" t="184" w="35" /><ent r="7" t="210" w="32" /><ent r="7" t="210" w="32" /><ent r="8" t="210" w="101" /><ent r="6" t="234" w="128" /><ent r="3" t="327" w="33" /><ent r="3" t="327" w="33" /><ent r="3" t="397" w="41" /><ent r="3" t="397" w="41" /></phr><phr n="supplies"><ent r="6" t="24" w="215" /><ent r="6" t="24" w="215" /><ent r="6" t="24" w="308" /><ent r="6" t="24" w="308" /><ent r="6" t="24" w="381" /><ent r="6" t="24" w="381" /><ent r="4" t="40" w="340" /><ent r="4" t="40" w="340" /><ent r="6" t="55" w="215" /><ent r="6" t="55" w="215" /><ent r="6" t="55" w="308" /><ent r="6" t="55" w="308" /><ent r="6" t="55" w="381" /><ent r="6" t="55" w="381" /><ent r="4" t="66" w="340" /><ent r="4" t="66" w="340" /><ent r="6" t="78" w="111" /><ent r="6" t="78" w="111" /><ent r="6" t="78" w="187" /><ent r="6" t="78" w="187" /><ent r="6" t="78" w="250" /><ent r="6" t="78" w="250" /><ent r="6" t="78" w="288" /><ent r="6" t="78" w="288" /><ent r="6" t="78" w="375" /><ent r="6" t="78" w="375" /><ent r="6" t="80" w="19" /><ent r="6" t="80" w="19" /><ent r="6" t="106" w="215" /><ent r="6" t="106" w="215" /><ent r="6" t="106" w="308" /><ent r="6" t="106" w="308" /><ent r="6" t="106" w="381" /><ent r="6" t="106" w="381" /><ent r="4" t="121" w="342" /><ent r="4" t="121" w="342" /><ent r="7" t="131" w="111" /><ent r="7" t="131" w="111" /><ent r="7" t="131" w="189" /><ent r="7" t="131" w="189" /><ent r="7" t="131" w="254" /><ent r="7" t="131" w="254" /><ent r="7" t="131" w="402" /><ent r="7" t="131" w="402" /><ent r="4" t="157" w="351" /><ent r="4" t="157" w="351" /><ent r="6" t="181" w="100" /><ent r="6" t="181" w="100" /><ent r="6" t="181" w="401" /><ent r="6" t="181" w="401" /><ent r="6" t="181" w="463" /><ent r="6" t="181" w="463" /><ent r="6" t="185" w="19" /><ent r="6" t="185" w="19" /><ent r="4" t="195" w="347" /><ent r="4" t="195" w="347" /><ent r="6" t="207" w="95" /><ent r="6" t="207" w="95" /><ent r="6" t="207" w="394" /><ent r="6" t="207" w="394" /><ent r="6" t="207" w="456" /><ent r="6" t="207" w="456" /><ent r="6" t="207" w="818" /><ent r="6" t="207" w="818" /><ent r="8" t="210" w="72" /><ent r="8" t="210" w="72" /><ent r="6" t="211" w="19" /><ent r="6" t="211" w="19" /><ent r="3" t="216" w="37" /><ent r="3" t="216" w="37" /><ent r="3" t="216" w="342" /><ent r="3" t="216" w="342" /><ent r="4" t="219" w="347" /><ent r="4" t="219" w="347" /></phr><phr n="supplied"><ent r="6" t="24" w="830" /><ent r="6" t="24" w="869" /><ent r="7" t="28" w="22" /><ent r="7" t="28" w="22" /><ent r="7" t="38" w="173" /><ent r="7" t="38" w="173" /><ent r="6" t="55" w="838" /><ent r="6" t="55" w="877" /><ent r="6" t="59" w="22" /><ent r="6" t="59" w="22" /><ent r="7" t="65" w="173" /><ent r="7" t="65" w="173" /><ent r="4" t="90" w="161" /><ent r="4" t="90" w="161" /><ent r="6" t="106" w="856" /><ent r="6" t="106" w="913" /><ent r="6" t="110" w="22" /><ent r="6" t="110" w="22" /><ent r="7" t="120" w="177" /><ent r="7" t="120" w="177" /><ent r="6" t="133" w="22" /><ent r="6" t="133" w="22" /><ent r="7" t="143" w="177" /><ent r="7" t="143" w="177" /><ent r="6" t="181" w="709" /><ent r="6" t="181" w="736" /><ent r="3" t="240" w="946" /><ent r="3" t="240" w="946" /><ent r="3" t="276" w="1790" /><ent r="5" t="278" w="132" /><ent r="5" t="278" w="132" /><ent r="5" t="278" w="144" /><ent r="5" t="278" w="144" /><ent r="3" t="284" w="362" /><ent r="3" t="284" w="362" /><ent r="3" t="287" w="387" /><ent r="3" t="287" w="387" /><ent r="3" t="288" w="368" /><ent r="3" t="288" w="368" /><ent r="3" t="317" w="15" /><ent r="3" t="317" w="15" /><ent r="3" t="348" w="154" /><ent r="3" t="348" w="154" /><ent r="3" t="404" w="884" /></phr><phr n="Supply"><ent r="5" t="164" w="265" /><ent r="5" t="164" w="265" /><ent r="5" t="226" w="218" /><ent r="5" t="226" w="218" /></phr><phr n="supplying"><ent r="8" t="210" w="110" /><ent r="8" t="210" w="110" /><ent r="8" t="210" w="117" /><ent r="8" t="210" w="117" /><ent r="3" t="276" w="1312" /><ent r="3" t="276" w="1312" /><ent r="3" t="276" w="1369" /><ent r="3" t="276" w="1369" /></phr></stem><stem n="handl"><phr n="handle"><ent r="6" t="24" w="141" /><ent r="6" t="24" w="141" /><ent r="6" t="24" w="146" /><ent r="6" t="24" w="146" /><ent r="7" t="28" w="73" /><ent r="7" t="28" w="73" /><ent r="7" t="28" w="80" /><ent r="7" t="28" w="80" /><ent r="7" t="31" w="53" /><ent r="7" t="31" w="53" /><ent r="6" t="31" w="117" /><ent r="6" t="31" w="117" /><ent r="6" t="55" w="141" /><ent r="6" t="55" w="141" /><ent r="6" t="55" w="146" /><ent r="6" t="55" w="146" /><ent r="6" t="59" w="75" /><ent r="6" t="59" w="75" /><ent r="6" t="59" w="82" /><ent r="6" t="59" w="82" /><ent r="7" t="62" w="53" /><ent r="7" t="62" w="53" /><ent r="6" t="62" w="117" /><ent r="6" t="62" w="117" /><ent r="6" t="106" w="141" /><ent r="6" t="106" w="141" /><ent r="6" t="106" w="146" /><ent r="6" t="106" w="146" /><ent r="6" t="110" w="75" /><ent r="6" t="110" w="75" /><ent r="6" t="110" w="82" /><ent r="6" t="110" w="82" /><ent r="7" t="113" w="55" /><ent r="7" t="113" w="55" /><ent r="7" t="113" w="121" /><ent r="7" t="113" w="121" /><ent r="6" t="133" w="74" /><ent r="6" t="133" w="74" /><ent r="7" t="136" w="55" /><ent r="7" t="136" w="55" /><ent r="7" t="136" w="121" /><ent r="7" t="136" w="121" /><ent r="7" t="187" w="53" /><ent r="7" t="187" w="53" /><ent r="7" t="187" w="178" /><ent r="7" t="187" w="178" /><ent r="7" t="214" w="53" /><ent r="7" t="214" w="53" /><ent r="7" t="214" w="178" /><ent r="7" t="214" w="178" /><ent r="3" t="399" w="360" /><ent r="3" t="399" w="360" /><ent r="3" t="399" w="370" /><ent r="3" t="399" w="370" /></phr><phr n="handling"><ent r="3" t="243" w="231" /><ent r="3" t="243" w="231" /></phr><phr n="Handling"><ent r="4" t="243" w="379" /><ent r="4" t="243" w="379" /></phr><phr n="handles"><ent r="3" t="276" w="2322" /><ent r="3" t="276" w="2322" /></phr></stem><stem n="except"><phr n="except"><ent r="6" t="24" w="176" /><ent r="6" t="24" w="176" /><ent r="6" t="24" w="279" /><ent r="6" t="24" w="279" /><ent r="6" t="55" w="176" /><ent r="6" t="55" w="176" /><ent r="6" t="55" w="279" /><ent r="6" t="55" w="279" /><ent r="6" t="78" w="71" /><ent r="6" t="78" w="71" /><ent r="6" t="78" w="158" /><ent r="6" t="78" w="158" /><ent r="6" t="106" w="176" /><ent r="6" t="106" w="176" /><ent r="6" t="106" w="279" /><ent r="6" t="106" w="279" /><ent r="7" t="131" w="71" /><ent r="7" t="131" w="71" /><ent r="7" t="131" w="160" /><ent r="7" t="131" w="160" /><ent r="6" t="181" w="71" /><ent r="6" t="181" w="71" /><ent r="6" t="181" w="362" /><ent r="6" t="181" w="362" /><ent r="6" t="207" w="66" /><ent r="6" t="207" w="66" /><ent r="6" t="207" w="355" /><ent r="6" t="207" w="355" /><ent r="3" t="297" w="664" /><ent r="3" t="297" w="664" /><ent r="3" t="324" w="17" /><ent r="3" t="324" w="17" /><ent r="3" t="335" w="76" /><ent r="3" t="335" w="76" /><ent r="4" t="336" w="403" /><ent r="4" t="336" w="403" /><ent r="3" t="338" w="79" /><ent r="3" t="338" w="79" /><ent r="3" t="341" w="60" /><ent r="3" t="341" w="60" /><ent r="3" t="345" w="82" /><ent r="3" t="345" w="82" /><ent r="3" t="346" w="80" /><ent r="3" t="346" w="80" /><ent r="3" t="404" w="1073" /><ent r="3" t="404" w="1073" /><ent r="3" t="422" w="283" /><ent r="3" t="422" w="283" /></phr></stem><stem n="resistor"><phr n="resistor"><ent r="6" t="24" w="183" /><ent r="6" t="24" w="203" /><ent r="6" t="24" w="203" /><ent r="6" t="24" w="286" /><ent r="6" t="24" w="296" /><ent r="6" t="24" w="296" /><ent r="6" t="24" w="369" /><ent r="6" t="24" w="369" /><ent r="7" t="29" w="34" /><ent r="7" t="29" w="34" /><ent r="7" t="29" w="47" /><ent r="7" t="29" w="47" /><ent r="7" t="29" w="69" /><ent r="7" t="29" w="69" /><ent r="6" t="55" w="183" /><ent r="6" t="55" w="203" /><ent r="6" t="55" w="203" /><ent r="6" t="55" w="286" /><ent r="6" t="55" w="296" /><ent r="6" t="55" w="296" /><ent r="6" t="55" w="369" /><ent r="6" t="55" w="369" /><ent r="7" t="60" w="34" /><ent r="7" t="60" w="34" /><ent r="7" t="60" w="47" /><ent r="7" t="60" w="47" /><ent r="7" t="60" w="69" /><ent r="7" t="60" w="69" /><ent r="6" t="78" w="78" /><ent r="6" t="78" w="99" /><ent r="6" t="78" w="99" /><ent r="6" t="78" w="165" /><ent r="6" t="78" w="175" /><ent r="6" t="78" w="175" /><ent r="6" t="78" w="238" /><ent r="6" t="78" w="238" /><ent r="6" t="78" w="363" /><ent r="6" t="78" w="363" /><ent r="7" t="81" w="34" /><ent r="7" t="81" w="34" /><ent r="7" t="81" w="47" /><ent r="7" t="81" w="47" /><ent r="7" t="81" w="69" /><ent r="7" t="81" w="69" /><ent r="6" t="106" w="183" /><ent r="6" t="106" w="203" /><ent r="6" t="106" w="203" /><ent r="6" t="106" w="286" /><ent r="6" t="106" w="296" /><ent r="6" t="106" w="296" /><ent r="6" t="106" w="369" /><ent r="6" t="106" w="369" /><ent r="7" t="111" w="36" /><ent r="7" t="111" w="36" /><ent r="7" t="111" w="49" /><ent r="7" t="111" w="49" /><ent r="7" t="111" w="71" /><ent r="7" t="111" w="71" /><ent r="3" t="115" w="139" /><ent r="3" t="115" w="139" /><ent r="3" t="115" w="207" /><ent r="3" t="115" w="215" /><ent r="3" t="115" w="215" /><ent r="3" t="115" w="568" /><ent r="3" t="115" w="572" /><ent r="3" t="115" w="572" /><ent r="7" t="131" w="78" /><ent r="7" t="131" w="99" /><ent r="7" t="131" w="99" /><ent r="7" t="131" w="167" /><ent r="7" t="131" w="177" /><ent r="7" t="131" w="177" /><ent r="7" t="131" w="242" /><ent r="7" t="131" w="242" /><ent r="7" t="131" w="390" /><ent r="7" t="131" w="390" /><ent r="7" t="134" w="36" /><ent r="7" t="134" w="36" /><ent r="7" t="134" w="49" /><ent r="7" t="134" w="49" /><ent r="7" t="134" w="71" /><ent r="7" t="134" w="71" /><ent r="3" t="138" w="151" /><ent r="3" t="138" w="151" /><ent r="8" t="156" w="94" /><ent r="6" t="181" w="78" /><ent r="6" t="181" w="88" /><ent r="6" t="181" w="88" /><ent r="6" t="181" w="369" /><ent r="6" t="181" w="389" /><ent r="6" t="181" w="389" /><ent r="6" t="181" w="451" /><ent r="6" t="181" w="451" /><ent r="6" t="207" w="73" /><ent r="6" t="207" w="83" /><ent r="6" t="207" w="83" /><ent r="6" t="207" w="362" /><ent r="6" t="207" w="382" /><ent r="6" t="207" w="382" /><ent r="6" t="207" w="444" /><ent r="6" t="207" w="444" /><ent r="7" t="212" w="34" /><ent r="7" t="212" w="34" /><ent r="7" t="212" w="47" /><ent r="7" t="212" w="47" /><ent r="7" t="212" w="69" /><ent r="7" t="212" w="69" /><ent r="3" t="216" w="114" /></phr></stem><stem n="line"><phr n="line"><ent r="6" t="24" w="193" /><ent r="6" t="24" w="1742" /><ent r="6" t="24" w="1742" /><ent r="6" t="24" w="1771" /><ent r="6" t="24" w="1771" /><ent r="6" t="24" w="1851" /><ent r="6" t="24" w="1851" /><ent r="6" t="24" w="1880" /><ent r="6" t="24" w="1880" /><ent r="3" t="25" w="128" /><ent r="3" t="25" w="128" /><ent r="5" t="26" w="173" /><ent r="5" t="26" w="173" /><ent r="6" t="29" w="148" /><ent r="6" t="29" w="148" /><ent r="7" t="29" w="163" /><ent r="7" t="29" w="163" /><ent r="7" t="29" w="196" /><ent r="7" t="29" w="196" /><ent r="6" t="55" w="193" /><ent r="6" t="55" w="1786" /><ent r="6" t="55" w="1786" /><ent r="6" t="55" w="1815" /><ent r="6" t="55" w="1815" /><ent r="6" t="55" w="1895" /><ent r="6" t="55" w="1895" /><ent r="6" t="55" w="1924" /><ent r="6" t="55" w="1924" /><ent r="3" t="56" w="128" /><ent r="3" t="56" w="128" /><ent r="5" t="58" w="173" /><ent r="5" t="58" w="173" /><ent r="6" t="60" w="148" /><ent r="6" t="60" w="148" /><ent r="7" t="60" w="163" /><ent r="7" t="60" w="163" /><ent r="7" t="60" w="196" /><ent r="7" t="60" w="196" /><ent r="6" t="78" w="89" /><ent r="6" t="78" w="1007" /><ent r="6" t="78" w="1007" /><ent r="6" t="78" w="1036" /><ent r="6" t="78" w="1036" /><ent r="6" t="78" w="1065" /><ent r="6" t="78" w="1065" /><ent r="6" t="78" w="1094" /><ent r="6" t="78" w="1094" /><ent r="6" t="78" w="1212" /><ent r="6" t="78" w="1212" /><ent r="6" t="78" w="1230" /><ent r="6" t="78" w="1230" /><ent r="6" t="81" w="148" /><ent r="6" t="81" w="148" /><ent r="7" t="81" w="163" /><ent r="7" t="81" w="163" /><ent r="7" t="81" w="196" /><ent r="7" t="81" w="196" /><ent r="6" t="106" w="193" /><ent r="6" t="106" w="1822" /><ent r="6" t="106" w="1822" /><ent r="6" t="106" w="1851" /><ent r="6" t="106" w="1851" /><ent r="6" t="106" w="1931" /><ent r="6" t="106" w="1931" /><ent r="6" t="106" w="2016" /><ent r="6" t="106" w="2016" /><ent r="3" t="107" w="128" /><ent r="3" t="107" w="128" /><ent r="5" t="109" w="173" /><ent r="5" t="109" w="173" /><ent r="6" t="111" w="152" /><ent r="6" t="111" w="152" /><ent r="7" t="111" w="167" /><ent r="7" t="111" w="167" /><ent r="7" t="111" w="200" /><ent r="7" t="111" w="200" /><ent r="7" t="131" w="89" /><ent r="7" t="131" w="985" /><ent r="7" t="131" w="985" /><ent r="7" t="131" w="1014" /><ent r="7" t="131" w="1014" /><ent r="7" t="131" w="1043" /><ent r="7" t="131" w="1043" /><ent r="7" t="131" w="1072" /><ent r="7" t="131" w="1072" /><ent r="7" t="134" w="152" /><ent r="7" t="134" w="152" /><ent r="7" t="134" w="167" /><ent r="7" t="134" w="167" /><ent r="7" t="134" w="200" /><ent r="7" t="134" w="200" /><ent r="3" t="138" w="154" /><ent r="8" t="156" w="429" /><ent r="82" t="171" w="341" /><ent r="82" t="171" w="341" /><ent r="3" t="171" w="349" /><ent r="3" t="171" w="349" /><ent r="3" t="171" w="358" /><ent r="7" t="181" w="271" /><ent r="7" t="181" w="271" /><ent r="7" t="181" w="276" /><ent r="7" t="181" w="276" /><ent r="7" t="181" w="302" /><ent r="7" t="181" w="302" /><ent r="6" t="181" w="379" /><ent r="6" t="181" w="639" /><ent r="6" t="181" w="639" /><ent r="7" t="181" w="656" /><ent r="7" t="181" w="656" /><ent r="6" t="181" w="786" /><ent r="6" t="181" w="786" /><ent r="6" t="181" w="803" /><ent r="6" t="181" w="803" /><ent r="6" t="181" w="835" /><ent r="6" t="181" w="835" /><ent r="6" t="181" w="852" /><ent r="6" t="181" w="852" /><ent r="3" t="182" w="128" /><ent r="3" t="182" w="128" /><ent r="5" t="183" w="173" /><ent r="5" t="183" w="173" /><ent r="6" t="187" w="91" /><ent r="6" t="187" w="91" /><ent r="7" t="188" w="163" /><ent r="7" t="188" w="163" /><ent r="3" t="194" w="21" /><ent r="3" t="194" w="21" /><ent r="7" t="207" w="266" /><ent r="7" t="207" w="266" /><ent r="7" t="207" w="271" /><ent r="7" t="207" w="271" /><ent r="7" t="207" w="295" /><ent r="7" t="207" w="295" /><ent r="6" t="207" w="372" /><ent r="6" t="207" w="632" /><ent r="6" t="207" w="632" /><ent r="7" t="207" w="637" /><ent r="7" t="207" w="637" /><ent r="7" t="207" w="649" /><ent r="7" t="207" w="649" /><ent r="3" t="208" w="128" /><ent r="3" t="208" w="128" /><ent r="5" t="209" w="173" /><ent r="5" t="209" w="173" /><ent r="6" t="212" w="148" /><ent r="6" t="212" w="148" /><ent r="7" t="212" w="163" /><ent r="7" t="212" w="163" /><ent r="7" t="212" w="196" /><ent r="7" t="212" w="196" /><ent r="6" t="214" w="91" /><ent r="6" t="214" w="91" /><ent r="7" t="215" w="163" /><ent r="7" t="215" w="163" /><ent r="3" t="218" w="21" /><ent r="3" t="218" w="21" /><ent r="6" t="234" w="307" /><ent r="6" t="234" w="307" /><ent r="5" t="270" w="223" /><ent r="5" t="312" w="938" /><ent r="3" t="314" w="491" /><ent r="3" t="314" w="491" /><ent r="3" t="314" w="510" /><ent r="3" t="314" w="528" /><ent r="3" t="321" w="77" /><ent r="3" t="321" w="77" /><ent r="6" t="391" w="248" /><ent r="3" t="393" w="78" /><ent r="3" t="393" w="78" /><ent r="3" t="399" w="3489" /><ent r="3" t="399" w="3489" /><ent r="3" t="404" w="589" /><ent r="7" t="479" w="122" /><ent r="7" t="479" w="122" /></phr><phr n="lines"><ent r="6" t="24" w="1822" /><ent r="6" t="24" w="1822" /><ent r="1000" t="29" w="3" /><ent r="1000" t="29" w="3" /><ent r="92" t="29" w="7" /><ent r="92" t="29" w="7" /><ent r="3" t="36" w="46" /><ent r="3" t="36" w="46" /><ent r="6" t="55" w="1866" /><ent r="6" t="55" w="1866" /><ent r="1000" t="60" w="3" /><ent r="1000" t="60" w="3" /><ent r="92" t="60" w="7" /><ent r="92" t="60" w="7" /><ent r="7" t="78" w="815" /><ent r="7" t="78" w="815" /><ent r="1000" t="81" w="3" /><ent r="1000" t="81" w="3" /><ent r="92" t="81" w="7" /><ent r="92" t="81" w="7" /><ent r="3" t="88" w="46" /><ent r="3" t="88" w="46" /><ent r="6" t="106" w="1902" /><ent r="6" t="106" w="1902" /><ent r="1000" t="111" w="3" /><ent r="1000" t="111" w="3" /><ent r="92" t="111" w="7" /><ent r="92" t="111" w="7" /><ent r="3" t="115" w="321" /><ent r="3" t="115" w="369" /><ent r="3" t="115" w="384" /><ent r="5" t="115" w="420" /><ent r="5" t="115" w="420" /><ent r="5" t="115" w="428" /><ent r="5" t="115" w="428" /><ent r="5" t="115" w="438" /><ent r="5" t="115" w="438" /><ent r="5" t="115" w="447" /><ent r="5" t="115" w="447" /><ent r="3" t="118" w="46" /><ent r="3" t="118" w="46" /><ent r="7" t="131" w="848" /><ent r="7" t="131" w="848" /><ent r="1000" t="134" w="3" /><ent r="1000" t="134" w="3" /><ent r="92" t="134" w="7" /><ent r="92" t="134" w="7" /><ent r="3" t="138" w="257" /><ent r="5" t="138" w="325" /><ent r="5" t="138" w="325" /><ent r="5" t="138" w="333" /><ent r="5" t="138" w="333" /><ent r="5" t="138" w="343" /><ent r="5" t="138" w="343" /><ent r="5" t="138" w="352" /><ent r="5" t="138" w="352" /><ent r="3" t="141" w="46" /><ent r="3" t="141" w="46" /><ent r="3" t="192" w="46" /><ent r="3" t="192" w="46" /><ent r="1000" t="212" w="3" /><ent r="1000" t="212" w="3" /><ent r="92" t="212" w="7" /><ent r="92" t="212" w="7" /><ent r="3" t="216" w="150" /><ent r="3" t="216" w="197" /><ent r="3" t="216" w="210" /><ent r="4" t="216" w="242" /><ent r="4" t="216" w="242" /><ent r="4" t="216" w="250" /><ent r="4" t="216" w="250" /><ent r="4" t="216" w="259" /><ent r="4" t="216" w="259" /><ent r="7" t="235" w="1436" /><ent r="7" t="235" w="1438" /><ent r="3" t="314" w="292" /><ent r="3" t="314" w="292" /><ent r="3" t="314" w="301" /><ent r="3" t="314" w="301" /><ent r="3" t="314" w="327" /><ent r="3" t="314" w="327" /><ent r="3" t="314" w="470" /><ent r="3" t="314" w="470" /><ent r="6" t="314" w="737" /><ent r="6" t="314" w="942" /><ent r="6" t="314" w="1006" /><ent r="6" t="314" w="1006" /><ent r="3" t="314" w="1269" /><ent r="3" t="314" w="1278" /><ent r="3" t="390" w="622" /><ent r="3" t="390" w="622" /><ent r="67" t="412" w="34" /><ent r="67" t="412" w="34" /><ent r="67" t="412" w="75" /><ent r="67" t="412" w="75" /><ent r="67" t="412" w="116" /><ent r="67" t="412" w="116" /><ent r="67" t="412" w="173" /><ent r="67" t="412" w="173" /><ent r="67" t="412" w="177" /><ent r="67" t="412" w="177" /><ent r="67" t="412" w="229" /><ent r="67" t="412" w="229" /><ent r="67" t="412" w="270" /><ent r="67" t="412" w="270" /></phr><phr n="Line"><ent r="8" t="242" w="958" /><ent r="8" t="242" w="958" /><ent r="7" t="484" w="153" /><ent r="7" t="484" w="153" /></phr></stem><stem n="300"><phr n="300"><ent r="6" t="24" w="209" /><ent r="6" t="24" w="209" /><ent r="6" t="24" w="302" /><ent r="6" t="24" w="302" /><ent r="6" t="24" w="375" /><ent r="6" t="24" w="375" /><ent r="6" t="30" w="36" /><ent r="6" t="30" w="36" /><ent r="6" t="38" w="205" /><ent r="6" t="38" w="205" /><ent r="6" t="55" w="209" /><ent r="6" t="55" w="209" /><ent r="6" t="55" w="302" /><ent r="6" t="55" w="302" /><ent r="6" t="55" w="375" /><ent r="6" t="55" w="375" /><ent r="6" t="65" w="205" /><ent r="6" t="65" w="205" /><ent r="6" t="78" w="105" /><ent r="6" t="78" w="105" /><ent r="6" t="78" w="181" /><ent r="6" t="78" w="181" /><ent r="6" t="78" w="244" /><ent r="6" t="78" w="244" /><ent r="6" t="78" w="369" /><ent r="6" t="78" w="369" /><ent r="6" t="106" w="209" /><ent r="6" t="106" w="209" /><ent r="6" t="106" w="302" /><ent r="6" t="106" w="302" /><ent r="6" t="106" w="375" /><ent r="6" t="106" w="375" /><ent r="7" t="120" w="209" /><ent r="7" t="120" w="209" /><ent r="7" t="131" w="105" /><ent r="7" t="131" w="105" /><ent r="7" t="131" w="183" /><ent r="7" t="131" w="183" /><ent r="7" t="131" w="248" /><ent r="7" t="131" w="248" /><ent r="7" t="131" w="396" /><ent r="7" t="131" w="396" /><ent r="7" t="143" w="208" /><ent r="7" t="143" w="208" /><ent r="6" t="181" w="94" /><ent r="6" t="181" w="94" /><ent r="6" t="181" w="395" /><ent r="6" t="181" w="395" /><ent r="6" t="181" w="457" /><ent r="6" t="181" w="457" /><ent r="6" t="192" w="135" /><ent r="6" t="192" w="135" /><ent r="6" t="192" w="146" /><ent r="6" t="192" w="146" /><ent r="6" t="207" w="89" /><ent r="6" t="207" w="89" /><ent r="6" t="207" w="388" /><ent r="6" t="207" w="388" /><ent r="6" t="207" w="450" /><ent r="6" t="207" w="450" /><ent r="6" t="363" w="420" /><ent r="6" t="363" w="451" /><ent r="6" t="363" w="482" /><ent r="6" t="363" w="513" /><ent r="6" t="364" w="312" /><ent r="6" t="364" w="312" /><ent r="6" t="372" w="1998" /><ent r="6" t="372" w="1998" /></phr></stem></index>