<?xml version="1.0" encoding="utf-8"?><index><!-- saved from url=(0016)http://localhost -->
<stem n="raw"><phr n="raw"><ent r="3" t="10" w="65" /><ent r="3" t="10" w="65" /><ent r="6" t="14" w="120" /><ent r="6" t="14" w="120" /><ent r="4" t="14" w="212" /><ent r="4" t="14" w="212" /><ent r="6" t="45" w="120" /><ent r="6" t="45" w="120" /><ent r="4" t="45" w="212" /><ent r="4" t="45" w="212" /><ent r="6" t="70" w="172" /><ent r="6" t="70" w="172" /><ent r="4" t="70" w="269" /><ent r="4" t="70" w="269" /><ent r="6" t="96" w="166" /><ent r="6" t="96" w="166" /><ent r="4" t="96" w="234" /><ent r="4" t="96" w="234" /><ent r="7" t="125" w="170" /><ent r="7" t="125" w="170" /><ent r="5" t="125" w="238" /><ent r="5" t="125" w="238" /><ent r="4" t="173" w="200" /><ent r="4" t="173" w="200" /><ent r="6" t="199" w="183" /><ent r="6" t="199" w="183" /><ent r="4" t="199" w="276" /><ent r="4" t="199" w="276" /><ent r="6" t="224" w="191" /><ent r="6" t="224" w="191" /><ent r="4" t="224" w="284" /><ent r="4" t="224" w="284" /><ent r="3" t="240" w="750" /><ent r="3" t="240" w="750" /><ent r="3" t="240" w="777" /><ent r="3" t="240" w="777" /><ent r="3" t="252" w="245" /><ent r="3" t="252" w="245" /><ent r="3" t="253" w="271" /><ent r="3" t="253" w="271" /><ent r="3" t="276" w="2814" /><ent r="3" t="276" w="2814" /><ent r="3" t="276" w="2842" /><ent r="3" t="276" w="2842" /><ent r="3" t="276" w="2893" /><ent r="3" t="276" w="2893" /><ent r="3" t="276" w="2942" /><ent r="3" t="276" w="2942" /><ent r="3" t="276" w="3030" /><ent r="3" t="276" w="3030" /><ent r="3" t="276" w="3219" /><ent r="3" t="276" w="3219" /><ent r="3" t="347" w="27" /><ent r="3" t="347" w="27" /><ent r="3" t="348" w="63" /><ent r="3" t="348" w="63" /><ent r="3" t="348" w="122" /><ent r="3" t="348" w="122" /><ent r="3" t="348" w="188" /><ent r="3" t="348" w="188" /><ent r="3" t="348" w="192" /><ent r="3" t="348" w="192" /><ent r="3" t="348" w="221" /><ent r="3" t="348" w="221" /><ent r="6" t="348" w="332" /><ent r="6" t="348" w="332" /><ent r="10" t="348" w="675" /><ent r="10" t="348" w="675" /><ent r="10" t="348" w="689" /><ent r="10" t="348" w="689" /><ent r="3" t="399" w="127" /><ent r="3" t="399" w="127" /><ent r="3" t="400" w="555" /><ent r="3" t="400" w="555" /><ent r="3" t="421" w="306" /><ent r="3" t="421" w="306" /><ent r="3" t="422" w="396" /><ent r="3" t="422" w="396" /></phr><phr n="Raw"><ent r="6" t="244" w="265" /><ent r="6" t="244" w="265" /><ent r="5" t="244" w="268" /><ent r="5" t="244" w="268" /><ent r="6" t="244" w="388" /><ent r="6" t="244" w="388" /><ent r="5" t="244" w="391" /><ent r="5" t="244" w="391" /><ent r="8" t="266" w="142" /><ent r="8" t="266" w="142" /><ent r="5" t="266" w="240" /><ent r="5" t="266" w="240" /><ent r="4" t="276" w="2882" /><ent r="4" t="276" w="2882" /><ent r="4" t="276" w="2932" /><ent r="4" t="276" w="2932" /><ent r="4" t="422" w="390" /><ent r="4" t="422" w="390" /></phr><phr n="RAW"><ent r="6" t="347" w="196" /><ent r="6" t="347" w="196" /></phr></stem><stem n="glonass"><phr n="GLONASS"><ent r="3" t="10" w="73" /><ent r="3" t="10" w="73" /><ent r="3" t="11" w="499" /><ent r="3" t="11" w="499" /><ent r="6" t="14" w="31" /><ent r="6" t="18" w="48" /><ent r="8" t="27" w="54" /><ent r="8" t="27" w="54" /><ent r="6" t="45" w="33" /><ent r="6" t="49" w="50" /><ent r="8" t="57" w="62" /><ent r="8" t="57" w="62" /><ent r="6" t="70" w="35" /><ent r="3" t="95" w="24" /><ent r="3" t="95" w="24" /><ent r="6" t="96" w="38" /><ent r="3" t="96" w="420" /><ent r="3" t="96" w="420" /><ent r="7" t="100" w="50" /><ent r="7" t="100" w="60" /><ent r="9" t="108" w="55" /><ent r="9" t="108" w="55" /><ent r="9" t="108" w="65" /><ent r="9" t="108" w="65" /><ent r="3" t="124" w="78" /><ent r="3" t="124" w="78" /><ent r="6" t="125" w="42" /><ent r="3" t="125" w="444" /><ent r="3" t="125" w="444" /><ent r="7" t="127" w="50" /><ent r="7" t="127" w="60" /><ent r="8" t="132" w="55" /><ent r="8" t="132" w="55" /><ent r="8" t="132" w="65" /><ent r="8" t="132" w="65" /><ent r="4" t="148" w="24" /><ent r="4" t="148" w="24" /><ent r="11" t="150" w="92" /><ent r="11" t="150" w="92" /><ent r="4" t="161" w="24" /><ent r="4" t="161" w="24" /><ent r="4" t="162" w="27" /><ent r="4" t="162" w="27" /><ent r="11" t="165" w="91" /><ent r="11" t="165" w="91" /><ent r="6" t="173" w="26" /><ent r="6" t="173" w="36" /><ent r="6" t="173" w="36" /><ent r="10" t="175" w="33" /><ent r="10" t="175" w="43" /><ent r="10" t="175" w="43" /><ent r="7" t="177" w="41" /><ent r="7" t="177" w="53" /><ent r="8" t="184" w="76" /><ent r="8" t="184" w="76" /><ent r="6" t="199" w="28" /><ent r="6" t="199" w="99" /><ent r="10" t="201" w="33" /><ent r="10" t="201" w="43" /><ent r="10" t="201" w="43" /><ent r="10" t="201" w="107" /><ent r="7" t="203" w="41" /><ent r="7" t="203" w="53" /><ent r="7" t="203" w="71" /><ent r="6" t="224" w="35" /><ent r="6" t="224" w="106" /><ent r="10" t="227" w="33" /><ent r="10" t="227" w="43" /><ent r="10" t="227" w="43" /><ent r="10" t="227" w="107" /><ent r="68" t="235" w="378" /><ent r="68" t="235" w="378" /><ent r="7" t="235" w="506" /><ent r="7" t="235" w="506" /><ent r="7" t="235" w="1499" /><ent r="7" t="235" w="1566" /><ent r="7" t="235" w="1566" /><ent r="7" t="235" w="1573" /><ent r="7" t="235" w="1573" /><ent r="7" t="235" w="1808" /><ent r="7" t="235" w="1808" /><ent r="7" t="235" w="1826" /><ent r="7" t="235" w="1826" /><ent r="4" t="240" w="124" /><ent r="4" t="240" w="124" /><ent r="3" t="240" w="133" /><ent r="3" t="240" w="133" /><ent r="3" t="240" w="754" /><ent r="3" t="240" w="754" /><ent r="3" t="240" w="780" /><ent r="3" t="240" w="780" /><ent r="3" t="241" w="60" /><ent r="6" t="242" w="1366" /><ent r="6" t="242" w="1366" /><ent r="5" t="242" w="1377" /><ent r="5" t="242" w="1377" /><ent r="5" t="242" w="1380" /><ent r="5" t="242" w="1380" /><ent r="5" t="242" w="1397" /><ent r="5" t="242" w="1397" /><ent r="5" t="242" w="1400" /><ent r="5" t="242" w="1400" /><ent r="6" t="242" w="1406" /><ent r="6" t="242" w="1406" /><ent r="5" t="242" w="1421" /><ent r="5" t="242" w="1421" /><ent r="5" t="242" w="1426" /><ent r="5" t="242" w="1426" /><ent r="5" t="242" w="1447" /><ent r="5" t="242" w="1447" /><ent r="5" t="242" w="1452" /><ent r="5" t="242" w="1452" /><ent r="3" t="244" w="797" /><ent r="3" t="244" w="797" /><ent r="3" t="247" w="22" /><ent r="3" t="248" w="59" /><ent r="3" t="249" w="233" /><ent r="5" t="251" w="86" /><ent r="5" t="251" w="86" /><ent r="3" t="252" w="24" /><ent r="1000" t="253" w="1" /><ent r="1000" t="253" w="1" /><ent r="82" t="253" w="6" /><ent r="82" t="253" w="6" /><ent r="3" t="253" w="23" /><ent r="3" t="253" w="49" /><ent r="3" t="253" w="49" /><ent r="3" t="253" w="75" /><ent r="3" t="253" w="75" /><ent r="3" t="253" w="201" /><ent r="3" t="253" w="201" /><ent r="5" t="256" w="63" /><ent r="64" t="256" w="99" /><ent r="64" t="256" w="99" /><ent r="5" t="258" w="54" /><ent r="5" t="258" w="54" /><ent r="7" t="267" w="322" /><ent r="7" t="267" w="322" /><ent r="7" t="267" w="332" /><ent r="7" t="267" w="332" /><ent r="7" t="267" w="355" /><ent r="7" t="267" w="355" /><ent r="4" t="268" w="244" /><ent r="4" t="268" w="244" /><ent r="3" t="268" w="254" /><ent r="3" t="268" w="254" /><ent r="3" t="268" w="399" /><ent r="3" t="268" w="399" /><ent r="3" t="276" w="2035" /><ent r="3" t="276" w="2035" /><ent r="3" t="276" w="2323" /><ent r="3" t="276" w="2337" /><ent r="3" t="276" w="2337" /><ent r="3" t="276" w="2356" /><ent r="3" t="276" w="2356" /><ent r="3" t="276" w="2914" /><ent r="3" t="276" w="2914" /><ent r="6" t="334" w="246" /><ent r="6" t="334" w="246" /><ent r="6" t="334" w="259" /><ent r="6" t="334" w="259" /><ent r="3" t="334" w="591" /><ent r="3" t="334" w="591" /><ent r="7" t="335" w="289" /><ent r="7" t="335" w="289" /><ent r="7" t="335" w="293" /><ent r="7" t="335" w="293" /><ent r="4" t="335" w="500" /><ent r="4" t="335" w="500" /><ent r="4" t="335" w="588" /><ent r="4" t="335" w="588" /><ent r="4" t="335" w="607" /><ent r="4" t="335" w="607" /><ent r="4" t="335" w="627" /><ent r="4" t="335" w="627" /><ent r="6" t="335" w="700" /><ent r="6" t="335" w="700" /><ent r="6" t="335" w="719" /><ent r="6" t="335" w="719" /><ent r="4" t="335" w="759" /><ent r="68" t="336" w="281" /><ent r="68" t="336" w="281" /><ent r="68" t="336" w="286" /><ent r="68" t="336" w="286" /><ent r="4" t="337" w="332" /><ent r="1000" t="342" w="1" /><ent r="1000" t="342" w="1" /><ent r="92" t="342" w="5" /><ent r="92" t="342" w="5" /><ent r="3" t="342" w="10" /><ent r="3" t="342" w="10" /><ent r="3" t="342" w="29" /><ent r="3" t="342" w="29" /><ent r="3" t="342" w="33" /><ent r="3" t="342" w="33" /><ent r="3" t="342" w="68" /><ent r="3" t="342" w="68" /><ent r="6" t="342" w="76" /><ent r="6" t="342" w="76" /><ent r="1000" t="343" w="1" /><ent r="1000" t="343" w="1" /><ent r="92" t="343" w="5" /><ent r="92" t="343" w="5" /><ent r="3" t="343" w="10" /><ent r="3" t="343" w="10" /><ent r="3" t="343" w="29" /><ent r="3" t="343" w="29" /><ent r="3" t="343" w="33" /><ent r="3" t="343" w="33" /><ent r="3" t="343" w="65" /><ent r="3" t="343" w="65" /><ent r="3" t="343" w="80" /><ent r="3" t="343" w="80" /><ent r="6" t="343" w="85" /><ent r="6" t="343" w="85" /><ent r="6" t="343" w="169" /><ent r="6" t="343" w="169" /><ent r="6" t="343" w="206" /><ent r="6" t="343" w="206" /><ent r="6" t="343" w="220" /><ent r="6" t="343" w="220" /><ent r="6" t="343" w="297" /><ent r="6" t="343" w="297" /><ent r="8" t="343" w="307" /><ent r="8" t="343" w="353" /><ent r="6" t="343" w="387" /><ent r="6" t="343" w="387" /><ent r="8" t="343" w="462" /><ent r="8" t="343" w="462" /><ent r="8" t="343" w="465" /><ent r="7" t="343" w="496" /><ent r="7" t="343" w="501" /><ent r="7" t="343" w="501" /><ent r="8" t="343" w="523" /><ent r="6" t="343" w="640" /><ent r="6" t="343" w="640" /><ent r="6" t="343" w="658" /><ent r="6" t="343" w="658" /><ent r="6" t="343" w="665" /><ent r="6" t="343" w="665" /><ent r="6" t="343" w="690" /><ent r="6" t="343" w="690" /><ent r="6" t="343" w="705" /><ent r="6" t="343" w="705" /><ent r="6" t="343" w="715" /><ent r="6" t="343" w="722" /><ent r="7" t="353" w="754" /><ent r="7" t="353" w="754" /><ent r="6" t="353" w="790" /><ent r="6" t="353" w="790" /><ent r="6" t="353" w="809" /><ent r="6" t="353" w="809" /><ent r="6" t="353" w="827" /><ent r="6" t="353" w="827" /><ent r="6" t="353" w="836" /><ent r="6" t="353" w="836" /><ent r="6" t="353" w="839" /><ent r="6" t="353" w="839" /><ent r="6" t="353" w="848" /><ent r="6" t="353" w="848" /><ent r="7" t="353" w="1194" /><ent r="7" t="353" w="1194" /><ent r="6" t="354" w="43" /><ent r="6" t="354" w="43" /><ent r="6" t="358" w="66" /><ent r="6" t="358" w="66" /><ent r="69" t="360" w="237" /><ent r="69" t="360" w="237" /><ent r="6" t="363" w="427" /><ent r="6" t="363" w="427" /><ent r="6" t="363" w="444" /><ent r="6" t="363" w="444" /><ent r="6" t="363" w="532" /><ent r="6" t="363" w="532" /><ent r="6" t="363" w="544" /><ent r="6" t="363" w="544" /><ent r="1000" t="367" w="1" /><ent r="1000" t="367" w="1" /><ent r="92" t="367" w="7" /><ent r="92" t="367" w="7" /><ent r="3" t="367" w="14" /><ent r="3" t="367" w="14" /><ent r="3" t="367" w="30" /><ent r="3" t="367" w="30" /><ent r="3" t="367" w="73" /><ent r="3" t="367" w="73" /><ent r="3" t="367" w="97" /><ent r="3" t="367" w="97" /><ent r="6" t="367" w="131" /><ent r="6" t="367" w="131" /><ent r="6" t="367" w="161" /><ent r="6" t="367" w="161" /><ent r="68" t="367" w="172" /><ent r="68" t="367" w="172" /><ent r="3" t="367" w="221" /><ent r="3" t="367" w="221" /><ent r="82" t="367" w="227" /><ent r="82" t="367" w="227" /><ent r="7" t="372" w="877" /><ent r="7" t="372" w="877" /><ent r="7" t="372" w="908" /><ent r="7" t="372" w="908" /><ent r="3" t="399" w="1976" /><ent r="3" t="399" w="2154" /><ent r="3" t="400" w="563" /><ent r="3" t="400" w="563" /><ent r="3" t="402" w="174" /><ent r="3" t="402" w="174" /><ent r="3" t="402" w="187" /><ent r="3" t="402" w="187" /><ent r="3" t="402" w="205" /><ent r="3" t="402" w="205" /><ent r="3" t="402" w="217" /><ent r="3" t="402" w="217" /><ent r="3" t="402" w="1130" /><ent r="3" t="402" w="1130" /><ent r="3" t="402" w="1258" /><ent r="3" t="402" w="1258" /><ent r="3" t="402" w="1309" /><ent r="3" t="402" w="1309" /><ent r="4" t="402" w="1467" /><ent r="4" t="402" w="1467" /><ent r="4" t="402" w="1472" /><ent r="4" t="402" w="1472" /><ent r="3" t="402" w="1692" /><ent r="3" t="421" w="448" /><ent r="3" t="421" w="448" /><ent r="4" t="425" w="30" /><ent r="4" t="425" w="30" /><ent r="7" t="430" w="201" /><ent r="7" t="430" w="201" /><ent r="8" t="430" w="373" /><ent r="8" t="430" w="397" /><ent r="8" t="430" w="397" /><ent r="8" t="430" w="406" /><ent r="8" t="430" w="406" /><ent r="7" t="431" w="290" /><ent r="7" t="431" w="290" /><ent r="8" t="431" w="464" /><ent r="8" t="431" w="488" /><ent r="8" t="431" w="488" /><ent r="8" t="431" w="497" /><ent r="8" t="431" w="497" /><ent r="8" t="431" w="701" /><ent r="8" t="431" w="769" /><ent r="8" t="431" w="836" /><ent r="7" t="443" w="277" /><ent r="7" t="443" w="277" /><ent r="7" t="443" w="467" /><ent r="7" t="443" w="467" /><ent r="7" t="443" w="473" /><ent r="7" t="443" w="473" /><ent r="7" t="443" w="482" /><ent r="7" t="443" w="482" /><ent r="7" t="443" w="767" /><ent r="7" t="443" w="822" /><ent r="9" t="475" w="287" /><ent r="9" t="475" w="290" /><ent r="9" t="475" w="303" /><ent r="7" t="477" w="157" /><ent r="7" t="477" w="157" /><ent r="7" t="477" w="184" /><ent r="9" t="477" w="251" /><ent r="9" t="477" w="251" /><ent r="7" t="477" w="412" /><ent r="9" t="477" w="542" /><ent r="9" t="477" w="545" /><ent r="9" t="477" w="558" /><ent r="7" t="480" w="116" /><ent r="7" t="480" w="116" /><ent r="5" t="481" w="67" /><ent r="5" t="481" w="67" /><ent r="4" t="482" w="356" /><ent r="4" t="482" w="356" /><ent r="4" t="482" w="370" /><ent r="4" t="482" w="370" /><ent r="7" t="485" w="106" /></phr><phr n="Glonass"><ent r="7" t="242" w="750" /><ent r="7" t="242" w="750" /></phr><phr n="glonass"><ent r="4" t="404" w="1019" /><ent r="4" t="404" w="1019" /></phr><phr n="GlONASS"><ent r="7" t="443" w="691" /></phr></stem><stem n="independ"><phr n="independent"><ent r="3" t="10" w="87" /><ent r="3" t="10" w="87" /><ent r="3" t="239" w="485" /><ent r="3" t="239" w="485" /><ent r="3" t="400" w="1749" /><ent r="3" t="400" w="1749" /></phr></stem><stem n="produc"><phr n="produce"><ent r="3" t="10" w="94" /><ent r="3" t="10" w="94" /><ent r="3" t="11" w="489" /><ent r="3" t="11" w="489" /><ent r="7" t="242" w="951" /><ent r="7" t="242" w="951" /><ent r="7" t="242" w="1070" /><ent r="7" t="242" w="1070" /><ent r="7" t="445" w="120" /><ent r="7" t="445" w="120" /><ent r="54" t="475" w="426" /><ent r="54" t="475" w="426" /><ent r="54" t="477" w="703" /><ent r="54" t="477" w="703" /></phr><phr n="produced"><ent r="3" t="304" w="244" /><ent r="5" t="422" w="88" /><ent r="5" t="422" w="128" /><ent r="5" t="422" w="167" /><ent r="5" t="422" w="167" /></phr><phr n="producing"><ent r="3" t="359" w="290" /><ent r="3" t="359" w="290" /></phr><phr n="Produce"><ent r="6" t="363" w="636" /><ent r="6" t="363" w="636" /><ent r="6" t="363" w="646" /><ent r="6" t="363" w="646" /><ent r="6" t="363" w="672" /><ent r="6" t="363" w="672" /></phr><phr n="produces"><ent r="5" t="422" w="174" /><ent r="5" t="422" w="174" /></phr></stem><stem n="50hz"><phr n="50Hz"><ent r="3" t="10" w="95" /><ent r="3" t="10" w="95" /></phr></stem><stem n="absolut"><phr n="absolute"><ent r="3" t="10" w="123" /><ent r="3" t="10" w="123" /><ent r="6" t="184" w="141" /><ent r="6" t="184" w="141" /><ent r="6" t="184" w="153" /><ent r="6" t="184" w="153" /><ent r="6" t="210" w="250" /><ent r="6" t="210" w="250" /><ent r="6" t="210" w="262" /><ent r="6" t="210" w="262" /><ent r="3" t="295" w="203" /><ent r="3" t="295" w="203" /><ent r="3" t="400" w="1160" /><ent r="3" t="400" w="1160" /><ent r="6" t="400" w="1976" /><ent r="6" t="400" w="1976" /><ent r="7" t="445" w="250" /><ent r="7" t="445" w="250" /></phr></stem><stem n="omnistar"><phr n="OmniSTAR"><ent r="3" t="10" w="140" /><ent r="4" t="148" w="27" /><ent r="4" t="148" w="27" /><ent r="11" t="150" w="119" /><ent r="11" t="150" w="119" /><ent r="6" t="150" w="187" /><ent r="6" t="150" w="187" /><ent r="4" t="161" w="27" /><ent r="4" t="161" w="27" /><ent r="4" t="162" w="30" /><ent r="4" t="162" w="30" /><ent r="11" t="165" w="119" /><ent r="11" t="165" w="119" /><ent r="6" t="165" w="202" /><ent r="6" t="165" w="202" /><ent r="6" t="199" w="73" /><ent r="6" t="199" w="73" /><ent r="10" t="201" w="81" /><ent r="10" t="201" w="81" /><ent r="7" t="203" w="78" /><ent r="6" t="224" w="80" /><ent r="6" t="224" w="80" /><ent r="10" t="227" w="81" /><ent r="10" t="227" w="81" /><ent r="7" t="235" w="2418" /><ent r="7" t="235" w="2418" /><ent r="7" t="235" w="2421" /><ent r="7" t="235" w="2421" /><ent r="7" t="235" w="2436" /><ent r="7" t="235" w="2436" /><ent r="7" t="235" w="2475" /><ent r="7" t="235" w="2475" /><ent r="4" t="240" w="279" /><ent r="3" t="240" w="290" /><ent r="3" t="240" w="292" /><ent r="3" t="240" w="295" /><ent r="3" t="240" w="295" /><ent r="3" t="241" w="62" /><ent r="8" t="242" w="404" /><ent r="8" t="242" w="404" /><ent r="7" t="242" w="409" /><ent r="7" t="242" w="409" /><ent r="8" t="242" w="416" /><ent r="8" t="242" w="416" /><ent r="7" t="242" w="421" /><ent r="7" t="242" w="421" /><ent r="8" t="242" w="428" /><ent r="8" t="242" w="428" /><ent r="7" t="242" w="433" /><ent r="7" t="242" w="433" /><ent r="8" t="242" w="440" /><ent r="8" t="242" w="440" /><ent r="7" t="242" w="445" /><ent r="7" t="242" w="445" /><ent r="3" t="243" w="41" /><ent r="3" t="247" w="32" /><ent r="3" t="247" w="35" /><ent r="3" t="247" w="35" /><ent r="3" t="248" w="57" /><ent r="3" t="249" w="243" /><ent r="5" t="251" w="102" /><ent r="54" t="263" w="325" /><ent r="54" t="263" w="325" /><ent r="3" t="268" w="236" /><ent r="3" t="268" w="236" /><ent r="5" t="269" w="94" /><ent r="5" t="269" w="94" /><ent r="5" t="269" w="103" /><ent r="5" t="269" w="103" /><ent r="5" t="269" w="133" /><ent r="5" t="269" w="133" /><ent r="5" t="276" w="1422" /><ent r="5" t="276" w="1422" /><ent r="3" t="276" w="2088" /><ent r="3" t="276" w="2088" /><ent r="3" t="276" w="2126" /><ent r="3" t="276" w="2126" /><ent r="3" t="276" w="2179" /><ent r="3" t="276" w="2179" /><ent r="3" t="276" w="2192" /><ent r="72" t="276" w="3140" /><ent r="72" t="276" w="3140" /><ent r="3" t="276" w="3147" /><ent r="3" t="276" w="3147" /><ent r="3" t="276" w="3159" /><ent r="4" t="276" w="3163" /><ent r="4" t="276" w="3163" /><ent r="3" t="276" w="3168" /><ent r="3" t="276" w="3168" /><ent r="3" t="276" w="3183" /><ent r="3" t="276" w="3183" /><ent r="3" t="276" w="3189" /><ent r="3" t="276" w="3198" /><ent r="3" t="276" w="3198" /><ent r="3" t="276" w="3208" /><ent r="3" t="276" w="3208" /><ent r="3" t="276" w="3234" /><ent r="3" t="276" w="3234" /><ent r="3" t="276" w="3248" /><ent r="3" t="276" w="3248" /><ent r="3" t="276" w="3256" /><ent r="3" t="276" w="3256" /><ent r="1000" t="280" w="1" /><ent r="1000" t="280" w="1" /><ent r="92" t="280" w="4" /><ent r="92" t="280" w="4" /><ent r="3" t="280" w="15" /><ent r="3" t="280" w="15" /><ent r="3" t="280" w="19" /><ent r="3" t="280" w="19" /><ent r="3" t="280" w="32" /><ent r="3" t="280" w="32" /><ent r="1000" t="281" w="1" /><ent r="1000" t="281" w="1" /><ent r="82" t="281" w="4" /><ent r="82" t="281" w="4" /><ent r="3" t="281" w="15" /><ent r="3" t="281" w="15" /><ent r="3" t="281" w="26" /><ent r="3" t="281" w="26" /><ent r="3" t="281" w="36" /><ent r="3" t="281" w="36" /><ent r="3" t="281" w="63" /><ent r="3" t="281" w="63" /><ent r="3" t="281" w="89" /><ent r="3" t="281" w="89" /><ent r="3" t="281" w="111" /><ent r="3" t="281" w="111" /><ent r="3" t="281" w="131" /><ent r="3" t="281" w="131" /><ent r="3" t="281" w="146" /><ent r="3" t="281" w="146" /><ent r="3" t="281" w="151" /><ent r="3" t="281" w="151" /><ent r="3" t="281" w="210" /><ent r="3" t="281" w="210" /><ent r="3" t="281" w="221" /><ent r="3" t="281" w="221" /><ent r="3" t="281" w="256" /><ent r="3" t="281" w="256" /><ent r="3" t="281" w="283" /><ent r="3" t="281" w="283" /><ent r="3" t="281" w="309" /><ent r="3" t="281" w="309" /><ent r="3" t="281" w="340" /><ent r="3" t="281" w="340" /><ent r="3" t="281" w="376" /><ent r="3" t="281" w="376" /><ent r="3" t="281" w="407" /><ent r="3" t="281" w="407" /><ent r="1000" t="282" w="1" /><ent r="1000" t="282" w="1" /><ent r="82" t="282" w="4" /><ent r="82" t="282" w="4" /><ent r="3" t="282" w="17" /><ent r="3" t="282" w="17" /><ent r="3" t="282" w="26" /><ent r="3" t="282" w="26" /><ent r="3" t="282" w="36" /><ent r="3" t="282" w="36" /><ent r="5" t="282" w="77" /><ent r="5" t="282" w="77" /><ent r="5" t="282" w="97" /><ent r="5" t="282" w="97" /><ent r="4" t="282" w="116" /><ent r="4" t="282" w="116" /><ent r="3" t="282" w="126" /><ent r="3" t="282" w="126" /><ent r="5" t="282" w="160" /><ent r="5" t="282" w="160" /><ent r="5" t="282" w="174" /><ent r="5" t="282" w="174" /><ent r="5" t="282" w="217" /><ent r="5" t="282" w="217" /><ent r="4" t="282" w="238" /><ent r="4" t="282" w="238" /><ent r="3" t="282" w="245" /><ent r="3" t="282" w="245" /><ent r="5" t="282" w="254" /><ent r="5" t="282" w="254" /><ent r="5" t="282" w="275" /><ent r="5" t="282" w="275" /><ent r="5" t="282" w="373" /><ent r="5" t="282" w="373" /><ent r="3" t="282" w="400" /><ent r="3" t="282" w="400" /><ent r="3" t="282" w="417" /><ent r="3" t="282" w="417" /><ent r="3" t="282" w="430" /><ent r="3" t="282" w="430" /><ent r="3" t="282" w="476" /><ent r="3" t="282" w="476" /><ent r="3" t="282" w="497" /><ent r="3" t="282" w="551" /><ent r="3" t="282" w="551" /><ent r="3" t="282" w="558" /><ent r="3" t="282" w="558" /><ent r="3" t="282" w="582" /><ent r="3" t="282" w="582" /><ent r="3" t="282" w="600" /><ent r="3" t="282" w="600" /><ent r="3" t="282" w="618" /><ent r="3" t="282" w="618" /><ent r="3" t="282" w="626" /><ent r="3" t="282" w="626" /><ent r="1000" t="283" w="1" /><ent r="1000" t="283" w="1" /><ent r="82" t="283" w="4" /><ent r="82" t="283" w="4" /><ent r="3" t="283" w="13" /><ent r="3" t="283" w="13" /><ent r="3" t="283" w="23" /><ent r="3" t="283" w="27" /><ent r="3" t="283" w="27" /><ent r="3" t="283" w="29" /><ent r="3" t="283" w="29" /><ent r="3" t="283" w="48" /><ent r="3" t="283" w="48" /><ent r="3" t="283" w="101" /><ent r="3" t="283" w="101" /><ent r="4" t="283" w="135" /><ent r="1000" t="284" w="1" /><ent r="1000" t="284" w="1" /><ent r="82" t="284" w="4" /><ent r="82" t="284" w="4" /><ent r="3" t="284" w="17" /><ent r="3" t="284" w="17" /><ent r="72" t="284" w="23" /><ent r="72" t="284" w="23" /><ent r="3" t="284" w="29" /><ent r="3" t="284" w="29" /><ent r="64" t="284" w="44" /><ent r="64" t="284" w="44" /><ent r="5" t="284" w="53" /><ent r="5" t="284" w="53" /><ent r="5" t="284" w="58" /><ent r="5" t="284" w="58" /><ent r="5" t="284" w="97" /><ent r="5" t="284" w="97" /><ent r="5" t="284" w="106" /><ent r="5" t="284" w="106" /><ent r="5" t="284" w="112" /><ent r="5" t="284" w="112" /><ent r="5" t="284" w="121" /><ent r="5" t="284" w="121" /><ent r="5" t="284" w="129" /><ent r="5" t="284" w="129" /><ent r="5" t="284" w="137" /><ent r="5" t="284" w="137" /><ent r="64" t="284" w="153" /><ent r="64" t="284" w="153" /><ent r="5" t="284" w="160" /><ent r="5" t="284" w="160" /><ent r="5" t="284" w="165" /><ent r="5" t="284" w="165" /><ent r="5" t="284" w="204" /><ent r="5" t="284" w="204" /><ent r="5" t="284" w="213" /><ent r="5" t="284" w="213" /><ent r="5" t="284" w="219" /><ent r="5" t="284" w="219" /><ent r="5" t="284" w="228" /><ent r="5" t="284" w="228" /><ent r="5" t="284" w="236" /><ent r="5" t="284" w="236" /><ent r="5" t="284" w="244" /><ent r="5" t="284" w="244" /><ent r="3" t="284" w="325" /><ent r="3" t="284" w="325" /><ent r="3" t="284" w="340" /><ent r="3" t="284" w="340" /><ent r="3" t="284" w="364" /><ent r="3" t="284" w="364" /><ent r="3" t="284" w="371" /><ent r="3" t="284" w="371" /><ent r="3" t="284" w="378" /><ent r="3" t="284" w="378" /><ent r="3" t="284" w="423" /><ent r="3" t="284" w="423" /><ent r="3" t="284" w="431" /><ent r="3" t="284" w="431" /><ent r="64" t="284" w="440" /><ent r="64" t="284" w="440" /><ent r="3" t="284" w="452" /><ent r="3" t="284" w="452" /><ent r="3" t="284" w="460" /><ent r="3" t="284" w="460" /><ent r="3" t="284" w="486" /><ent r="3" t="284" w="486" /><ent r="3" t="284" w="527" /><ent r="3" t="284" w="527" /><ent r="3" t="284" w="558" /><ent r="3" t="284" w="558" /><ent r="4" t="284" w="585" /><ent r="4" t="284" w="585" /><ent r="3" t="284" w="598" /><ent r="3" t="284" w="598" /><ent r="3" t="284" w="636" /><ent r="3" t="284" w="636" /><ent r="3" t="284" w="651" /><ent r="3" t="284" w="651" /><ent r="3" t="284" w="720" /><ent r="3" t="284" w="720" /><ent r="3" t="284" w="734" /><ent r="3" t="284" w="734" /><ent r="3" t="284" w="750" /><ent r="3" t="284" w="750" /><ent r="4" t="284" w="788" /><ent r="4" t="284" w="788" /><ent r="5" t="284" w="813" /><ent r="5" t="284" w="813" /><ent r="5" t="284" w="971" /><ent r="5" t="284" w="971" /><ent r="6" t="284" w="1098" /><ent r="6" t="284" w="1098" /><ent r="3" t="284" w="1176" /><ent r="3" t="284" w="1176" /><ent r="3" t="284" w="1183" /><ent r="3" t="284" w="1183" /><ent r="3" t="284" w="1191" /><ent r="3" t="284" w="1191" /><ent r="64" t="284" w="1211" /><ent r="64" t="284" w="1211" /><ent r="3" t="284" w="1270" /><ent r="4" t="284" w="1288" /><ent r="4" t="284" w="1288" /><ent r="3" t="284" w="1301" /><ent r="3" t="284" w="1301" /><ent r="3" t="284" w="1338" /><ent r="3" t="284" w="1338" /><ent r="5" t="284" w="1354" /><ent r="5" t="284" w="1354" /><ent r="5" t="284" w="1369" /><ent r="5" t="284" w="1369" /><ent r="5" t="284" w="1386" /><ent r="5" t="284" w="1386" /><ent r="5" t="284" w="1398" /><ent r="5" t="284" w="1398" /><ent r="5" t="284" w="1410" /><ent r="5" t="284" w="1410" /><ent r="5" t="284" w="1419" /><ent r="5" t="284" w="1419" /><ent r="5" t="284" w="1428" /><ent r="5" t="284" w="1428" /><ent r="5" t="284" w="1438" /><ent r="5" t="284" w="1438" /><ent r="5" t="284" w="1451" /><ent r="5" t="284" w="1451" /><ent r="3" t="284" w="1470" /><ent r="3" t="284" w="1470" /><ent r="3" t="284" w="1482" /><ent r="3" t="284" w="1482" /><ent r="3" t="284" w="1493" /><ent r="3" t="284" w="1493" /><ent r="3" t="284" w="1504" /><ent r="3" t="284" w="1504" /><ent r="3" t="284" w="1525" /><ent r="3" t="284" w="1525" /><ent r="3" t="334" w="573" /><ent r="3" t="334" w="573" /><ent r="8" t="351" w="543" /><ent r="8" t="351" w="543" /><ent r="6" t="356" w="86" /><ent r="6" t="356" w="86" /><ent r="6" t="357" w="61" /><ent r="6" t="357" w="61" /><ent r="4" t="425" w="33" /><ent r="4" t="425" w="33" /><ent r="7" t="433" w="235" /><ent r="7" t="433" w="235" /><ent r="7" t="433" w="243" /><ent r="7" t="433" w="243" /><ent r="7" t="433" w="245" /><ent r="7" t="433" w="245" /><ent r="7" t="438" w="149" /><ent r="7" t="438" w="149" /><ent r="7" t="438" w="199" /><ent r="7" t="438" w="199" /><ent r="7" t="438" w="207" /><ent r="7" t="438" w="207" /><ent r="7" t="439" w="313" /><ent r="7" t="439" w="313" /><ent r="7" t="439" w="324" /><ent r="7" t="439" w="324" /><ent r="7" t="439" w="334" /><ent r="7" t="439" w="334" /><ent r="7" t="443" w="298" /><ent r="7" t="443" w="298" /><ent r="7" t="475" w="132" /><ent r="7" t="475" w="132" /><ent r="7" t="475" w="148" /><ent r="7" t="475" w="148" /><ent r="9" t="475" w="255" /><ent r="9" t="475" w="255" /><ent r="7" t="477" w="303" /><ent r="7" t="477" w="303" /><ent r="9" t="477" w="510" /><ent r="9" t="477" w="510" /><ent r="7" t="487" w="259" /><ent r="7" t="487" w="259" /><ent r="7" t="487" w="267" /><ent r="7" t="487" w="267" /><ent r="7" t="487" w="269" /><ent r="7" t="487" w="269" /><ent r="7" t="489" w="257" /><ent r="7" t="489" w="257" /><ent r="7" t="489" w="263" /><ent r="7" t="489" w="263" /><ent r="7" t="490" w="201" /><ent r="7" t="490" w="201" /><ent r="7" t="490" w="207" /><ent r="7" t="490" w="207" /><ent r="7" t="492" w="176" /><ent r="7" t="492" w="176" /><ent r="7" t="492" w="182" /><ent r="7" t="492" w="182" /><ent r="7" t="493" w="203" /><ent r="7" t="493" w="203" /><ent r="7" t="493" w="209" /><ent r="7" t="493" w="209" /></phr><phr n="Omnistar"><ent r="8" t="210" w="192" /><ent r="8" t="210" w="192" /><ent r="3" t="283" w="62" /><ent r="3" t="283" w="62" /><ent r="3" t="399" w="2906" /><ent r="3" t="399" w="2906" /></phr><phr n="OMNISTAR"><ent r="66" t="276" w="359" /><ent r="66" t="276" w="359" /><ent r="66" t="276" w="465" /><ent r="66" t="276" w="465" /><ent r="66" t="276" w="1420" /><ent r="66" t="276" w="1420" /><ent r="66" t="276" w="1627" /><ent r="66" t="276" w="1627" /><ent r="66" t="276" w="1761" /><ent r="66" t="276" w="1761" /><ent r="66" t="276" w="1833" /><ent r="66" t="276" w="1833" /></phr><phr n="omnistar"><ent r="64" t="280" w="46" /><ent r="4" t="404" w="1014" /></phr></stem></index>