<?xml version="1.0" encoding="utf-8"?><index><!-- saved from url=(0016)http://localhost -->
<stem n="cmr"><phr n="CMR"><ent r="3" t="9" w="60" /><ent r="3" t="9" w="68" /><ent r="3" t="9" w="68" /><ent r="3" t="12" w="221" /><ent r="3" t="12" w="221" /><ent r="6" t="14" w="137" /><ent r="4" t="14" w="221" /><ent r="6" t="20" w="83" /><ent r="6" t="20" w="101" /><ent r="6" t="45" w="137" /><ent r="4" t="45" w="221" /><ent r="6" t="51" w="83" /><ent r="6" t="51" w="101" /><ent r="6" t="70" w="189" /><ent r="4" t="70" w="278" /><ent r="6" t="75" w="114" /><ent r="6" t="75" w="132" /><ent r="6" t="96" w="183" /><ent r="6" t="96" w="183" /><ent r="5" t="96" w="243" /><ent r="7" t="102" w="83" /><ent r="7" t="102" w="101" /><ent r="6" t="125" w="187" /><ent r="6" t="125" w="187" /><ent r="5" t="125" w="273" /><ent r="4" t="148" w="163" /><ent r="6" t="154" w="77" /><ent r="6" t="154" w="95" /><ent r="3" t="163" w="110" /><ent r="3" t="163" w="110" /><ent r="4" t="164" w="241" /><ent r="4" t="164" w="241" /><ent r="6" t="168" w="90" /><ent r="6" t="168" w="106" /><ent r="6" t="173" w="130" /><ent r="6" t="173" w="130" /><ent r="4" t="173" w="209" /><ent r="6" t="179" w="85" /><ent r="6" t="179" w="103" /><ent r="6" t="199" w="200" /><ent r="4" t="199" w="285" /><ent r="6" t="205" w="85" /><ent r="6" t="205" w="103" /><ent r="6" t="224" w="208" /><ent r="4" t="224" w="293" /><ent r="4" t="226" w="187" /><ent r="4" t="226" w="187" /><ent r="6" t="231" w="85" /><ent r="6" t="231" w="103" /><ent r="7" t="235" w="568" /><ent r="7" t="235" w="589" /><ent r="7" t="235" w="589" /><ent r="7" t="235" w="2998" /><ent r="4" t="240" w="299" /><ent r="4" t="240" w="299" /><ent r="3" t="240" w="308" /><ent r="3" t="240" w="308" /><ent r="4" t="240" w="326" /><ent r="4" t="240" w="326" /><ent r="3" t="240" w="336" /><ent r="3" t="240" w="336" /><ent r="4" t="240" w="353" /><ent r="4" t="240" w="353" /><ent r="3" t="240" w="362" /><ent r="3" t="240" w="362" /><ent r="4" t="240" w="382" /><ent r="4" t="240" w="382" /><ent r="3" t="240" w="392" /><ent r="3" t="240" w="392" /><ent r="4" t="240" w="414" /><ent r="4" t="240" w="414" /><ent r="7" t="242" w="879" /><ent r="7" t="242" w="879" /><ent r="54" t="263" w="202" /><ent r="54" t="263" w="202" /><ent r="54" t="263" w="253" /><ent r="54" t="263" w="253" /><ent r="4" t="263" w="342" /><ent r="4" t="263" w="342" /><ent r="3" t="263" w="350" /><ent r="3" t="263" w="350" /><ent r="4" t="263" w="434" /><ent r="4" t="263" w="434" /><ent r="3" t="263" w="442" /><ent r="3" t="263" w="442" /><ent r="54" t="264" w="215" /><ent r="54" t="264" w="215" /><ent r="54" t="264" w="282" /><ent r="54" t="264" w="282" /><ent r="3" t="265" w="32" /><ent r="3" t="265" w="32" /><ent r="4" t="265" w="45" /><ent r="4" t="265" w="45" /><ent r="3" t="265" w="53" /><ent r="3" t="265" w="53" /><ent r="5" t="269" w="161" /><ent r="5" t="269" w="161" /><ent r="4" t="269" w="217" /><ent r="4" t="269" w="217" /><ent r="3" t="269" w="227" /><ent r="3" t="269" w="227" /><ent r="5" t="270" w="356" /><ent r="5" t="270" w="356" /><ent r="5" t="270" w="391" /><ent r="5" t="270" w="391" /><ent r="5" t="270" w="407" /><ent r="5" t="270" w="407" /><ent r="5" t="270" w="425" /><ent r="5" t="270" w="425" /><ent r="5" t="270" w="434" /><ent r="5" t="270" w="434" /><ent r="5" t="270" w="456" /><ent r="5" t="270" w="456" /><ent r="3" t="270" w="485" /><ent r="3" t="270" w="485" /><ent r="5" t="271" w="273" /><ent r="5" t="271" w="273" /><ent r="5" t="271" w="293" /><ent r="5" t="271" w="293" /><ent r="3" t="274" w="36" /><ent r="66" t="276" w="343" /><ent r="66" t="276" w="343" /><ent r="66" t="276" w="449" /><ent r="66" t="276" w="449" /><ent r="66" t="276" w="1416" /><ent r="66" t="276" w="1416" /><ent r="66" t="276" w="1620" /><ent r="66" t="276" w="1620" /><ent r="66" t="276" w="1745" /><ent r="66" t="276" w="1745" /><ent r="66" t="276" w="1817" /><ent r="66" t="276" w="1817" /><ent r="3" t="276" w="1844" /><ent r="66" t="276" w="1893" /><ent r="66" t="276" w="1893" /><ent r="72" t="276" w="1899" /><ent r="72" t="276" w="1899" /><ent r="3" t="276" w="1908" /><ent r="3" t="276" w="1908" /><ent r="4" t="276" w="1919" /><ent r="4" t="276" w="1919" /><ent r="3" t="276" w="1923" /><ent r="3" t="276" w="1923" /><ent r="4" t="276" w="1959" /><ent r="4" t="276" w="1959" /><ent r="3" t="276" w="1964" /><ent r="3" t="276" w="1964" /><ent r="3" t="276" w="2003" /><ent r="3" t="276" w="2003" /><ent r="3" t="276" w="2041" /><ent r="3" t="276" w="2041" /><ent r="3" t="297" w="59" /><ent r="3" t="297" w="59" /><ent r="3" t="297" w="62" /><ent r="3" t="297" w="62" /><ent r="3" t="334" w="427" /><ent r="3" t="334" w="427" /><ent r="3" t="334" w="432" /><ent r="3" t="334" w="432" /><ent r="3" t="334" w="620" /><ent r="3" t="334" w="620" /><ent r="3" t="334" w="627" /><ent r="3" t="334" w="627" /><ent r="6" t="365" w="233" /><ent r="6" t="365" w="233" /><ent r="6" t="365" w="246" /><ent r="6" t="365" w="246" /><ent r="6" t="365" w="346" /><ent r="3" t="372" w="342" /><ent r="6" t="372" w="356" /><ent r="6" t="372" w="356" /><ent r="7" t="372" w="371" /><ent r="7" t="372" w="371" /><ent r="7" t="372" w="382" /><ent r="7" t="372" w="382" /><ent r="7" t="372" w="391" /><ent r="7" t="372" w="391" /><ent r="6" t="372" w="1044" /><ent r="6" t="372" w="1044" /><ent r="5" t="398" w="256" /><ent r="5" t="398" w="256" /><ent r="5" t="398" w="544" /><ent r="5" t="398" w="544" /><ent r="5" t="398" w="786" /><ent r="5" t="398" w="786" /><ent r="5" t="398" w="936" /><ent r="5" t="398" w="936" /><ent r="5" t="398" w="956" /><ent r="5" t="398" w="956" /><ent r="5" t="398" w="962" /><ent r="5" t="398" w="962" /><ent r="5" t="398" w="1000" /><ent r="5" t="398" w="1000" /><ent r="5" t="398" w="1537" /><ent r="5" t="398" w="1537" /><ent r="5" t="398" w="1995" /><ent r="5" t="398" w="1995" /><ent r="5" t="398" w="2138" /><ent r="5" t="398" w="2138" /><ent r="5" t="398" w="2158" /><ent r="5" t="398" w="2158" /><ent r="5" t="398" w="2164" /><ent r="5" t="398" w="2164" /><ent r="5" t="398" w="2171" /><ent r="5" t="398" w="2171" /><ent r="5" t="398" w="2413" /><ent r="5" t="398" w="2413" /><ent r="3" t="400" w="870" /><ent r="3" t="402" w="31" /><ent r="3" t="402" w="31" /><ent r="3" t="402" w="129" /><ent r="3" t="402" w="171" /><ent r="3" t="402" w="171" /><ent r="3" t="402" w="218" /><ent r="3" t="402" w="390" /><ent r="3" t="402" w="390" /><ent r="3" t="402" w="883" /><ent r="3" t="402" w="883" /><ent r="72" t="402" w="1059" /><ent r="72" t="402" w="1059" /><ent r="72" t="402" w="1063" /><ent r="72" t="402" w="1063" /><ent r="3" t="402" w="1070" /><ent r="3" t="402" w="1070" /><ent r="3" t="402" w="1082" /><ent r="3" t="402" w="1082" /><ent r="3" t="402" w="1090" /><ent r="3" t="402" w="1090" /><ent r="3" t="402" w="1103" /><ent r="3" t="402" w="1103" /><ent r="3" t="402" w="1114" /><ent r="3" t="402" w="1114" /><ent r="3" t="402" w="1126" /><ent r="3" t="402" w="1140" /><ent r="3" t="402" w="1155" /><ent r="3" t="402" w="1220" /><ent r="3" t="402" w="1220" /><ent r="3" t="402" w="1233" /><ent r="3" t="402" w="1233" /><ent r="3" t="402" w="1254" /><ent r="3" t="402" w="1283" /><ent r="3" t="402" w="1283" /><ent r="3" t="402" w="1296" /><ent r="3" t="402" w="1296" /><ent r="3" t="402" w="1305" /><ent r="3" t="402" w="1336" /><ent r="4" t="402" w="1462" /><ent r="4" t="402" w="1478" /><ent r="4" t="402" w="1481" /><ent r="72" t="402" w="1571" /><ent r="72" t="402" w="1571" /><ent r="3" t="402" w="1591" /><ent r="72" t="402" w="1678" /><ent r="72" t="402" w="1678" /><ent r="3" t="402" w="1687" /><ent r="3" t="402" w="1687" /><ent r="72" t="402" w="1722" /><ent r="72" t="402" w="1722" /><ent r="3" t="402" w="1739" /><ent r="72" t="402" w="1837" /><ent r="72" t="402" w="1837" /><ent r="3" t="402" w="1851" /><ent r="3" t="402" w="1851" /><ent r="7" t="447" w="210" /><ent r="7" t="447" w="210" /></phr></stem><stem n="format"><phr n="format"><ent r="3" t="9" w="61" /><ent r="3" t="9" w="61" /><ent r="3" t="9" w="69" /><ent r="3" t="9" w="69" /><ent r="3" t="26" w="27" /><ent r="3" t="26" w="27" /><ent r="3" t="26" w="35" /><ent r="3" t="26" w="35" /><ent r="3" t="58" w="27" /><ent r="3" t="58" w="27" /><ent r="3" t="58" w="35" /><ent r="3" t="58" w="35" /><ent r="3" t="109" w="27" /><ent r="3" t="109" w="27" /><ent r="3" t="109" w="35" /><ent r="3" t="109" w="35" /><ent r="3" t="163" w="140" /><ent r="3" t="163" w="140" /><ent r="3" t="183" w="27" /><ent r="3" t="183" w="27" /><ent r="3" t="183" w="35" /><ent r="3" t="183" w="35" /><ent r="3" t="209" w="27" /><ent r="3" t="209" w="27" /><ent r="3" t="209" w="35" /><ent r="3" t="209" w="35" /><ent r="3" t="225" w="125" /><ent r="3" t="225" w="125" /><ent r="7" t="235" w="367" /><ent r="7" t="235" w="373" /><ent r="7" t="235" w="373" /><ent r="7" t="235" w="578" /><ent r="7" t="235" w="578" /><ent r="7" t="235" w="606" /><ent r="7" t="235" w="606" /><ent r="7" t="235" w="1643" /><ent r="7" t="235" w="2988" /><ent r="7" t="235" w="2988" /><ent r="3" t="240" w="760" /><ent r="3" t="240" w="760" /><ent r="3" t="240" w="810" /><ent r="3" t="242" w="1815" /><ent r="3" t="242" w="1815" /><ent r="3" t="245" w="226" /><ent r="3" t="245" w="226" /><ent r="3" t="259" w="38" /><ent r="5" t="271" w="241" /><ent r="5" t="271" w="317" /><ent r="3" t="276" w="1859" /><ent r="3" t="276" w="1859" /><ent r="3" t="276" w="2047" /><ent r="3" t="296" w="195" /><ent r="3" t="296" w="195" /><ent r="3" t="319" w="38" /><ent r="3" t="319" w="38" /><ent r="3" t="319" w="79" /><ent r="3" t="319" w="79" /><ent r="3" t="319" w="93" /><ent r="3" t="319" w="93" /><ent r="3" t="319" w="124" /><ent r="1000" t="320" w="2" /><ent r="1000" t="320" w="2" /><ent r="92" t="320" w="5" /><ent r="92" t="320" w="5" /><ent r="3" t="320" w="65" /><ent r="3" t="320" w="65" /><ent r="3" t="320" w="81" /><ent r="3" t="320" w="81" /><ent r="3" t="320" w="102" /><ent r="3" t="320" w="102" /><ent r="1000" t="323" w="3" /><ent r="1000" t="323" w="3" /><ent r="92" t="323" w="8" /><ent r="92" t="323" w="8" /><ent r="3" t="323" w="306" /><ent r="3" t="324" w="24" /><ent r="3" t="324" w="24" /><ent r="1000" t="326" w="3" /><ent r="1000" t="326" w="3" /><ent r="92" t="326" w="9" /><ent r="92" t="326" w="9" /><ent r="3" t="326" w="18" /><ent r="3" t="326" w="18" /><ent r="3" t="327" w="15" /><ent r="3" t="327" w="31" /><ent r="3" t="327" w="63" /><ent r="3" t="327" w="63" /><ent r="3" t="329" w="292" /><ent r="3" t="329" w="292" /><ent r="3" t="329" w="337" /><ent r="3" t="329" w="337" /><ent r="3" t="329" w="380" /><ent r="3" t="329" w="380" /><ent r="3" t="329" w="425" /><ent r="3" t="329" w="425" /><ent r="3" t="333" w="34" /><ent r="3" t="339" w="66" /><ent r="3" t="339" w="66" /><ent r="3" t="340" w="53" /><ent r="3" t="340" w="53" /><ent r="3" t="347" w="34" /><ent r="3" t="347" w="34" /><ent r="3" t="347" w="37" /><ent r="3" t="347" w="77" /><ent r="7" t="347" w="260" /><ent r="7" t="347" w="260" /><ent r="7" t="347" w="274" /><ent r="7" t="347" w="274" /><ent r="3" t="348" w="133" /><ent r="3" t="348" w="133" /><ent r="8" t="348" w="546" /><ent r="8" t="348" w="546" /><ent r="10" t="348" w="732" /><ent r="3" t="349" w="46" /><ent r="3" t="349" w="46" /><ent r="7" t="349" w="413" /><ent r="3" t="350" w="46" /><ent r="3" t="350" w="46" /><ent r="3" t="359" w="61" /><ent r="3" t="359" w="560" /><ent r="3" t="359" w="585" /><ent r="3" t="359" w="585" /><ent r="69" t="360" w="223" /><ent r="69" t="360" w="223" /><ent r="1000" t="364" w="4" /><ent r="1000" t="364" w="4" /><ent r="92" t="364" w="10" /><ent r="92" t="364" w="10" /><ent r="3" t="364" w="18" /><ent r="3" t="364" w="18" /><ent r="3" t="364" w="56" /><ent r="3" t="364" w="56" /><ent r="3" t="364" w="230" /><ent r="3" t="364" w="230" /><ent r="6" t="364" w="366" /><ent r="6" t="364" w="376" /><ent r="6" t="364" w="386" /><ent r="3" t="380" w="83" /><ent r="3" t="380" w="83" /><ent r="3" t="380" w="88" /><ent r="3" t="380" w="88" /><ent r="3" t="386" w="72" /><ent r="82" t="390" w="547" /><ent r="82" t="390" w="547" /><ent r="3" t="393" w="65" /><ent r="3" t="395" w="27" /><ent r="3" t="395" w="27" /><ent r="3" t="396" w="299" /><ent r="1000" t="397" w="7" /><ent r="82" t="397" w="15" /><ent r="3" t="397" w="23" /><ent r="3" t="397" w="38" /><ent r="3" t="397" w="74" /><ent r="3" t="397" w="447" /><ent r="3" t="397" w="447" /><ent r="3" t="397" w="492" /><ent r="3" t="397" w="492" /><ent r="3" t="397" w="581" /><ent r="3" t="397" w="581" /><ent r="3" t="397" w="626" /><ent r="3" t="397" w="626" /><ent r="5" t="398" w="2093" /><ent r="3" t="402" w="179" /><ent r="3" t="402" w="179" /><ent r="67" t="410" w="13" /><ent r="67" t="410" w="13" /><ent r="67" t="410" w="21" /><ent r="67" t="410" w="21" /><ent r="67" t="416" w="20" /><ent r="67" t="416" w="20" /><ent r="4" t="418" w="28" /><ent r="3" t="421" w="358" /><ent r="3" t="421" w="452" /><ent r="5" t="422" w="1156" /><ent r="5" t="422" w="1156" /><ent r="5" t="422" w="1164" /><ent r="5" t="427" w="398" /><ent r="5" t="427" w="398" /><ent r="7" t="443" w="171" /><ent r="7" t="476" w="65" /><ent r="7" t="476" w="65" /><ent r="7" t="476" w="88" /><ent r="7" t="476" w="88" /><ent r="7" t="476" w="112" /><ent r="7" t="476" w="112" /><ent r="7" t="482" w="271" /><ent r="7" t="482" w="271" /><ent r="7" t="482" w="286" /><ent r="7" t="482" w="286" /><ent r="7" t="482" w="301" /><ent r="7" t="482" w="301" /><ent r="7" t="485" w="124" /><ent r="7" t="485" w="138" /><ent r="7" t="487" w="114" /><ent r="7" t="487" w="141" /><ent r="7" t="489" w="80" /><ent r="7" t="489" w="107" /><ent r="7" t="492" w="68" /><ent r="7" t="492" w="68" /><ent r="7" t="492" w="75" /><ent r="7" t="492" w="75" /><ent r="7" t="493" w="94" /><ent r="7" t="493" w="94" /><ent r="7" t="493" w="101" /><ent r="7" t="493" w="101" /><ent r="3" t="498" w="30" /><ent r="3" t="498" w="30" /><ent r="3" t="498" w="62" /><ent r="5" t="501" w="187" /><ent r="5" t="501" w="187" /></phr><phr n="Format"><ent r="6" t="15" w="120" /><ent r="6" t="15" w="120" /><ent r="6" t="46" w="120" /><ent r="6" t="46" w="120" /><ent r="6" t="97" w="120" /><ent r="6" t="97" w="120" /><ent r="6" t="126" w="120" /><ent r="6" t="126" w="120" /><ent r="6" t="149" w="120" /><ent r="6" t="149" w="120" /><ent r="4" t="164" w="400" /><ent r="4" t="164" w="400" /><ent r="6" t="174" w="120" /><ent r="6" t="174" w="120" /><ent r="6" t="200" w="120" /><ent r="6" t="200" w="120" /><ent r="4" t="226" w="370" /><ent r="4" t="226" w="370" /><ent r="7" t="235" w="1638" /><ent r="3" t="276" w="3060" /><ent r="3" t="319" w="71" /><ent r="3" t="319" w="71" /><ent r="3" t="323" w="95" /><ent r="3" t="323" w="95" /><ent r="3" t="323" w="119" /><ent r="3" t="323" w="119" /><ent r="3" t="348" w="58" /><ent r="3" t="348" w="58" /><ent r="3" t="348" w="67" /><ent r="70" t="348" w="619" /><ent r="70" t="348" w="619" /><ent r="70" t="348" w="633" /><ent r="70" t="348" w="633" /><ent r="1000" t="349" w="13" /><ent r="1000" t="349" w="13" /><ent r="92" t="349" w="27" /><ent r="92" t="349" w="27" /><ent r="65" t="349" w="71" /><ent r="65" t="349" w="71" /><ent r="6" t="349" w="83" /><ent r="6" t="349" w="83" /><ent r="7" t="349" w="96" /><ent r="1000" t="350" w="13" /><ent r="1000" t="350" w="13" /><ent r="92" t="350" w="27" /><ent r="92" t="350" w="27" /><ent r="65" t="350" w="71" /><ent r="65" t="350" w="71" /><ent r="6" t="350" w="83" /><ent r="6" t="350" w="83" /><ent r="7" t="350" w="96" /><ent r="3" t="359" w="59" /><ent r="3" t="359" w="59" /><ent r="6" t="364" w="91" /><ent r="6" t="364" w="91" /><ent r="6" t="372" w="1685" /><ent r="6" t="372" w="1685" /><ent r="6" t="390" w="1134" /><ent r="6" t="390" w="1134" /><ent r="3" t="395" w="18" /><ent r="3" t="395" w="18" /><ent r="1000" t="396" w="6" /><ent r="1000" t="396" w="6" /><ent r="82" t="396" w="13" /><ent r="82" t="396" w="13" /><ent r="5" t="398" w="865" /><ent r="5" t="398" w="1393" /><ent r="5" t="398" w="2064" /><ent r="5" t="398" w="2269" /><ent r="3" t="399" w="22" /><ent r="3" t="399" w="22" /><ent r="1000" t="410" w="3" /><ent r="1000" t="410" w="3" /><ent r="102" t="410" w="8" /><ent r="102" t="410" w="8" /><ent r="4" t="410" w="31" /><ent r="4" t="410" w="31" /><ent r="1000" t="418" w="3" /><ent r="1000" t="418" w="3" /><ent r="102" t="418" w="7" /><ent r="102" t="418" w="7" /></phr><phr n="formats"><ent r="7" t="235" w="408" /><ent r="7" t="235" w="2376" /><ent r="7" t="235" w="2376" /><ent r="7" t="235" w="3000" /><ent r="3" t="329" w="24" /><ent r="3" t="329" w="26" /><ent r="3" t="329" w="26" /><ent r="3" t="397" w="182" /><ent r="3" t="397" w="184" /><ent r="3" t="397" w="184" /><ent r="3" t="402" w="128" /><ent r="3" t="421" w="320" /><ent r="3" t="421" w="320" /><ent r="5" t="422" w="1212" /><ent r="5" t="422" w="1212" /></phr><phr n="formatting"><ent r="3" t="399" w="400" /></phr></stem><stem n="rtcm"><phr n="RTCM"><ent r="3" t="9" w="64" /><ent r="3" t="12" w="223" /><ent r="3" t="12" w="223" /><ent r="4" t="14" w="224" /><ent r="4" t="14" w="224" /><ent r="6" t="20" w="86" /><ent r="6" t="20" w="86" /><ent r="6" t="20" w="91" /><ent r="6" t="20" w="91" /><ent r="6" t="20" w="104" /><ent r="6" t="20" w="104" /><ent r="6" t="20" w="109" /><ent r="6" t="20" w="109" /><ent r="6" t="20" w="112" /><ent r="6" t="20" w="112" /><ent r="6" t="20" w="117" /><ent r="6" t="20" w="117" /><ent r="4" t="45" w="224" /><ent r="4" t="45" w="224" /><ent r="6" t="51" w="86" /><ent r="6" t="51" w="86" /><ent r="6" t="51" w="91" /><ent r="6" t="51" w="91" /><ent r="6" t="51" w="104" /><ent r="6" t="51" w="104" /><ent r="6" t="51" w="109" /><ent r="6" t="51" w="109" /><ent r="6" t="51" w="112" /><ent r="6" t="51" w="112" /><ent r="6" t="51" w="117" /><ent r="6" t="51" w="117" /><ent r="4" t="70" w="281" /><ent r="4" t="70" w="281" /><ent r="6" t="75" w="117" /><ent r="6" t="75" w="117" /><ent r="6" t="75" w="122" /><ent r="6" t="75" w="122" /><ent r="6" t="75" w="135" /><ent r="6" t="75" w="135" /><ent r="6" t="75" w="140" /><ent r="6" t="75" w="140" /><ent r="6" t="75" w="143" /><ent r="6" t="75" w="143" /><ent r="6" t="75" w="148" /><ent r="6" t="75" w="148" /><ent r="5" t="96" w="246" /><ent r="5" t="96" w="246" /><ent r="7" t="102" w="86" /><ent r="7" t="102" w="86" /><ent r="7" t="102" w="91" /><ent r="7" t="102" w="91" /><ent r="7" t="102" w="104" /><ent r="7" t="102" w="104" /><ent r="7" t="102" w="109" /><ent r="7" t="102" w="109" /><ent r="7" t="102" w="112" /><ent r="7" t="102" w="112" /><ent r="7" t="102" w="117" /><ent r="7" t="102" w="117" /><ent r="5" t="125" w="276" /><ent r="5" t="125" w="276" /><ent r="4" t="148" w="166" /><ent r="4" t="148" w="166" /><ent r="6" t="154" w="80" /><ent r="6" t="154" w="80" /><ent r="6" t="154" w="85" /><ent r="6" t="154" w="85" /><ent r="6" t="154" w="98" /><ent r="6" t="154" w="98" /><ent r="6" t="154" w="103" /><ent r="6" t="154" w="103" /><ent r="6" t="154" w="106" /><ent r="6" t="154" w="106" /><ent r="6" t="154" w="111" /><ent r="6" t="154" w="111" /><ent r="4" t="164" w="243" /><ent r="4" t="164" w="243" /><ent r="6" t="168" w="93" /><ent r="6" t="168" w="93" /><ent r="6" t="168" w="98" /><ent r="6" t="168" w="98" /><ent r="6" t="168" w="109" /><ent r="6" t="168" w="109" /><ent r="6" t="168" w="114" /><ent r="6" t="168" w="114" /><ent r="6" t="168" w="117" /><ent r="6" t="168" w="117" /><ent r="6" t="168" w="122" /><ent r="6" t="168" w="122" /><ent r="4" t="173" w="212" /><ent r="4" t="173" w="212" /><ent r="6" t="179" w="88" /><ent r="6" t="179" w="88" /><ent r="6" t="179" w="93" /><ent r="6" t="179" w="93" /><ent r="6" t="179" w="106" /><ent r="6" t="179" w="106" /><ent r="6" t="179" w="111" /><ent r="6" t="179" w="111" /><ent r="6" t="179" w="114" /><ent r="6" t="179" w="114" /><ent r="6" t="179" w="119" /><ent r="6" t="179" w="119" /><ent r="4" t="199" w="288" /><ent r="4" t="199" w="288" /><ent r="6" t="205" w="88" /><ent r="6" t="205" w="88" /><ent r="6" t="205" w="93" /><ent r="6" t="205" w="93" /><ent r="6" t="205" w="106" /><ent r="6" t="205" w="106" /><ent r="6" t="205" w="111" /><ent r="6" t="205" w="111" /><ent r="6" t="205" w="114" /><ent r="6" t="205" w="114" /><ent r="6" t="205" w="119" /><ent r="6" t="205" w="119" /><ent r="4" t="224" w="296" /><ent r="4" t="224" w="296" /><ent r="4" t="226" w="189" /><ent r="4" t="226" w="189" /><ent r="6" t="231" w="88" /><ent r="6" t="231" w="88" /><ent r="6" t="231" w="93" /><ent r="6" t="231" w="93" /><ent r="6" t="231" w="106" /><ent r="6" t="231" w="106" /><ent r="6" t="231" w="111" /><ent r="6" t="231" w="111" /><ent r="6" t="231" w="114" /><ent r="6" t="231" w="114" /><ent r="6" t="231" w="119" /><ent r="6" t="231" w="119" /><ent r="68" t="235" w="597" /><ent r="68" t="235" w="597" /><ent r="7" t="235" w="2157" /><ent r="7" t="235" w="2157" /><ent r="7" t="235" w="2391" /><ent r="7" t="235" w="2821" /><ent r="7" t="235" w="2821" /><ent r="7" t="235" w="2853" /><ent r="7" t="235" w="2853" /><ent r="7" t="235" w="2884" /><ent r="7" t="235" w="2884" /><ent r="7" t="235" w="2898" /><ent r="7" t="235" w="2898" /><ent r="68" t="235" w="3481" /><ent r="68" t="235" w="3481" /><ent r="4" t="240" w="486" /><ent r="4" t="240" w="486" /><ent r="3" t="240" w="495" /><ent r="3" t="240" w="495" /><ent r="4" t="240" w="516" /><ent r="4" t="240" w="516" /><ent r="3" t="240" w="525" /><ent r="3" t="240" w="525" /><ent r="4" t="240" w="548" /><ent r="4" t="240" w="548" /><ent r="3" t="240" w="558" /><ent r="3" t="240" w="558" /><ent r="4" t="240" w="571" /><ent r="4" t="240" w="571" /><ent r="3" t="240" w="581" /><ent r="3" t="240" w="581" /><ent r="4" t="240" w="798" /><ent r="4" t="240" w="798" /><ent r="3" t="240" w="803" /><ent r="3" t="240" w="803" /><ent r="7" t="242" w="394" /><ent r="7" t="242" w="394" /><ent r="54" t="263" w="204" /><ent r="54" t="263" w="255" /><ent r="4" t="263" w="392" /><ent r="4" t="263" w="392" /><ent r="3" t="263" w="402" /><ent r="3" t="263" w="402" /><ent r="4" t="263" w="413" /><ent r="4" t="263" w="413" /><ent r="3" t="263" w="423" /><ent r="3" t="263" w="423" /><ent r="54" t="264" w="217" /><ent r="54" t="264" w="284" /><ent r="3" t="265" w="30" /><ent r="3" t="265" w="30" /><ent r="4" t="265" w="63" /><ent r="4" t="265" w="63" /><ent r="3" t="265" w="73" /><ent r="3" t="265" w="73" /><ent r="4" t="265" w="85" /><ent r="4" t="265" w="85" /><ent r="3" t="265" w="95" /><ent r="3" t="265" w="95" /><ent r="4" t="268" w="239" /><ent r="4" t="268" w="239" /><ent r="3" t="268" w="249" /><ent r="3" t="268" w="249" /><ent r="5" t="269" w="165" /><ent r="5" t="269" w="165" /><ent r="5" t="269" w="186" /><ent r="5" t="269" w="186" /><ent r="5" t="269" w="189" /><ent r="5" t="269" w="189" /><ent r="4" t="269" w="249" /><ent r="4" t="269" w="249" /><ent r="3" t="269" w="259" /><ent r="3" t="269" w="259" /><ent r="5" t="270" w="393" /><ent r="5" t="270" w="393" /><ent r="3" t="274" w="37" /><ent r="3" t="274" w="38" /><ent r="3" t="275" w="162" /><ent r="3" t="275" w="162" /><ent r="66" t="276" w="345" /><ent r="66" t="276" w="345" /><ent r="66" t="276" w="348" /><ent r="66" t="276" w="451" /><ent r="66" t="276" w="451" /><ent r="66" t="276" w="454" /><ent r="66" t="276" w="1418" /><ent r="66" t="276" w="1418" /><ent r="66" t="276" w="1622" /><ent r="66" t="276" w="1622" /><ent r="66" t="276" w="1747" /><ent r="66" t="276" w="1747" /><ent r="66" t="276" w="1750" /><ent r="66" t="276" w="1819" /><ent r="66" t="276" w="1819" /><ent r="66" t="276" w="1822" /><ent r="72" t="276" w="2066" /><ent r="3" t="276" w="2075" /><ent r="3" t="276" w="2075" /><ent r="3" t="276" w="2102" /><ent r="3" t="276" w="2102" /><ent r="3" t="276" w="2132" /><ent r="3" t="276" w="2132" /><ent r="3" t="276" w="2137" /><ent r="3" t="276" w="2137" /><ent r="72" t="276" w="2194" /><ent r="72" t="276" w="2194" /><ent r="3" t="276" w="2203" /><ent r="3" t="276" w="2203" /><ent r="3" t="276" w="2219" /><ent r="3" t="276" w="2219" /><ent r="3" t="276" w="2235" /><ent r="3" t="276" w="2235" /><ent r="3" t="276" w="2252" /><ent r="3" t="276" w="2252" /><ent r="3" t="276" w="2273" /><ent r="3" t="276" w="2273" /><ent r="3" t="276" w="2293" /><ent r="3" t="276" w="2293" /><ent r="3" t="276" w="2316" /><ent r="3" t="276" w="2316" /><ent r="3" t="276" w="2369" /><ent r="3" t="276" w="2369" /><ent r="3" t="276" w="2423" /><ent r="3" t="276" w="2423" /><ent r="3" t="334" w="437" /><ent r="3" t="334" w="437" /><ent r="3" t="334" w="442" /><ent r="3" t="334" w="442" /><ent r="3" t="334" w="558" /><ent r="3" t="334" w="558" /><ent r="6" t="365" w="210" /><ent r="6" t="365" w="210" /><ent r="6" t="365" w="226" /><ent r="6" t="365" w="226" /><ent r="6" t="365" w="571" /><ent r="6" t="365" w="571" /><ent r="6" t="365" w="587" /><ent r="6" t="365" w="587" /><ent r="7" t="372" w="226" /><ent r="7" t="372" w="226" /><ent r="69" t="372" w="236" /><ent r="69" t="372" w="236" /><ent r="6" t="372" w="429" /><ent r="6" t="372" w="429" /><ent r="6" t="372" w="449" /><ent r="6" t="372" w="449" /><ent r="3" t="372" w="463" /><ent r="6" t="372" w="477" /><ent r="6" t="372" w="477" /><ent r="68" t="372" w="485" /><ent r="68" t="372" w="485" /><ent r="6" t="372" w="493" /><ent r="6" t="372" w="493" /><ent r="6" t="372" w="525" /><ent r="6" t="372" w="525" /><ent r="6" t="372" w="545" /><ent r="6" t="372" w="545" /><ent r="68" t="372" w="564" /><ent r="68" t="372" w="564" /><ent r="7" t="372" w="573" /><ent r="7" t="372" w="573" /><ent r="7" t="372" w="594" /><ent r="7" t="372" w="594" /><ent r="7" t="372" w="622" /><ent r="7" t="372" w="622" /><ent r="7" t="372" w="629" /><ent r="7" t="372" w="629" /><ent r="7" t="372" w="650" /><ent r="7" t="372" w="650" /><ent r="68" t="372" w="680" /><ent r="68" t="372" w="680" /><ent r="7" t="372" w="689" /><ent r="7" t="372" w="689" /><ent r="7" t="372" w="710" /><ent r="7" t="372" w="710" /><ent r="7" t="372" w="731" /><ent r="7" t="372" w="731" /><ent r="7" t="372" w="752" /><ent r="7" t="372" w="752" /><ent r="68" t="372" w="867" /><ent r="68" t="372" w="867" /><ent r="68" t="372" w="923" /><ent r="68" t="372" w="923" /><ent r="68" t="372" w="953" /><ent r="68" t="372" w="953" /><ent r="6" t="372" w="1049" /><ent r="6" t="372" w="1049" /><ent r="82" t="372" w="1833" /><ent r="82" t="372" w="1833" /><ent r="6" t="372" w="1864" /><ent r="6" t="372" w="1864" /><ent r="6" t="372" w="1875" /><ent r="6" t="372" w="1875" /><ent r="7" t="372" w="1881" /><ent r="7" t="372" w="1881" /><ent r="7" t="372" w="1894" /><ent r="7" t="372" w="1894" /><ent r="7" t="372" w="1907" /><ent r="7" t="372" w="1907" /><ent r="82" t="372" w="1937" /><ent r="82" t="372" w="1937" /><ent r="6" t="390" w="1146" /><ent r="6" t="390" w="1146" /><ent r="6" t="390" w="1156" /><ent r="6" t="390" w="1156" /><ent r="3" t="390" w="1176" /><ent r="3" t="390" w="1176" /><ent r="4" t="390" w="1183" /><ent r="5" t="398" w="258" /><ent r="5" t="398" w="258" /><ent r="5" t="398" w="537" /><ent r="5" t="398" w="537" /><ent r="5" t="398" w="630" /><ent r="5" t="398" w="630" /><ent r="5" t="398" w="788" /><ent r="5" t="398" w="788" /><ent r="3" t="400" w="871" /><ent r="3" t="402" w="33" /><ent r="3" t="402" w="132" /><ent r="3" t="402" w="132" /><ent r="3" t="402" w="137" /><ent r="3" t="402" w="137" /><ent r="3" t="402" w="140" /><ent r="3" t="402" w="140" /><ent r="3" t="402" w="145" /><ent r="3" t="402" w="145" /><ent r="3" t="402" w="878" /><ent r="3" t="402" w="878" /><ent r="72" t="402" w="1344" /><ent r="72" t="402" w="1344" /><ent r="3" t="402" w="1352" /><ent r="3" t="402" w="1352" /><ent r="3" t="402" w="1379" /><ent r="3" t="402" w="1379" /><ent r="7" t="445" w="317" /><ent r="7" t="445" w="317" /><ent r="7" t="445" w="335" /><ent r="7" t="445" w="335" /><ent r="7" t="445" w="378" /><ent r="7" t="445" w="378" /><ent r="7" t="447" w="161" /><ent r="7" t="447" w="161" /><ent r="7" t="488" w="226" /><ent r="7" t="488" w="226" /><ent r="7" t="488" w="253" /><ent r="7" t="488" w="253" /></phr></stem></index>