<?xml version="1.0" encoding="utf-8"?><index><!-- saved from url=(0016)http://localhost -->
<stem n="500"><phr n="500"><ent r="6" t="18" w="80" /><ent r="6" t="18" w="80" /><ent r="6" t="49" w="83" /><ent r="6" t="49" w="83" /><ent r="6" t="73" w="119" /><ent r="6" t="73" w="119" /><ent r="6" t="73" w="130" /><ent r="6" t="73" w="130" /><ent r="6" t="73" w="139" /><ent r="6" t="73" w="139" /><ent r="6" t="100" w="96" /><ent r="6" t="100" w="96" /><ent r="3" t="115" w="677" /><ent r="3" t="115" w="677" /><ent r="7" t="127" w="114" /><ent r="7" t="127" w="114" /><ent r="3" t="138" w="613" /><ent r="3" t="138" w="613" /><ent r="6" t="152" w="140" /><ent r="6" t="152" w="140" /><ent r="6" t="176" w="93" /><ent r="6" t="176" w="93" /><ent r="6" t="202" w="92" /><ent r="6" t="202" w="92" /><ent r="6" t="207" w="823" /><ent r="6" t="207" w="823" /><ent r="3" t="216" w="348" /><ent r="3" t="216" w="348" /><ent r="4" t="246" w="285" /><ent r="3" t="322" w="21" /><ent r="3" t="322" w="21" /><ent r="3" t="423" w="294" /><ent r="3" t="423" w="294" /></phr></stem><stem n="lna"><phr n="LNA"><ent r="6" t="18" w="84" /><ent r="6" t="18" w="84" /><ent r="6" t="18" w="109" /><ent r="6" t="18" w="109" /><ent r="3" t="38" w="55" /><ent r="3" t="38" w="55" /><ent r="7" t="38" w="123" /><ent r="7" t="38" w="123" /><ent r="7" t="38" w="169" /><ent r="7" t="38" w="169" /><ent r="3" t="40" w="163" /><ent r="3" t="40" w="163" /><ent r="6" t="49" w="87" /><ent r="6" t="49" w="87" /><ent r="6" t="49" w="112" /><ent r="6" t="49" w="112" /><ent r="3" t="65" w="55" /><ent r="3" t="65" w="55" /><ent r="7" t="65" w="123" /><ent r="7" t="65" w="123" /><ent r="7" t="65" w="169" /><ent r="7" t="65" w="169" /><ent r="3" t="66" w="163" /><ent r="3" t="66" w="163" /><ent r="6" t="73" w="143" /><ent r="6" t="73" w="143" /><ent r="6" t="73" w="164" /><ent r="6" t="73" w="164" /><ent r="6" t="100" w="100" /><ent r="6" t="100" w="100" /><ent r="6" t="100" w="125" /><ent r="6" t="100" w="125" /><ent r="3" t="120" w="55" /><ent r="3" t="120" w="55" /><ent r="7" t="120" w="127" /><ent r="7" t="120" w="127" /><ent r="7" t="120" w="173" /><ent r="7" t="120" w="173" /><ent r="3" t="121" w="165" /><ent r="3" t="121" w="165" /><ent r="7" t="127" w="118" /><ent r="7" t="127" w="118" /><ent r="7" t="127" w="143" /><ent r="7" t="127" w="143" /><ent r="3" t="143" w="55" /><ent r="3" t="143" w="55" /><ent r="7" t="143" w="127" /><ent r="7" t="143" w="127" /><ent r="7" t="143" w="173" /><ent r="7" t="143" w="173" /><ent r="6" t="177" w="72" /><ent r="6" t="177" w="72" /><ent r="6" t="203" w="92" /><ent r="6" t="203" w="92" /></phr></stem><stem n="voltag"><phr n="voltage"><ent r="6" t="18" w="89" /><ent r="3" t="22" w="127" /><ent r="3" t="22" w="127" /><ent r="3" t="22" w="152" /><ent r="3" t="22" w="152" /><ent r="3" t="22" w="171" /><ent r="3" t="22" w="171" /><ent r="3" t="22" w="179" /><ent r="3" t="22" w="179" /><ent r="3" t="22" w="185" /><ent r="3" t="22" w="201" /><ent r="3" t="22" w="201" /><ent r="3" t="22" w="205" /><ent r="3" t="22" w="205" /><ent r="6" t="24" w="112" /><ent r="6" t="24" w="112" /><ent r="3" t="25" w="111" /><ent r="3" t="25" w="111" /><ent r="7" t="28" w="41" /><ent r="7" t="28" w="41" /><ent r="7" t="29" w="90" /><ent r="7" t="29" w="135" /><ent r="7" t="29" w="135" /><ent r="7" t="31" w="55" /><ent r="7" t="31" w="55" /><ent r="6" t="31" w="119" /><ent r="6" t="31" w="119" /><ent r="3" t="35" w="49" /><ent r="3" t="35" w="49" /><ent r="3" t="36" w="89" /><ent r="7" t="38" w="171" /><ent r="7" t="38" w="171" /><ent r="6" t="49" w="92" /><ent r="3" t="53" w="125" /><ent r="3" t="53" w="125" /><ent r="3" t="53" w="150" /><ent r="3" t="53" w="150" /><ent r="3" t="53" w="169" /><ent r="3" t="53" w="169" /><ent r="3" t="53" w="177" /><ent r="3" t="53" w="177" /><ent r="3" t="53" w="183" /><ent r="3" t="53" w="199" /><ent r="3" t="53" w="199" /><ent r="3" t="53" w="203" /><ent r="3" t="53" w="203" /><ent r="6" t="55" w="112" /><ent r="6" t="55" w="112" /><ent r="3" t="56" w="111" /><ent r="3" t="56" w="111" /><ent r="6" t="59" w="41" /><ent r="6" t="59" w="41" /><ent r="7" t="60" w="90" /><ent r="7" t="60" w="135" /><ent r="7" t="60" w="135" /><ent r="7" t="62" w="55" /><ent r="7" t="62" w="55" /><ent r="6" t="62" w="119" /><ent r="6" t="62" w="119" /><ent r="7" t="65" w="171" /><ent r="7" t="65" w="171" /><ent r="6" t="73" w="148" /><ent r="7" t="78" w="848" /><ent r="7" t="78" w="848" /><ent r="6" t="78" w="1275" /><ent r="6" t="78" w="1275" /><ent r="6" t="78" w="1287" /><ent r="6" t="78" w="1289" /><ent r="6" t="78" w="1291" /><ent r="6" t="78" w="1303" /><ent r="6" t="78" w="1303" /><ent r="6" t="78" w="1315" /><ent r="6" t="78" w="1317" /><ent r="6" t="78" w="1317" /><ent r="6" t="78" w="1319" /><ent r="7" t="81" w="90" /><ent r="7" t="81" w="135" /><ent r="7" t="81" w="135" /><ent r="3" t="87" w="49" /><ent r="3" t="87" w="49" /><ent r="3" t="88" w="89" /><ent r="6" t="100" w="105" /><ent r="3" t="104" w="111" /><ent r="3" t="104" w="111" /><ent r="3" t="104" w="136" /><ent r="3" t="104" w="136" /><ent r="3" t="104" w="155" /><ent r="3" t="104" w="155" /><ent r="3" t="104" w="163" /><ent r="3" t="104" w="163" /><ent r="3" t="104" w="169" /><ent r="3" t="104" w="185" /><ent r="3" t="104" w="185" /><ent r="3" t="104" w="189" /><ent r="3" t="104" w="189" /><ent r="6" t="106" w="112" /><ent r="6" t="106" w="112" /><ent r="3" t="107" w="111" /><ent r="3" t="107" w="111" /><ent r="6" t="110" w="41" /><ent r="6" t="110" w="41" /><ent r="7" t="111" w="93" /><ent r="7" t="111" w="139" /><ent r="7" t="111" w="139" /><ent r="7" t="113" w="57" /><ent r="7" t="113" w="57" /><ent r="7" t="113" w="123" /><ent r="7" t="113" w="123" /><ent r="3" t="117" w="49" /><ent r="3" t="117" w="49" /><ent r="3" t="118" w="90" /><ent r="7" t="120" w="175" /><ent r="7" t="120" w="175" /><ent r="7" t="127" w="123" /><ent r="7" t="131" w="884" /><ent r="7" t="131" w="884" /><ent r="6" t="133" w="40" /><ent r="6" t="133" w="40" /><ent r="7" t="134" w="93" /><ent r="7" t="134" w="139" /><ent r="7" t="134" w="139" /><ent r="7" t="136" w="57" /><ent r="7" t="136" w="57" /><ent r="7" t="136" w="123" /><ent r="7" t="136" w="123" /><ent r="3" t="140" w="49" /><ent r="3" t="140" w="49" /><ent r="3" t="141" w="90" /><ent r="7" t="143" w="175" /><ent r="7" t="143" w="175" /><ent r="4" t="148" w="118" /><ent r="6" t="152" w="25" /><ent r="8" t="156" w="113" /><ent r="8" t="156" w="113" /><ent r="4" t="161" w="120" /><ent r="5" t="162" w="105" /><ent r="6" t="167" w="24" /><ent r="3" t="182" w="111" /><ent r="3" t="182" w="111" /><ent r="6" t="184" w="137" /><ent r="6" t="184" w="143" /><ent r="6" t="184" w="143" /><ent r="6" t="184" w="149" /><ent r="6" t="184" w="155" /><ent r="6" t="184" w="155" /><ent r="6" t="184" w="164" /><ent r="6" t="184" w="164" /><ent r="7" t="187" w="55" /><ent r="7" t="187" w="55" /><ent r="7" t="187" w="180" /><ent r="7" t="187" w="180" /><ent r="3" t="191" w="49" /><ent r="3" t="191" w="49" /><ent r="3" t="192" w="89" /><ent r="3" t="208" w="111" /><ent r="3" t="208" w="111" /><ent r="6" t="210" w="246" /><ent r="6" t="210" w="252" /><ent r="6" t="210" w="252" /><ent r="6" t="210" w="258" /><ent r="6" t="210" w="264" /><ent r="6" t="210" w="264" /><ent r="6" t="210" w="273" /><ent r="6" t="210" w="273" /><ent r="7" t="212" w="90" /><ent r="7" t="212" w="135" /><ent r="7" t="212" w="135" /><ent r="7" t="214" w="55" /><ent r="7" t="214" w="55" /><ent r="7" t="214" w="180" /><ent r="7" t="214" w="180" /><ent r="3" t="217" w="58" /><ent r="6" t="229" w="24" /><ent r="6" t="234" w="57" /><ent r="6" t="234" w="57" /><ent r="7" t="235" w="849" /><ent r="7" t="235" w="849" /><ent r="72" t="401" w="182" /><ent r="72" t="401" w="182" /><ent r="3" t="401" w="195" /><ent r="3" t="401" w="195" /><ent r="4" t="401" w="220" /><ent r="4" t="401" w="220" /><ent r="4" t="401" w="240" /><ent r="4" t="401" w="240" /><ent r="4" t="401" w="249" /><ent r="4" t="401" w="249" /><ent r="4" t="401" w="276" /><ent r="4" t="401" w="276" /><ent r="4" t="425" w="123" /></phr><phr n="voltages"><ent r="3" t="22" w="137" /><ent r="3" t="22" w="137" /><ent r="3" t="53" w="135" /><ent r="3" t="53" w="135" /><ent r="3" t="104" w="121" /><ent r="3" t="104" w="121" /><ent r="6" t="215" w="304" /></phr><phr n="Voltage"><ent r="6" t="24" w="105" /><ent r="6" t="24" w="105" /><ent r="6" t="24" w="115" /><ent r="6" t="24" w="115" /><ent r="6" t="38" w="159" /><ent r="6" t="38" w="159" /><ent r="6" t="55" w="105" /><ent r="6" t="55" w="105" /><ent r="6" t="55" w="115" /><ent r="6" t="55" w="115" /><ent r="6" t="65" w="159" /><ent r="6" t="65" w="159" /><ent r="6" t="78" w="1145" /><ent r="6" t="78" w="1145" /><ent r="6" t="106" w="105" /><ent r="6" t="106" w="105" /><ent r="6" t="106" w="115" /><ent r="6" t="106" w="115" /><ent r="7" t="120" w="163" /><ent r="7" t="120" w="163" /><ent r="7" t="131" w="969" /><ent r="7" t="131" w="969" /><ent r="7" t="143" w="163" /><ent r="7" t="143" w="163" /><ent r="6" t="152" w="11" /><ent r="6" t="152" w="11" /><ent r="6" t="152" w="65" /><ent r="6" t="152" w="65" /><ent r="6" t="167" w="11" /><ent r="6" t="167" w="11" /><ent r="6" t="177" w="11" /><ent r="6" t="177" w="11" /><ent r="6" t="203" w="11" /><ent r="6" t="203" w="11" /><ent r="6" t="229" w="11" /><ent r="6" t="229" w="11" /><ent r="4" t="401" w="160" /></phr></stem><stem n="ma"><phr n="mA"><ent r="7" t="18" w="100" /><ent r="7" t="18" w="100" /><ent r="7" t="18" w="105" /><ent r="7" t="18" w="105" /><ent r="6" t="24" w="152" /><ent r="3" t="25" w="105" /><ent r="6" t="28" w="131" /><ent r="6" t="34" w="101" /><ent r="6" t="34" w="101" /><ent r="6" t="35" w="162" /><ent r="6" t="35" w="162" /><ent r="7" t="38" w="200" /><ent r="7" t="38" w="200" /><ent r="6" t="38" w="206" /><ent r="6" t="38" w="206" /><ent r="7" t="49" w="103" /><ent r="7" t="49" w="103" /><ent r="7" t="49" w="108" /><ent r="7" t="49" w="108" /><ent r="6" t="55" w="152" /><ent r="3" t="56" w="105" /><ent r="6" t="59" w="88" /><ent r="6" t="59" w="88" /><ent r="6" t="59" w="135" /><ent r="7" t="65" w="200" /><ent r="7" t="65" w="200" /><ent r="6" t="65" w="206" /><ent r="6" t="65" w="206" /><ent r="7" t="73" w="155" /><ent r="7" t="73" w="155" /><ent r="7" t="73" w="160" /><ent r="7" t="73" w="160" /><ent r="7" t="78" w="515" /><ent r="7" t="78" w="515" /><ent r="6" t="80" w="21" /><ent r="6" t="80" w="21" /><ent r="6" t="80" w="33" /><ent r="6" t="86" w="101" /><ent r="6" t="86" w="101" /><ent r="6" t="87" w="162" /><ent r="6" t="87" w="162" /><ent r="7" t="100" w="116" /><ent r="7" t="100" w="116" /><ent r="7" t="100" w="121" /><ent r="7" t="100" w="121" /><ent r="6" t="106" w="152" /><ent r="3" t="107" w="105" /><ent r="6" t="110" w="88" /><ent r="6" t="110" w="88" /><ent r="6" t="110" w="135" /><ent r="7" t="111" w="32" /><ent r="7" t="111" w="88" /><ent r="7" t="111" w="88" /><ent r="3" t="115" w="678" /><ent r="3" t="115" w="678" /><ent r="6" t="116" w="102" /><ent r="6" t="116" w="102" /><ent r="6" t="117" w="162" /><ent r="6" t="117" w="162" /><ent r="7" t="120" w="204" /><ent r="7" t="120" w="210" /><ent r="7" t="120" w="210" /><ent r="7" t="127" w="134" /><ent r="7" t="127" w="134" /><ent r="7" t="127" w="139" /><ent r="7" t="127" w="139" /><ent r="7" t="131" w="117" /><ent r="7" t="131" w="130" /><ent r="7" t="131" w="195" /><ent r="7" t="131" w="208" /><ent r="7" t="131" w="260" /><ent r="7" t="131" w="273" /><ent r="7" t="131" w="311" /><ent r="7" t="131" w="408" /><ent r="7" t="131" w="408" /><ent r="7" t="131" w="421" /><ent r="7" t="131" w="567" /><ent r="7" t="131" w="567" /><ent r="7" t="131" w="977" /><ent r="7" t="131" w="977" /><ent r="6" t="133" w="121" /><ent r="7" t="134" w="32" /><ent r="7" t="134" w="88" /><ent r="7" t="134" w="88" /><ent r="3" t="138" w="614" /><ent r="3" t="138" w="614" /><ent r="6" t="139" w="102" /><ent r="6" t="139" w="102" /><ent r="7" t="140" w="167" /><ent r="7" t="140" w="167" /><ent r="7" t="143" w="203" /><ent r="7" t="143" w="209" /><ent r="7" t="143" w="209" /><ent r="8" t="156" w="99" /><ent r="3" t="182" w="105" /><ent r="6" t="185" w="21" /><ent r="6" t="185" w="21" /><ent r="6" t="190" w="91" /><ent r="6" t="190" w="91" /><ent r="6" t="191" w="162" /><ent r="6" t="191" w="162" /><ent r="6" t="192" w="136" /><ent r="6" t="192" w="136" /><ent r="6" t="192" w="147" /><ent r="6" t="192" w="147" /><ent r="6" t="207" w="824" /><ent r="6" t="207" w="824" /><ent r="3" t="208" w="105" /><ent r="8" t="210" w="115" /><ent r="8" t="210" w="122" /><ent r="6" t="211" w="21" /><ent r="6" t="211" w="21" /><ent r="3" t="216" w="349" /><ent r="3" t="216" w="349" /></phr></stem><stem n="24"><phr n="24"><ent r="7" t="18" w="112" /><ent r="6" t="24" w="788" /><ent r="6" t="24" w="788" /><ent r="4" t="26" w="78" /><ent r="3" t="40" w="166" /><ent r="6" t="49" w="54" /><ent r="6" t="49" w="54" /><ent r="6" t="55" w="796" /><ent r="6" t="55" w="796" /><ent r="4" t="58" w="78" /><ent r="6" t="78" w="738" /><ent r="6" t="78" w="738" /><ent r="6" t="82" w="57" /><ent r="6" t="106" w="796" /><ent r="6" t="106" w="796" /><ent r="4" t="109" w="78" /><ent r="7" t="131" w="811" /><ent r="7" t="131" w="811" /><ent r="6" t="156" w="340" /><ent r="6" t="156" w="340" /><ent r="6" t="170" w="234" /><ent r="6" t="170" w="234" /><ent r="6" t="171" w="307" /><ent r="6" t="171" w="307" /><ent r="6" t="176" w="61" /><ent r="3" t="181" w="13" /><ent r="82" t="181" w="24" /><ent r="6" t="181" w="753" /><ent r="6" t="181" w="753" /><ent r="4" t="183" w="78" /><ent r="6" t="207" w="742" /><ent r="6" t="207" w="742" /><ent r="4" t="209" w="78" /><ent r="8" t="210" w="151" /><ent r="8" t="210" w="151" /><ent r="6" t="233" w="293" /><ent r="6" t="233" w="293" /><ent r="5" t="243" w="84" /><ent r="5" t="243" w="84" /><ent r="3" t="257" w="31" /><ent r="3" t="257" w="31" /><ent r="5" t="271" w="282" /><ent r="5" t="271" w="282" /><ent r="5" t="271" w="305" /><ent r="5" t="271" w="305" /><ent r="6" t="332" w="197" /><ent r="6" t="332" w="197" /><ent r="6" t="334" w="320" /><ent r="4" t="335" w="503" /><ent r="4" t="335" w="761" /><ent r="4" t="335" w="761" /><ent r="4" t="337" w="334" /><ent r="4" t="337" w="334" /><ent r="6" t="338" w="218" /><ent r="6" t="339" w="186" /><ent r="6" t="340" w="141" /><ent r="6" t="342" w="134" /><ent r="6" t="342" w="134" /><ent r="6" t="346" w="181" /><ent r="6" t="349" w="153" /><ent r="6" t="349" w="153" /><ent r="7" t="349" w="599" /><ent r="7" t="349" w="599" /><ent r="6" t="350" w="153" /><ent r="6" t="350" w="153" /><ent r="6" t="351" w="127" /><ent r="6" t="353" w="306" /><ent r="6" t="353" w="369" /><ent r="6" t="353" w="369" /><ent r="6" t="363" w="363" /><ent r="6" t="363" w="363" /><ent r="3" t="367" w="29" /><ent r="3" t="367" w="29" /><ent r="6" t="367" w="167" /><ent r="6" t="367" w="167" /><ent r="6" t="367" w="188" /><ent r="6" t="367" w="188" /><ent r="6" t="371" w="529" /><ent r="6" t="371" w="529" /><ent r="6" t="372" w="1135" /><ent r="6" t="372" w="1135" /><ent r="6" t="372" w="1360" /><ent r="3" t="382" w="87" /><ent r="6" t="382" w="542" /><ent r="6" t="382" w="542" /><ent r="6" t="388" w="1239" /><ent r="6" t="388" w="1534" /><ent r="3" t="398" w="2705" /><ent r="3" t="398" w="2705" /><ent r="3" t="398" w="2867" /><ent r="3" t="404" w="1694" /><ent r="3" t="404" w="1694" /><ent r="7" t="433" w="181" /><ent r="3" t="477" w="86" /><ent r="3" t="482" w="77" /><ent r="3" t="482" w="142" /></phr></stem><stem n="db"><phr n="dB"><ent r="7" t="18" w="114" /><ent r="7" t="18" w="114" /><ent r="7" t="18" w="134" /><ent r="6" t="34" w="129" /><ent r="6" t="34" w="129" /><ent r="6" t="35" w="84" /><ent r="6" t="35" w="84" /><ent r="7" t="35" w="122" /><ent r="7" t="35" w="122" /><ent r="7" t="35" w="133" /><ent r="7" t="35" w="133" /><ent r="7" t="35" w="137" /><ent r="7" t="35" w="137" /><ent r="6" t="35" w="178" /><ent r="6" t="35" w="178" /><ent r="6" t="35" w="188" /><ent r="6" t="35" w="188" /><ent r="6" t="35" w="204" /><ent r="6" t="35" w="204" /><ent r="6" t="35" w="214" /><ent r="6" t="35" w="214" /><ent r="3" t="38" w="60" /><ent r="6" t="38" w="119" /><ent r="6" t="38" w="119" /><ent r="6" t="38" w="139" /><ent r="6" t="38" w="139" /><ent r="6" t="38" w="153" /><ent r="6" t="38" w="153" /><ent r="3" t="40" w="168" /><ent r="7" t="49" w="117" /><ent r="7" t="49" w="117" /><ent r="7" t="49" w="137" /><ent r="3" t="65" w="60" /><ent r="6" t="65" w="119" /><ent r="6" t="65" w="119" /><ent r="6" t="65" w="139" /><ent r="6" t="65" w="139" /><ent r="6" t="65" w="153" /><ent r="6" t="65" w="153" /><ent r="3" t="66" w="168" /><ent r="7" t="73" w="169" /><ent r="7" t="73" w="169" /><ent r="7" t="73" w="189" /><ent r="6" t="86" w="129" /><ent r="6" t="86" w="129" /><ent r="6" t="87" w="84" /><ent r="6" t="87" w="84" /><ent r="7" t="87" w="122" /><ent r="7" t="87" w="122" /><ent r="7" t="87" w="133" /><ent r="7" t="87" w="133" /><ent r="7" t="87" w="137" /><ent r="7" t="87" w="137" /><ent r="6" t="87" w="178" /><ent r="6" t="87" w="178" /><ent r="6" t="87" w="188" /><ent r="6" t="87" w="188" /><ent r="6" t="87" w="204" /><ent r="6" t="87" w="204" /><ent r="6" t="87" w="214" /><ent r="6" t="87" w="214" /><ent r="7" t="100" w="130" /><ent r="7" t="100" w="130" /><ent r="7" t="100" w="150" /><ent r="6" t="116" w="130" /><ent r="6" t="116" w="130" /><ent r="6" t="117" w="84" /><ent r="6" t="117" w="84" /><ent r="7" t="117" w="122" /><ent r="7" t="117" w="122" /><ent r="7" t="117" w="133" /><ent r="7" t="117" w="133" /><ent r="7" t="117" w="137" /><ent r="7" t="117" w="137" /><ent r="6" t="117" w="178" /><ent r="6" t="117" w="178" /><ent r="6" t="117" w="188" /><ent r="6" t="117" w="188" /><ent r="6" t="117" w="204" /><ent r="6" t="117" w="204" /><ent r="6" t="117" w="214" /><ent r="6" t="117" w="214" /><ent r="3" t="120" w="60" /><ent r="7" t="120" w="123" /><ent r="7" t="120" w="123" /><ent r="7" t="120" w="143" /><ent r="7" t="120" w="143" /><ent r="7" t="120" w="157" /><ent r="7" t="120" w="157" /><ent r="3" t="121" w="170" /><ent r="7" t="127" w="148" /><ent r="7" t="127" w="148" /><ent r="7" t="127" w="168" /><ent r="6" t="139" w="130" /><ent r="6" t="139" w="130" /><ent r="7" t="140" w="85" /><ent r="7" t="140" w="85" /><ent r="7" t="140" w="127" /><ent r="7" t="140" w="127" /><ent r="7" t="140" w="138" /><ent r="7" t="140" w="138" /><ent r="7" t="140" w="142" /><ent r="7" t="140" w="142" /><ent r="7" t="140" w="184" /><ent r="7" t="140" w="184" /><ent r="7" t="140" w="194" /><ent r="7" t="140" w="194" /><ent r="7" t="140" w="211" /><ent r="7" t="140" w="211" /><ent r="7" t="140" w="221" /><ent r="7" t="140" w="221" /><ent r="3" t="143" w="60" /><ent r="7" t="143" w="123" /><ent r="7" t="143" w="123" /><ent r="7" t="143" w="143" /><ent r="7" t="143" w="143" /><ent r="7" t="143" w="157" /><ent r="7" t="143" w="157" /><ent r="9" t="150" w="73" /><ent r="3" t="157" w="173" /><ent r="3" t="157" w="173" /><ent r="9" t="175" w="140" /><ent r="7" t="177" w="77" /><ent r="7" t="177" w="77" /><ent r="7" t="177" w="97" /><ent r="6" t="190" w="119" /><ent r="6" t="190" w="119" /><ent r="6" t="191" w="84" /><ent r="6" t="191" w="84" /><ent r="7" t="191" w="122" /><ent r="7" t="191" w="122" /><ent r="7" t="191" w="133" /><ent r="7" t="191" w="133" /><ent r="7" t="191" w="137" /><ent r="7" t="191" w="137" /><ent r="6" t="191" w="178" /><ent r="6" t="191" w="178" /><ent r="6" t="191" w="188" /><ent r="6" t="191" w="188" /><ent r="6" t="191" w="204" /><ent r="6" t="191" w="204" /><ent r="6" t="191" w="214" /><ent r="6" t="191" w="214" /><ent r="3" t="195" w="169" /><ent r="3" t="195" w="169" /><ent r="9" t="201" w="185" /><ent r="7" t="203" w="97" /><ent r="7" t="203" w="97" /><ent r="7" t="203" w="117" /><ent r="3" t="219" w="169" /><ent r="3" t="219" w="169" /><ent r="6" t="244" w="1187" /><ent r="6" t="244" w="1187" /><ent r="6" t="244" w="1205" /><ent r="6" t="244" w="1205" /><ent r="6" t="244" w="1219" /><ent r="6" t="244" w="1219" /><ent r="4" t="284" w="1509" /><ent r="6" t="349" w="502" /><ent r="6" t="349" w="502" /><ent r="6" t="349" w="608" /><ent r="6" t="349" w="608" /><ent r="6" t="350" w="442" /><ent r="6" t="350" w="540" /><ent r="7" t="431" w="655" /><ent r="7" t="431" w="655" /><ent r="7" t="431" w="723" /><ent r="7" t="431" w="723" /><ent r="7" t="431" w="792" /><ent r="7" t="431" w="792" /><ent r="7" t="443" w="637" /><ent r="7" t="443" w="637" /><ent r="7" t="443" w="712" /><ent r="7" t="443" w="712" /><ent r="7" t="451" w="251" /><ent r="7" t="451" w="251" /><ent r="7" t="451" w="294" /><ent r="7" t="451" w="294" /><ent r="7" t="482" w="257" /><ent r="7" t="482" w="257" /></phr><phr n="db"><ent r="7" t="35" w="95" /><ent r="7" t="35" w="95" /><ent r="7" t="87" w="95" /><ent r="7" t="87" w="95" /><ent r="7" t="117" w="95" /><ent r="7" t="117" w="95" /><ent r="8" t="140" w="97" /><ent r="8" t="140" w="97" /><ent r="7" t="191" w="95" /><ent r="7" t="191" w="95" /><ent r="7" t="488" w="113" /><ent r="7" t="488" w="113" /></phr><phr n="DB"><ent r="3" t="163" w="52" /><ent r="3" t="163" w="52" /><ent r="3" t="225" w="49" /><ent r="3" t="225" w="49" /></phr></stem><stem n="higher-gain"><phr n="Higher-gain"><ent r="7" t="18" w="135" /><ent r="7" t="18" w="135" /><ent r="7" t="49" w="138" /><ent r="7" t="49" w="138" /><ent r="7" t="73" w="190" /><ent r="7" t="73" w="190" /><ent r="7" t="100" w="151" /><ent r="7" t="100" w="151" /><ent r="7" t="127" w="169" /><ent r="7" t="127" w="169" /><ent r="7" t="177" w="98" /><ent r="7" t="177" w="98" /><ent r="7" t="203" w="118" /><ent r="7" t="203" w="118" /></phr></stem><stem n="test"><phr n="tested"><ent r="7" t="18" w="141" /><ent r="7" t="49" w="144" /><ent r="7" t="73" w="196" /><ent r="3" t="91" w="269" /><ent r="3" t="91" w="269" /><ent r="7" t="100" w="157" /><ent r="7" t="127" w="175" /><ent r="7" t="177" w="104" /><ent r="7" t="203" w="124" /></phr><phr n="Test"><ent r="6" t="34" w="79" /><ent r="6" t="34" w="79" /><ent r="6" t="86" w="79" /><ent r="6" t="86" w="79" /><ent r="6" t="116" w="80" /><ent r="6" t="116" w="80" /><ent r="6" t="139" w="80" /><ent r="6" t="139" w="80" /><ent r="6" t="190" w="69" /><ent r="6" t="190" w="69" /><ent r="3" t="291" w="114" /><ent r="5" t="427" w="626" /><ent r="5" t="427" w="626" /><ent r="6" t="427" w="658" /><ent r="6" t="427" w="658" /><ent r="5" t="427" w="809" /><ent r="5" t="427" w="809" /></phr><phr n="testing"><ent r="3" t="41" w="17" /><ent r="3" t="41" w="17" /><ent r="3" t="67" w="17" /><ent r="3" t="67" w="17" /><ent r="3" t="92" w="17" /><ent r="3" t="92" w="17" /><ent r="3" t="122" w="17" /><ent r="3" t="122" w="17" /><ent r="3" t="144" w="17" /><ent r="3" t="144" w="17" /><ent r="3" t="158" w="20" /><ent r="3" t="158" w="20" /><ent r="3" t="196" w="20" /><ent r="3" t="196" w="20" /><ent r="3" t="220" w="20" /><ent r="3" t="220" w="20" /></phr><phr n="test"><ent r="7" t="235" w="1560" /><ent r="7" t="235" w="1560" /><ent r="3" t="291" w="110" /><ent r="3" t="291" w="110" /><ent r="5" t="312" w="449" /><ent r="3" t="321" w="58" /><ent r="3" t="321" w="58" /><ent r="3" t="420" w="16" /><ent r="5" t="427" w="644" /><ent r="5" t="427" w="644" /></phr><phr n="Testing"><ent r="1000" t="321" w="1" /><ent r="1000" t="321" w="1" /><ent r="92" t="321" w="6" /><ent r="92" t="321" w="6" /><ent r="67" t="416" w="22" /><ent r="67" t="416" w="22" /></phr></stem><stem n="temperatur"><phr n="Temperature"><ent r="6" t="19" w="11" /><ent r="6" t="19" w="11" /><ent r="6" t="50" w="11" /><ent r="6" t="50" w="11" /><ent r="6" t="74" w="11" /><ent r="6" t="74" w="11" /><ent r="8" t="74" w="23" /><ent r="8" t="74" w="23" /><ent r="6" t="101" w="11" /><ent r="6" t="101" w="11" /><ent r="6" t="153" w="11" /><ent r="6" t="153" w="11" /><ent r="6" t="166" w="27" /><ent r="6" t="166" w="27" /><ent r="6" t="178" w="11" /><ent r="6" t="178" w="11" /><ent r="6" t="204" w="11" /><ent r="6" t="204" w="11" /><ent r="6" t="230" w="11" /><ent r="6" t="230" w="11" /><ent r="4" t="241" w="89" /><ent r="4" t="241" w="89" /><ent r="4" t="278" w="640" /><ent r="4" t="278" w="640" /></phr><phr n="temperature"><ent r="4" t="90" w="39" /><ent r="4" t="90" w="39" /><ent r="3" t="91" w="1400" /><ent r="4" t="148" w="103" /><ent r="4" t="148" w="103" /><ent r="4" t="161" w="106" /><ent r="4" t="161" w="106" /><ent r="5" t="162" w="91" /><ent r="5" t="162" w="91" /><ent r="3" t="238" w="31" /><ent r="3" t="241" w="94" /><ent r="3" t="241" w="94" /><ent r="3" t="241" w="108" /><ent r="3" t="241" w="117" /><ent r="3" t="241" w="117" /><ent r="3" t="278" w="643" /><ent r="3" t="278" w="643" /><ent r="4" t="425" w="109" /><ent r="4" t="425" w="109" /><ent r="3" t="499" w="19" /><ent r="3" t="499" w="19" /></phr></stem><stem n="40°c"><phr n="40°C"><ent r="6" t="19" w="14" /><ent r="6" t="19" w="14" /><ent r="6" t="35" w="145" /><ent r="6" t="35" w="145" /><ent r="6" t="50" w="14" /><ent r="6" t="50" w="14" /><ent r="6" t="74" w="14" /><ent r="6" t="74" w="14" /><ent r="6" t="87" w="145" /><ent r="6" t="87" w="145" /><ent r="6" t="101" w="14" /><ent r="6" t="101" w="14" /><ent r="6" t="117" w="145" /><ent r="6" t="117" w="145" /><ent r="7" t="140" w="150" /><ent r="7" t="140" w="150" /><ent r="6" t="153" w="14" /><ent r="6" t="153" w="14" /><ent r="6" t="178" w="14" /><ent r="6" t="178" w="14" /><ent r="6" t="191" w="145" /><ent r="6" t="191" w="145" /><ent r="6" t="204" w="14" /><ent r="6" t="204" w="14" /><ent r="6" t="230" w="14" /><ent r="6" t="230" w="14" /></phr></stem><stem n="-40°c"><phr n="-40°C"><ent r="6" t="19" w="14" /><ent r="6" t="35" w="145" /><ent r="6" t="50" w="14" /><ent r="6" t="74" w="14" /><ent r="6" t="87" w="145" /><ent r="6" t="101" w="14" /><ent r="6" t="117" w="145" /><ent r="7" t="140" w="150" /><ent r="6" t="153" w="14" /><ent r="6" t="178" w="14" /><ent r="6" t="191" w="145" /><ent r="6" t="204" w="14" /><ent r="6" t="230" w="14" /></phr></stem><stem n="85°c"><phr n="85°C"><ent r="6" t="19" w="16" /><ent r="6" t="19" w="16" /><ent r="6" t="19" w="24" /><ent r="6" t="19" w="24" /><ent r="6" t="35" w="147" /><ent r="6" t="50" w="16" /><ent r="6" t="50" w="16" /><ent r="6" t="50" w="24" /><ent r="6" t="50" w="24" /><ent r="6" t="74" w="16" /><ent r="6" t="74" w="16" /><ent r="6" t="74" w="44" /><ent r="6" t="74" w="44" /><ent r="6" t="87" w="147" /><ent r="4" t="90" w="43" /><ent r="4" t="90" w="43" /><ent r="6" t="101" w="24" /><ent r="6" t="101" w="24" /><ent r="6" t="117" w="147" /><ent r="7" t="140" w="152" /><ent r="6" t="153" w="24" /><ent r="6" t="153" w="24" /><ent r="6" t="178" w="24" /><ent r="6" t="178" w="24" /><ent r="6" t="191" w="147" /><ent r="6" t="204" w="24" /><ent r="6" t="204" w="24" /><ent r="6" t="230" w="24" /><ent r="6" t="230" w="24" /></phr></stem></index>