<?xml version="1.0" encoding="utf-8"?><index><!-- saved from url=(0016)http://localhost -->
<stem n="accord"><phr n="accordance"><ent r="3" t="91" w="323" /><ent r="3" t="91" w="323" /><ent r="3" t="404" w="678" /><ent r="3" t="404" w="678" /><ent r="3" t="404" w="823" /><ent r="3" t="404" w="823" /></phr><phr n="according"><ent r="3" t="91" w="675" /><ent r="3" t="91" w="675" /><ent r="7" t="235" w="1339" /><ent r="7" t="235" w="1339" /><ent r="3" t="269" w="121" /><ent r="3" t="269" w="121" /></phr></stem><stem n="instruct"><phr n="instructions"><ent r="3" t="91" w="326" /><ent r="3" t="91" w="679" /><ent r="3" t="91" w="679" /><ent r="4" t="317" w="251" /><ent r="3" t="404" w="1657" /><ent r="3" t="404" w="1657" /><ent r="3" t="404" w="1708" /><ent r="3" t="404" w="1708" /></phr></stem><stem n="encourag"><phr n="encouraged"><ent r="3" t="91" w="374" /><ent r="3" t="91" w="374" /><ent r="3" t="91" w="545" /><ent r="3" t="91" w="545" /></phr></stem><stem n="reorient"><phr n="Reorient"><ent r="3" t="91" w="390" /><ent r="3" t="91" w="390" /></phr></stem><stem n="outlet"><phr n="outlet"><ent r="3" t="91" w="411" /><ent r="3" t="91" w="411" /></phr></stem><stem n="consult"><phr n="Consult"><ent r="3" t="91" w="425" /><ent r="3" t="91" w="425" /></phr></stem><stem n="dealer"><phr n="dealer"><ent r="3" t="91" w="427" /><ent r="3" t="91" w="427" /><ent r="3" t="240" w="937" /><ent r="10" t="348" w="713" /><ent r="10" t="348" w="713" /><ent r="3" t="404" w="443" /><ent r="3" t="404" w="443" /><ent r="3" t="404" w="461" /><ent r="3" t="404" w="461" /><ent r="3" t="404" w="708" /><ent r="4" t="404" w="1377" /><ent r="4" t="404" w="1377" /><ent r="4" t="404" w="1394" /><ent r="4" t="404" w="1394" /></phr><phr n="Dealer"><ent r="3" t="304" w="122" /><ent r="3" t="304" w="122" /></phr></stem><stem n="experienc"><phr n="experienced"><ent r="3" t="91" w="430" /><ent r="3" t="91" w="430" /></phr></stem><stem n="tv"><phr n="TV"><ent r="3" t="91" w="432" /><ent r="3" t="91" w="432" /></phr></stem><stem n="technician"><phr n="technician"><ent r="3" t="91" w="433" /><ent r="3" t="91" w="433" /><ent r="3" t="91" w="693" /></phr></stem><stem n="nevertheless"><phr n="Nevertheless"><ent r="3" t="91" w="461" /></phr></stem><stem n="shall"><phr n="shall"><ent r="3" t="91" w="464" /><ent r="3" t="91" w="464" /><ent r="3" t="404" w="372" /><ent r="3" t="404" w="372" /><ent r="3" t="404" w="499" /><ent r="3" t="404" w="499" /><ent r="3" t="404" w="517" /><ent r="3" t="404" w="517" /><ent r="3" t="404" w="797" /><ent r="3" t="404" w="797" /><ent r="3" t="404" w="846" /><ent r="3" t="404" w="846" /><ent r="3" t="404" w="852" /><ent r="3" t="404" w="852" /><ent r="3" t="404" w="1202" /><ent r="3" t="404" w="1202" /><ent r="3" t="404" w="1225" /><ent r="3" t="404" w="1225" /><ent r="3" t="404" w="1428" /><ent r="3" t="404" w="1428" /></phr></stem><stem n="manner"><phr n="manner"><ent r="3" t="91" w="470" /><ent r="3" t="91" w="470" /><ent r="3" t="269" w="592" /><ent r="3" t="269" w="592" /><ent r="3" t="329" w="48" /><ent r="3" t="397" w="206" /><ent r="3" t="404" w="1481" /><ent r="3" t="404" w="1481" /><ent r="5" t="422" w="1149" /><ent r="5" t="422" w="1149" /><ent r="3" t="499" w="145" /><ent r="3" t="499" w="145" /></phr></stem><stem n="human"><phr n="human"><ent r="3" t="91" w="481" /><ent r="3" t="91" w="481" /><ent r="3" t="91" w="574" /><ent r="3" t="91" w="574" /></phr></stem><stem n="bodi"><phr n="body"><ent r="3" t="91" w="482" /><ent r="3" t="400" w="191" /><ent r="3" t="400" w="191" /><ent r="3" t="400" w="210" /><ent r="3" t="400" w="210" /><ent r="3" t="400" w="244" /><ent r="3" t="400" w="244" /><ent r="3" t="400" w="533" /><ent r="3" t="400" w="533" /><ent r="3" t="400" w="1472" /><ent r="5" t="400" w="1616" /><ent r="5" t="400" w="1616" /><ent r="3" t="400" w="1719" /><ent r="5" t="400" w="2060" /></phr></stem><stem n="consensu"><phr n="consensus"><ent r="3" t="91" w="501" /><ent r="3" t="91" w="501" /></phr></stem><stem n="scientif"><phr n="scientific"><ent r="3" t="91" w="504" /><ent r="3" t="91" w="504" /><ent r="3" t="252" w="278" /><ent r="5" t="252" w="548" /><ent r="3" t="253" w="305" /><ent r="5" t="254" w="261" /></phr></stem><stem n="believ"><phr n="believes"><ent r="3" t="91" w="508" /><ent r="3" t="91" w="508" /></phr><phr n="believed"><ent r="3" t="270" w="538" /><ent r="3" t="270" w="538" /><ent r="6" t="374" w="243" /><ent r="6" t="374" w="243" /><ent r="3" t="402" w="192" /><ent r="3" t="402" w="192" /></phr></stem><stem n="consum"><phr n="consumers"><ent r="3" t="91" w="518" /></phr><phr n="consumable"><ent r="3" t="404" w="960" /><ent r="3" t="404" w="960" /></phr></stem><stem n="aircraft"><phr n="aircraft"><ent r="3" t="91" w="536" /><ent r="3" t="400" w="296" /></phr></stem><stem n="unsur"><phr n="unsure"><ent r="3" t="91" w="540" /><ent r="3" t="91" w="540" /></phr></stem><stem n="ask"><phr n="ask"><ent r="3" t="91" w="547" /><ent r="3" t="91" w="547" /><ent r="3" t="404" w="1697" /><ent r="3" t="404" w="1697" /></phr><phr n="asked"><ent r="3" t="423" w="483" /><ent r="3" t="423" w="483" /></phr></stem><stem n="author"><phr n="authorization"><ent r="3" t="91" w="549" /><ent r="3" t="91" w="549" /><ent r="3" t="290" w="67" /></phr><phr n="Authority"><ent r="3" t="91" w="1269" /><ent r="3" t="91" w="1269" /></phr><phr n="Authorization"><ent r="4" t="290" w="54" /><ent r="4" t="290" w="54" /></phr><phr n="authorized"><ent r="3" t="404" w="441" /><ent r="3" t="404" w="441" /><ent r="3" t="404" w="707" /><ent r="3" t="404" w="707" /><ent r="4" t="404" w="1376" /><ent r="4" t="404" w="1376" /><ent r="4" t="404" w="1393" /><ent r="4" t="404" w="1393" /></phr></stem><stem n="consider"><phr n="consideration"><ent r="3" t="91" w="565" /><ent r="3" t="115" w="394" /><ent r="3" t="115" w="394" /><ent r="3" t="138" w="299" /><ent r="3" t="138" w="299" /></phr><phr n="considerations"><ent r="3" t="115" w="537" /><ent r="3" t="115" w="631" /><ent r="3" t="138" w="532" /><ent r="3" t="138" w="566" /><ent r="3" t="216" w="363" /><ent r="3" t="216" w="427" /></phr></stem><stem n="adopt"><phr n="adopted"><ent r="3" t="91" w="569" /><ent r="3" t="91" w="569" /></phr></stem><stem n="electromagnet"><phr n="electromagnetic"><ent r="3" t="91" w="579" /><ent r="3" t="91" w="579" /></phr><phr n="Electromagnetic"><ent r="3" t="91" w="1731" /><ent r="3" t="91" w="1731" /></phr></stem><stem n="emit"><phr n="emitted"><ent r="3" t="91" w="581" /><ent r="3" t="91" w="581" /></phr></stem><stem n="regul"><phr n="regulated"><ent r="3" t="91" w="584" /><ent r="3" t="91" w="584" /></phr><phr n="regulations"><ent r="3" t="91" w="1749" /></phr></stem><stem n="action"><phr n="actions"><ent r="3" t="91" w="591" /><ent r="3" t="91" w="591" /></phr><phr n="action"><ent r="3" t="314" w="482" /><ent r="3" t="314" w="482" /><ent r="3" t="314" w="500" /><ent r="3" t="314" w="500" /><ent r="3" t="314" w="534" /><ent r="3" t="314" w="554" /><ent r="3" t="314" w="554" /><ent r="3" t="314" w="565" /><ent r="3" t="314" w="565" /><ent r="3" t="323" w="207" /><ent r="3" t="399" w="352" /></phr></stem><stem n="docket"><phr n="Docket"><ent r="3" t="91" w="594" /><ent r="3" t="91" w="594" /></phr></stem><stem n="79-144"><phr n="79-144"><ent r="3" t="91" w="595" /><ent r="3" t="91" w="595" /></phr></stem><stem n="144"><phr n="144"><ent r="3" t="91" w="596" /><ent r="6" t="338" w="422" /><ent r="6" t="343" w="740" /><ent r="6" t="343" w="740" /><ent r="6" t="346" w="341" /><ent r="6" t="371" w="570" /><ent r="6" t="371" w="570" /><ent r="3" t="402" w="1308" /><ent r="3" t="402" w="1308" /><ent r="3" t="402" w="1339" /></phr></stem><stem n="march"><phr n="March"><ent r="3" t="91" w="598" /><ent r="3" t="91" w="598" /></phr></stem><stem n="1986"><phr n="1986"><ent r="3" t="91" w="600" /></phr></stem><stem n="govern"><phr n="government"><ent r="3" t="91" w="612" /><ent r="3" t="91" w="612" /><ent r="7" t="235" w="1474" /></phr></stem><stem n="precaut"><phr n="precautions"><ent r="3" t="91" w="616" /><ent r="3" t="91" w="616" /></phr></stem><stem n="transmitt"><phr n="transmitter"><ent r="3" t="91" w="624" /><ent r="3" t="91" w="624" /><ent r="3" t="91" w="639" /><ent r="3" t="91" w="639" /><ent r="7" t="235" w="483" /><ent r="3" t="499" w="59" /><ent r="3" t="499" w="59" /></phr><phr n="transmitters"><ent r="3" t="499" w="94" /><ent r="3" t="499" w="97" /><ent r="3" t="499" w="97" /></phr></stem><stem n="someon"><phr n="someone"><ent r="3" t="91" w="626" /><ent r="3" t="91" w="626" /></phr></stem><stem n="unless"><phr n="unless"><ent r="3" t="91" w="640" /><ent r="3" t="91" w="640" /><ent r="3" t="239" w="476" /><ent r="3" t="239" w="476" /><ent r="3" t="276" w="2990" /><ent r="3" t="276" w="2990" /><ent r="3" t="276" w="3126" /><ent r="3" t="276" w="3126" /><ent r="3" t="287" w="164" /><ent r="3" t="287" w="164" /><ent r="3" t="287" w="271" /><ent r="3" t="287" w="271" /><ent r="3" t="402" w="1099" /><ent r="3" t="402" w="1099" /><ent r="3" t="402" w="1136" /><ent r="3" t="402" w="1136" /><ent r="3" t="402" w="1229" /><ent r="3" t="402" w="1229" /><ent r="3" t="402" w="1264" /><ent r="3" t="402" w="1264" /><ent r="3" t="402" w="1292" /><ent r="3" t="402" w="1292" /><ent r="3" t="402" w="1315" /><ent r="3" t="402" w="1315" /><ent r="3" t="404" w="244" /><ent r="3" t="404" w="244" /><ent r="5" t="422" w="1158" /><ent r="5" t="422" w="1158" /></phr></stem><stem n="properli"><phr n="properly"><ent r="3" t="91" w="651" /><ent r="3" t="91" w="651" /><ent r="3" t="91" w="673" /><ent r="3" t="91" w="673" /><ent r="3" t="237" w="183" /><ent r="3" t="237" w="183" /><ent r="5" t="275" w="363" /><ent r="5" t="400" w="2265" /><ent r="5" t="400" w="2265" /><ent r="3" t="404" w="812" /><ent r="3" t="404" w="812" /></phr></stem><stem n="blast"><phr n="blasting"><ent r="3" t="91" w="661" /><ent r="3" t="91" w="661" /></phr></stem><stem n="cap"><phr n="caps"><ent r="3" t="91" w="662" /><ent r="3" t="91" w="662" /></phr></stem><stem n="explos"><phr n="explosive"><ent r="3" t="91" w="666" /><ent r="3" t="91" w="666" /></phr></stem><stem n="declar"><phr n="DECLARATION"><ent r="8" t="91" w="696" /><ent r="8" t="91" w="696" /></phr><phr n="declare"><ent r="7" t="91" w="718" /><ent r="7" t="91" w="718" /></phr><phr n="Declaration"><ent r="3" t="91" w="802" /><ent r="3" t="91" w="802" /></phr><phr n="declares"><ent r="6" t="91" w="811" /><ent r="6" t="91" w="811" /></phr></stem><stem n="ltd"><phr n="Ltd"><ent r="7" t="91" w="703" /></phr></stem><stem n="935"><phr n="935"><ent r="7" t="91" w="705" /><ent r="7" t="91" w="705" /></phr></stem><stem n="stewart"><phr n="Stewart"><ent r="7" t="91" w="706" /><ent r="7" t="91" w="706" /></phr></stem><stem n="sunnyval"><phr n="Sunnyvale"><ent r="7" t="91" w="709" /><ent r="3" t="404" w="17" /></phr></stem><stem n="ca"><phr n="CA"><ent r="7" t="91" w="710" /><ent r="7" t="91" w="710" /><ent r="7" t="267" w="338" /><ent r="7" t="267" w="338" /><ent r="7" t="267" w="349" /><ent r="7" t="267" w="349" /><ent r="7" t="267" w="512" /><ent r="7" t="267" w="523" /><ent r="3" t="404" w="18" /><ent r="3" t="404" w="18" /></phr><phr n="CAS"><ent r="9" t="235" w="3134" /><ent r="7" t="235" w="3156" /><ent r="7" t="235" w="3156" /></phr></stem><stem n="94085"><phr n="94085"><ent r="7" t="91" w="711" /><ent r="7" t="91" w="711" /><ent r="3" t="404" w="19" /><ent r="3" t="404" w="19" /></phr></stem><stem n="usa"><phr n="USA"><ent r="7" t="91" w="712" /><ent r="7" t="91" w="712" /><ent r="3" t="276" w="1500" /><ent r="5" t="282" w="314" /><ent r="3" t="404" w="21" /><ent r="3" t="404" w="21" /></phr></stem><stem n="408"><phr n="408"><ent r="7" t="91" w="714" /></phr></stem><stem n="481-8000"><phr n="481-8000"><ent r="7" t="91" w="715" /><ent r="7" t="91" w="715" /></phr></stem><stem n="481"><phr n="481"><ent r="7" t="91" w="715" /></phr></stem><stem n="8000"><phr n="8000"><ent r="7" t="91" w="716" /><ent r="7" t="128" w="136" /><ent r="7" t="128" w="136" /></phr></stem><stem n="our"><phr n="our"><ent r="7" t="91" w="720" /><ent r="7" t="91" w="720" /></phr></stem><stem n="sole"><phr n="sole"><ent r="7" t="91" w="721" /><ent r="7" t="91" w="721" /><ent r="3" t="404" w="598" /><ent r="3" t="404" w="598" /></phr><phr n="solely"><ent r="3" t="314" w="340" /><ent r="3" t="314" w="340" /><ent r="3" t="404" w="319" /><ent r="3" t="404" w="319" /></phr></stem><stem n="subject"><phr n="subject"><ent r="7" t="91" w="748" /><ent r="7" t="91" w="748" /><ent r="7" t="91" w="1447" /><ent r="7" t="91" w="1447" /><ent r="7" t="91" w="1530" /><ent r="7" t="91" w="1530" /><ent r="3" t="91" w="1685" /><ent r="3" t="91" w="1685" /><ent r="8" t="150" w="138" /><ent r="8" t="150" w="138" /><ent r="8" t="165" w="155" /><ent r="8" t="165" w="155" /><ent r="8" t="175" w="163" /><ent r="8" t="175" w="163" /><ent r="8" t="201" w="208" /><ent r="8" t="201" w="208" /><ent r="8" t="227" w="200" /><ent r="8" t="227" w="200" /><ent r="7" t="242" w="883" /><ent r="7" t="242" w="883" /><ent r="5" t="243" w="169" /><ent r="5" t="243" w="169" /><ent r="5" t="268" w="157" /><ent r="5" t="268" w="157" /><ent r="3" t="404" w="352" /><ent r="3" t="404" w="352" /><ent r="3" t="404" w="421" /><ent r="3" t="404" w="421" /><ent r="4" t="417" w="204" /><ent r="4" t="417" w="204" /></phr><phr n="Subject"><ent r="3" t="404" w="220" /><ent r="3" t="404" w="220" /></phr><phr n="subjected"><ent r="7" t="446" w="270" /><ent r="7" t="446" w="270" /><ent r="7" t="449" w="320" /><ent r="7" t="449" w="320" /></phr></stem><stem n="undesir"><phr n="undesired"><ent r="7" t="91" w="776" /><ent r="7" t="91" w="776" /><ent r="7" t="91" w="1475" /><ent r="7" t="91" w="1475" /><ent r="7" t="91" w="1558" /><ent r="7" t="91" w="1558" /></phr><phr n="undesirable"><ent r="6" t="106" w="2006" /><ent r="6" t="106" w="2006" /><ent r="4" t="401" w="338" /></phr></stem><stem n="ce"><phr n="CE"><ent r="72" t="91" w="779" /><ent r="72" t="91" w="779" /><ent r="3" t="91" w="796" /><ent r="7" t="91" w="962" /><ent r="7" t="91" w="991" /><ent r="7" t="91" w="991" /><ent r="6" t="91" w="1184" /><ent r="6" t="91" w="1221" /><ent r="6" t="91" w="1249" /></phr></stem><stem n="tte"><phr n="TTE"><ent r="3" t="91" w="792" /><ent r="3" t="91" w="792" /></phr></stem><stem n="ce-mark"><phr n="CE-mark"><ent r="3" t="91" w="796" /><ent r="3" t="91" w="796" /></phr></stem><stem n="english"><phr n="English"><ent r="6" t="91" w="806" /><ent r="6" t="91" w="806" /><ent r="5" t="237" w="29" /><ent r="5" t="237" w="29" /><ent r="5" t="273" w="65" /><ent r="5" t="273" w="65" /><ent r="3" t="306" w="11" /><ent r="5" t="308" w="170" /><ent r="5" t="308" w="170" /></phr><phr n="english"><ent r="3" t="404" w="1412" /><ent r="3" t="404" w="1420" /><ent r="3" t="404" w="1420" /><ent r="3" t="404" w="1426" /><ent r="3" t="404" w="1426" /></phr></stem><stem n="herebi"><phr n="Hereby"><ent r="6" t="91" w="808" /></phr></stem><stem n="relev"><phr n="relevant"><ent r="6" t="91" w="829" /><ent r="6" t="91" w="829" /><ent r="3" t="271" w="167" /><ent r="3" t="271" w="167" /><ent r="3" t="345" w="447" /><ent r="3" t="345" w="447" /><ent r="3" t="345" w="477" /><ent r="3" t="345" w="477" /><ent r="3" t="404" w="185" /><ent r="3" t="404" w="185" /><ent r="3" t="498" w="20" /><ent r="3" t="498" w="20" /></phr></stem><stem n="provis"><phr n="provisions"><ent r="6" t="91" w="830" /><ent r="6" t="91" w="830" /><ent r="4" t="404" w="1346" /><ent r="4" t="404" w="1346" /></phr><phr n="provision"><ent r="3" t="404" w="1200" /><ent r="3" t="404" w="1200" /></phr></stem><stem n="1999"><phr n="1999"><ent r="6" t="91" w="833" /><ent r="6" t="91" w="855" /><ent r="7" t="91" w="897" /><ent r="7" t="91" w="926" /><ent r="7" t="91" w="960" /><ent r="7" t="91" w="989" /><ent r="6" t="91" w="1025" /><ent r="6" t="91" w="1055" /><ent r="7" t="91" w="1085" /><ent r="7" t="91" w="1118" /><ent r="6" t="91" w="1150" /><ent r="6" t="91" w="1182" /><ent r="6" t="91" w="1219" /><ent r="6" t="91" w="1247" /></phr></stem><stem n="ec"><phr n="EC"><ent r="6" t="91" w="835" /><ent r="7" t="91" w="928" /><ent r="7" t="128" w="291" /><ent r="7" t="128" w="291" /><ent r="7" t="128" w="302" /><ent r="7" t="128" w="302" /><ent r="7" t="128" w="313" /><ent r="7" t="128" w="313" /><ent r="7" t="128" w="324" /><ent r="7" t="128" w="324" /><ent r="3" t="404" w="1588" /><ent r="3" t="404" w="1588" /><ent r="3" t="404" w="1622" /><ent r="3" t="404" w="1622" /></phr></stem><stem n="finnish"><phr n="Finnish"><ent r="6" t="91" w="837" /><ent r="6" t="91" w="837" /><ent r="5" t="237" w="38" /><ent r="5" t="237" w="38" /><ent r="5" t="273" w="70" /><ent r="5" t="273" w="70" /></phr></stem><stem n="vakuuttaa"><phr n="vakuuttaa"><ent r="6" t="91" w="841" /><ent r="6" t="91" w="841" /></phr></stem><stem n="täten"><phr n="täten"><ent r="6" t="91" w="842" /><ent r="6" t="91" w="842" /></phr></stem><stem n="että"><phr n="että"><ent r="6" t="91" w="843" /><ent r="6" t="91" w="843" /></phr></stem><stem n="toestel"><phr n="toestel"><ent r="6" t="91" w="844" /><ent r="6" t="91" w="844" /><ent r="7" t="91" w="876" /><ent r="7" t="91" w="876" /></phr></stem><stem n="tyyppinen"><phr n="tyyppinen"><ent r="6" t="91" w="851" /><ent r="6" t="91" w="851" /></phr></stem><stem n="lait"><phr n="laite"><ent r="6" t="91" w="852" /><ent r="6" t="91" w="852" /></phr></stem><stem n="direktiivin"><phr n="direktiivin"><ent r="6" t="91" w="854" /><ent r="6" t="91" w="854" /><ent r="6" t="91" w="863" /><ent r="6" t="91" w="863" /></phr></stem><stem n="ey"><phr n="EY"><ent r="6" t="91" w="857" /><ent r="6" t="91" w="857" /></phr></stem><stem n="oleellisten"><phr n="oleellisten"><ent r="6" t="91" w="858" /><ent r="6" t="91" w="858" /></phr></stem><stem n="vaatimusten"><phr n="vaatimusten"><ent r="6" t="91" w="859" /><ent r="6" t="91" w="859" /></phr></stem><stem n="ja"><phr n="ja"><ent r="6" t="91" w="860" /><ent r="6" t="91" w="860" /><ent r="5" t="237" w="51" /></phr></stem><stem n="sitä"><phr n="sitä"><ent r="6" t="91" w="861" /><ent r="6" t="91" w="861" /></phr></stem><stem n="koskevien"><phr n="koskevien"><ent r="6" t="91" w="862" /><ent r="6" t="91" w="862" /></phr></stem><stem n="muiden"><phr n="muiden"><ent r="6" t="91" w="864" /><ent r="6" t="91" w="864" /></phr></stem><stem n="ehtojen"><phr n="ehtojen"><ent r="6" t="91" w="865" /><ent r="6" t="91" w="865" /></phr></stem><stem n="mukainen"><phr n="mukainen"><ent r="6" t="91" w="866" /></phr></stem><stem n="dutch"><phr n="Dutch"><ent r="6" t="91" w="868" /><ent r="6" t="91" w="868" /><ent r="5" t="237" w="35" /><ent r="5" t="237" w="35" /><ent r="5" t="273" w="80" /><ent r="5" t="273" w="80" /></phr></stem><stem n="hierbij"><phr n="Hierbij"><ent r="7" t="91" w="870" /><ent r="7" t="91" w="870" /></phr></stem><stem n="verklaart"><phr n="verklaart"><ent r="7" t="91" w="871" /><ent r="7" t="91" w="871" /><ent r="7" t="91" w="903" /><ent r="7" t="91" w="903" /></phr></stem><stem n="dat"><phr n="dat"><ent r="7" t="91" w="874" /><ent r="7" t="91" w="874" /><ent r="7" t="91" w="906" /><ent r="7" t="91" w="906" /></phr><phr n="DAT"><ent r="3" t="347" w="31" /><ent r="3" t="347" w="31" /><ent r="3" t="347" w="74" /><ent r="3" t="347" w="74" /><ent r="7" t="347" w="256" /><ent r="7" t="347" w="256" /><ent r="7" t="347" w="270" /><ent r="7" t="347" w="270" /><ent r="3" t="348" w="59" /></phr></stem><stem n="het"><phr n="het"><ent r="7" t="91" w="875" /><ent r="7" t="91" w="875" /></phr></stem><stem n="overeenstem"><phr n="overeenstemming"><ent r="7" t="91" w="884" /><ent r="7" t="91" w="884" /></phr></stem><stem n="met"><phr n="met"><ent r="7" t="91" w="886" /><ent r="7" t="91" w="886" /></phr><phr n="MET"><ent r="66" t="276" w="1765" /></phr><phr n="Met"><ent r="72" t="276" w="3327" /></phr></stem><stem n="essentiël"><phr n="essentiële"><ent r="7" t="91" w="888" /><ent r="7" t="91" w="888" /><ent r="7" t="91" w="916" /><ent r="7" t="91" w="916" /></phr></stem><stem n="eisen"><phr n="eisen"><ent r="7" t="91" w="889" /><ent r="7" t="91" w="889" /><ent r="7" t="91" w="917" /><ent r="7" t="91" w="917" /></phr></stem><stem n="en"><phr n="en"><ent r="7" t="91" w="890" /><ent r="7" t="91" w="890" /><ent r="7" t="91" w="918" /><ent r="7" t="91" w="918" /><ent r="5" t="237" w="30" /><ent r="3" t="306" w="13" /><ent r="3" t="306" w="13" /><ent r="5" t="308" w="180" /><ent r="5" t="308" w="184" /><ent r="66" t="308" w="231" /><ent r="66" t="308" w="231" /><ent r="5" t="308" w="263" /></phr><phr n="EN"><ent r="3" t="91" w="1331" /><ent r="3" t="91" w="1331" /><ent r="4" t="91" w="1367" /><ent r="4" t="91" w="1367" /></phr></stem><stem n="ander"><phr n="andere"><ent r="7" t="91" w="892" /><ent r="7" t="91" w="892" /></phr></stem><stem n="relevant"><phr n="relevante"><ent r="7" t="91" w="893" /><ent r="7" t="91" w="893" /><ent r="7" t="91" w="922" /><ent r="7" t="91" w="922" /><ent r="6" t="91" w="1051" /><ent r="6" t="91" w="1051" /></phr></stem><stem n="bepalingen"><phr n="bepalingen"><ent r="7" t="91" w="894" /><ent r="7" t="91" w="894" /><ent r="7" t="91" w="923" /><ent r="7" t="91" w="923" /></phr></stem><stem n="van"><phr n="van"><ent r="7" t="91" w="895" /><ent r="7" t="91" w="895" /><ent r="7" t="91" w="924" /><ent r="7" t="91" w="924" /></phr></stem><stem n="richtlijn"><phr n="richtlijn"><ent r="7" t="91" w="896" /><ent r="7" t="91" w="896" /></phr><phr n="Richtlijn"><ent r="7" t="91" w="925" /><ent r="7" t="91" w="925" /></phr></stem><stem n="eg"><phr n="EG"><ent r="7" t="91" w="899" /><ent r="6" t="91" w="1027" /><ent r="7" t="91" w="1087" /><ent r="7" t="91" w="1087" /><ent r="7" t="91" w="1120" /></phr><phr n="eg"><ent r="7" t="477" w="181" /></phr></stem><stem n="bij"><phr n="Bij"><ent r="7" t="91" w="901" /><ent r="7" t="91" w="901" /></phr></stem><stem n="deze"><phr n="deze"><ent r="7" t="91" w="902" /><ent r="7" t="91" w="902" /></phr></stem><stem n="voldoet"><phr n="voldoet"><ent r="7" t="91" w="913" /><ent r="7" t="91" w="913" /></phr></stem><stem n="aan"><phr n="aan"><ent r="7" t="91" w="914" /><ent r="7" t="91" w="914" /><ent r="7" t="91" w="919" /><ent r="7" t="91" w="919" /></phr></stem><stem n="overig"><phr n="overige"><ent r="7" t="91" w="921" /><ent r="7" t="91" w="921" /></phr></stem><stem n="french"><phr n="French"><ent r="6" t="91" w="930" /><ent r="6" t="91" w="930" /><ent r="5" t="237" w="41" /><ent r="5" t="237" w="41" /><ent r="5" t="273" w="72" /><ent r="5" t="273" w="72" /></phr></stem><stem n="par"><phr n="Par"><ent r="7" t="91" w="932" /><ent r="7" t="91" w="932" /><ent r="7" t="91" w="964" /><ent r="7" t="91" w="964" /></phr></stem><stem n="présent"><phr n="présente"><ent r="7" t="91" w="934" /><ent r="7" t="91" w="934" /><ent r="7" t="91" w="966" /></phr></stem><stem n="déclare"><phr n="déclare"><ent r="7" t="91" w="937" /><ent r="7" t="91" w="937" /><ent r="7" t="91" w="969" /><ent r="7" t="91" w="969" /></phr></stem><stem n="que"><phr n="que"><ent r="7" t="91" w="938" /><ent r="7" t="91" w="938" /><ent r="7" t="91" w="970" /><ent r="7" t="91" w="970" /><ent r="6" t="91" w="1196" /><ent r="6" t="91" w="1196" /><ent r="6" t="91" w="1228" /><ent r="6" t="91" w="1228" /></phr></stem><stem n="aux"><phr n="aux"><ent r="7" t="91" w="949" /><ent r="7" t="91" w="949" /><ent r="7" t="91" w="953" /><ent r="7" t="91" w="953" /><ent r="7" t="91" w="979" /><ent r="7" t="91" w="979" /><ent r="7" t="91" w="983" /><ent r="7" t="91" w="983" /></phr></stem><stem n="exig"><phr n="exigences"><ent r="7" t="91" w="950" /><ent r="7" t="91" w="950" /><ent r="7" t="91" w="980" /><ent r="7" t="91" w="980" /></phr><phr n="exigibles"><ent r="6" t="91" w="1215" /><ent r="6" t="91" w="1215" /></phr></stem><stem n="essentiel"><phr n="essentielles"><ent r="7" t="91" w="951" /><ent r="7" t="91" w="951" /><ent r="7" t="91" w="981" /><ent r="7" t="91" w="981" /></phr></stem><stem n="et"><phr n="et"><ent r="7" t="91" w="952" /><ent r="7" t="91" w="952" /><ent r="7" t="91" w="982" /><ent r="7" t="91" w="982" /></phr></stem><stem n="autr"><phr n="autres"><ent r="7" t="91" w="954" /><ent r="7" t="91" w="954" /><ent r="7" t="91" w="984" /><ent r="7" t="91" w="984" /></phr></stem><stem n="disposit"><phr n="dispositions"><ent r="7" t="91" w="955" /><ent r="7" t="91" w="955" /><ent r="7" t="91" w="985" /><ent r="7" t="91" w="985" /></phr></stem><stem n="pertinent"><phr n="pertinentes"><ent r="7" t="91" w="956" /><ent r="7" t="91" w="956" /></phr></stem><stem n="qui"><phr n="qui"><ent r="7" t="91" w="992" /><ent r="7" t="91" w="992" /></phr></stem><stem n="lui"><phr n="lui"><ent r="7" t="91" w="993" /><ent r="7" t="91" w="993" /></phr></stem><stem n="sont"><phr n="sont"><ent r="7" t="91" w="994" /><ent r="7" t="91" w="994" /></phr></stem><stem n="swedish"><phr n="Swedish"><ent r="6" t="91" w="997" /><ent r="6" t="91" w="997" /><ent r="5" t="237" w="68" /><ent r="5" t="237" w="68" /><ent r="5" t="273" w="92" /><ent r="5" t="273" w="92" /></phr></stem><stem n="härmed"><phr n="Härmed"><ent r="6" t="91" w="999" /><ent r="6" t="91" w="999" /></phr></stem><stem n="intygar"><phr n="intygar"><ent r="6" t="91" w="1000" /><ent r="6" t="91" w="1000" /></phr></stem><stem n="att"><phr n="att"><ent r="6" t="91" w="1003" /><ent r="6" t="91" w="1003" /></phr></stem><stem n="står"><phr n="står"><ent r="6" t="91" w="1010" /><ent r="6" t="91" w="1010" /></phr></stem><stem n="överensstämmels"><phr n="överensstämmelse"><ent r="6" t="91" w="1012" /><ent r="6" t="91" w="1012" /></phr></stem><stem n="väsentliga"><phr n="väsentliga"><ent r="6" t="91" w="1015" /><ent r="6" t="91" w="1015" /></phr></stem><stem n="egenskapskrav"><phr n="egenskapskrav"><ent r="6" t="91" w="1016" /><ent r="6" t="91" w="1016" /></phr></stem><stem n="och"><phr n="och"><ent r="6" t="91" w="1017" /><ent r="6" t="91" w="1017" /></phr></stem><stem n="övriga"><phr n="övriga"><ent r="6" t="91" w="1018" /><ent r="6" t="91" w="1018" /></phr></stem><stem n="relevanta"><phr n="relevanta"><ent r="6" t="91" w="1019" /><ent r="6" t="91" w="1019" /></phr></stem><stem n="bestämmels"><phr n="bestämmelser"><ent r="6" t="91" w="1020" /><ent r="6" t="91" w="1020" /></phr></stem><stem n="som"><phr n="som"><ent r="6" t="91" w="1021" /><ent r="6" t="91" w="1021" /></phr></stem><stem n="framgår"><phr n="framgår"><ent r="6" t="91" w="1022" /><ent r="6" t="91" w="1022" /></phr></stem><stem n="av"><phr n="av"><ent r="6" t="91" w="1023" /><ent r="6" t="91" w="1023" /></phr></stem><stem n="direktiv"><phr n="direktiv"><ent r="6" t="91" w="1024" /><ent r="6" t="91" w="1024" /><ent r="6" t="91" w="1054" /><ent r="6" t="91" w="1054" /></phr></stem><stem n="danish"><phr n="Danish"><ent r="6" t="91" w="1029" /><ent r="6" t="91" w="1029" /></phr></stem><stem n="undertegned"><phr n="Undertegnede"><ent r="6" t="91" w="1031" /><ent r="6" t="91" w="1031" /></phr></stem><stem n="erklærer"><phr n="erklærer"><ent r="6" t="91" w="1034" /><ent r="6" t="91" w="1034" /></phr></stem><stem n="herv"><phr n="herved"><ent r="6" t="91" w="1035" /></phr></stem><stem n="følgend"><phr n="følgende"><ent r="6" t="91" w="1037" /><ent r="6" t="91" w="1037" /></phr></stem><stem n="udstyr"><phr n="udstyr"><ent r="6" t="91" w="1038" /><ent r="6" t="91" w="1038" /></phr></stem><stem n="overhold"><phr n="overholder"><ent r="6" t="91" w="1045" /><ent r="6" t="91" w="1045" /></phr></stem><stem n="væsentlig"><phr n="væsentlige"><ent r="6" t="91" w="1047" /><ent r="6" t="91" w="1047" /></phr></stem><stem n="krav"><phr n="krav"><ent r="6" t="91" w="1048" /><ent r="6" t="91" w="1048" /><ent r="6" t="91" w="1052" /><ent r="6" t="91" w="1052" /></phr></stem></index>