<?xml version="1.0" encoding="utf-8"?><index><!-- saved from url=(0016)http://localhost -->
<stem n="prevail"><phr n="prevailing"><ent r="3" t="7" w="143" /><ent r="3" t="7" w="143" /><ent r="3" t="11" w="387" /><ent r="3" t="11" w="387" /><ent r="3" t="11" w="698" /><ent r="3" t="11" w="698" /></phr></stem><stem n="atmospher"><phr n="atmospheric"><ent r="3" t="7" w="144" /><ent r="3" t="7" w="144" /><ent r="3" t="16" w="29" /><ent r="3" t="16" w="29" /><ent r="8" t="17" w="101" /><ent r="8" t="17" w="101" /><ent r="3" t="47" w="29" /><ent r="3" t="47" w="29" /><ent r="8" t="48" w="101" /><ent r="8" t="48" w="101" /><ent r="3" t="71" w="29" /><ent r="3" t="71" w="29" /><ent r="8" t="72" w="101" /><ent r="8" t="72" w="101" /><ent r="3" t="98" w="29" /><ent r="3" t="98" w="29" /><ent r="8" t="99" w="101" /><ent r="8" t="99" w="101" /><ent r="8" t="150" w="148" /><ent r="8" t="150" w="148" /><ent r="8" t="150" w="273" /><ent r="8" t="150" w="273" /><ent r="8" t="165" w="165" /><ent r="8" t="165" w="165" /><ent r="8" t="165" w="270" /><ent r="8" t="165" w="270" /><ent r="8" t="175" w="173" /><ent r="8" t="175" w="173" /><ent r="8" t="175" w="255" /><ent r="8" t="175" w="255" /><ent r="8" t="201" w="218" /><ent r="8" t="201" w="218" /><ent r="8" t="201" w="314" /><ent r="8" t="201" w="314" /><ent r="8" t="227" w="210" /><ent r="8" t="227" w="210" /><ent r="8" t="227" w="296" /><ent r="8" t="227" w="296" /><ent r="7" t="235" w="50" /><ent r="7" t="235" w="50" /><ent r="7" t="235" w="1219" /><ent r="7" t="235" w="1219" /></phr><phr n="Atmospheric"><ent r="3" t="11" w="549" /><ent r="3" t="11" w="549" /></phr><phr n="atmosphere"><ent r="3" t="11" w="672" /><ent r="3" t="11" w="672" /><ent r="3" t="91" w="667" /></phr></stem><stem n="error"><phr n="errors"><ent r="3" t="7" w="145" /><ent r="3" t="11" w="550" /><ent r="3" t="11" w="550" /><ent r="3" t="11" w="776" /><ent r="3" t="11" w="776" /><ent r="3" t="11" w="784" /><ent r="3" t="11" w="784" /><ent r="7" t="235" w="906" /><ent r="7" t="235" w="906" /><ent r="7" t="235" w="1223" /><ent r="7" t="235" w="3468" /><ent r="7" t="235" w="3468" /><ent r="4" t="281" w="384" /><ent r="4" t="281" w="384" /><ent r="7" t="296" w="335" /><ent r="7" t="296" w="335" /><ent r="1000" t="322" w="2" /><ent r="1000" t="322" w="2" /><ent r="92" t="322" w="5" /><ent r="92" t="322" w="5" /><ent r="67" t="416" w="28" /><ent r="67" t="416" w="28" /><ent r="7" t="432" w="389" /><ent r="7" t="432" w="389" /><ent r="7" t="432" w="413" /><ent r="7" t="432" w="413" /><ent r="7" t="432" w="437" /><ent r="7" t="432" w="437" /><ent r="7" t="439" w="452" /><ent r="7" t="439" w="452" /><ent r="7" t="439" w="462" /><ent r="7" t="439" w="462" /></phr><phr n="Error"><ent r="4" t="9" w="115" /><ent r="4" t="9" w="115" /><ent r="4" t="242" w="1563" /><ent r="4" t="242" w="1563" /><ent r="4" t="244" w="571" /><ent r="4" t="244" w="571" /><ent r="3" t="281" w="349" /><ent r="3" t="281" w="349" /><ent r="6" t="357" w="42" /><ent r="6" t="357" w="42" /><ent r="7" t="438" w="586" /><ent r="7" t="438" w="586" /><ent r="5" t="449" w="44" /><ent r="5" t="449" w="44" /><ent r="5" t="449" w="52" /><ent r="5" t="449" w="52" /><ent r="3" t="449" w="88" /><ent r="3" t="449" w="88" /><ent r="7" t="481" w="118" /><ent r="7" t="481" w="118" /><ent r="7" t="481" w="131" /><ent r="7" t="481" w="131" /><ent r="7" t="481" w="144" /><ent r="7" t="481" w="144" /><ent r="7" t="485" w="177" /><ent r="7" t="485" w="177" /><ent r="7" t="485" w="189" /><ent r="7" t="485" w="189" /></phr><phr n="error"><ent r="3" t="11" w="138" /><ent r="3" t="11" w="138" /><ent r="3" t="11" w="149" /><ent r="3" t="11" w="149" /><ent r="3" t="11" w="165" /><ent r="3" t="11" w="165" /><ent r="3" t="11" w="179" /><ent r="3" t="11" w="179" /><ent r="3" t="11" w="194" /><ent r="3" t="11" w="210" /><ent r="3" t="11" w="210" /><ent r="3" t="11" w="219" /><ent r="3" t="11" w="219" /><ent r="3" t="11" w="230" /><ent r="3" t="11" w="230" /><ent r="3" t="11" w="720" /><ent r="4" t="96" w="96" /><ent r="5" t="125" w="100" /><ent r="9" t="150" w="40" /><ent r="9" t="165" w="40" /><ent r="9" t="175" w="107" /><ent r="9" t="201" w="152" /><ent r="9" t="227" w="152" /><ent r="7" t="235" w="1022" /><ent r="7" t="235" w="2087" /><ent r="7" t="235" w="2582" /><ent r="5" t="242" w="1640" /><ent r="5" t="242" w="1640" /><ent r="5" t="242" w="1653" /><ent r="5" t="242" w="1653" /><ent r="5" t="242" w="1666" /><ent r="5" t="242" w="1666" /><ent r="5" t="244" w="701" /><ent r="5" t="244" w="701" /><ent r="5" t="244" w="720" /><ent r="5" t="244" w="720" /><ent r="5" t="244" w="733" /><ent r="5" t="244" w="733" /><ent r="3" t="265" w="364" /><ent r="3" t="265" w="364" /><ent r="7" t="276" w="571" /><ent r="7" t="276" w="571" /><ent r="7" t="276" w="584" /><ent r="7" t="276" w="584" /><ent r="7" t="276" w="615" /><ent r="7" t="276" w="615" /><ent r="7" t="276" w="631" /><ent r="7" t="276" w="631" /><ent r="7" t="276" w="636" /><ent r="7" t="276" w="644" /><ent r="7" t="276" w="644" /><ent r="7" t="276" w="658" /><ent r="7" t="276" w="658" /><ent r="7" t="276" w="1040" /><ent r="7" t="276" w="1040" /><ent r="7" t="276" w="1053" /><ent r="7" t="276" w="1053" /><ent r="7" t="276" w="1084" /><ent r="7" t="276" w="1084" /><ent r="7" t="276" w="1100" /><ent r="7" t="276" w="1100" /><ent r="7" t="276" w="1105" /><ent r="7" t="276" w="1113" /><ent r="7" t="276" w="1113" /><ent r="7" t="276" w="1132" /><ent r="7" t="276" w="1132" /><ent r="7" t="276" w="1146" /><ent r="7" t="276" w="1146" /><ent r="5" t="278" w="302" /><ent r="3" t="281" w="269" /><ent r="3" t="281" w="269" /><ent r="3" t="281" w="399" /><ent r="5" t="282" w="268" /><ent r="5" t="282" w="268" /><ent r="3" t="288" w="964" /><ent r="7" t="296" w="332" /><ent r="7" t="296" w="332" /><ent r="5" t="312" w="727" /><ent r="5" t="312" w="727" /><ent r="5" t="315" w="420" /><ent r="5" t="315" w="420" /><ent r="3" t="321" w="91" /><ent r="3" t="321" w="107" /><ent r="6" t="343" w="484" /><ent r="7" t="372" w="1935" /><ent r="7" t="393" w="265" /><ent r="7" t="393" w="265" /><ent r="3" t="400" w="2011" /><ent r="3" t="400" w="2011" /><ent r="5" t="400" w="2068" /><ent r="5" t="400" w="2068" /><ent r="5" t="400" w="2255" /><ent r="5" t="400" w="2255" /><ent r="3" t="404" w="524" /><ent r="3" t="404" w="524" /><ent r="3" t="404" w="990" /><ent r="3" t="404" w="990" /><ent r="7" t="432" w="325" /><ent r="7" t="432" w="325" /><ent r="7" t="432" w="346" /><ent r="7" t="432" w="346" /><ent r="7" t="432" w="367" /><ent r="7" t="432" w="367" /><ent r="7" t="432" w="462" /><ent r="7" t="432" w="462" /><ent r="3" t="432" w="486" /><ent r="3" t="432" w="486" /><ent r="3" t="432" w="502" /><ent r="3" t="432" w="502" /><ent r="7" t="439" w="425" /><ent r="7" t="439" w="425" /><ent r="7" t="449" w="149" /><ent r="7" t="449" w="149" /><ent r="7" t="449" w="217" /><ent r="7" t="449" w="217" /><ent r="7" t="449" w="235" /><ent r="7" t="449" w="235" /><ent r="7" t="474" w="71" /><ent r="7" t="474" w="71" /><ent r="7" t="474" w="86" /><ent r="7" t="474" w="86" /><ent r="7" t="474" w="101" /><ent r="7" t="474" w="101" /><ent r="72" t="481" w="12" /><ent r="72" t="481" w="12" /><ent r="7" t="481" w="125" /><ent r="7" t="481" w="138" /><ent r="7" t="481" w="157" /><ent r="7" t="481" w="166" /><ent r="7" t="481" w="175" /><ent r="7" t="485" w="209" /><ent r="7" t="485" w="209" /><ent r="7" t="488" w="288" /><ent r="7" t="488" w="288" /></phr></stem><stem n="keep"><phr n="keep"><ent r="3" t="7" w="151" /><ent r="3" t="7" w="151" /><ent r="6" t="30" w="81" /><ent r="6" t="30" w="81" /><ent r="6" t="61" w="81" /><ent r="6" t="61" w="81" /><ent r="7" t="112" w="81" /><ent r="7" t="112" w="81" /><ent r="6" t="181" w="150" /><ent r="6" t="181" w="150" /><ent r="6" t="184" w="119" /><ent r="6" t="184" w="119" /><ent r="6" t="207" w="145" /><ent r="6" t="207" w="145" /><ent r="6" t="210" w="228" /><ent r="6" t="210" w="228" /></phr><phr n="keeps"><ent r="6" t="30" w="73" /><ent r="6" t="30" w="73" /><ent r="6" t="61" w="73" /><ent r="6" t="61" w="73" /><ent r="7" t="112" w="73" /><ent r="7" t="112" w="73" /></phr></stem><stem n="object"><phr n="objects"><ent r="3" t="7" w="153" /><ent r="3" t="7" w="153" /><ent r="3" t="11" w="754" /><ent r="3" t="11" w="754" /><ent r="4" t="40" w="245" /><ent r="4" t="66" w="245" /><ent r="4" t="121" w="247" /><ent r="4" t="157" w="256" /><ent r="4" t="195" w="252" /><ent r="4" t="219" w="252" /><ent r="7" t="235" w="2194" /><ent r="7" t="235" w="2194" /></phr><phr n="object"><ent r="7" t="235" w="1399" /><ent r="7" t="235" w="1399" /></phr></stem><stem n="awai"><phr n="away"><ent r="3" t="7" w="154" /><ent r="3" t="7" w="154" /><ent r="3" t="265" w="374" /><ent r="3" t="265" w="374" /></phr></stem><stem n="make"><phr n="make"><ent r="3" t="7" w="159" /><ent r="3" t="7" w="159" /><ent r="3" t="31" w="204" /><ent r="3" t="31" w="204" /><ent r="3" t="39" w="64" /><ent r="3" t="39" w="64" /><ent r="3" t="62" w="204" /><ent r="3" t="62" w="204" /><ent r="3" t="113" w="208" /><ent r="3" t="113" w="208" /><ent r="3" t="136" w="208" /><ent r="3" t="136" w="208" /><ent r="5" t="196" w="130" /><ent r="5" t="196" w="130" /><ent r="5" t="220" w="134" /><ent r="5" t="220" w="134" /><ent r="6" t="234" w="193" /><ent r="6" t="234" w="193" /><ent r="5" t="243" w="323" /><ent r="5" t="243" w="323" /><ent r="3" t="288" w="26" /><ent r="3" t="288" w="26" /><ent r="3" t="288" w="946" /><ent r="3" t="288" w="946" /><ent r="3" t="288" w="1026" /><ent r="3" t="288" w="1026" /><ent r="3" t="296" w="47" /><ent r="3" t="296" w="47" /><ent r="3" t="297" w="473" /><ent r="3" t="297" w="473" /><ent r="5" t="311" w="209" /><ent r="5" t="311" w="209" /><ent r="3" t="321" w="71" /><ent r="3" t="321" w="71" /><ent r="3" t="359" w="297" /><ent r="3" t="359" w="297" /><ent r="3" t="399" w="1222" /><ent r="3" t="399" w="1222" /><ent r="5" t="400" w="2223" /><ent r="5" t="400" w="2223" /></phr><phr n="makes"><ent r="3" t="37" w="101" /><ent r="3" t="37" w="101" /><ent r="3" t="89" w="100" /><ent r="3" t="89" w="100" /><ent r="3" t="119" w="100" /><ent r="3" t="119" w="100" /><ent r="3" t="142" w="101" /><ent r="3" t="142" w="101" /><ent r="3" t="193" w="98" /><ent r="3" t="193" w="98" /><ent r="7" t="235" w="1745" /><ent r="7" t="235" w="1745" /><ent r="3" t="298" w="66" /><ent r="3" t="298" w="66" /><ent r="5" t="329" w="220" /><ent r="5" t="329" w="220" /><ent r="3" t="397" w="374" /><ent r="3" t="397" w="374" /><ent r="3" t="400" w="149" /><ent r="3" t="400" w="149" /><ent r="3" t="404" w="410" /><ent r="3" t="404" w="410" /></phr><phr n="Make"><ent r="6" t="234" w="253" /><ent r="6" t="234" w="253" /><ent r="6" t="234" w="314" /><ent r="6" t="234" w="314" /><ent r="5" t="311" w="179" /><ent r="5" t="311" w="179" /><ent r="5" t="312" w="568" /><ent r="5" t="312" w="568" /></phr></stem><stem n="sure"><phr n="sure"><ent r="3" t="7" w="160" /><ent r="3" t="7" w="160" /><ent r="3" t="31" w="205" /><ent r="3" t="31" w="205" /><ent r="3" t="37" w="102" /><ent r="3" t="37" w="102" /><ent r="3" t="39" w="65" /><ent r="3" t="39" w="65" /><ent r="3" t="62" w="205" /><ent r="3" t="62" w="205" /><ent r="3" t="89" w="101" /><ent r="3" t="89" w="101" /><ent r="3" t="113" w="209" /><ent r="3" t="113" w="209" /><ent r="3" t="119" w="101" /><ent r="3" t="119" w="101" /><ent r="3" t="136" w="209" /><ent r="3" t="136" w="209" /><ent r="3" t="142" w="102" /><ent r="3" t="142" w="102" /><ent r="3" t="193" w="99" /><ent r="3" t="193" w="99" /><ent r="6" t="234" w="194" /><ent r="6" t="234" w="194" /><ent r="6" t="234" w="254" /><ent r="6" t="234" w="254" /><ent r="6" t="234" w="315" /><ent r="6" t="234" w="315" /><ent r="3" t="297" w="474" /><ent r="3" t="297" w="474" /><ent r="5" t="311" w="180" /><ent r="5" t="311" w="180" /><ent r="5" t="312" w="569" /><ent r="5" t="312" w="569" /><ent r="3" t="321" w="72" /><ent r="3" t="321" w="72" /><ent r="3" t="359" w="298" /><ent r="3" t="359" w="298" /></phr></stem><stem n="elev"><phr n="elevation"><ent r="3" t="7" w="167" /><ent r="3" t="7" w="167" /><ent r="3" t="11" w="535" /><ent r="3" t="11" w="535" /><ent r="3" t="11" w="558" /><ent r="3" t="11" w="558" /><ent r="3" t="11" w="574" /><ent r="3" t="11" w="574" /><ent r="3" t="11" w="583" /><ent r="3" t="11" w="583" /><ent r="3" t="11" w="703" /><ent r="3" t="11" w="703" /><ent r="3" t="11" w="733" /><ent r="3" t="11" w="733" /><ent r="3" t="12" w="339" /><ent r="3" t="12" w="354" /><ent r="3" t="12" w="354" /><ent r="3" t="12" w="493" /><ent r="4" t="14" w="83" /><ent r="4" t="14" w="83" /><ent r="4" t="45" w="85" /><ent r="4" t="45" w="85" /><ent r="4" t="70" w="87" /><ent r="4" t="70" w="87" /><ent r="5" t="95" w="169" /><ent r="4" t="96" w="126" /><ent r="4" t="96" w="126" /><ent r="5" t="125" w="130" /><ent r="5" t="125" w="130" /><ent r="4" t="173" w="100" /><ent r="4" t="173" w="100" /><ent r="9" t="175" w="146" /><ent r="9" t="175" w="146" /><ent r="4" t="199" w="144" /><ent r="4" t="199" w="144" /><ent r="9" t="201" w="191" /><ent r="9" t="201" w="191" /><ent r="4" t="224" w="152" /><ent r="4" t="224" w="152" /><ent r="7" t="235" w="1165" /><ent r="7" t="235" w="1165" /><ent r="7" t="235" w="1192" /><ent r="7" t="235" w="1192" /><ent r="7" t="235" w="2489" /><ent r="7" t="235" w="2489" /><ent r="7" t="235" w="3038" /><ent r="7" t="235" w="3038" /><ent r="5" t="244" w="1097" /><ent r="5" t="244" w="1097" /><ent r="3" t="249" w="249" /><ent r="3" t="249" w="249" /><ent r="4" t="250" w="47" /><ent r="4" t="250" w="47" /><ent r="3" t="250" w="139" /><ent r="3" t="250" w="139" /><ent r="3" t="251" w="63" /><ent r="3" t="251" w="63" /><ent r="5" t="251" w="132" /><ent r="5" t="251" w="132" /><ent r="3" t="256" w="18" /><ent r="3" t="256" w="18" /><ent r="3" t="256" w="116" /><ent r="3" t="256" w="116" /><ent r="3" t="256" w="164" /><ent r="3" t="256" w="164" /><ent r="3" t="257" w="104" /><ent r="3" t="257" w="104" /><ent r="3" t="260" w="33" /><ent r="3" t="260" w="33" /><ent r="3" t="260" w="64" /><ent r="3" t="260" w="64" /><ent r="3" t="261" w="50" /><ent r="3" t="261" w="50" /><ent r="3" t="261" w="132" /><ent r="3" t="261" w="132" /><ent r="3" t="262" w="21" /><ent r="3" t="262" w="21" /><ent r="3" t="263" w="32" /><ent r="3" t="263" w="32" /><ent r="3" t="267" w="14" /><ent r="6" t="349" w="469" /><ent r="6" t="349" w="469" /><ent r="6" t="350" w="408" /><ent r="6" t="350" w="408" /><ent r="3" t="363" w="23" /><ent r="3" t="363" w="23" /><ent r="7" t="393" w="276" /><ent r="3" t="399" w="2071" /><ent r="3" t="399" w="2071" /><ent r="3" t="399" w="2092" /><ent r="3" t="399" w="2092" /><ent r="3" t="399" w="2177" /><ent r="3" t="399" w="2281" /><ent r="3" t="399" w="2281" /><ent r="3" t="399" w="2301" /><ent r="3" t="399" w="2301" /><ent r="3" t="399" w="2339" /></phr><phr n="Elevation"><ent r="82" t="11" w="531" /><ent r="82" t="11" w="531" /><ent r="6" t="15" w="91" /><ent r="6" t="15" w="91" /><ent r="6" t="46" w="91" /><ent r="6" t="46" w="91" /><ent r="6" t="97" w="91" /><ent r="6" t="97" w="91" /><ent r="6" t="126" w="91" /><ent r="6" t="126" w="91" /><ent r="6" t="149" w="91" /><ent r="6" t="149" w="91" /><ent r="6" t="174" w="91" /><ent r="6" t="174" w="91" /><ent r="6" t="200" w="91" /><ent r="6" t="200" w="91" /><ent r="7" t="235" w="2493" /><ent r="7" t="235" w="2493" /><ent r="6" t="242" w="125" /><ent r="6" t="242" w="125" /><ent r="5" t="242" w="143" /><ent r="7" t="242" w="160" /><ent r="7" t="242" w="160" /><ent r="1000" t="256" w="3" /><ent r="1000" t="256" w="3" /><ent r="82" t="256" w="8" /><ent r="82" t="256" w="8" /><ent r="4" t="257" w="89" /><ent r="4" t="257" w="89" /><ent r="4" t="260" w="58" /><ent r="4" t="260" w="58" /><ent r="4" t="261" w="44" /><ent r="4" t="261" w="44" /><ent r="4" t="263" w="28" /><ent r="4" t="263" w="28" /><ent r="4" t="267" w="9" /><ent r="4" t="267" w="9" /><ent r="5" t="271" w="691" /><ent r="5" t="271" w="691" /><ent r="6" t="334" w="156" /><ent r="6" t="334" w="156" /><ent r="6" t="363" w="116" /><ent r="6" t="363" w="116" /><ent r="5" t="398" w="1748" /><ent r="5" t="398" w="1748" /><ent r="5" t="400" w="1111" /><ent r="5" t="400" w="1111" /><ent r="5" t="431" w="60" /><ent r="5" t="431" w="60" /><ent r="7" t="431" w="623" /><ent r="7" t="431" w="623" /><ent r="5" t="443" w="64" /><ent r="5" t="443" w="64" /><ent r="7" t="443" w="606" /><ent r="7" t="443" w="606" /><ent r="5" t="451" w="42" /><ent r="5" t="451" w="42" /><ent r="7" t="451" w="220" /><ent r="7" t="451" w="220" /><ent r="6" t="473" w="87" /><ent r="6" t="473" w="87" /><ent r="6" t="473" w="185" /><ent r="6" t="473" w="185" /><ent r="6" t="473" w="217" /><ent r="6" t="473" w="217" /><ent r="7" t="482" w="234" /></phr><phr n="Elev"><ent r="6" t="244" w="1093" /><ent r="6" t="244" w="1093" /><ent r="4" t="249" w="245" /><ent r="4" t="249" w="245" /><ent r="4" t="250" w="135" /><ent r="4" t="250" w="135" /></phr><phr n="ELEVATION"><ent r="6" t="349" w="459" /><ent r="6" t="349" w="459" /><ent r="6" t="350" w="398" /><ent r="6" t="350" w="398" /><ent r="6" t="363" w="107" /><ent r="6" t="363" w="107" /></phr><phr n="elevations"><ent r="3" t="482" w="28" /></phr></stem><stem n="small"><phr n="small"><ent r="3" t="7" w="176" /><ent r="3" t="7" w="176" /><ent r="3" t="220" w="206" /><ent r="3" t="220" w="206" /><ent r="7" t="235" w="1522" /><ent r="7" t="235" w="1522" /></phr></stem><stem n="possibl"><phr n="possible"><ent r="3" t="7" w="178" /><ent r="3" t="11" w="722" /><ent r="3" t="11" w="807" /><ent r="3" t="11" w="824" /><ent r="3" t="11" w="824" /><ent r="3" t="13" w="87" /><ent r="3" t="44" w="87" /><ent r="3" t="69" w="239" /><ent r="3" t="85" w="34" /><ent r="3" t="85" w="61" /><ent r="5" t="115" w="435" /><ent r="5" t="138" w="340" /><ent r="3" t="147" w="87" /><ent r="3" t="172" w="87" /><ent r="3" t="198" w="87" /><ent r="4" t="216" w="256" /><ent r="3" t="234" w="13" /><ent r="3" t="234" w="13" /><ent r="3" t="234" w="16" /><ent r="3" t="234" w="16" /><ent r="7" t="235" w="1756" /><ent r="7" t="235" w="3285" /><ent r="5" t="268" w="154" /><ent r="5" t="268" w="154" /><ent r="5" t="275" w="389" /><ent r="5" t="275" w="389" /><ent r="3" t="278" w="463" /><ent r="3" t="278" w="463" /><ent r="5" t="329" w="223" /><ent r="3" t="397" w="377" /><ent r="5" t="400" w="1683" /><ent r="5" t="400" w="1683" /><ent r="3" t="463" w="111" /></phr><phr n="Possible"><ent r="6" t="234" w="35" /><ent r="6" t="234" w="35" /></phr><phr n="possibly"><ent r="5" t="288" w="170" /><ent r="5" t="288" w="170" /></phr><phr n="possibility"><ent r="3" t="404" w="1287" /><ent r="3" t="404" w="1287" /></phr></stem><stem n="rate"><phr n="rate"><ent r="1000" t="8" w="2" /><ent r="1000" t="8" w="2" /><ent r="92" t="8" w="7" /><ent r="92" t="8" w="7" /><ent r="4" t="8" w="58" /><ent r="4" t="8" w="58" /><ent r="3" t="8" w="61" /><ent r="3" t="8" w="61" /><ent r="3" t="8" w="70" /><ent r="3" t="8" w="70" /><ent r="3" t="10" w="79" /><ent r="3" t="10" w="79" /><ent r="3" t="13" w="51" /><ent r="3" t="13" w="51" /><ent r="6" t="15" w="115" /><ent r="6" t="15" w="115" /><ent r="6" t="16" w="71" /><ent r="6" t="20" w="64" /><ent r="6" t="20" w="64" /><ent r="3" t="44" w="51" /><ent r="3" t="44" w="51" /><ent r="6" t="46" w="115" /><ent r="6" t="46" w="115" /><ent r="6" t="47" w="71" /><ent r="6" t="51" w="64" /><ent r="6" t="51" w="64" /><ent r="3" t="69" w="203" /><ent r="3" t="69" w="203" /><ent r="6" t="71" w="71" /><ent r="6" t="75" w="95" /><ent r="6" t="75" w="95" /><ent r="6" t="97" w="115" /><ent r="6" t="97" w="115" /><ent r="6" t="98" w="71" /><ent r="7" t="102" w="64" /><ent r="7" t="102" w="64" /><ent r="6" t="126" w="115" /><ent r="6" t="126" w="115" /><ent r="3" t="147" w="51" /><ent r="3" t="147" w="51" /><ent r="4" t="148" w="134" /><ent r="4" t="148" w="134" /><ent r="6" t="149" w="115" /><ent r="6" t="149" w="115" /><ent r="6" t="154" w="58" /><ent r="6" t="154" w="58" /><ent r="4" t="161" w="136" /><ent r="4" t="161" w="136" /><ent r="5" t="162" w="121" /><ent r="5" t="162" w="121" /><ent r="6" t="168" w="71" /><ent r="6" t="168" w="71" /><ent r="3" t="172" w="51" /><ent r="3" t="172" w="51" /><ent r="6" t="174" w="115" /><ent r="6" t="174" w="115" /><ent r="6" t="179" w="64" /><ent r="6" t="179" w="64" /><ent r="3" t="198" w="51" /><ent r="3" t="198" w="51" /><ent r="6" t="200" w="115" /><ent r="6" t="200" w="115" /><ent r="6" t="205" w="64" /><ent r="6" t="205" w="64" /><ent r="6" t="231" w="64" /><ent r="6" t="231" w="64" /><ent r="7" t="235" w="1363" /><ent r="7" t="235" w="1363" /><ent r="3" t="240" w="227" /><ent r="3" t="240" w="227" /><ent r="3" t="240" w="809" /><ent r="5" t="242" w="1314" /><ent r="5" t="242" w="1314" /><ent r="5" t="242" w="1410" /><ent r="5" t="242" w="1410" /><ent r="5" t="242" w="1436" /><ent r="5" t="242" w="1436" /><ent r="5" t="243" w="139" /><ent r="5" t="243" w="139" /><ent r="5" t="243" w="160" /><ent r="5" t="275" w="254" /><ent r="3" t="276" w="1711" /><ent r="3" t="276" w="2386" /><ent r="3" t="276" w="2412" /><ent r="3" t="276" w="2412" /><ent r="3" t="276" w="2783" /><ent r="3" t="276" w="2783" /><ent r="3" t="276" w="3027" /><ent r="3" t="276" w="3027" /><ent r="5" t="278" w="67" /><ent r="3" t="281" w="105" /><ent r="3" t="281" w="105" /><ent r="3" t="282" w="461" /><ent r="3" t="282" w="461" /><ent r="3" t="282" w="572" /><ent r="3" t="284" w="342" /><ent r="3" t="284" w="342" /><ent r="3" t="284" w="1500" /><ent r="3" t="284" w="1500" /><ent r="5" t="311" w="220" /><ent r="4" t="320" w="51" /><ent r="4" t="320" w="51" /><ent r="6" t="351" w="197" /><ent r="6" t="351" w="197" /><ent r="6" t="351" w="213" /><ent r="6" t="351" w="213" /><ent r="6" t="351" w="229" /><ent r="6" t="351" w="229" /><ent r="3" t="363" w="26" /><ent r="3" t="364" w="17" /><ent r="3" t="364" w="55" /><ent r="68" t="364" w="148" /><ent r="68" t="364" w="148" /><ent r="6" t="364" w="155" /><ent r="82" t="364" w="234" /><ent r="82" t="364" w="234" /><ent r="3" t="372" w="34" /><ent r="69" t="372" w="240" /><ent r="69" t="372" w="240" /><ent r="6" t="372" w="269" /><ent r="68" t="372" w="568" /><ent r="68" t="372" w="568" /><ent r="7" t="372" w="582" /><ent r="7" t="372" w="589" /><ent r="7" t="372" w="601" /><ent r="7" t="372" w="601" /><ent r="7" t="372" w="613" /><ent r="7" t="372" w="613" /><ent r="7" t="372" w="638" /><ent r="7" t="372" w="645" /><ent r="68" t="372" w="684" /><ent r="68" t="372" w="684" /><ent r="7" t="372" w="698" /><ent r="7" t="372" w="705" /><ent r="7" t="372" w="740" /><ent r="7" t="372" w="747" /><ent r="68" t="372" w="871" /><ent r="68" t="372" w="871" /><ent r="7" t="372" w="879" /><ent r="7" t="372" w="885" /><ent r="68" t="372" w="927" /><ent r="68" t="372" w="927" /><ent r="7" t="372" w="935" /><ent r="7" t="372" w="941" /><ent r="68" t="372" w="957" /><ent r="68" t="372" w="957" /><ent r="7" t="372" w="964" /><ent r="7" t="372" w="970" /><ent r="82" t="372" w="1941" /><ent r="82" t="372" w="1941" /><ent r="3" t="390" w="712" /><ent r="3" t="390" w="715" /><ent r="4" t="390" w="741" /><ent r="4" t="390" w="744" /><ent r="3" t="399" w="2878" /><ent r="3" t="400" w="432" /><ent r="3" t="400" w="432" /><ent r="3" t="400" w="444" /><ent r="3" t="400" w="444" /><ent r="3" t="400" w="569" /><ent r="3" t="400" w="569" /><ent r="6" t="400" w="1950" /><ent r="6" t="400" w="1950" /><ent r="8" t="400" w="2111" /><ent r="8" t="400" w="2111" /><ent r="6" t="402" w="519" /><ent r="6" t="402" w="519" /><ent r="7" t="402" w="581" /><ent r="7" t="402" w="581" /><ent r="7" t="402" w="670" /><ent r="7" t="402" w="670" /><ent r="7" t="402" w="786" /><ent r="7" t="402" w="786" /><ent r="3" t="402" w="843" /><ent r="3" t="402" w="843" /><ent r="4" t="425" w="139" /><ent r="4" t="425" w="139" /><ent r="7" t="439" w="154" /><ent r="7" t="439" w="154" /><ent r="7" t="439" w="162" /><ent r="7" t="439" w="162" /><ent r="7" t="439" w="426" /><ent r="7" t="439" w="426" /><ent r="3" t="463" w="75" /><ent r="3" t="463" w="75" /><ent r="3" t="479" w="53" /><ent r="3" t="479" w="53" /><ent r="7" t="488" w="125" /><ent r="7" t="488" w="125" /><ent r="7" t="488" w="289" /></phr><phr n="rates"><ent r="3" t="13" w="97" /><ent r="3" t="13" w="97" /><ent r="4" t="14" w="181" /><ent r="4" t="14" w="181" /><ent r="6" t="20" w="49" /><ent r="6" t="20" w="49" /><ent r="3" t="44" w="97" /><ent r="3" t="44" w="97" /><ent r="4" t="45" w="181" /><ent r="4" t="45" w="181" /><ent r="6" t="51" w="49" /><ent r="6" t="51" w="49" /><ent r="3" t="69" w="249" /><ent r="3" t="69" w="249" /><ent r="4" t="70" w="233" /><ent r="4" t="70" w="233" /><ent r="6" t="75" w="49" /><ent r="6" t="75" w="49" /><ent r="4" t="96" w="224" /><ent r="4" t="96" w="224" /><ent r="7" t="102" w="49" /><ent r="7" t="102" w="49" /><ent r="5" t="125" w="228" /><ent r="5" t="125" w="228" /><ent r="3" t="147" w="97" /><ent r="3" t="147" w="97" /><ent r="6" t="154" w="49" /><ent r="6" t="154" w="49" /><ent r="7" t="168" w="47" /><ent r="7" t="168" w="47" /><ent r="3" t="172" w="97" /><ent r="3" t="172" w="97" /><ent r="4" t="173" w="171" /><ent r="4" t="173" w="171" /><ent r="6" t="179" w="49" /><ent r="6" t="179" w="49" /><ent r="3" t="198" w="97" /><ent r="3" t="198" w="97" /><ent r="4" t="199" w="244" /><ent r="4" t="199" w="244" /><ent r="6" t="205" w="49" /><ent r="6" t="205" w="49" /><ent r="4" t="224" w="252" /><ent r="4" t="224" w="252" /><ent r="6" t="231" w="49" /><ent r="6" t="231" w="49" /><ent r="6" t="234" w="180" /><ent r="6" t="234" w="180" /><ent r="5" t="315" w="437" /><ent r="5" t="315" w="437" /><ent r="3" t="320" w="9" /><ent r="3" t="320" w="9" /><ent r="3" t="320" w="26" /><ent r="3" t="320" w="26" /><ent r="3" t="400" w="416" /><ent r="6" t="400" w="1901" /><ent r="6" t="400" w="1901" /><ent r="6" t="400" w="1939" /><ent r="6" t="400" w="1939" /><ent r="3" t="402" w="867" /><ent r="3" t="402" w="867" /><ent r="3" t="402" w="873" /><ent r="3" t="402" w="873" /><ent r="3" t="463" w="120" /><ent r="3" t="463" w="120" /></phr><phr n="Rate"><ent r="6" t="16" w="74" /><ent r="6" t="16" w="74" /><ent r="6" t="47" w="74" /><ent r="6" t="47" w="74" /><ent r="6" t="71" w="74" /><ent r="6" t="71" w="74" /><ent r="6" t="98" w="74" /><ent r="6" t="98" w="74" /><ent r="4" t="240" w="223" /><ent r="4" t="240" w="223" /><ent r="4" t="243" w="44" /><ent r="4" t="243" w="44" /><ent r="6" t="243" w="110" /><ent r="6" t="243" w="110" /><ent r="5" t="243" w="115" /><ent r="4" t="276" w="3022" /><ent r="4" t="276" w="3022" /><ent r="4" t="281" w="100" /><ent r="4" t="281" w="100" /><ent r="3" t="281" w="350" /><ent r="4" t="284" w="335" /><ent r="4" t="284" w="335" /><ent r="4" t="284" w="1497" /><ent r="4" t="284" w="1497" /><ent r="6" t="343" w="681" /><ent r="6" t="343" w="681" /><ent r="6" t="349" w="553" /><ent r="6" t="350" w="494" /><ent r="6" t="364" w="90" /><ent r="7" t="393" w="414" /><ent r="7" t="393" w="414" /><ent r="5" t="398" w="572" /><ent r="5" t="398" w="572" /><ent r="5" t="398" w="1753" /><ent r="5" t="398" w="1753" /><ent r="72" t="495" w="11" /><ent r="72" t="495" w="11" /><ent r="7" t="495" w="74" /><ent r="7" t="495" w="74" /><ent r="4" t="500" w="114" /><ent r="4" t="500" w="114" /></phr><phr n="Rated"><ent r="6" t="18" w="71" /><ent r="6" t="18" w="71" /><ent r="6" t="18" w="78" /><ent r="6" t="18" w="78" /><ent r="6" t="49" w="73" /><ent r="6" t="49" w="73" /><ent r="6" t="49" w="81" /><ent r="6" t="49" w="81" /><ent r="6" t="73" w="117" /><ent r="6" t="73" w="117" /><ent r="6" t="73" w="128" /><ent r="6" t="73" w="128" /><ent r="6" t="73" w="137" /><ent r="6" t="73" w="137" /><ent r="6" t="100" w="86" /><ent r="6" t="100" w="86" /><ent r="6" t="100" w="94" /><ent r="6" t="100" w="94" /><ent r="7" t="127" w="112" /><ent r="7" t="127" w="112" /><ent r="6" t="176" w="74" /><ent r="6" t="176" w="74" /><ent r="6" t="176" w="91" /><ent r="6" t="176" w="91" /><ent r="6" t="202" w="71" /><ent r="6" t="202" w="71" /><ent r="6" t="202" w="90" /><ent r="6" t="202" w="90" /></phr><phr n="rating"><ent r="7" t="18" w="98" /><ent r="7" t="49" w="101" /><ent r="7" t="73" w="153" /><ent r="7" t="100" w="114" /><ent r="7" t="127" w="132" /></phr><phr n="rated"><ent r="3" t="22" w="239" /><ent r="3" t="22" w="239" /><ent r="7" t="28" w="37" /><ent r="7" t="28" w="37" /><ent r="7" t="38" w="189" /><ent r="7" t="38" w="189" /><ent r="3" t="53" w="237" /><ent r="3" t="53" w="237" /><ent r="6" t="59" w="37" /><ent r="6" t="59" w="37" /><ent r="7" t="65" w="189" /><ent r="7" t="65" w="189" /><ent r="3" t="91" w="1390" /><ent r="3" t="91" w="1390" /><ent r="3" t="104" w="223" /><ent r="3" t="104" w="223" /><ent r="6" t="110" w="37" /><ent r="6" t="110" w="37" /><ent r="7" t="120" w="193" /><ent r="7" t="120" w="193" /><ent r="7" t="127" w="81" /><ent r="7" t="127" w="81" /><ent r="7" t="131" w="302" /><ent r="7" t="131" w="302" /><ent r="6" t="133" w="36" /><ent r="6" t="133" w="36" /><ent r="7" t="143" w="192" /><ent r="7" t="143" w="192" /><ent r="8" t="210" w="65" /><ent r="8" t="210" w="65" /></phr><phr n="Rates"><ent r="7" t="125" w="263" /><ent r="7" t="125" w="263" /></phr><phr n="RATE"><ent r="6" t="351" w="187" /><ent r="6" t="351" w="187" /><ent r="6" t="351" w="203" /><ent r="6" t="351" w="203" /><ent r="6" t="351" w="219" /><ent r="6" t="351" w="219" /><ent r="6" t="364" w="140" /><ent r="6" t="364" w="140" /><ent r="6" t="372" w="556" /><ent r="6" t="372" w="556" /><ent r="6" t="372" w="672" /><ent r="6" t="372" w="672" /><ent r="6" t="372" w="859" /><ent r="6" t="372" w="859" /><ent r="6" t="372" w="915" /><ent r="6" t="372" w="915" /><ent r="6" t="372" w="945" /><ent r="6" t="372" w="945" /><ent r="5" t="398" w="881" /><ent r="5" t="398" w="1409" /><ent r="5" t="398" w="2080" /><ent r="5" t="398" w="2285" /></phr><phr n="Rating"><ent r="3" t="402" w="852" /></phr></stem></index>