<?xml version="1.0" encoding="utf-8"?><index><!-- saved from url=(0016)http://localhost -->
<stem n="particular"><phr n="particular"><ent r="3" t="0" w="94" /><ent r="3" t="0" w="94" /><ent r="3" t="91" w="346" /><ent r="3" t="91" w="346" /><ent r="7" t="235" w="782" /><ent r="7" t="235" w="782" /><ent r="3" t="256" w="22" /><ent r="3" t="256" w="22" /><ent r="3" t="256" w="168" /><ent r="3" t="256" w="168" /><ent r="3" t="257" w="174" /><ent r="3" t="257" w="174" /><ent r="3" t="260" w="151" /><ent r="3" t="260" w="151" /><ent r="3" t="261" w="136" /><ent r="3" t="261" w="136" /><ent r="3" t="294" w="75" /><ent r="3" t="294" w="75" /><ent r="3" t="319" w="177" /><ent r="3" t="319" w="177" /><ent r="3" t="392" w="93" /><ent r="3" t="404" w="1129" /><ent r="3" t="404" w="1129" /><ent r="3" t="501" w="485" /><ent r="3" t="501" w="485" /></phr></stem><stem n="model"><phr n="model"><ent r="3" t="0" w="95" /><ent r="3" t="0" w="99" /><ent r="3" t="0" w="99" /><ent r="3" t="11" w="710" /><ent r="3" t="11" w="710" /><ent r="3" t="12" w="336" /><ent r="3" t="12" w="336" /><ent r="3" t="160" w="53" /><ent r="3" t="160" w="53" /><ent r="7" t="235" w="692" /><ent r="7" t="235" w="692" /><ent r="7" t="235" w="767" /><ent r="7" t="235" w="767" /><ent r="7" t="235" w="3466" /><ent r="7" t="235" w="3466" /><ent r="3" t="239" w="27" /><ent r="3" t="239" w="140" /><ent r="3" t="239" w="148" /><ent r="3" t="239" w="148" /><ent r="7" t="242" w="257" /><ent r="7" t="242" w="257" /><ent r="7" t="242" w="292" /><ent r="7" t="242" w="329" /><ent r="3" t="249" w="435" /><ent r="3" t="249" w="435" /><ent r="3" t="276" w="1573" /><ent r="3" t="276" w="1573" /><ent r="3" t="314" w="53" /><ent r="3" t="315" w="56" /><ent r="4" t="317" w="215" /><ent r="6" t="332" w="259" /><ent r="6" t="344" w="498" /><ent r="6" t="344" w="498" /><ent r="6" t="344" w="524" /><ent r="6" t="344" w="524" /><ent r="3" t="390" w="1212" /><ent r="3" t="390" w="1212" /><ent r="3" t="404" w="761" /><ent r="3" t="404" w="761" /><ent r="3" t="408" w="13" /><ent r="3" t="408" w="13" /><ent r="3" t="475" w="320" /><ent r="54" t="475" w="388" /><ent r="54" t="475" w="388" /><ent r="54" t="475" w="403" /><ent r="54" t="475" w="412" /><ent r="54" t="475" w="418" /><ent r="54" t="475" w="418" /><ent r="3" t="477" w="597" /><ent r="54" t="477" w="665" /><ent r="54" t="477" w="665" /><ent r="54" t="477" w="680" /><ent r="54" t="477" w="689" /><ent r="54" t="477" w="695" /><ent r="54" t="477" w="695" /><ent r="3" t="489" w="352" /><ent r="3" t="490" w="286" /><ent r="3" t="490" w="327" /><ent r="3" t="490" w="327" /></phr><phr n="Model"><ent r="4" t="12" w="464" /><ent r="4" t="12" w="464" /><ent r="4" t="12" w="477" /><ent r="4" t="12" w="477" /><ent r="4" t="12" w="483" /><ent r="4" t="12" w="483" /><ent r="4" t="12" w="522" /><ent r="4" t="12" w="522" /><ent r="7" t="18" w="125" /><ent r="7" t="18" w="125" /><ent r="7" t="49" w="128" /><ent r="7" t="49" w="128" /><ent r="7" t="73" w="180" /><ent r="7" t="73" w="180" /><ent r="7" t="91" w="1489" /><ent r="7" t="91" w="1572" /><ent r="7" t="100" w="141" /><ent r="7" t="100" w="141" /><ent r="7" t="127" w="159" /><ent r="7" t="127" w="159" /><ent r="6" t="152" w="179" /><ent r="6" t="152" w="179" /><ent r="6" t="152" w="188" /><ent r="6" t="152" w="188" /><ent r="6" t="152" w="198" /><ent r="6" t="152" w="198" /><ent r="7" t="177" w="88" /><ent r="7" t="177" w="88" /><ent r="7" t="203" w="108" /><ent r="7" t="203" w="108" /><ent r="6" t="373" w="237" /><ent r="6" t="373" w="237" /><ent r="6" t="377" w="263" /><ent r="6" t="377" w="263" /><ent r="3" t="408" w="67" /><ent r="3" t="408" w="67" /></phr><phr n="models"><ent r="3" t="12" w="533" /><ent r="3" t="12" w="540" /><ent r="3" t="12" w="548" /><ent r="3" t="399" w="244" /><ent r="3" t="399" w="244" /><ent r="54" t="475" w="425" /><ent r="54" t="475" w="425" /><ent r="54" t="477" w="702" /><ent r="54" t="477" w="702" /></phr><phr n="modeling"><ent r="7" t="235" w="1242" /><ent r="7" t="235" w="1242" /></phr><phr n="MODEL"><ent r="6" t="344" w="491" /><ent r="6" t="344" w="491" /><ent r="6" t="344" w="517" /><ent r="6" t="344" w="517" /></phr></stem><stem n="name"><phr n="name"><ent r="3" t="0" w="100" /><ent r="3" t="0" w="100" /><ent r="6" t="24" w="28" /><ent r="6" t="24" w="28" /><ent r="6" t="55" w="28" /><ent r="6" t="55" w="28" /><ent r="3" t="69" w="104" /><ent r="3" t="69" w="104" /><ent r="6" t="78" w="30" /><ent r="6" t="78" w="30" /><ent r="6" t="106" w="28" /><ent r="6" t="106" w="28" /><ent r="6" t="128" w="98" /><ent r="6" t="131" w="30" /><ent r="6" t="131" w="30" /><ent r="6" t="156" w="30" /><ent r="6" t="156" w="30" /><ent r="6" t="181" w="31" /><ent r="6" t="181" w="31" /><ent r="6" t="181" w="772" /><ent r="6" t="181" w="772" /><ent r="6" t="207" w="26" /><ent r="6" t="207" w="26" /><ent r="7" t="235" w="1550" /><ent r="7" t="235" w="1550" /><ent r="7" t="235" w="3682" /><ent r="3" t="239" w="53" /><ent r="3" t="239" w="53" /><ent r="54" t="239" w="82" /><ent r="54" t="239" w="82" /><ent r="54" t="239" w="89" /><ent r="54" t="239" w="89" /><ent r="4" t="239" w="290" /><ent r="4" t="239" w="290" /><ent r="3" t="239" w="298" /><ent r="3" t="239" w="312" /><ent r="3" t="239" w="312" /><ent r="7" t="242" w="181" /><ent r="7" t="242" w="216" /><ent r="3" t="244" w="743" /><ent r="3" t="244" w="743" /><ent r="3" t="244" w="776" /><ent r="3" t="244" w="776" /><ent r="3" t="246" w="150" /><ent r="3" t="246" w="150" /><ent r="54" t="262" w="44" /><ent r="54" t="262" w="44" /><ent r="3" t="263" w="459" /><ent r="3" t="263" w="459" /><ent r="3" t="263" w="482" /><ent r="3" t="263" w="482" /><ent r="3" t="263" w="492" /><ent r="3" t="263" w="492" /><ent r="3" t="264" w="147" /><ent r="3" t="264" w="147" /><ent r="3" t="264" w="155" /><ent r="3" t="264" w="155" /><ent r="3" t="265" w="111" /><ent r="3" t="265" w="111" /><ent r="3" t="265" w="122" /><ent r="3" t="265" w="122" /><ent r="3" t="265" w="131" /><ent r="5" t="271" w="372" /><ent r="5" t="271" w="372" /><ent r="5" t="271" w="427" /><ent r="5" t="271" w="427" /><ent r="5" t="271" w="462" /><ent r="5" t="271" w="462" /><ent r="3" t="271" w="838" /><ent r="3" t="271" w="838" /><ent r="5" t="275" w="208" /><ent r="5" t="275" w="208" /><ent r="5" t="275" w="230" /><ent r="5" t="275" w="230" /><ent r="5" t="276" w="725" /><ent r="5" t="276" w="725" /><ent r="5" t="276" w="759" /><ent r="5" t="276" w="759" /><ent r="3" t="276" w="898" /><ent r="3" t="276" w="898" /><ent r="5" t="276" w="1217" /><ent r="5" t="276" w="1223" /><ent r="5" t="276" w="1223" /><ent r="5" t="276" w="1228" /><ent r="5" t="276" w="1228" /><ent r="3" t="276" w="1305" /><ent r="3" t="276" w="1305" /><ent r="3" t="276" w="1518" /><ent r="3" t="276" w="1518" /><ent r="3" t="276" w="1531" /><ent r="3" t="276" w="1531" /><ent r="3" t="276" w="1597" /><ent r="3" t="276" w="1597" /><ent r="3" t="276" w="1606" /><ent r="3" t="276" w="1606" /><ent r="3" t="281" w="59" /><ent r="3" t="281" w="59" /><ent r="3" t="282" w="419" /><ent r="3" t="282" w="482" /><ent r="3" t="282" w="482" /><ent r="3" t="284" w="278" /><ent r="3" t="284" w="278" /><ent r="3" t="284" w="312" /><ent r="3" t="284" w="312" /><ent r="3" t="287" w="35" /><ent r="3" t="287" w="35" /><ent r="3" t="287" w="48" /><ent r="3" t="287" w="48" /><ent r="3" t="287" w="100" /><ent r="3" t="287" w="100" /><ent r="3" t="287" w="531" /><ent r="3" t="287" w="531" /><ent r="5" t="288" w="166" /><ent r="5" t="288" w="166" /><ent r="3" t="290" w="138" /><ent r="3" t="290" w="138" /><ent r="3" t="293" w="87" /><ent r="3" t="293" w="87" /><ent r="3" t="296" w="451" /><ent r="3" t="296" w="451" /><ent r="3" t="297" w="181" /><ent r="3" t="297" w="181" /><ent r="3" t="297" w="204" /><ent r="3" t="297" w="204" /><ent r="5" t="308" w="315" /><ent r="5" t="308" w="315" /><ent r="5" t="311" w="113" /><ent r="5" t="311" w="113" /><ent r="5" t="311" w="337" /><ent r="5" t="311" w="337" /><ent r="5" t="311" w="424" /><ent r="6" t="312" w="423" /><ent r="6" t="312" w="423" /><ent r="5" t="312" w="429" /><ent r="5" t="312" w="429" /><ent r="5" t="312" w="709" /><ent r="5" t="312" w="709" /><ent r="5" t="312" w="840" /><ent r="5" t="312" w="840" /><ent r="5" t="312" w="953" /><ent r="1000" t="313" w="4" /><ent r="1000" t="313" w="4" /><ent r="92" t="313" w="11" /><ent r="92" t="313" w="11" /><ent r="3" t="313" w="18" /><ent r="3" t="313" w="18" /><ent r="6" t="362" w="138" /><ent r="6" t="362" w="138" /><ent r="3" t="362" w="288" /><ent r="3" t="362" w="288" /><ent r="3" t="373" w="350" /><ent r="3" t="373" w="350" /><ent r="3" t="377" w="376" /><ent r="3" t="377" w="376" /><ent r="6" t="390" w="262" /><ent r="6" t="390" w="423" /><ent r="6" t="390" w="423" /><ent r="3" t="390" w="1213" /><ent r="3" t="390" w="1213" /><ent r="3" t="399" w="2682" /><ent r="3" t="399" w="2778" /><ent r="3" t="399" w="2982" /><ent r="3" t="402" w="357" /><ent r="3" t="402" w="357" /><ent r="3" t="404" w="736" /><ent r="3" t="405" w="68" /><ent r="3" t="405" w="68" /><ent r="3" t="408" w="47" /><ent r="3" t="408" w="47" /><ent r="3" t="408" w="68" /><ent r="3" t="421" w="99" /><ent r="3" t="421" w="242" /><ent r="3" t="421" w="242" /><ent r="3" t="422" w="26" /><ent r="3" t="422" w="26" /><ent r="5" t="422" w="570" /><ent r="5" t="422" w="570" /><ent r="5" t="422" w="607" /><ent r="5" t="422" w="607" /><ent r="4" t="422" w="645" /><ent r="4" t="422" w="645" /><ent r="5" t="422" w="683" /><ent r="5" t="422" w="683" /><ent r="4" t="422" w="813" /><ent r="4" t="422" w="813" /><ent r="4" t="422" w="887" /><ent r="4" t="422" w="887" /><ent r="4" t="422" w="980" /><ent r="4" t="422" w="980" /><ent r="4" t="422" w="1052" /><ent r="4" t="422" w="1052" /><ent r="5" t="422" w="1170" /><ent r="5" t="422" w="1170" /><ent r="3" t="423" w="427" /><ent r="3" t="423" w="427" /><ent r="5" t="427" w="151" /><ent r="5" t="427" w="151" /><ent r="5" t="427" w="369" /><ent r="5" t="427" w="397" /><ent r="5" t="427" w="397" /><ent r="5" t="427" w="414" /><ent r="5" t="427" w="414" /><ent r="3" t="428" w="74" /><ent r="3" t="428" w="74" /><ent r="7" t="439" w="70" /><ent r="7" t="439" w="70" /><ent r="7" t="439" w="77" /><ent r="7" t="439" w="77" /><ent r="9" t="439" w="111" /><ent r="9" t="439" w="111" /><ent r="5" t="447" w="32" /><ent r="5" t="447" w="32" /><ent r="7" t="447" w="142" /><ent r="7" t="447" w="142" /><ent r="7" t="447" w="149" /><ent r="7" t="447" w="149" /><ent r="7" t="447" w="165" /><ent r="7" t="491" w="56" /><ent r="7" t="491" w="56" /><ent r="7" t="491" w="65" /><ent r="7" t="491" w="65" /><ent r="3" t="498" w="77" /><ent r="3" t="498" w="77" /><ent r="3" t="498" w="89" /><ent r="3" t="498" w="89" /><ent r="3" t="500" w="68" /><ent r="3" t="500" w="68" /><ent r="3" t="501" w="134" /><ent r="3" t="501" w="134" /><ent r="5" t="501" w="200" /><ent r="5" t="501" w="200" /><ent r="3" t="501" w="293" /><ent r="3" t="501" w="293" /><ent r="3" t="502" w="185" /><ent r="3" t="502" w="185" /><ent r="3" t="502" w="298" /><ent r="3" t="502" w="298" /></phr><phr n="Name"><ent r="4" t="12" w="295" /><ent r="4" t="12" w="295" /><ent r="7" t="91" w="1487" /><ent r="7" t="91" w="1487" /><ent r="7" t="91" w="1570" /><ent r="7" t="91" w="1570" /><ent r="6" t="152" w="63" /><ent r="4" t="239" w="30" /><ent r="4" t="239" w="30" /><ent r="3" t="239" w="42" /><ent r="3" t="239" w="42" /><ent r="3" t="239" w="296" /><ent r="3" t="239" w="296" /><ent r="3" t="239" w="329" /><ent r="3" t="239" w="329" /><ent r="4" t="263" w="454" /><ent r="4" t="263" w="454" /><ent r="4" t="263" w="477" /><ent r="4" t="263" w="477" /><ent r="4" t="263" w="489" /><ent r="4" t="263" w="489" /><ent r="54" t="264" w="122" /><ent r="4" t="264" w="129" /><ent r="4" t="264" w="129" /><ent r="4" t="265" w="107" /><ent r="4" t="265" w="107" /><ent r="4" t="271" w="178" /><ent r="4" t="271" w="178" /><ent r="3" t="271" w="202" /><ent r="3" t="271" w="202" /><ent r="6" t="276" w="755" /><ent r="6" t="276" w="755" /><ent r="5" t="276" w="783" /><ent r="5" t="276" w="783" /><ent r="6" t="276" w="789" /><ent r="6" t="276" w="789" /><ent r="6" t="276" w="1220" /><ent r="6" t="276" w="1220" /><ent r="6" t="279" w="204" /><ent r="6" t="279" w="204" /><ent r="4" t="281" w="55" /><ent r="4" t="281" w="55" /><ent r="4" t="282" w="395" /><ent r="4" t="282" w="395" /><ent r="3" t="282" w="445" /><ent r="3" t="282" w="445" /><ent r="3" t="282" w="469" /><ent r="3" t="282" w="469" /><ent r="3" t="282" w="512" /><ent r="3" t="282" w="512" /><ent r="4" t="284" w="271" /><ent r="4" t="284" w="271" /><ent r="4" t="284" w="306" /><ent r="4" t="284" w="306" /><ent r="4" t="284" w="1476" /><ent r="4" t="284" w="1476" /><ent r="3" t="284" w="1478" /><ent r="3" t="284" w="1478" /><ent r="3" t="286" w="158" /><ent r="3" t="286" w="158" /><ent r="3" t="286" w="173" /><ent r="3" t="286" w="173" /><ent r="3" t="287" w="356" /><ent r="3" t="287" w="371" /><ent r="3" t="287" w="371" /><ent r="3" t="287" w="423" /><ent r="3" t="287" w="423" /><ent r="3" t="287" w="491" /><ent r="3" t="287" w="491" /><ent r="4" t="288" w="542" /><ent r="4" t="288" w="542" /><ent r="4" t="290" w="133" /><ent r="4" t="290" w="133" /><ent r="4" t="296" w="432" /><ent r="4" t="296" w="432" /><ent r="4" t="296" w="445" /><ent r="4" t="296" w="445" /><ent r="3" t="297" w="192" /><ent r="3" t="297" w="196" /><ent r="3" t="297" w="196" /><ent r="3" t="297" w="201" /><ent r="3" t="297" w="201" /><ent r="3" t="297" w="220" /><ent r="3" t="297" w="220" /><ent r="6" t="359" w="106" /><ent r="6" t="359" w="106" /><ent r="6" t="372" w="1245" /><ent r="6" t="372" w="1245" /><ent r="6" t="382" w="424" /><ent r="6" t="382" w="424" /><ent r="72" t="390" w="1198" /><ent r="72" t="390" w="1198" /><ent r="5" t="398" w="516" /><ent r="3" t="399" w="2871" /><ent r="4" t="405" w="60" /><ent r="4" t="405" w="60" /><ent r="4" t="408" w="44" /><ent r="4" t="408" w="44" /><ent r="3" t="408" w="73" /><ent r="3" t="409" w="183" /><ent r="3" t="409" w="183" /><ent r="4" t="422" w="20" /><ent r="4" t="422" w="20" /><ent r="4" t="422" w="623" /><ent r="4" t="422" w="623" /><ent r="4" t="422" w="824" /><ent r="4" t="422" w="824" /><ent r="4" t="422" w="898" /><ent r="4" t="422" w="898" /><ent r="4" t="428" w="70" /><ent r="4" t="428" w="70" /><ent r="4" t="498" w="72" /><ent r="4" t="498" w="72" /><ent r="4" t="498" w="84" /><ent r="4" t="498" w="84" /></phr><phr n="names"><ent r="54" t="239" w="112" /><ent r="3" t="288" w="111" /><ent r="3" t="288" w="111" /><ent r="5" t="398" w="262" /><ent r="5" t="398" w="262" /></phr><phr n="named"><ent r="3" t="248" w="75" /><ent r="3" t="248" w="75" /><ent r="5" t="422" w="779" /><ent r="5" t="422" w="779" /><ent r="3" t="423" w="101" /><ent r="3" t="423" w="101" /><ent r="5" t="427" w="514" /><ent r="5" t="427" w="514" /></phr><phr n="NAME"><ent r="6" t="362" w="121" /><ent r="6" t="362" w="121" /><ent r="3" t="362" w="278" /><ent r="3" t="362" w="300" /><ent r="3" t="362" w="300" /><ent r="6" t="365" w="133" /><ent r="6" t="365" w="133" /><ent r="6" t="365" w="295" /><ent r="6" t="365" w="295" /><ent r="6" t="365" w="317" /><ent r="6" t="365" w="317" /><ent r="6" t="382" w="416" /><ent r="6" t="382" w="416" /><ent r="6" t="390" w="406" /><ent r="6" t="390" w="406" /><ent r="4" t="390" w="588" /><ent r="3" t="390" w="1208" /><ent r="3" t="390" w="1208" /><ent r="3" t="429" w="18" /><ent r="3" t="429" w="18" /></phr><phr n="naming"><ent r="3" t="423" w="69" /><ent r="3" t="423" w="69" /><ent r="4" t="502" w="250" /><ent r="4" t="502" w="250" /></phr></stem><stem n="us"><phr n="used"><ent r="3" t="0" w="102" /><ent r="3" t="0" w="108" /><ent r="3" t="0" w="108" /><ent r="3" t="3" w="27" /><ent r="3" t="3" w="27" /><ent r="3" t="4" w="87" /><ent r="3" t="4" w="87" /><ent r="3" t="4" w="113" /><ent r="3" t="4" w="113" /><ent r="3" t="8" w="77" /><ent r="3" t="8" w="77" /><ent r="3" t="10" w="105" /><ent r="3" t="10" w="105" /><ent r="3" t="11" w="367" /><ent r="3" t="11" w="508" /><ent r="3" t="11" w="508" /><ent r="3" t="12" w="503" /><ent r="3" t="12" w="503" /><ent r="3" t="13" w="16" /><ent r="3" t="13" w="16" /><ent r="3" t="17" w="46" /><ent r="3" t="17" w="46" /><ent r="3" t="22" w="18" /><ent r="3" t="22" w="18" /><ent r="8" t="22" w="70" /><ent r="6" t="24" w="113" /><ent r="6" t="24" w="130" /><ent r="6" t="24" w="130" /><ent r="6" t="24" w="196" /><ent r="6" t="24" w="196" /><ent r="6" t="24" w="289" /><ent r="6" t="24" w="289" /><ent r="6" t="24" w="362" /><ent r="6" t="24" w="362" /><ent r="7" t="29" w="37" /><ent r="7" t="29" w="37" /><ent r="3" t="36" w="54" /><ent r="3" t="36" w="54" /><ent r="3" t="40" w="137" /><ent r="3" t="40" w="137" /><ent r="3" t="44" w="16" /><ent r="3" t="44" w="16" /><ent r="3" t="48" w="46" /><ent r="3" t="48" w="46" /><ent r="3" t="53" w="18" /><ent r="3" t="53" w="18" /><ent r="6" t="55" w="113" /><ent r="6" t="55" w="130" /><ent r="6" t="55" w="130" /><ent r="6" t="55" w="196" /><ent r="6" t="55" w="196" /><ent r="6" t="55" w="289" /><ent r="6" t="55" w="289" /><ent r="6" t="55" w="362" /><ent r="6" t="55" w="362" /><ent r="7" t="60" w="37" /><ent r="7" t="60" w="37" /><ent r="3" t="66" w="137" /><ent r="3" t="66" w="137" /><ent r="3" t="69" w="168" /><ent r="3" t="69" w="168" /><ent r="3" t="72" w="46" /><ent r="3" t="72" w="46" /><ent r="8" t="74" w="33" /><ent r="8" t="74" w="33" /><ent r="6" t="78" w="92" /><ent r="6" t="78" w="92" /><ent r="6" t="78" w="168" /><ent r="6" t="78" w="168" /><ent r="6" t="78" w="231" /><ent r="6" t="78" w="231" /><ent r="6" t="78" w="356" /><ent r="6" t="78" w="356" /><ent r="7" t="78" w="982" /><ent r="7" t="78" w="982" /><ent r="7" t="81" w="37" /><ent r="7" t="81" w="37" /><ent r="3" t="88" w="54" /><ent r="3" t="88" w="54" /><ent r="3" t="91" w="321" /><ent r="3" t="91" w="321" /><ent r="3" t="91" w="466" /><ent r="3" t="91" w="466" /><ent r="3" t="99" w="46" /><ent r="3" t="99" w="46" /><ent r="6" t="106" w="113" /><ent r="6" t="106" w="130" /><ent r="6" t="106" w="130" /><ent r="6" t="106" w="196" /><ent r="6" t="106" w="196" /><ent r="6" t="106" w="289" /><ent r="6" t="106" w="289" /><ent r="6" t="106" w="362" /><ent r="6" t="106" w="362" /><ent r="7" t="111" w="39" /><ent r="7" t="111" w="39" /><ent r="3" t="115" w="141" /><ent r="3" t="115" w="141" /><ent r="3" t="115" w="601" /><ent r="3" t="115" w="601" /><ent r="3" t="118" w="54" /><ent r="3" t="118" w="54" /><ent r="3" t="121" w="137" /><ent r="3" t="121" w="137" /><ent r="8" t="130" w="82" /><ent r="8" t="130" w="82" /><ent r="7" t="131" w="92" /><ent r="7" t="131" w="92" /><ent r="7" t="131" w="170" /><ent r="7" t="131" w="170" /><ent r="7" t="131" w="235" /><ent r="7" t="131" w="235" /><ent r="7" t="131" w="383" /><ent r="7" t="131" w="383" /><ent r="7" t="134" w="39" /><ent r="7" t="134" w="39" /><ent r="3" t="141" w="54" /><ent r="3" t="141" w="54" /><ent r="3" t="147" w="16" /><ent r="3" t="147" w="16" /><ent r="3" t="157" w="133" /><ent r="3" t="157" w="133" /><ent r="3" t="172" w="16" /><ent r="3" t="172" w="16" /><ent r="6" t="181" w="81" /><ent r="6" t="181" w="81" /><ent r="6" t="181" w="382" /><ent r="6" t="181" w="382" /><ent r="6" t="181" w="444" /><ent r="6" t="181" w="444" /><ent r="3" t="192" w="54" /><ent r="3" t="192" w="54" /><ent r="3" t="194" w="155" /><ent r="3" t="194" w="155" /><ent r="3" t="195" w="133" /><ent r="3" t="195" w="133" /><ent r="3" t="198" w="16" /><ent r="3" t="198" w="16" /><ent r="6" t="207" w="76" /><ent r="6" t="207" w="76" /><ent r="6" t="207" w="375" /><ent r="6" t="207" w="375" /><ent r="6" t="207" w="437" /><ent r="6" t="207" w="437" /><ent r="6" t="207" w="809" /><ent r="6" t="207" w="809" /><ent r="7" t="212" w="37" /><ent r="7" t="212" w="37" /><ent r="3" t="216" w="407" /><ent r="3" t="216" w="407" /><ent r="3" t="218" w="155" /><ent r="3" t="218" w="155" /><ent r="3" t="219" w="133" /><ent r="3" t="219" w="133" /><ent r="3" t="223" w="34" /><ent r="3" t="223" w="34" /><ent r="7" t="235" w="632" /><ent r="7" t="235" w="632" /><ent r="7" t="235" w="977" /><ent r="7" t="235" w="977" /><ent r="7" t="235" w="1236" /><ent r="7" t="235" w="1236" /><ent r="7" t="235" w="1310" /><ent r="7" t="235" w="1310" /><ent r="7" t="235" w="1729" /><ent r="7" t="235" w="1729" /><ent r="7" t="235" w="1804" /><ent r="7" t="235" w="1804" /><ent r="7" t="235" w="1822" /><ent r="7" t="235" w="1822" /><ent r="7" t="235" w="1856" /><ent r="7" t="235" w="1856" /><ent r="7" t="235" w="2271" /><ent r="7" t="235" w="2271" /><ent r="7" t="235" w="2318" /><ent r="7" t="235" w="2318" /><ent r="7" t="235" w="2776" /><ent r="7" t="235" w="2776" /><ent r="7" t="235" w="3338" /><ent r="7" t="235" w="3338" /><ent r="7" t="235" w="3664" /><ent r="7" t="235" w="3664" /><ent r="3" t="239" w="229" /><ent r="3" t="239" w="229" /><ent r="3" t="239" w="314" /><ent r="3" t="239" w="314" /><ent r="3" t="239" w="354" /><ent r="3" t="239" w="354" /><ent r="3" t="239" w="442" /><ent r="3" t="239" w="442" /><ent r="3" t="239" w="543" /><ent r="3" t="239" w="543" /><ent r="3" t="240" w="163" /><ent r="3" t="240" w="163" /><ent r="3" t="240" w="270" /><ent r="3" t="240" w="270" /><ent r="3" t="240" w="726" /><ent r="3" t="240" w="726" /><ent r="3" t="240" w="959" /><ent r="3" t="240" w="959" /><ent r="7" t="242" w="196" /><ent r="7" t="242" w="196" /><ent r="4" t="242" w="737" /><ent r="4" t="242" w="737" /><ent r="5" t="242" w="994" /><ent r="3" t="242" w="1124" /><ent r="3" t="242" w="1124" /><ent r="3" t="242" w="1139" /><ent r="3" t="242" w="1139" /><ent r="3" t="242" w="1148" /><ent r="3" t="242" w="1148" /><ent r="3" t="242" w="1192" /><ent r="3" t="242" w="1192" /><ent r="3" t="242" w="1346" /><ent r="3" t="242" w="1346" /><ent r="5" t="242" w="1361" /><ent r="5" t="242" w="1361" /><ent r="3" t="243" w="51" /><ent r="3" t="243" w="205" /><ent r="3" t="243" w="205" /><ent r="3" t="244" w="801" /><ent r="3" t="244" w="801" /><ent r="3" t="244" w="819" /><ent r="3" t="244" w="819" /><ent r="3" t="244" w="843" /><ent r="3" t="244" w="843" /><ent r="5" t="244" w="1052" /><ent r="5" t="244" w="1052" /><ent r="5" t="244" w="1068" /><ent r="5" t="244" w="1068" /><ent r="5" t="244" w="1122" /><ent r="5" t="244" w="1122" /><ent r="5" t="244" w="1148" /><ent r="5" t="244" w="1148" /><ent r="5" t="244" w="1174" /><ent r="5" t="244" w="1174" /><ent r="3" t="245" w="158" /><ent r="3" t="245" w="158" /><ent r="3" t="245" w="176" /><ent r="3" t="245" w="176" /><ent r="3" t="245" w="200" /><ent r="3" t="245" w="200" /><ent r="3" t="245" w="233" /><ent r="3" t="245" w="233" /><ent r="3" t="246" w="231" /><ent r="3" t="246" w="231" /><ent r="3" t="248" w="130" /><ent r="3" t="248" w="130" /><ent r="3" t="249" w="89" /><ent r="3" t="249" w="89" /><ent r="3" t="249" w="151" /><ent r="3" t="249" w="151" /><ent r="3" t="251" w="155" /><ent r="3" t="251" w="155" /><ent r="3" t="252" w="227" /><ent r="3" t="252" w="227" /><ent r="3" t="252" w="256" /><ent r="3" t="252" w="256" /><ent r="5" t="252" w="510" /><ent r="5" t="252" w="510" /><ent r="5" t="252" w="526" /><ent r="5" t="252" w="526" /><ent r="3" t="253" w="253" /><ent r="3" t="253" w="253" /><ent r="3" t="253" w="283" /><ent r="3" t="253" w="283" /><ent r="3" t="253" w="321" /><ent r="3" t="253" w="321" /><ent r="5" t="254" w="223" /><ent r="5" t="254" w="223" /><ent r="5" t="254" w="239" /><ent r="5" t="254" w="239" /><ent r="3" t="263" w="156" /><ent r="3" t="263" w="156" /><ent r="3" t="263" w="169" /><ent r="3" t="263" w="169" /><ent r="3" t="263" w="354" /><ent r="3" t="263" w="354" /><ent r="3" t="264" w="23" /><ent r="3" t="264" w="23" /><ent r="3" t="264" w="56" /><ent r="3" t="264" w="56" /><ent r="3" t="264" w="87" /><ent r="3" t="264" w="87" /><ent r="3" t="264" w="109" /><ent r="3" t="264" w="109" /><ent r="3" t="264" w="140" /><ent r="3" t="264" w="140" /><ent r="3" t="264" w="185" /><ent r="3" t="265" w="125" /><ent r="3" t="265" w="125" /><ent r="5" t="266" w="335" /><ent r="5" t="266" w="335" /><ent r="3" t="268" w="414" /><ent r="3" t="268" w="414" /><ent r="5" t="269" w="214" /><ent r="5" t="269" w="214" /><ent r="3" t="269" w="298" /><ent r="3" t="269" w="298" /><ent r="3" t="269" w="583" /><ent r="3" t="269" w="583" /><ent r="3" t="271" w="81" /><ent r="3" t="271" w="81" /><ent r="3" t="271" w="849" /><ent r="3" t="271" w="849" /><ent r="3" t="275" w="300" /><ent r="3" t="275" w="300" /><ent r="5" t="275" w="411" /><ent r="5" t="275" w="411" /><ent r="3" t="276" w="138" /><ent r="3" t="276" w="138" /><ent r="3" t="276" w="412" /><ent r="3" t="276" w="412" /><ent r="3" t="276" w="1978" /><ent r="3" t="276" w="1978" /><ent r="3" t="276" w="2007" /><ent r="3" t="276" w="2007" /><ent r="3" t="276" w="2261" /><ent r="3" t="276" w="2261" /><ent r="3" t="276" w="2303" /><ent r="3" t="276" w="2303" /><ent r="3" t="276" w="2379" /><ent r="3" t="276" w="2379" /><ent r="3" t="276" w="3179" /><ent r="3" t="276" w="3179" /><ent r="3" t="276" w="3333" /><ent r="3" t="276" w="3333" /><ent r="3" t="278" w="182" /><ent r="3" t="278" w="182" /><ent r="3" t="278" w="409" /><ent r="3" t="278" w="409" /><ent r="3" t="278" w="446" /><ent r="3" t="278" w="446" /><ent r="5" t="279" w="220" /><ent r="5" t="279" w="220" /><ent r="3" t="279" w="601" /><ent r="3" t="279" w="601" /><ent r="5" t="282" w="183" /><ent r="3" t="282" w="588" /><ent r="3" t="282" w="588" /><ent r="3" t="284" w="261" /><ent r="3" t="284" w="261" /><ent r="3" t="284" w="279" /><ent r="3" t="284" w="279" /><ent r="3" t="284" w="296" /><ent r="3" t="284" w="296" /><ent r="3" t="284" w="313" /><ent r="3" t="284" w="313" /><ent r="3" t="284" w="365" /><ent r="3" t="284" w="365" /><ent r="3" t="284" w="404" /><ent r="3" t="284" w="404" /><ent r="3" t="284" w="435" /><ent r="3" t="284" w="435" /><ent r="3" t="284" w="481" /><ent r="3" t="284" w="481" /><ent r="3" t="284" w="522" /><ent r="3" t="284" w="522" /><ent r="3" t="284" w="632" /><ent r="3" t="284" w="632" /><ent r="3" t="284" w="666" /><ent r="3" t="284" w="666" /><ent r="3" t="284" w="1187" /><ent r="3" t="284" w="1187" /><ent r="3" t="284" w="1268" /><ent r="3" t="284" w="1268" /><ent r="5" t="284" w="1391" /><ent r="3" t="287" w="90" /><ent r="3" t="287" w="373" /><ent r="3" t="287" w="373" /><ent r="3" t="287" w="541" /><ent r="3" t="287" w="541" /><ent r="3" t="288" w="24" /><ent r="3" t="288" w="24" /><ent r="5" t="288" w="177" /><ent r="5" t="288" w="177" /><ent r="3" t="288" w="242" /><ent r="3" t="288" w="242" /><ent r="3" t="290" w="29" /><ent r="3" t="290" w="29" /><ent r="3" t="296" w="92" /><ent r="3" t="296" w="92" /><ent r="3" t="296" w="127" /><ent r="3" t="296" w="127" /><ent r="3" t="296" w="377" /><ent r="3" t="296" w="377" /><ent r="3" t="308" w="85" /><ent r="3" t="308" w="85" /><ent r="3" t="309" w="219" /><ent r="3" t="309" w="219" /><ent r="5" t="309" w="445" /><ent r="5" t="309" w="445" /><ent r="6" t="314" w="991" /><ent r="6" t="314" w="991" /><ent r="3" t="315" w="109" /><ent r="3" t="315" w="109" /><ent r="3" t="318" w="76" /><ent r="3" t="318" w="76" /><ent r="3" t="320" w="29" /><ent r="3" t="320" w="38" /><ent r="3" t="321" w="27" /><ent r="3" t="327" w="64" /><ent r="3" t="327" w="64" /><ent r="5" t="329" w="256" /><ent r="5" t="329" w="256" /><ent r="7" t="332" w="172" /><ent r="7" t="332" w="172" /><ent r="6" t="332" w="318" /><ent r="6" t="332" w="318" /><ent r="3" t="332" w="516" /><ent r="3" t="332" w="516" /><ent r="3" t="337" w="22" /><ent r="3" t="337" w="22" /><ent r="3" t="337" w="416" /><ent r="3" t="338" w="21" /><ent r="3" t="338" w="21" /><ent r="3" t="339" w="19" /><ent r="3" t="339" w="19" /><ent r="3" t="340" w="21" /><ent r="3" t="340" w="21" /><ent r="3" t="341" w="22" /><ent r="3" t="341" w="22" /><ent r="3" t="342" w="22" /><ent r="3" t="342" w="22" /><ent r="3" t="343" w="22" /><ent r="3" t="343" w="22" /><ent r="3" t="344" w="22" /><ent r="3" t="344" w="22" /><ent r="3" t="345" w="22" /><ent r="3" t="345" w="22" /><ent r="3" t="346" w="21" /><ent r="3" t="346" w="21" /><ent r="3" t="347" w="67" /><ent r="3" t="347" w="67" /><ent r="7" t="348" w="534" /><ent r="7" t="348" w="534" /><ent r="6" t="351" w="284" /><ent r="6" t="351" w="284" /><ent r="6" t="351" w="303" /><ent r="6" t="351" w="303" /><ent r="7" t="351" w="367" /><ent r="7" t="351" w="367" /><ent r="7" t="351" w="460" /><ent r="7" t="351" w="460" /><ent r="7" t="351" w="469" /><ent r="7" t="351" w="469" /><ent r="6" t="353" w="196" /><ent r="6" t="353" w="196" /><ent r="7" t="353" w="1104" /><ent r="7" t="353" w="1104" /><ent r="7" t="353" w="1230" /><ent r="7" t="353" w="1230" /><ent r="6" t="359" w="127" /><ent r="6" t="359" w="127" /><ent r="3" t="359" w="219" /><ent r="3" t="359" w="219" /><ent r="6" t="364" w="190" /><ent r="3" t="366" w="20" /><ent r="3" t="366" w="20" /><ent r="3" t="367" w="20" /><ent r="3" t="367" w="20" /><ent r="3" t="368" w="20" /><ent r="3" t="368" w="20" /><ent r="3" t="369" w="20" /><ent r="3" t="369" w="20" /><ent r="3" t="370" w="20" /><ent r="3" t="370" w="20" /><ent r="3" t="371" w="20" /><ent r="3" t="371" w="20" /><ent r="6" t="371" w="395" /><ent r="6" t="371" w="395" /><ent r="6" t="372" w="1040" /><ent r="6" t="372" w="1061" /><ent r="3" t="380" w="89" /><ent r="3" t="380" w="89" /><ent r="3" t="381" w="21" /><ent r="3" t="381" w="21" /><ent r="3" t="382" w="148" /><ent r="3" t="382" w="148" /><ent r="3" t="384" w="19" /><ent r="3" t="384" w="19" /><ent r="3" t="384" w="76" /><ent r="3" t="384" w="76" /><ent r="3" t="386" w="58" /><ent r="3" t="386" w="58" /><ent r="3" t="386" w="61" /><ent r="3" t="386" w="61" /><ent r="4" t="388" w="327" /><ent r="6" t="388" w="524" /><ent r="6" t="388" w="651" /><ent r="3" t="390" w="776" /><ent r="3" t="390" w="776" /><ent r="3" t="390" w="860" /><ent r="3" t="390" w="860" /><ent r="3" t="390" w="1015" /><ent r="3" t="390" w="1015" /><ent r="3" t="391" w="18" /><ent r="3" t="391" w="18" /><ent r="3" t="391" w="46" /><ent r="3" t="391" w="46" /><ent r="3" t="392" w="85" /><ent r="3" t="392" w="85" /><ent r="3" t="392" w="102" /><ent r="3" t="392" w="102" /><ent r="3" t="395" w="31" /><ent r="3" t="395" w="31" /><ent r="3" t="397" w="410" /><ent r="3" t="397" w="410" /><ent r="5" t="398" w="1551" /><ent r="5" t="398" w="1551" /><ent r="5" t="398" w="2427" /><ent r="5" t="398" w="2427" /><ent r="3" t="398" w="2716" /><ent r="3" t="398" w="2716" /><ent r="3" t="398" w="2877" /><ent r="3" t="398" w="2877" /><ent r="3" t="398" w="3078" /><ent r="3" t="398" w="3078" /><ent r="3" t="399" w="1213" /><ent r="3" t="400" w="140" /><ent r="3" t="400" w="140" /><ent r="3" t="400" w="270" /><ent r="3" t="400" w="270" /><ent r="3" t="400" w="345" /><ent r="3" t="400" w="345" /><ent r="3" t="400" w="495" /><ent r="3" t="400" w="495" /><ent r="3" t="400" w="936" /><ent r="3" t="400" w="936" /><ent r="5" t="400" w="1011" /><ent r="5" t="400" w="1011" /><ent r="3" t="400" w="1121" /><ent r="3" t="400" w="1121" /><ent r="3" t="400" w="1241" /><ent r="3" t="400" w="1241" /><ent r="3" t="400" w="1418" /><ent r="3" t="400" w="1418" /><ent r="3" t="400" w="1498" /><ent r="3" t="400" w="1498" /><ent r="3" t="400" w="1762" /><ent r="3" t="400" w="1762" /><ent r="5" t="400" w="1874" /><ent r="5" t="400" w="1874" /><ent r="5" t="400" w="2039" /><ent r="5" t="400" w="2039" /><ent r="3" t="402" w="184" /><ent r="3" t="402" w="184" /><ent r="3" t="402" w="279" /><ent r="3" t="402" w="321" /><ent r="3" t="402" w="321" /><ent r="3" t="402" w="332" /><ent r="3" t="402" w="346" /><ent r="3" t="402" w="346" /><ent r="3" t="402" w="875" /><ent r="3" t="402" w="875" /><ent r="3" t="402" w="904" /><ent r="3" t="402" w="904" /><ent r="3" t="402" w="1440" /><ent r="3" t="404" w="1478" /><ent r="3" t="404" w="1478" /><ent r="3" t="405" w="150" /><ent r="3" t="405" w="150" /><ent r="3" t="405" w="243" /><ent r="3" t="405" w="243" /><ent r="3" t="405" w="310" /><ent r="3" t="405" w="310" /><ent r="3" t="408" w="18" /><ent r="3" t="408" w="18" /><ent r="3" t="408" w="38" /><ent r="3" t="408" w="38" /><ent r="3" t="408" w="95" /><ent r="3" t="408" w="95" /><ent r="3" t="409" w="29" /><ent r="3" t="409" w="29" /><ent r="3" t="409" w="265" /><ent r="3" t="409" w="265" /><ent r="4" t="410" w="35" /><ent r="4" t="410" w="35" /><ent r="4" t="414" w="214" /><ent r="4" t="414" w="214" /><ent r="3" t="422" w="382" /><ent r="3" t="422" w="382" /><ent r="3" t="422" w="428" /><ent r="3" t="422" w="428" /><ent r="5" t="422" w="475" /><ent r="5" t="422" w="579" /><ent r="5" t="422" w="579" /><ent r="5" t="422" w="616" /><ent r="5" t="422" w="616" /><ent r="5" t="427" w="282" /><ent r="7" t="430" w="124" /><ent r="7" t="430" w="124" /><ent r="7" t="431" w="215" /><ent r="7" t="431" w="215" /><ent r="7" t="432" w="183" /><ent r="7" t="432" w="183" /><ent r="7" t="432" w="190" /><ent r="7" t="432" w="190" /><ent r="3" t="433" w="29" /><ent r="3" t="433" w="29" /><ent r="7" t="445" w="118" /><ent r="7" t="445" w="118" /><ent r="7" t="446" w="257" /><ent r="7" t="446" w="257" /><ent r="7" t="447" w="189" /><ent r="7" t="449" w="308" /><ent r="7" t="449" w="308" /><ent r="7" t="450" w="110" /><ent r="7" t="450" w="110" /><ent r="7" t="451" w="148" /><ent r="7" t="451" w="148" /><ent r="5" t="452" w="36" /><ent r="5" t="452" w="36" /><ent r="7" t="452" w="126" /><ent r="7" t="452" w="126" /><ent r="7" t="452" w="135" /><ent r="7" t="452" w="135" /><ent r="3" t="463" w="40" /><ent r="3" t="463" w="40" /><ent r="7" t="475" w="225" /><ent r="3" t="475" w="384" /><ent r="7" t="477" w="143" /><ent r="7" t="477" w="143" /><ent r="7" t="477" w="165" /><ent r="7" t="477" w="165" /><ent r="7" t="477" w="277" /><ent r="7" t="477" w="277" /><ent r="7" t="477" w="290" /><ent r="7" t="477" w="290" /><ent r="7" t="477" w="307" /><ent r="7" t="477" w="307" /><ent r="7" t="477" w="319" /><ent r="7" t="477" w="319" /><ent r="7" t="477" w="342" /><ent r="7" t="477" w="342" /><ent r="7" t="477" w="354" /><ent r="7" t="477" w="354" /><ent r="7" t="477" w="367" /><ent r="7" t="477" w="367" /><ent r="7" t="477" w="417" /><ent r="7" t="477" w="417" /><ent r="7" t="477" w="461" /><ent r="7" t="477" w="461" /><ent r="3" t="477" w="661" /><ent r="3" t="478" w="22" /><ent r="3" t="479" w="19" /><ent r="3" t="479" w="19" /><ent r="7" t="479" w="113" /><ent r="7" t="479" w="113" /><ent r="7" t="479" w="141" /><ent r="7" t="479" w="141" /><ent r="3" t="481" w="56" /><ent r="3" t="481" w="56" /><ent r="7" t="484" w="119" /><ent r="7" t="484" w="119" /><ent r="7" t="486" w="216" /><ent r="7" t="486" w="216" /><ent r="3" t="487" w="32" /><ent r="3" t="487" w="32" /><ent r="7" t="488" w="248" /><ent r="7" t="488" w="256" /><ent r="7" t="488" w="256" /><ent r="7" t="493" w="230" /><ent r="7" t="493" w="230" /><ent r="3" t="499" w="101" /><ent r="3" t="499" w="101" /><ent r="3" t="499" w="142" /><ent r="3" t="499" w="142" /><ent r="3" t="500" w="137" /><ent r="3" t="500" w="171" /><ent r="3" t="500" w="171" /><ent r="5" t="501" w="184" /></phr><phr n="uses"><ent r="3" t="3" w="12" /><ent r="3" t="3" w="12" /><ent r="3" t="7" w="74" /><ent r="3" t="7" w="74" /><ent r="3" t="8" w="199" /><ent r="3" t="8" w="199" /><ent r="3" t="10" w="49" /><ent r="3" t="10" w="49" /><ent r="3" t="10" w="138" /><ent r="3" t="10" w="138" /><ent r="3" t="11" w="70" /><ent r="3" t="11" w="70" /><ent r="3" t="11" w="571" /><ent r="3" t="11" w="571" /><ent r="3" t="13" w="28" /><ent r="3" t="13" w="28" /><ent r="3" t="44" w="28" /><ent r="3" t="44" w="28" /><ent r="3" t="69" w="180" /><ent r="3" t="69" w="180" /><ent r="3" t="85" w="85" /><ent r="3" t="85" w="85" /><ent r="3" t="91" w="309" /><ent r="6" t="106" w="1972" /><ent r="6" t="106" w="1972" /><ent r="3" t="147" w="28" /><ent r="3" t="147" w="28" /><ent r="3" t="172" w="28" /><ent r="3" t="172" w="28" /><ent r="3" t="198" w="28" /><ent r="3" t="198" w="28" /><ent r="7" t="235" w="1086" /><ent r="7" t="235" w="1086" /><ent r="7" t="235" w="2927" /><ent r="7" t="235" w="2927" /><ent r="7" t="235" w="3187" /><ent r="7" t="235" w="3187" /><ent r="7" t="235" w="3415" /><ent r="7" t="235" w="3415" /><ent r="7" t="235" w="3460" /><ent r="7" t="235" w="3460" /><ent r="7" t="242" w="626" /><ent r="7" t="242" w="626" /><ent r="7" t="242" w="813" /><ent r="7" t="242" w="813" /><ent r="3" t="252" w="92" /><ent r="3" t="252" w="92" /><ent r="5" t="252" w="422" /><ent r="5" t="252" w="422" /><ent r="5" t="252" w="578" /><ent r="5" t="252" w="578" /><ent r="5" t="252" w="635" /><ent r="5" t="252" w="635" /><ent r="3" t="253" w="108" /><ent r="3" t="253" w="108" /><ent r="5" t="254" w="137" /><ent r="5" t="254" w="137" /><ent r="5" t="254" w="291" /><ent r="5" t="254" w="291" /><ent r="5" t="254" w="348" /><ent r="5" t="254" w="348" /><ent r="3" t="264" w="69" /><ent r="3" t="264" w="69" /><ent r="3" t="268" w="339" /><ent r="3" t="268" w="339" /><ent r="5" t="270" w="168" /><ent r="5" t="270" w="168" /><ent r="3" t="282" w="65" /><ent r="3" t="282" w="65" /><ent r="3" t="287" w="147" /><ent r="3" t="287" w="147" /><ent r="3" t="287" w="385" /><ent r="3" t="287" w="385" /><ent r="3" t="288" w="281" /><ent r="3" t="288" w="281" /><ent r="3" t="293" w="33" /><ent r="3" t="293" w="33" /><ent r="5" t="308" w="146" /><ent r="5" t="308" w="146" /><ent r="3" t="382" w="172" /><ent r="3" t="382" w="172" /><ent r="3" t="398" w="2735" /><ent r="3" t="398" w="2735" /><ent r="3" t="400" w="539" /><ent r="3" t="400" w="539" /><ent r="4" t="414" w="196" /><ent r="4" t="414" w="196" /><ent r="5" t="427" w="567" /><ent r="5" t="427" w="567" /><ent r="7" t="438" w="91" /><ent r="7" t="438" w="91" /><ent r="3" t="463" w="52" /><ent r="3" t="463" w="52" /></phr><phr n="using"><ent r="3" t="4" w="164" /><ent r="3" t="4" w="164" /><ent r="3" t="11" w="541" /><ent r="3" t="11" w="541" /><ent r="3" t="11" w="580" /><ent r="3" t="11" w="580" /><ent r="3" t="12" w="377" /><ent r="3" t="12" w="377" /><ent r="3" t="12" w="536" /><ent r="3" t="12" w="536" /><ent r="54" t="13" w="217" /><ent r="54" t="13" w="217" /><ent r="3" t="16" w="17" /><ent r="3" t="16" w="17" /><ent r="8" t="17" w="89" /><ent r="8" t="17" w="89" /><ent r="3" t="31" w="196" /><ent r="3" t="31" w="196" /><ent r="64" t="31" w="226" /><ent r="64" t="31" w="226" /><ent r="7" t="32" w="61" /><ent r="7" t="32" w="61" /><ent r="7" t="32" w="161" /><ent r="7" t="32" w="161" /><ent r="7" t="32" w="251" /><ent r="7" t="32" w="251" /><ent r="7" t="32" w="351" /><ent r="7" t="32" w="351" /><ent r="3" t="34" w="152" /><ent r="3" t="34" w="152" /><ent r="3" t="34" w="157" /><ent r="3" t="34" w="157" /><ent r="66" t="34" w="167" /><ent r="66" t="34" w="167" /><ent r="66" t="34" w="176" /><ent r="66" t="34" w="176" /><ent r="1000" t="35" w="3" /><ent r="1000" t="35" w="3" /><ent r="92" t="35" w="12" /><ent r="92" t="35" w="12" /><ent r="3" t="35" w="30" /><ent r="3" t="35" w="30" /><ent r="1000" t="36" w="3" /><ent r="1000" t="36" w="3" /><ent r="92" t="36" w="9" /><ent r="92" t="36" w="9" /><ent r="3" t="36" w="25" /><ent r="3" t="36" w="25" /><ent r="54" t="44" w="217" /><ent r="54" t="44" w="217" /><ent r="3" t="47" w="17" /><ent r="3" t="47" w="17" /><ent r="8" t="48" w="89" /><ent r="8" t="48" w="89" /><ent r="3" t="62" w="196" /><ent r="3" t="62" w="196" /><ent r="64" t="62" w="226" /><ent r="64" t="62" w="226" /><ent r="7" t="63" w="61" /><ent r="7" t="63" w="61" /><ent r="7" t="63" w="161" /><ent r="7" t="63" w="161" /><ent r="7" t="63" w="251" /><ent r="7" t="63" w="251" /><ent r="7" t="63" w="351" /><ent r="7" t="63" w="351" /><ent r="54" t="69" w="369" /><ent r="54" t="69" w="369" /><ent r="3" t="71" w="17" /><ent r="3" t="71" w="17" /><ent r="8" t="72" w="89" /><ent r="8" t="72" w="89" /><ent r="7" t="83" w="154" /><ent r="7" t="83" w="154" /><ent r="3" t="86" w="152" /><ent r="3" t="86" w="152" /><ent r="3" t="86" w="157" /><ent r="3" t="86" w="157" /><ent r="66" t="86" w="167" /><ent r="66" t="86" w="167" /><ent r="66" t="86" w="176" /><ent r="66" t="86" w="176" /><ent r="1000" t="87" w="3" /><ent r="1000" t="87" w="3" /><ent r="92" t="87" w="12" /><ent r="92" t="87" w="12" /><ent r="3" t="87" w="30" /><ent r="3" t="87" w="30" /><ent r="1000" t="88" w="3" /><ent r="1000" t="88" w="3" /><ent r="92" t="88" w="9" /><ent r="92" t="88" w="9" /><ent r="3" t="88" w="25" /><ent r="3" t="88" w="25" /><ent r="54" t="95" w="280" /><ent r="54" t="95" w="280" /><ent r="3" t="98" w="17" /><ent r="3" t="98" w="17" /><ent r="8" t="99" w="89" /><ent r="8" t="99" w="89" /><ent r="6" t="106" w="1956" /><ent r="6" t="106" w="1956" /><ent r="3" t="113" w="200" /><ent r="3" t="113" w="200" /><ent r="64" t="113" w="230" /><ent r="64" t="113" w="230" /><ent r="7" t="114" w="62" /><ent r="7" t="114" w="62" /><ent r="7" t="114" w="163" /><ent r="7" t="114" w="163" /><ent r="7" t="114" w="254" /><ent r="7" t="114" w="254" /><ent r="7" t="114" w="355" /><ent r="7" t="114" w="355" /><ent r="3" t="115" w="342" /><ent r="3" t="115" w="342" /><ent r="3" t="115" w="689" /><ent r="3" t="115" w="689" /><ent r="3" t="116" w="153" /><ent r="3" t="116" w="153" /><ent r="3" t="116" w="158" /><ent r="3" t="116" w="158" /><ent r="66" t="116" w="168" /><ent r="66" t="116" w="168" /><ent r="66" t="116" w="177" /><ent r="66" t="116" w="177" /><ent r="1000" t="117" w="3" /><ent r="1000" t="117" w="3" /><ent r="92" t="117" w="12" /><ent r="92" t="117" w="12" /><ent r="3" t="117" w="30" /><ent r="3" t="117" w="30" /><ent r="1000" t="118" w="3" /><ent r="1000" t="118" w="3" /><ent r="92" t="118" w="9" /><ent r="92" t="118" w="9" /><ent r="3" t="118" w="25" /><ent r="3" t="118" w="25" /><ent r="54" t="124" w="327" /><ent r="54" t="124" w="327" /><ent r="3" t="128" w="85" /><ent r="3" t="128" w="85" /><ent r="3" t="136" w="200" /><ent r="3" t="136" w="200" /><ent r="64" t="136" w="230" /><ent r="64" t="136" w="230" /><ent r="7" t="137" w="62" /><ent r="7" t="137" w="62" /><ent r="7" t="137" w="162" /><ent r="7" t="137" w="162" /><ent r="7" t="137" w="253" /><ent r="7" t="137" w="253" /><ent r="3" t="138" w="278" /><ent r="3" t="138" w="278" /><ent r="3" t="138" w="625" /><ent r="3" t="138" w="625" /><ent r="3" t="139" w="153" /><ent r="3" t="139" w="153" /><ent r="3" t="139" w="158" /><ent r="3" t="139" w="158" /><ent r="66" t="139" w="168" /><ent r="66" t="139" w="168" /><ent r="66" t="139" w="177" /><ent r="66" t="139" w="177" /><ent r="1000" t="140" w="3" /><ent r="1000" t="140" w="3" /><ent r="92" t="140" w="12" /><ent r="92" t="140" w="12" /><ent r="3" t="140" w="30" /><ent r="3" t="140" w="30" /><ent r="1000" t="141" w="3" /><ent r="1000" t="141" w="3" /><ent r="92" t="141" w="9" /><ent r="92" t="141" w="9" /><ent r="3" t="141" w="25" /><ent r="3" t="141" w="25" /><ent r="3" t="147" w="215" /><ent r="3" t="147" w="215" /><ent r="3" t="160" w="104" /><ent r="3" t="160" w="104" /><ent r="7" t="164" w="200" /><ent r="7" t="164" w="200" /><ent r="54" t="172" w="218" /><ent r="54" t="172" w="218" /><ent r="7" t="177" w="65" /><ent r="7" t="177" w="65" /><ent r="7" t="187" w="108" /><ent r="7" t="187" w="108" /><ent r="7" t="187" w="128" /><ent r="7" t="187" w="128" /><ent r="64" t="187" w="238" /><ent r="64" t="187" w="238" /><ent r="7" t="188" w="112" /><ent r="7" t="188" w="112" /><ent r="7" t="188" w="235" /><ent r="7" t="188" w="235" /><ent r="3" t="190" w="142" /><ent r="3" t="190" w="142" /><ent r="3" t="190" w="147" /><ent r="3" t="190" w="147" /><ent r="66" t="190" w="157" /><ent r="66" t="190" w="157" /><ent r="66" t="190" w="166" /><ent r="66" t="190" w="166" /><ent r="1000" t="191" w="3" /><ent r="1000" t="191" w="3" /><ent r="92" t="191" w="12" /><ent r="92" t="191" w="12" /><ent r="3" t="191" w="30" /><ent r="3" t="191" w="30" /><ent r="1000" t="192" w="3" /><ent r="1000" t="192" w="3" /><ent r="92" t="192" w="9" /><ent r="92" t="192" w="9" /><ent r="3" t="192" w="25" /><ent r="3" t="192" w="25" /><ent r="3" t="194" w="75" /><ent r="3" t="194" w="75" /><ent r="5" t="196" w="114" /><ent r="5" t="196" w="114" /><ent r="54" t="198" w="218" /><ent r="54" t="198" w="218" /><ent r="7" t="203" w="85" /><ent r="7" t="203" w="85" /><ent r="8" t="210" w="125" /><ent r="8" t="210" w="125" /><ent r="7" t="214" w="108" /><ent r="7" t="214" w="108" /><ent r="7" t="214" w="128" /><ent r="7" t="214" w="128" /><ent r="64" t="214" w="238" /><ent r="64" t="214" w="238" /><ent r="7" t="215" w="112" /><ent r="7" t="215" w="112" /><ent r="7" t="215" w="235" /><ent r="7" t="215" w="235" /><ent r="3" t="217" w="17" /><ent r="3" t="217" w="17" /><ent r="3" t="217" w="49" /><ent r="3" t="217" w="49" /><ent r="3" t="218" w="75" /><ent r="3" t="218" w="75" /><ent r="5" t="220" w="118" /><ent r="5" t="220" w="118" /><ent r="3" t="223" w="94" /><ent r="3" t="223" w="94" /><ent r="7" t="226" w="146" /><ent r="7" t="226" w="146" /><ent r="4" t="226" w="197" /><ent r="4" t="226" w="197" /><ent r="6" t="234" w="397" /><ent r="6" t="234" w="397" /><ent r="7" t="235" w="1382" /><ent r="7" t="235" w="1382" /><ent r="7" t="235" w="2585" /><ent r="7" t="235" w="2585" /><ent r="7" t="235" w="2815" /><ent r="7" t="235" w="2815" /><ent r="7" t="235" w="2974" /><ent r="7" t="235" w="2974" /><ent r="7" t="235" w="3173" /><ent r="7" t="235" w="3173" /><ent r="7" t="235" w="3445" /><ent r="7" t="235" w="3445" /><ent r="7" t="235" w="3577" /><ent r="7" t="235" w="3577" /><ent r="3" t="236" w="67" /><ent r="3" t="236" w="67" /><ent r="54" t="239" w="72" /><ent r="54" t="239" w="72" /><ent r="3" t="239" w="235" /><ent r="3" t="239" w="235" /><ent r="3" t="239" w="335" /><ent r="3" t="239" w="335" /><ent r="3" t="239" w="571" /><ent r="3" t="239" w="571" /><ent r="3" t="240" w="214" /><ent r="3" t="240" w="214" /><ent r="7" t="242" w="393" /><ent r="7" t="242" w="393" /><ent r="7" t="242" w="408" /><ent r="7" t="242" w="408" /><ent r="7" t="242" w="420" /><ent r="7" t="242" w="420" /><ent r="7" t="242" w="432" /><ent r="7" t="242" w="432" /><ent r="7" t="242" w="444" /><ent r="7" t="242" w="444" /><ent r="7" t="242" w="457" /><ent r="7" t="242" w="457" /><ent r="7" t="242" w="466" /><ent r="7" t="242" w="466" /><ent r="7" t="242" w="475" /><ent r="7" t="242" w="475" /><ent r="7" t="242" w="851" /><ent r="7" t="242" w="851" /><ent r="5" t="242" w="1036" /><ent r="5" t="242" w="1036" /><ent r="3" t="243" w="237" /><ent r="3" t="243" w="237" /><ent r="3" t="249" w="57" /><ent r="3" t="249" w="57" /><ent r="3" t="264" w="144" /><ent r="3" t="264" w="144" /><ent r="3" t="266" w="18" /><ent r="3" t="266" w="18" /><ent r="5" t="266" w="237" /><ent r="5" t="266" w="237" /><ent r="3" t="269" w="84" /><ent r="3" t="269" w="84" /><ent r="5" t="271" w="810" /><ent r="5" t="271" w="810" /><ent r="5" t="276" w="779" /><ent r="5" t="276" w="779" /><ent r="3" t="276" w="919" /><ent r="3" t="276" w="919" /><ent r="3" t="276" w="2020" /><ent r="3" t="276" w="2020" /><ent r="3" t="276" w="2715" /><ent r="3" t="276" w="2715" /><ent r="3" t="276" w="2971" /><ent r="3" t="276" w="2971" /><ent r="3" t="276" w="3107" /><ent r="3" t="276" w="3107" /><ent r="3" t="279" w="330" /><ent r="3" t="279" w="330" /><ent r="5" t="282" w="214" /><ent r="5" t="282" w="214" /><ent r="5" t="282" w="369" /><ent r="5" t="282" w="369" /><ent r="3" t="282" w="604" /><ent r="3" t="282" w="604" /><ent r="5" t="284" w="839" /><ent r="5" t="284" w="839" /><ent r="3" t="284" w="1273" /><ent r="3" t="284" w="1273" /><ent r="5" t="284" w="1351" /><ent r="5" t="284" w="1351" /><ent r="5" t="284" w="1366" /><ent r="5" t="284" w="1366" /><ent r="5" t="284" w="1454" /><ent r="5" t="284" w="1454" /><ent r="3" t="287" w="32" /><ent r="3" t="287" w="32" /><ent r="3" t="287" w="230" /><ent r="3" t="287" w="230" /><ent r="3" t="287" w="441" /><ent r="3" t="287" w="441" /><ent r="3" t="287" w="526" /><ent r="3" t="287" w="526" /><ent r="3" t="288" w="553" /><ent r="3" t="288" w="553" /><ent r="3" t="295" w="116" /><ent r="3" t="295" w="116" /><ent r="3" t="296" w="41" /><ent r="3" t="296" w="41" /><ent r="3" t="296" w="107" /><ent r="3" t="296" w="107" /><ent r="3" t="297" w="122" /><ent r="3" t="297" w="122" /><ent r="3" t="297" w="222" /><ent r="3" t="297" w="222" /><ent r="3" t="297" w="314" /><ent r="3" t="297" w="314" /><ent r="3" t="297" w="431" /><ent r="3" t="297" w="431" /><ent r="3" t="297" w="603" /><ent r="3" t="297" w="603" /><ent r="3" t="298" w="29" /><ent r="3" t="298" w="29" /><ent r="3" t="304" w="75" /><ent r="3" t="304" w="75" /><ent r="3" t="307" w="47" /><ent r="3" t="307" w="47" /><ent r="3" t="307" w="71" /><ent r="3" t="307" w="71" /><ent r="4" t="309" w="163" /><ent r="4" t="309" w="163" /><ent r="4" t="309" w="178" /><ent r="4" t="309" w="178" /><ent r="3" t="309" w="271" /><ent r="3" t="309" w="271" /><ent r="4" t="309" w="307" /><ent r="4" t="309" w="307" /><ent r="3" t="312" w="52" /><ent r="3" t="312" w="52" /><ent r="5" t="312" w="695" /><ent r="5" t="312" w="695" /><ent r="5" t="312" w="828" /><ent r="5" t="312" w="828" /><ent r="1000" t="314" w="4" /><ent r="1000" t="314" w="4" /><ent r="92" t="314" w="12" /><ent r="92" t="314" w="12" /><ent r="1000" t="315" w="4" /><ent r="1000" t="315" w="4" /><ent r="92" t="315" w="13" /><ent r="92" t="315" w="13" /><ent r="4" t="315" w="250" /><ent r="4" t="315" w="250" /><ent r="1000" t="316" w="4" /><ent r="1000" t="316" w="4" /><ent r="92" t="316" w="12" /><ent r="92" t="316" w="12" /><ent r="3" t="317" w="151" /><ent r="3" t="317" w="151" /><ent r="3" t="318" w="34" /><ent r="3" t="318" w="34" /><ent r="3" t="319" w="35" /><ent r="3" t="319" w="35" /><ent r="3" t="319" w="145" /><ent r="3" t="319" w="145" /><ent r="3" t="347" w="461" /><ent r="3" t="347" w="461" /><ent r="4" t="348" w="114" /><ent r="4" t="348" w="114" /><ent r="3" t="348" w="224" /><ent r="3" t="348" w="224" /><ent r="7" t="353" w="1125" /><ent r="7" t="353" w="1125" /><ent r="3" t="359" w="54" /><ent r="3" t="359" w="54" /><ent r="3" t="359" w="159" /><ent r="3" t="359" w="159" /><ent r="3" t="359" w="258" /><ent r="3" t="359" w="258" /><ent r="3" t="359" w="345" /><ent r="3" t="359" w="345" /><ent r="3" t="359" w="486" /><ent r="3" t="359" w="486" /><ent r="3" t="359" w="545" /><ent r="3" t="359" w="545" /><ent r="3" t="362" w="312" /><ent r="3" t="362" w="312" /><ent r="3" t="380" w="61" /><ent r="3" t="380" w="61" /><ent r="3" t="398" w="17" /><ent r="3" t="398" w="17" /><ent r="65" t="398" w="78" /><ent r="65" t="398" w="78" /><ent r="5" t="398" w="1579" /><ent r="5" t="398" w="1579" /><ent r="3" t="398" w="2508" /><ent r="3" t="398" w="2508" /><ent r="3" t="399" w="40" /><ent r="3" t="399" w="40" /><ent r="3" t="399" w="58" /><ent r="3" t="399" w="58" /><ent r="3" t="399" w="240" /><ent r="3" t="399" w="240" /><ent r="3" t="400" w="35" /><ent r="3" t="400" w="35" /><ent r="65" t="400" w="54" /><ent r="65" t="400" w="54" /><ent r="65" t="400" w="64" /><ent r="65" t="400" w="64" /><ent r="65" t="400" w="76" /><ent r="65" t="400" w="76" /><ent r="65" t="400" w="87" /><ent r="65" t="400" w="87" /><ent r="3" t="400" w="108" /><ent r="3" t="400" w="108" /><ent r="3" t="400" w="182" /><ent r="3" t="400" w="182" /><ent r="3" t="400" w="215" /><ent r="3" t="400" w="215" /><ent r="3" t="400" w="238" /><ent r="3" t="400" w="238" /><ent r="3" t="400" w="276" /><ent r="3" t="400" w="276" /><ent r="3" t="400" w="436" /><ent r="3" t="400" w="436" /><ent r="3" t="400" w="467" /><ent r="3" t="400" w="467" /><ent r="82" t="400" w="475" /><ent r="82" t="400" w="475" /><ent r="3" t="400" w="790" /><ent r="3" t="400" w="790" /><ent r="82" t="400" w="1214" /><ent r="82" t="400" w="1214" /><ent r="3" t="400" w="1246" /><ent r="3" t="400" w="1246" /><ent r="82" t="400" w="1408" /><ent r="82" t="400" w="1408" /><ent r="72" t="400" w="1446" /><ent r="72" t="400" w="1446" /><ent r="5" t="400" w="1684" /><ent r="5" t="400" w="1684" /><ent r="72" t="400" w="1694" /><ent r="72" t="400" w="1694" /><ent r="6" t="400" w="1982" /><ent r="6" t="400" w="1982" /><ent r="82" t="400" w="1993" /><ent r="82" t="400" w="1993" /><ent r="5" t="400" w="2097" /><ent r="5" t="400" w="2097" /><ent r="5" t="400" w="2243" /><ent r="5" t="400" w="2243" /><ent r="5" t="400" w="2306" /><ent r="5" t="400" w="2306" /><ent r="1000" t="401" w="6" /><ent r="1000" t="401" w="6" /><ent r="92" t="401" w="18" /><ent r="92" t="401" w="18" /><ent r="3" t="401" w="37" /><ent r="3" t="401" w="37" /><ent r="65" t="401" w="346" /><ent r="65" t="401" w="346" /><ent r="72" t="401" w="388" /><ent r="72" t="401" w="388" /><ent r="72" t="401" w="414" /><ent r="72" t="401" w="414" /><ent r="72" t="401" w="462" /><ent r="72" t="401" w="462" /><ent r="3" t="402" w="18" /><ent r="3" t="402" w="18" /><ent r="3" t="402" w="452" /><ent r="3" t="402" w="452" /><ent r="3" t="402" w="958" /><ent r="3" t="402" w="958" /><ent r="3" t="402" w="1501" /><ent r="3" t="402" w="1501" /><ent r="3" t="405" w="85" /><ent r="3" t="405" w="85" /><ent r="3" t="405" w="166" /><ent r="3" t="405" w="166" /><ent r="3" t="405" w="334" /><ent r="3" t="405" w="334" /><ent r="3" t="405" w="345" /><ent r="3" t="405" w="345" /><ent r="3" t="405" w="407" /><ent r="3" t="405" w="407" /><ent r="6" t="419" w="26" /><ent r="6" t="419" w="26" /><ent r="3" t="427" w="23" /><ent r="3" t="427" w="23" /><ent r="5" t="427" w="403" /><ent r="5" t="427" w="403" /><ent r="3" t="455" w="57" /><ent r="3" t="455" w="57" /><ent r="54" t="463" w="168" /><ent r="54" t="463" w="168" /><ent r="54" t="463" w="189" /><ent r="54" t="463" w="189" /><ent r="54" t="463" w="211" /><ent r="54" t="463" w="211" /><ent r="9" t="475" w="254" /><ent r="9" t="475" w="254" /><ent r="3" t="477" w="46" /><ent r="3" t="477" w="46" /><ent r="7" t="477" w="407" /><ent r="7" t="477" w="407" /><ent r="9" t="477" w="509" /><ent r="9" t="477" w="509" /><ent r="3" t="494" w="29" /><ent r="3" t="494" w="29" /><ent r="3" t="495" w="30" /><ent r="3" t="495" w="30" /><ent r="3" t="496" w="32" /><ent r="3" t="496" w="32" /><ent r="3" t="499" w="82" /><ent r="3" t="499" w="82" /><ent r="56" t="501" w="202" /><ent r="56" t="501" w="202" /><ent r="3" t="501" w="239" /><ent r="3" t="501" w="239" /><ent r="3" t="502" w="234" /><ent r="3" t="502" w="234" /></phr><phr n="Using"><ent r="3" t="11" w="52" /><ent r="3" t="11" w="52" /><ent r="7" t="235" w="1679" /><ent r="7" t="235" w="1679" /><ent r="7" t="235" w="2547" /><ent r="7" t="235" w="2547" /><ent r="3" t="309" w="242" /><ent r="3" t="309" w="242" /><ent r="3" t="347" w="419" /><ent r="3" t="347" w="419" /><ent r="72" t="398" w="2493" /><ent r="72" t="398" w="2493" /><ent r="72" t="398" w="2722" /><ent r="72" t="398" w="2722" /><ent r="72" t="398" w="2893" /><ent r="72" t="398" w="2893" /><ent r="66" t="402" w="89" /><ent r="66" t="402" w="89" /><ent r="82" t="402" w="372" /><ent r="82" t="402" w="372" /></phr><phr n="US"><ent r="8" t="17" w="142" /><ent r="8" t="17" w="142" /><ent r="8" t="48" w="142" /><ent r="8" t="48" w="142" /><ent r="8" t="72" w="142" /><ent r="8" t="72" w="142" /><ent r="8" t="99" w="142" /><ent r="8" t="99" w="142" /><ent r="6" t="128" w="111" /><ent r="6" t="128" w="111" /><ent r="6" t="128" w="115" /><ent r="6" t="128" w="115" /></phr><phr n="Used"><ent r="7" t="235" w="10" /><ent r="7" t="235" w="10" /><ent r="3" t="239" w="502" /><ent r="3" t="239" w="502" /><ent r="3" t="239" w="519" /><ent r="3" t="239" w="519" /><ent r="4" t="242" w="1117" /><ent r="4" t="242" w="1117" /><ent r="5" t="244" w="408" /><ent r="5" t="244" w="408" /><ent r="4" t="244" w="813" /><ent r="4" t="244" w="813" /><ent r="4" t="244" w="833" /><ent r="4" t="244" w="833" /><ent r="3" t="304" w="300" /><ent r="3" t="304" w="300" /><ent r="7" t="372" w="887" /><ent r="7" t="372" w="887" /><ent r="3" t="399" w="630" /><ent r="3" t="399" w="630" /><ent r="3" t="399" w="769" /><ent r="3" t="399" w="769" /><ent r="3" t="399" w="907" /><ent r="3" t="399" w="907" /><ent r="3" t="399" w="1070" /><ent r="3" t="399" w="1070" /><ent r="7" t="430" w="294" /><ent r="7" t="430" w="294" /><ent r="7" t="430" w="302" /><ent r="7" t="430" w="302" /><ent r="7" t="431" w="382" /><ent r="7" t="431" w="382" /><ent r="7" t="431" w="390" /><ent r="7" t="431" w="390" /><ent r="7" t="438" w="434" /><ent r="7" t="438" w="434" /><ent r="7" t="438" w="445" /><ent r="7" t="438" w="445" /><ent r="7" t="443" w="382" /><ent r="7" t="443" w="382" /><ent r="7" t="443" w="390" /><ent r="7" t="443" w="390" /></phr><phr n="useful"><ent r="5" t="266" w="233" /><ent r="5" t="266" w="233" /><ent r="3" t="279" w="455" /><ent r="3" t="279" w="455" /><ent r="3" t="286" w="116" /><ent r="3" t="286" w="116" /><ent r="3" t="295" w="157" /><ent r="3" t="295" w="157" /><ent r="3" t="308" w="48" /><ent r="3" t="308" w="48" /><ent r="3" t="319" w="165" /><ent r="3" t="319" w="165" /><ent r="3" t="366" w="50" /><ent r="3" t="366" w="50" /><ent r="3" t="367" w="50" /><ent r="3" t="367" w="50" /><ent r="3" t="368" w="50" /><ent r="3" t="368" w="50" /><ent r="3" t="369" w="50" /><ent r="3" t="369" w="50" /><ent r="3" t="370" w="50" /><ent r="3" t="370" w="50" /><ent r="3" t="371" w="51" /><ent r="3" t="371" w="51" /><ent r="3" t="382" w="194" /><ent r="3" t="382" w="194" /><ent r="3" t="392" w="52" /></phr><phr n="Uses"><ent r="3" t="289" w="11" /><ent r="3" t="289" w="11" /></phr><phr n="USED"><ent r="6" t="353" w="185" /><ent r="6" t="353" w="185" /></phr><phr n="us"><ent r="7" t="353" w="1065" /></phr><phr n="Useful"><ent r="3" t="398" w="53" /><ent r="3" t="398" w="53" /><ent r="3" t="399" w="94" /><ent r="3" t="399" w="94" /><ent r="3" t="401" w="63" /><ent r="3" t="401" w="63" /></phr></stem></index>