<?xml version="1.0" encoding="utf-8"?><index><!-- saved from url=(0016)http://localhost -->
<stem n="fall-back"><phr n="fall-back"><ent r="3" t="269" w="345" /><ent r="3" t="269" w="345" /></phr></stem><stem n="els"><phr n="Else"><ent r="4" t="269" w="362" /><ent r="4" t="269" w="362" /><ent r="4" t="269" w="389" /><ent r="4" t="269" w="389" /><ent r="3" t="269" w="552" /><ent r="3" t="269" w="552" /><ent r="3" t="269" w="560" /><ent r="3" t="269" w="560" /><ent r="7" t="443" w="493" /><ent r="7" t="443" w="600" /><ent r="7" t="443" w="871" /></phr><phr n="else"><ent r="3" t="321" w="99" /><ent r="3" t="321" w="99" /><ent r="7" t="347" w="228" /><ent r="7" t="347" w="228" /><ent r="6" t="351" w="435" /><ent r="6" t="351" w="435" /><ent r="3" t="399" w="3195" /><ent r="3" t="399" w="3195" /><ent r="3" t="399" w="3211" /><ent r="3" t="399" w="3211" /><ent r="3" t="399" w="3227" /><ent r="3" t="399" w="3227" /><ent r="3" t="399" w="3243" /><ent r="3" t="399" w="3243" /><ent r="3" t="399" w="3259" /><ent r="3" t="399" w="3259" /><ent r="3" t="399" w="3275" /><ent r="3" t="399" w="3275" /><ent r="3" t="399" w="3291" /><ent r="3" t="399" w="3291" /><ent r="3" t="399" w="3307" /><ent r="3" t="399" w="3307" /><ent r="3" t="399" w="3323" /><ent r="3" t="399" w="3323" /><ent r="3" t="399" w="3339" /><ent r="3" t="399" w="3339" /><ent r="3" t="399" w="3355" /><ent r="3" t="399" w="3355" /><ent r="3" t="399" w="3371" /><ent r="3" t="399" w="3371" /><ent r="3" t="399" w="3387" /><ent r="3" t="399" w="3387" /><ent r="3" t="399" w="3403" /><ent r="3" t="399" w="3403" /><ent r="3" t="399" w="3419" /><ent r="3" t="399" w="3419" /><ent r="3" t="399" w="3435" /><ent r="3" t="399" w="3435" /><ent r="3" t="399" w="4034" /><ent r="3" t="399" w="4034" /><ent r="8" t="430" w="525" /><ent r="8" t="431" w="616" /><ent r="8" t="431" w="846" /><ent r="8" t="431" w="846" /></phr></stem><stem n="drop-down"><phr n="drop-down"><ent r="3" t="269" w="372" /><ent r="3" t="269" w="372" /><ent r="5" t="276" w="282" /><ent r="5" t="276" w="282" /><ent r="5" t="276" w="300" /><ent r="5" t="276" w="300" /><ent r="3" t="276" w="333" /><ent r="3" t="276" w="333" /><ent r="3" t="276" w="439" /><ent r="3" t="276" w="439" /><ent r="3" t="276" w="1735" /><ent r="3" t="276" w="1735" /><ent r="3" t="276" w="1807" /><ent r="3" t="276" w="1807" /><ent r="3" t="276" w="1883" /><ent r="3" t="276" w="1883" /></phr></stem><stem n="user-specifi"><phr n="user-specified"><ent r="5" t="269" w="468" /><ent r="5" t="269" w="468" /><ent r="5" t="269" w="508" /><ent r="5" t="269" w="508" /><ent r="3" t="427" w="27" /><ent r="3" t="427" w="27" /></phr></stem><stem n="9999"><phr n="9999"><ent r="5" t="269" w="513" /><ent r="6" t="365" w="199" /></phr></stem><stem n="remov"><phr n="remove"><ent r="3" t="269" w="516" /><ent r="3" t="269" w="516" /><ent r="3" t="269" w="536" /><ent r="5" t="271" w="792" /><ent r="5" t="271" w="792" /><ent r="3" t="276" w="106" /><ent r="3" t="276" w="106" /></phr><phr n="removed"><ent r="3" t="400" w="214" /><ent r="3" t="400" w="214" /><ent r="3" t="448" w="111" /></phr><phr n="removable"><ent r="5" t="423" w="207" /><ent r="5" t="423" w="207" /></phr></stem><stem n="≤"><phr n="≤"><ent r="3" t="269" w="548" /><ent r="3" t="269" w="548" /><ent r="6" t="365" w="201" /><ent r="6" t="365" w="201" /><ent r="6" t="365" w="203" /><ent r="6" t="365" w="203" /></phr></stem><stem n="share"><phr n="Shared"><ent r="4" t="270" w="20" /><ent r="4" t="270" w="20" /><ent r="3" t="502" w="204" /></phr><phr n="shared"><ent r="3" t="270" w="25" /><ent r="3" t="270" w="25" /></phr><phr n="Sharing"><ent r="6" t="312" w="333" /><ent r="6" t="312" w="333" /><ent r="6" t="312" w="484" /><ent r="6" t="312" w="484" /><ent r="7" t="312" w="784" /><ent r="7" t="312" w="784" /></phr><phr n="sharing"><ent r="3" t="345" w="462" /><ent r="3" t="345" w="462" /></phr></stem><stem n="autobas"><phr n="Autobase"><ent r="4" t="270" w="119" /><ent r="4" t="270" w="119" /></phr><phr n="AutoBase"><ent r="3" t="270" w="127" /><ent r="3" t="270" w="127" /><ent r="5" t="270" w="193" /><ent r="5" t="270" w="193" /><ent r="5" t="501" w="181" /><ent r="5" t="501" w="181" /></phr><phr n="AUTOBASE"><ent r="5" t="270" w="211" /><ent r="5" t="270" w="211" /></phr></stem><stem n="stabl"><phr n="stable"><ent r="5" t="270" w="165" /><ent r="5" t="270" w="165" /></phr></stem><stem n="fail"><phr n="FAILED"><ent r="5" t="270" w="212" /><ent r="5" t="270" w="212" /></phr><phr n="Failed"><ent r="7" t="276" w="591" /><ent r="7" t="276" w="591" /><ent r="7" t="276" w="1060" /><ent r="7" t="276" w="1060" /><ent r="7" t="445" w="230" /><ent r="7" t="445" w="230" /></phr><phr n="failed"><ent r="7" t="276" w="600" /><ent r="7" t="276" w="600" /><ent r="7" t="276" w="1069" /><ent r="7" t="276" w="1069" /><ent r="5" t="284" w="996" /><ent r="7" t="296" w="261" /><ent r="7" t="296" w="261" /><ent r="7" t="296" w="289" /><ent r="7" t="296" w="289" /><ent r="7" t="296" w="295" /><ent r="4" t="296" w="583" /><ent r="4" t="296" w="583" /><ent r="3" t="335" w="832" /><ent r="3" t="428" w="58" /><ent r="7" t="474" w="120" /><ent r="7" t="474" w="120" /><ent r="7" t="474" w="132" /><ent r="7" t="474" w="132" /><ent r="7" t="474" w="146" /><ent r="7" t="474" w="146" /></phr><phr n="fails"><ent r="3" t="287" w="96" /><ent r="3" t="296" w="563" /><ent r="3" t="404" w="617" /><ent r="3" t="404" w="617" /></phr></stem><stem n="modular"><phr n="modular"><ent r="5" t="270" w="217" /><ent r="5" t="270" w="217" /></phr></stem><stem n="2-line"><phr n="2-line"><ent r="5" t="270" w="222" /><ent r="5" t="270" w="222" /></phr></stem><stem n="interven"><phr n="intervene"><ent r="5" t="270" w="228" /><ent r="5" t="270" w="228" /></phr></stem><stem n="mention"><phr n="mentioned"><ent r="5" t="270" w="263" /><ent r="5" t="270" w="263" /></phr></stem><stem n="reconfigur"><phr n="reconfigure"><ent r="5" t="270" w="364" /><ent r="5" t="270" w="364" /><ent r="3" t="276" w="211" /><ent r="3" t="276" w="211" /></phr></stem><stem n="front"><phr n="front"><ent r="5" t="270" w="474" /><ent r="5" t="270" w="474" /><ent r="3" t="276" w="2170" /><ent r="3" t="276" w="2170" /><ent r="3" t="293" w="96" /><ent r="3" t="385" w="18" /><ent r="3" t="385" w="18" /><ent r="3" t="402" w="1489" /><ent r="3" t="402" w="1489" /><ent r="3" t="404" w="201" /><ent r="3" t="404" w="201" /><ent r="3" t="405" w="426" /><ent r="3" t="405" w="426" /></phr><phr n="Front"><ent r="66" t="402" w="99" /><ent r="66" t="402" w="99" /><ent r="82" t="402" w="1386" /><ent r="82" t="402" w="1386" /><ent r="3" t="402" w="1682" /><ent r="3" t="402" w="1682" /><ent r="3" t="402" w="1841" /><ent r="3" t="402" w="1841" /></phr></stem><stem n="panel"><phr n="panel"><ent r="5" t="270" w="475" /><ent r="3" t="276" w="2171" /><ent r="3" t="276" w="2171" /><ent r="3" t="385" w="19" /><ent r="3" t="385" w="19" /><ent r="3" t="402" w="1490" /><ent r="3" t="402" w="1490" /><ent r="3" t="402" w="1564" /><ent r="3" t="402" w="1683" /><ent r="3" t="402" w="1683" /><ent r="3" t="402" w="1715" /><ent r="3" t="402" w="1842" /><ent r="3" t="402" w="1842" /><ent r="3" t="405" w="427" /><ent r="3" t="405" w="427" /></phr><phr n="Panel"><ent r="5" t="311" w="55" /><ent r="5" t="311" w="55" /><ent r="5" t="312" w="67" /><ent r="5" t="312" w="67" /><ent r="6" t="312" w="328" /><ent r="6" t="312" w="328" /><ent r="6" t="312" w="479" /><ent r="6" t="312" w="479" /><ent r="7" t="312" w="793" /><ent r="7" t="312" w="793" /><ent r="66" t="402" w="100" /><ent r="66" t="402" w="100" /><ent r="82" t="402" w="1387" /><ent r="82" t="402" w="1387" /></phr></stem><stem n="mbase"><phr n="MBase"><ent r="4" t="270" w="478" /><ent r="4" t="270" w="478" /><ent r="3" t="270" w="484" /><ent r="3" t="270" w="484" /></phr></stem><stem n="enough"><phr n="enough"><ent r="4" t="270" w="556" /><ent r="4" t="270" w="556" /><ent r="7" t="402" w="707" /><ent r="7" t="402" w="707" /></phr></stem><stem n="ipp"><phr n="IPPS"><ent r="4" t="270" w="562" /><ent r="4" t="270" w="562" /></phr></stem><stem n="clone"><phr n="Clone"><ent r="3" t="271" w="55" /><ent r="3" t="271" w="55" /><ent r="3" t="271" w="99" /><ent r="3" t="271" w="99" /><ent r="3" t="271" w="125" /><ent r="3" t="271" w="125" /><ent r="6" t="271" w="444" /><ent r="6" t="271" w="444" /><ent r="6" t="271" w="488" /><ent r="6" t="271" w="488" /><ent r="6" t="271" w="506" /><ent r="6" t="271" w="506" /><ent r="6" t="271" w="535" /><ent r="6" t="271" w="535" /><ent r="6" t="271" w="559" /><ent r="6" t="271" w="559" /></phr><phr n="clone"><ent r="5" t="271" w="469" /><ent r="5" t="271" w="469" /><ent r="5" t="271" w="496" /><ent r="5" t="271" w="496" /><ent r="5" t="271" w="511" /><ent r="5" t="271" w="511" /><ent r="5" t="271" w="564" /><ent r="5" t="271" w="564" /><ent r="6" t="271" w="576" /><ent r="6" t="271" w="576" /><ent r="5" t="271" w="583" /><ent r="5" t="271" w="583" /><ent r="5" t="271" w="619" /><ent r="5" t="271" w="619" /></phr></stem><stem n="duplic"><phr n="duplicate"><ent r="3" t="271" w="83" /><ent r="3" t="271" w="83" /></phr></stem><stem n="replac"><phr n="replace"><ent r="3" t="271" w="115" /><ent r="3" t="271" w="115" /><ent r="3" t="271" w="137" /><ent r="3" t="271" w="137" /><ent r="3" t="306" w="12" /><ent r="3" t="306" w="12" /><ent r="3" t="359" w="316" /><ent r="3" t="404" w="644" /><ent r="3" t="404" w="644" /><ent r="3" t="461" w="9" /><ent r="3" t="461" w="9" /></phr><phr n="replaces"><ent r="3" t="404" w="581" /><ent r="3" t="404" w="581" /></phr></stem><stem n="cal"><phr n="CAL"><ent r="3" t="271" w="149" /><ent r="3" t="271" w="149" /><ent r="5" t="271" w="637" /><ent r="5" t="271" w="637" /><ent r="5" t="271" w="651" /><ent r="5" t="271" w="651" /><ent r="3" t="271" w="733" /><ent r="3" t="271" w="733" /></phr></stem><stem n="app"><phr n="App"><ent r="4" t="271" w="176" /><ent r="3" t="271" w="200" /></phr><phr n="APP"><ent r="6" t="382" w="356" /><ent r="6" t="382" w="356" /><ent r="6" t="382" w="414" /><ent r="6" t="382" w="414" /><ent r="6" t="382" w="544" /><ent r="6" t="382" w="544" /></phr><phr n="Apps"><ent r="3" t="445" w="46" /><ent r="3" t="445" w="46" /></phr></stem><stem n="alpha1"><phr n="ALPHA1"><ent r="3" t="271" w="203" /><ent r="3" t="271" w="203" /></phr></stem><stem n="timer"><phr n="Timer"><ent r="6" t="271" w="231" /><ent r="6" t="271" w="231" /><ent r="6" t="271" w="320" /><ent r="6" t="271" w="320" /><ent r="5" t="271" w="329" /><ent r="5" t="271" w="329" /><ent r="4" t="271" w="853" /><ent r="4" t="271" w="853" /></phr><phr n="timer"><ent r="3" t="271" w="863" /><ent r="3" t="271" w="863" /></phr></stem><stem n="reappli"><phr n="reapplied"><ent r="7" t="271" w="261" /></phr></stem><stem n="am"><phr n="am"><ent r="5" t="271" w="278" /><ent r="3" t="321" w="47" /><ent r="3" t="321" w="47" /><ent r="3" t="321" w="51" /><ent r="3" t="321" w="51" /></phr><phr n="AM"><ent r="7" t="357" w="69" /><ent r="7" t="357" w="69" /></phr></stem><stem n="pm"><phr n="pm"><ent r="5" t="271" w="300" /></phr></stem><stem n="delet"><phr n="Delete"><ent r="6" t="271" w="335" /><ent r="6" t="271" w="335" /><ent r="6" t="271" w="558" /><ent r="6" t="271" w="558" /><ent r="6" t="271" w="779" /><ent r="6" t="271" w="779" /><ent r="3" t="294" w="71" /><ent r="3" t="294" w="71" /><ent r="67" t="330" w="117" /><ent r="67" t="330" w="117" /><ent r="1000" t="383" w="4" /><ent r="1000" t="383" w="4" /><ent r="92" t="383" w="12" /><ent r="92" t="383" w="12" /><ent r="4" t="421" w="178" /><ent r="4" t="421" w="178" /><ent r="3" t="421" w="250" /><ent r="3" t="421" w="250" /><ent r="4" t="423" w="275" /><ent r="4" t="423" w="275" /><ent r="3" t="461" w="5" /><ent r="3" t="461" w="5" /></phr><phr n="delete"><ent r="5" t="271" w="342" /><ent r="5" t="271" w="342" /><ent r="5" t="301" w="59" /><ent r="5" t="301" w="59" /><ent r="3" t="421" w="168" /><ent r="3" t="421" w="168" /><ent r="3" t="421" w="195" /><ent r="3" t="421" w="195" /><ent r="3" t="423" w="286" /><ent r="3" t="423" w="286" /></phr><phr n="Deletes"><ent r="5" t="271" w="562" /><ent r="5" t="271" w="562" /></phr><phr n="deleted"><ent r="3" t="301" w="129" /><ent r="3" t="304" w="42" /><ent r="3" t="304" w="42" /><ent r="3" t="423" w="109" /></phr><phr n="deleting"><ent r="3" t="359" w="232" /><ent r="3" t="359" w="232" /></phr><phr n="deletes"><ent r="3" t="383" w="20" /><ent r="3" t="383" w="20" /><ent r="3" t="423" w="298" /><ent r="3" t="423" w="298" /></phr><phr n="deletion"><ent r="3" t="421" w="146" /><ent r="3" t="421" w="155" /><ent r="3" t="421" w="192" /><ent r="3" t="421" w="219" /><ent r="3" t="421" w="239" /></phr></stem><stem n="filenam"><phr n="Filename"><ent r="5" t="271" w="351" /><ent r="5" t="271" w="351" /><ent r="5" t="271" w="571" /><ent r="5" t="271" w="571" /><ent r="4" t="271" w="820" /><ent r="4" t="271" w="820" /></phr><phr n="filename"><ent r="5" t="271" w="457" /><ent r="5" t="271" w="457" /><ent r="3" t="421" w="115" /><ent r="3" t="421" w="131" /><ent r="5" t="422" w="534" /><ent r="5" t="422" w="566" /><ent r="5" t="422" w="603" /><ent r="3" t="422" w="628" /><ent r="3" t="422" w="628" /><ent r="3" t="422" w="634" /><ent r="3" t="422" w="634" /><ent r="5" t="422" w="1155" /><ent r="5" t="422" w="1155" /><ent r="5" t="427" w="362" /></phr></stem><stem n="directori"><phr n="directory"><ent r="5" t="271" w="367" /><ent r="5" t="271" w="386" /><ent r="5" t="271" w="386" /><ent r="5" t="308" w="176" /><ent r="6" t="314" w="868" /><ent r="67" t="330" w="104" /><ent r="67" t="330" w="104" /><ent r="3" t="379" w="77" /><ent r="3" t="379" w="94" /><ent r="6" t="379" w="247" /><ent r="1000" t="381" w="6" /><ent r="1000" t="381" w="6" /><ent r="92" t="381" w="14" /><ent r="92" t="381" w="14" /><ent r="3" t="381" w="25" /><ent r="3" t="381" w="25" /><ent r="3" t="381" w="41" /><ent r="3" t="381" w="41" /><ent r="3" t="382" w="29" /><ent r="3" t="382" w="75" /><ent r="3" t="382" w="75" /><ent r="3" t="382" w="83" /><ent r="3" t="382" w="83" /><ent r="3" t="382" w="96" /><ent r="6" t="382" w="370" /><ent r="7" t="382" w="375" /><ent r="7" t="382" w="375" /><ent r="7" t="382" w="560" /><ent r="7" t="382" w="560" /><ent r="6" t="383" w="138" /><ent r="3" t="384" w="32" /><ent r="6" t="384" w="189" /><ent r="6" t="384" w="189" /><ent r="3" t="421" w="29" /><ent r="3" t="421" w="29" /><ent r="3" t="421" w="58" /><ent r="3" t="421" w="58" /><ent r="3" t="421" w="499" /><ent r="3" t="421" w="499" /><ent r="3" t="422" w="449" /><ent r="3" t="422" w="449" /><ent r="5" t="422" w="466" /><ent r="5" t="422" w="466" /><ent r="5" t="422" w="502" /><ent r="3" t="423" w="443" /><ent r="3" t="423" w="443" /><ent r="5" t="427" w="164" /><ent r="5" t="427" w="164" /><ent r="3" t="427" w="229" /><ent r="3" t="427" w="229" /><ent r="3" t="427" w="232" /><ent r="3" t="427" w="232" /><ent r="3" t="427" w="256" /><ent r="3" t="427" w="256" /><ent r="5" t="427" w="273" /><ent r="5" t="427" w="273" /><ent r="4" t="427" w="296" /><ent r="5" t="427" w="325" /><ent r="3" t="498" w="35" /><ent r="3" t="498" w="35" /></phr><phr n="Directory"><ent r="67" t="330" w="110" /><ent r="67" t="330" w="110" /><ent r="1000" t="382" w="4" /><ent r="1000" t="382" w="4" /><ent r="92" t="382" w="11" /><ent r="92" t="382" w="11" /><ent r="4" t="421" w="81" /><ent r="4" t="421" w="81" /><ent r="4" t="421" w="92" /><ent r="4" t="421" w="92" /><ent r="4" t="427" w="225" /><ent r="4" t="427" w="225" /><ent r="5" t="427" w="792" /><ent r="5" t="427" w="792" /></phr><phr n="directories"><ent r="4" t="427" w="304" /></phr></stem><stem n="brows"><phr n="browse"><ent r="5" t="271" w="394" /><ent r="5" t="271" w="394" /><ent r="5" t="271" w="524" /><ent r="5" t="271" w="524" /><ent r="5" t="271" w="596" /><ent r="5" t="271" w="596" /><ent r="3" t="271" w="725" /><ent r="3" t="271" w="725" /><ent r="3" t="297" w="157" /><ent r="3" t="297" w="157" /><ent r="5" t="297" w="261" /><ent r="3" t="307" w="21" /><ent r="3" t="307" w="21" /></phr></stem><stem n="renam"><phr n="rename"><ent r="5" t="271" w="401" /><ent r="5" t="271" w="401" /><ent r="5" t="271" w="531" /><ent r="5" t="271" w="531" /><ent r="5" t="271" w="603" /><ent r="5" t="271" w="603" /></phr><phr n="Rename"><ent r="4" t="427" w="383" /><ent r="4" t="427" w="383" /></phr></stem><stem n="non-volatil"><phr n="non-volatile"><ent r="5" t="271" w="417" /><ent r="5" t="271" w="417" /><ent r="3" t="272" w="102" /><ent r="3" t="272" w="102" /></phr></stem><stem n="xml"><phr n="XML"><ent r="5" t="271" w="449" /><ent r="5" t="271" w="449" /><ent r="5" t="271" w="502" /><ent r="5" t="271" w="502" /></phr></stem><stem n="folder"><phr n="folder"><ent r="5" t="271" w="516" /><ent r="5" t="271" w="516" /><ent r="5" t="271" w="548" /><ent r="5" t="271" w="588" /><ent r="5" t="271" w="588" /><ent r="5" t="308" w="179" /><ent r="5" t="308" w="179" /><ent r="5" t="308" w="185" /><ent r="4" t="427" w="721" /><ent r="4" t="427" w="721" /></phr></stem><stem n="gzip"><phr n="GZIP"><ent r="5" t="271" w="556" /></phr><phr n="gzipped"><ent r="3" t="421" w="437" /><ent r="3" t="421" w="437" /></phr></stem><stem n="busi"><phr n="Business"><ent r="5" t="271" w="659" /><ent r="5" t="271" w="659" /></phr><phr n="business"><ent r="3" t="404" w="1266" /><ent r="3" t="404" w="1266" /><ent r="3" t="404" w="1268" /><ent r="3" t="404" w="1268" /></phr></stem><stem n="nee"><phr n="NEE"><ent r="3" t="271" w="710" /><ent r="5" t="271" w="808" /><ent r="5" t="271" w="808" /><ent r="5" t="271" w="817" /><ent r="5" t="271" w="817" /><ent r="3" t="469" w="47" /><ent r="3" t="469" w="58" /></phr></stem><stem n="extens"><phr n="extension"><ent r="3" t="271" w="735" /><ent r="3" t="422" w="635" /><ent r="3" t="422" w="635" /></phr></stem><stem n="clearli"><phr n="clearly"><ent r="3" t="271" w="840" /><ent r="3" t="271" w="840" /></phr></stem><stem n="kept"><phr n="kept"><ent r="3" t="272" w="24" /><ent r="3" t="272" w="55" /><ent r="3" t="272" w="113" /><ent r="3" t="272" w="113" /><ent r="3" t="400" w="249" /><ent r="3" t="400" w="249" /><ent r="5" t="400" w="2048" /><ent r="5" t="400" w="2048" /></phr></stem><stem n="preserv"><phr n="preserved"><ent r="3" t="272" w="121" /><ent r="6" t="391" w="346" /><ent r="6" t="391" w="367" /></phr></stem><stem n="flag"><phr n="flag"><ent r="3" t="273" w="106" /><ent r="6" t="337" w="160" /><ent r="6" t="337" w="160" /><ent r="6" t="337" w="186" /><ent r="6" t="337" w="186" /><ent r="6" t="337" w="213" /><ent r="6" t="337" w="213" /><ent r="6" t="337" w="239" /><ent r="6" t="337" w="239" /><ent r="6" t="337" w="268" /><ent r="6" t="337" w="268" /><ent r="6" t="337" w="454" /><ent r="6" t="337" w="454" /><ent r="6" t="337" w="490" /><ent r="6" t="337" w="490" /><ent r="6" t="337" w="520" /><ent r="6" t="337" w="520" /><ent r="6" t="337" w="552" /><ent r="6" t="337" w="552" /><ent r="6" t="337" w="581" /><ent r="6" t="337" w="581" /><ent r="6" t="337" w="607" /><ent r="6" t="337" w="607" /><ent r="6" t="337" w="633" /><ent r="6" t="337" w="633" /><ent r="6" t="337" w="663" /><ent r="6" t="337" w="663" /><ent r="6" t="337" w="697" /><ent r="6" t="337" w="697" /><ent r="6" t="337" w="715" /><ent r="6" t="337" w="715" /><ent r="6" t="337" w="733" /><ent r="6" t="337" w="733" /><ent r="6" t="337" w="751" /><ent r="6" t="337" w="751" /><ent r="6" t="338" w="515" /><ent r="6" t="338" w="515" /><ent r="6" t="338" w="548" /><ent r="6" t="338" w="583" /><ent r="6" t="338" w="583" /><ent r="6" t="338" w="620" /><ent r="6" t="338" w="620" /><ent r="6" t="338" w="657" /><ent r="6" t="345" w="499" /><ent r="6" t="345" w="499" /><ent r="6" t="345" w="542" /><ent r="6" t="345" w="581" /><ent r="6" t="345" w="581" /><ent r="6" t="345" w="611" /><ent r="6" t="345" w="623" /><ent r="6" t="345" w="623" /><ent r="6" t="345" w="660" /><ent r="6" t="346" w="414" /><ent r="6" t="346" w="414" /><ent r="6" t="346" w="447" /><ent r="6" t="346" w="482" /><ent r="6" t="346" w="482" /><ent r="6" t="346" w="519" /><ent r="6" t="346" w="519" /><ent r="6" t="346" w="556" /><ent r="3" t="348" w="182" /><ent r="3" t="348" w="182" /><ent r="6" t="351" w="348" /><ent r="6" t="351" w="348" /><ent r="68" t="361" w="141" /><ent r="68" t="361" w="141" /><ent r="82" t="361" w="284" /><ent r="82" t="361" w="284" /><ent r="68" t="366" w="175" /><ent r="68" t="366" w="175" /><ent r="82" t="366" w="229" /><ent r="82" t="366" w="229" /><ent r="68" t="367" w="177" /><ent r="68" t="367" w="177" /><ent r="82" t="367" w="232" /><ent r="82" t="367" w="232" /><ent r="68" t="368" w="177" /><ent r="68" t="368" w="177" /><ent r="82" t="368" w="232" /><ent r="82" t="368" w="232" /><ent r="68" t="369" w="176" /><ent r="68" t="369" w="176" /><ent r="82" t="369" w="231" /><ent r="82" t="369" w="231" /><ent r="68" t="370" w="175" /><ent r="68" t="370" w="175" /><ent r="82" t="370" w="230" /><ent r="82" t="370" w="230" /><ent r="68" t="372" w="486" /><ent r="68" t="372" w="486" /><ent r="68" t="372" w="806" /><ent r="68" t="372" w="806" /><ent r="6" t="372" w="813" /><ent r="6" t="372" w="813" /><ent r="68" t="372" w="832" /><ent r="68" t="372" w="832" /><ent r="6" t="372" w="839" /><ent r="6" t="372" w="839" /><ent r="7" t="372" w="893" /><ent r="7" t="372" w="893" /><ent r="7" t="372" w="899" /><ent r="7" t="372" w="899" /><ent r="82" t="372" w="1673" /><ent r="82" t="372" w="1673" /><ent r="82" t="372" w="1754" /><ent r="82" t="372" w="1754" /><ent r="82" t="372" w="1834" /><ent r="82" t="372" w="1834" /><ent r="6" t="391" w="206" /><ent r="6" t="391" w="206" /><ent r="3" t="432" w="489" /><ent r="3" t="432" w="489" /><ent r="3" t="432" w="504" /><ent r="3" t="432" w="504" /><ent r="7" t="439" w="570" /><ent r="7" t="439" w="570" /><ent r="7" t="445" w="452" /><ent r="7" t="445" w="465" /><ent r="7" t="452" w="163" /><ent r="7" t="452" w="163" /><ent r="7" t="452" w="188" /><ent r="7" t="452" w="188" /></phr><phr n="Flag"><ent r="4" t="276" w="2852" /><ent r="4" t="276" w="2852" /><ent r="6" t="344" w="423" /><ent r="3" t="391" w="290" /><ent r="3" t="391" w="290" /><ent r="5" t="398" w="499" /><ent r="5" t="398" w="499" /><ent r="5" t="398" w="595" /><ent r="5" t="398" w="595" /><ent r="5" t="398" w="611" /><ent r="5" t="398" w="611" /><ent r="5" t="398" w="619" /><ent r="5" t="398" w="619" /><ent r="5" t="398" w="957" /><ent r="5" t="398" w="957" /><ent r="5" t="398" w="963" /><ent r="5" t="398" w="963" /><ent r="5" t="398" w="2159" /><ent r="5" t="398" w="2159" /><ent r="5" t="398" w="2172" /><ent r="5" t="398" w="2172" /><ent r="7" t="432" w="170" /><ent r="7" t="432" w="170" /><ent r="7" t="445" w="512" /><ent r="7" t="445" w="512" /><ent r="7" t="445" w="588" /><ent r="7" t="445" w="588" /><ent r="7" t="454" w="153" /><ent r="7" t="454" w="153" /></phr><phr n="flags"><ent r="3" t="335" w="23" /><ent r="3" t="335" w="23" /><ent r="7" t="335" w="237" /><ent r="7" t="335" w="237" /><ent r="3" t="335" w="485" /><ent r="3" t="335" w="485" /><ent r="6" t="335" w="701" /><ent r="6" t="335" w="701" /><ent r="4" t="335" w="790" /><ent r="4" t="335" w="790" /><ent r="3" t="336" w="63" /><ent r="3" t="336" w="63" /><ent r="68" t="336" w="223" /><ent r="68" t="336" w="223" /><ent r="4" t="336" w="406" /><ent r="3" t="337" w="71" /><ent r="3" t="337" w="71" /><ent r="6" t="337" w="151" /><ent r="4" t="337" w="363" /><ent r="4" t="337" w="363" /><ent r="6" t="337" w="461" /><ent r="6" t="337" w="461" /><ent r="6" t="337" w="497" /><ent r="6" t="337" w="497" /><ent r="3" t="338" w="106" /><ent r="3" t="338" w="106" /><ent r="6" t="343" w="293" /><ent r="6" t="343" w="293" /><ent r="3" t="345" w="107" /><ent r="3" t="345" w="107" /><ent r="3" t="345" w="445" /><ent r="3" t="345" w="445" /><ent r="3" t="345" w="478" /><ent r="3" t="345" w="478" /><ent r="7" t="347" w="290" /><ent r="7" t="347" w="290" /><ent r="7" t="347" w="308" /><ent r="7" t="347" w="308" /><ent r="8" t="348" w="556" /><ent r="8" t="348" w="556" /><ent r="3" t="351" w="64" /><ent r="3" t="351" w="64" /><ent r="67" t="351" w="260" /><ent r="67" t="351" w="260" /><ent r="6" t="351" w="268" /><ent r="6" t="351" w="268" /><ent r="82" t="351" w="336" /><ent r="82" t="351" w="336" /><ent r="68" t="353" w="224" /><ent r="68" t="353" w="224" /><ent r="1000" t="354" w="3" /><ent r="1000" t="354" w="3" /><ent r="92" t="354" w="8" /><ent r="92" t="354" w="8" /><ent r="6" t="354" w="78" /><ent r="6" t="354" w="78" /><ent r="6" t="354" w="81" /><ent r="6" t="354" w="81" /><ent r="6" t="366" w="183" /><ent r="6" t="366" w="183" /><ent r="6" t="367" w="185" /><ent r="6" t="367" w="185" /><ent r="6" t="368" w="185" /><ent r="6" t="368" w="185" /><ent r="6" t="369" w="184" /><ent r="6" t="369" w="184" /><ent r="6" t="370" w="183" /><ent r="6" t="370" w="183" /><ent r="6" t="371" w="251" /><ent r="6" t="371" w="251" /><ent r="3" t="372" w="38" /><ent r="6" t="372" w="150" /><ent r="6" t="372" w="495" /><ent r="8" t="372" w="1626" /><ent r="8" t="372" w="1626" /><ent r="7" t="378" w="197" /><ent r="3" t="399" w="1301" /><ent r="3" t="399" w="1587" /><ent r="3" t="399" w="1587" /><ent r="3" t="399" w="1608" /><ent r="3" t="399" w="1608" /><ent r="3" t="399" w="1637" /><ent r="3" t="399" w="1692" /><ent r="3" t="399" w="1692" /><ent r="3" t="399" w="1702" /><ent r="3" t="399" w="1712" /><ent r="3" t="399" w="1712" /><ent r="3" t="399" w="1866" /><ent r="3" t="399" w="1961" /><ent r="3" t="399" w="2115" /><ent r="3" t="399" w="2317" /><ent r="3" t="399" w="2378" /><ent r="3" t="399" w="2378" /><ent r="3" t="399" w="2421" /><ent r="3" t="399" w="2421" /><ent r="3" t="399" w="2469" /><ent r="3" t="399" w="2498" /><ent r="7" t="430" w="159" /><ent r="7" t="430" w="159" /><ent r="7" t="431" w="248" /><ent r="7" t="431" w="248" /><ent r="68" t="432" w="168" /><ent r="68" t="432" w="168" /><ent r="68" t="432" w="206" /><ent r="68" t="432" w="206" /><ent r="7" t="435" w="74" /><ent r="7" t="435" w="74" /><ent r="72" t="438" w="12" /><ent r="72" t="438" w="12" /><ent r="72" t="438" w="101" /><ent r="72" t="438" w="101" /><ent r="72" t="438" w="300" /><ent r="72" t="438" w="342" /><ent r="72" t="438" w="342" /><ent r="72" t="438" w="460" /><ent r="72" t="438" w="460" /><ent r="72" t="438" w="506" /><ent r="72" t="438" w="597" /><ent r="7" t="443" w="232" /><ent r="7" t="443" w="232" /><ent r="5" t="445" w="28" /><ent r="5" t="445" w="28" /><ent r="5" t="445" w="37" /><ent r="5" t="445" w="37" /><ent r="68" t="450" w="154" /><ent r="68" t="450" w="175" /><ent r="68" t="451" w="189" /><ent r="68" t="451" w="208" /><ent r="68" t="452" w="152" /><ent r="68" t="452" w="177" /><ent r="7" t="455" w="116" /><ent r="7" t="455" w="116" /><ent r="68" t="455" w="123" /><ent r="7" t="455" w="129" /><ent r="7" t="455" w="129" /></phr><phr n="FLAGS"><ent r="3" t="335" w="79" /><ent r="6" t="335" w="337" /><ent r="6" t="335" w="337" /><ent r="4" t="335" w="504" /><ent r="4" t="335" w="504" /><ent r="4" t="335" w="523" /><ent r="4" t="335" w="523" /><ent r="4" t="335" w="542" /><ent r="4" t="335" w="542" /><ent r="4" t="335" w="561" /><ent r="4" t="335" w="561" /><ent r="4" t="335" w="575" /><ent r="4" t="335" w="594" /><ent r="4" t="335" w="594" /><ent r="4" t="335" w="613" /><ent r="4" t="335" w="613" /><ent r="6" t="335" w="706" /><ent r="6" t="335" w="706" /><ent r="3" t="337" w="11" /><ent r="3" t="337" w="11" /><ent r="6" t="337" w="154" /><ent r="6" t="337" w="154" /><ent r="6" t="337" w="180" /><ent r="6" t="337" w="180" /><ent r="6" t="337" w="207" /><ent r="6" t="337" w="207" /><ent r="6" t="337" w="233" /><ent r="6" t="337" w="233" /><ent r="6" t="337" w="262" /><ent r="6" t="337" w="262" /><ent r="6" t="337" w="447" /><ent r="6" t="337" w="447" /><ent r="6" t="337" w="483" /><ent r="6" t="337" w="483" /><ent r="6" t="337" w="513" /><ent r="6" t="337" w="513" /><ent r="6" t="337" w="545" /><ent r="6" t="337" w="545" /><ent r="6" t="337" w="574" /><ent r="6" t="337" w="574" /><ent r="6" t="337" w="600" /><ent r="6" t="337" w="600" /><ent r="6" t="337" w="626" /><ent r="6" t="337" w="626" /><ent r="6" t="337" w="656" /><ent r="6" t="337" w="656" /><ent r="6" t="338" w="475" /><ent r="6" t="338" w="475" /><ent r="3" t="338" w="491" /><ent r="3" t="338" w="491" /><ent r="6" t="343" w="285" /><ent r="6" t="343" w="285" /><ent r="6" t="343" w="736" /><ent r="6" t="343" w="736" /><ent r="6" t="345" w="414" /><ent r="6" t="345" w="414" /><ent r="3" t="345" w="428" /><ent r="3" t="345" w="428" /><ent r="6" t="346" w="378" /><ent r="6" t="346" w="378" /><ent r="3" t="346" w="390" /><ent r="3" t="346" w="390" /><ent r="6" t="347" w="242" /><ent r="6" t="347" w="242" /><ent r="7" t="348" w="524" /><ent r="7" t="348" w="524" /><ent r="6" t="351" w="252" /><ent r="6" t="351" w="252" /><ent r="6" t="353" w="215" /><ent r="6" t="353" w="215" /><ent r="7" t="353" w="765" /><ent r="7" t="353" w="765" /><ent r="6" t="353" w="828" /><ent r="6" t="353" w="828" /><ent r="6" t="353" w="849" /><ent r="6" t="353" w="849" /><ent r="7" t="353" w="870" /><ent r="7" t="353" w="870" /><ent r="7" t="353" w="1114" /><ent r="7" t="353" w="1114" /><ent r="6" t="353" w="1206" /><ent r="6" t="353" w="1206" /><ent r="6" t="353" w="1212" /><ent r="6" t="353" w="1212" /><ent r="6" t="372" w="359" /><ent r="6" t="372" w="359" /><ent r="6" t="372" w="478" /><ent r="6" t="372" w="478" /><ent r="6" t="378" w="189" /><ent r="6" t="378" w="189" /><ent r="7" t="445" w="195" /><ent r="7" t="445" w="291" /></phr><phr n="Flags"><ent r="7" t="335" w="229" /><ent r="4" t="335" w="589" /><ent r="4" t="335" w="589" /><ent r="4" t="335" w="608" /><ent r="4" t="335" w="608" /><ent r="3" t="335" w="847" /><ent r="3" t="335" w="847" /><ent r="68" t="336" w="312" /><ent r="68" t="336" w="312" /><ent r="1000" t="337" w="2" /><ent r="1000" t="337" w="2" /><ent r="92" t="337" w="6" /><ent r="92" t="337" w="6" /><ent r="3" t="337" w="30" /><ent r="3" t="337" w="30" /><ent r="6" t="337" w="79" /><ent r="6" t="337" w="79" /><ent r="6" t="337" w="163" /><ent r="6" t="337" w="163" /><ent r="6" t="337" w="189" /><ent r="6" t="337" w="189" /><ent r="6" t="337" w="216" /><ent r="6" t="337" w="216" /><ent r="6" t="337" w="242" /><ent r="6" t="337" w="242" /><ent r="6" t="337" w="271" /><ent r="6" t="337" w="271" /><ent r="6" t="337" w="430" /><ent r="6" t="337" w="430" /><ent r="6" t="337" w="523" /><ent r="6" t="337" w="523" /><ent r="6" t="337" w="555" /><ent r="6" t="337" w="555" /><ent r="6" t="337" w="584" /><ent r="6" t="337" w="584" /><ent r="6" t="337" w="610" /><ent r="6" t="337" w="610" /><ent r="6" t="337" w="636" /><ent r="6" t="337" w="636" /><ent r="6" t="337" w="666" /><ent r="6" t="337" w="666" /><ent r="6" t="337" w="676" /><ent r="6" t="337" w="676" /><ent r="6" t="348" w="517" /><ent r="6" t="348" w="517" /><ent r="7" t="349" w="701" /><ent r="7" t="349" w="701" /><ent r="7" t="350" w="430" /><ent r="7" t="350" w="430" /><ent r="7" t="350" w="634" /><ent r="7" t="350" w="634" /><ent r="3" t="354" w="21" /><ent r="3" t="354" w="21" /><ent r="3" t="358" w="50" /><ent r="3" t="399" w="1627" /><ent r="3" t="401" w="506" /><ent r="3" t="401" w="568" /><ent r="5" t="430" w="55" /><ent r="5" t="430" w="55" /><ent r="7" t="430" w="217" /><ent r="7" t="430" w="217" /><ent r="7" t="430" w="223" /><ent r="7" t="430" w="223" /><ent r="7" t="430" w="310" /><ent r="7" t="430" w="310" /><ent r="7" t="430" w="316" /><ent r="7" t="430" w="316" /><ent r="5" t="431" w="55" /><ent r="5" t="431" w="55" /><ent r="7" t="431" w="311" /><ent r="7" t="431" w="311" /><ent r="7" t="431" w="403" /><ent r="7" t="431" w="403" /><ent r="7" t="432" w="161" /><ent r="7" t="432" w="161" /><ent r="1000" t="438" w="4" /><ent r="1000" t="438" w="4" /><ent r="82" t="438" w="9" /><ent r="82" t="438" w="9" /><ent r="72" t="438" w="264" /><ent r="5" t="443" w="59" /><ent r="5" t="443" w="59" /><ent r="7" t="443" w="311" /><ent r="7" t="443" w="311" /><ent r="7" t="443" w="403" /><ent r="7" t="443" w="403" /><ent r="7" t="445" w="133" /><ent r="7" t="445" w="133" /><ent r="7" t="445" w="283" /><ent r="7" t="445" w="283" /><ent r="5" t="447" w="25" /><ent r="5" t="447" w="25" /><ent r="7" t="447" w="95" /><ent r="7" t="447" w="95" /><ent r="5" t="450" w="37" /><ent r="5" t="450" w="37" /><ent r="7" t="450" w="146" /><ent r="7" t="450" w="146" /><ent r="7" t="450" w="167" /><ent r="7" t="450" w="167" /><ent r="5" t="451" w="37" /><ent r="5" t="451" w="37" /><ent r="7" t="452" w="144" /><ent r="7" t="452" w="144" /><ent r="7" t="452" w="169" /><ent r="7" t="452" w="169" /><ent r="7" t="454" w="143" /><ent r="7" t="454" w="143" /><ent r="68" t="454" w="149" /></phr><phr n="FLAG"><ent r="7" t="347" w="224" /><ent r="7" t="347" w="224" /><ent r="7" t="347" w="236" /><ent r="7" t="347" w="236" /><ent r="6" t="347" w="325" /><ent r="6" t="347" w="325" /><ent r="7" t="349" w="325" /><ent r="7" t="349" w="325" /><ent r="6" t="349" w="398" /><ent r="6" t="349" w="398" /><ent r="7" t="350" w="325" /><ent r="7" t="350" w="325" /><ent r="6" t="361" w="131" /><ent r="6" t="361" w="131" /><ent r="6" t="361" w="165" /><ent r="6" t="361" w="165" /><ent r="6" t="365" w="102" /><ent r="6" t="365" w="102" /><ent r="6" t="365" w="417" /><ent r="6" t="365" w="417" /><ent r="6" t="365" w="431" /><ent r="6" t="365" w="431" /><ent r="6" t="365" w="445" /><ent r="6" t="365" w="445" /><ent r="6" t="365" w="459" /><ent r="6" t="365" w="459" /><ent r="6" t="365" w="473" /><ent r="6" t="365" w="473" /><ent r="6" t="365" w="487" /><ent r="6" t="365" w="487" /><ent r="6" t="365" w="501" /><ent r="6" t="365" w="501" /><ent r="6" t="365" w="515" /><ent r="6" t="365" w="515" /><ent r="6" t="365" w="529" /><ent r="6" t="365" w="529" /><ent r="6" t="365" w="543" /><ent r="6" t="365" w="543" /><ent r="6" t="372" w="795" /><ent r="6" t="372" w="795" /><ent r="6" t="372" w="821" /><ent r="6" t="372" w="821" /></phr></stem></index>