<?xml version="1.0" encoding="utf-8"?><index><!-- saved from url=(0016)http://localhost -->
<stem n="13"><phr n="13"><ent r="6" t="24" w="514" /><ent r="6" t="24" w="514" /><ent r="6" t="55" w="522" /><ent r="6" t="55" w="522" /><ent r="6" t="78" w="496" /><ent r="6" t="78" w="496" /><ent r="3" t="91" w="599" /><ent r="6" t="106" w="522" /><ent r="6" t="106" w="522" /><ent r="7" t="131" w="548" /><ent r="7" t="131" w="548" /><ent r="6" t="156" w="209" /><ent r="6" t="156" w="209" /><ent r="6" t="170" w="165" /><ent r="6" t="170" w="165" /><ent r="6" t="171" w="238" /><ent r="6" t="171" w="238" /><ent r="6" t="181" w="529" /><ent r="6" t="181" w="529" /><ent r="6" t="207" w="522" /><ent r="6" t="207" w="522" /><ent r="6" t="233" w="211" /><ent r="6" t="233" w="211" /><ent r="3" t="276" w="2349" /><ent r="3" t="276" w="2349" /><ent r="3" t="334" w="492" /><ent r="6" t="337" w="480" /><ent r="6" t="337" w="480" /><ent r="6" t="338" w="605" /><ent r="6" t="341" w="123" /><ent r="6" t="341" w="123" /><ent r="6" t="342" w="117" /><ent r="6" t="342" w="117" /><ent r="6" t="343" w="146" /><ent r="6" t="343" w="146" /><ent r="6" t="343" w="435" /><ent r="6" t="343" w="435" /><ent r="6" t="344" w="154" /><ent r="6" t="345" w="184" /><ent r="6" t="345" w="184" /><ent r="6" t="345" w="603" /><ent r="6" t="346" w="504" /><ent r="7" t="350" w="531" /><ent r="7" t="350" w="531" /><ent r="6" t="353" w="325" /><ent r="6" t="353" w="325" /><ent r="6" t="356" w="121" /><ent r="6" t="356" w="121" /><ent r="6" t="362" w="214" /><ent r="6" t="362" w="214" /><ent r="6" t="363" w="283" /><ent r="6" t="363" w="283" /><ent r="6" t="371" w="459" /><ent r="6" t="371" w="459" /><ent r="6" t="372" w="1091" /><ent r="6" t="372" w="1091" /><ent r="6" t="372" w="1480" /><ent r="6" t="372" w="1480" /><ent r="6" t="372" w="1589" /><ent r="6" t="372" w="1589" /><ent r="6" t="372" w="2028" /><ent r="6" t="372" w="2028" /><ent r="6" t="373" w="152" /><ent r="6" t="373" w="152" /><ent r="6" t="381" w="92" /><ent r="6" t="388" w="561" /><ent r="6" t="388" w="561" /><ent r="6" t="388" w="713" /><ent r="6" t="388" w="713" /><ent r="6" t="388" w="1143" /><ent r="6" t="388" w="1143" /><ent r="6" t="388" w="1438" /><ent r="6" t="388" w="1438" /><ent r="3" t="394" w="79" /><ent r="3" t="394" w="79" /><ent r="5" t="398" w="1504" /><ent r="5" t="398" w="1504" /><ent r="5" t="398" w="2151" /><ent r="5" t="398" w="2151" /><ent r="5" t="398" w="2380" /><ent r="5" t="398" w="2380" /><ent r="3" t="398" w="2959" /><ent r="3" t="398" w="2959" /><ent r="3" t="398" w="2966" /><ent r="3" t="398" w="2966" /><ent r="3" t="399" w="1818" /><ent r="3" t="399" w="1818" /><ent r="3" t="399" w="3279" /><ent r="3" t="399" w="3279" /><ent r="7" t="439" w="380" /><ent r="7" t="439" w="380" /><ent r="7" t="444" w="97" /><ent r="7" t="444" w="97" /><ent r="7" t="445" w="490" /><ent r="7" t="445" w="490" /><ent r="7" t="446" w="188" /><ent r="7" t="446" w="188" /><ent r="7" t="447" w="213" /><ent r="7" t="449" w="167" /><ent r="7" t="449" w="167" /><ent r="72" t="450" w="46" /><ent r="72" t="450" w="46" /><ent r="7" t="475" w="206" /><ent r="7" t="475" w="206" /><ent r="3" t="477" w="80" /><ent r="7" t="477" w="583" /><ent r="7" t="477" w="583" /><ent r="3" t="485" w="77" /><ent r="3" t="485" w="87" /><ent r="3" t="485" w="87" /><ent r="7" t="485" w="214" /><ent r="7" t="485" w="214" /><ent r="7" t="489" w="272" /><ent r="7" t="489" w="322" /><ent r="7" t="489" w="322" /><ent r="7" t="490" w="215" /><ent r="7" t="492" w="190" /><ent r="7" t="493" w="217" /></phr></stem><stem n="boot_monitor"><phr n="BOOT_MONITOR"><ent r="6" t="24" w="516" /><ent r="6" t="55" w="524" /><ent r="6" t="106" w="524" /><ent r="6" t="156" w="50" /><ent r="6" t="156" w="50" /></phr><phr n="Boot_Monitor"><ent r="6" t="30" w="55" /><ent r="6" t="30" w="55" /><ent r="6" t="30" w="82" /><ent r="6" t="30" w="82" /><ent r="6" t="61" w="55" /><ent r="6" t="61" w="55" /><ent r="6" t="61" w="82" /><ent r="6" t="61" w="82" /><ent r="7" t="112" w="55" /><ent r="7" t="112" w="55" /><ent r="7" t="112" w="82" /><ent r="7" t="112" w="82" /></phr></stem><stem n="boot"><phr n="Boot"><ent r="6" t="24" w="518" /><ent r="6" t="24" w="518" /><ent r="7" t="43" w="329" /><ent r="7" t="43" w="329" /><ent r="6" t="55" w="526" /><ent r="6" t="55" w="526" /><ent r="7" t="94" w="329" /><ent r="7" t="94" w="329" /><ent r="6" t="106" w="526" /><ent r="6" t="106" w="526" /><ent r="7" t="146" w="329" /><ent r="7" t="146" w="329" /><ent r="6" t="222" w="329" /><ent r="6" t="222" w="329" /><ent r="6" t="222" w="712" /><ent r="6" t="222" w="712" /><ent r="6" t="234" w="392" /><ent r="6" t="234" w="392" /></phr><phr n="boot"><ent r="6" t="24" w="537" /><ent r="6" t="24" w="537" /><ent r="6" t="30" w="70" /><ent r="6" t="30" w="70" /><ent r="3" t="43" w="29" /><ent r="7" t="43" w="181" /><ent r="7" t="43" w="181" /><ent r="6" t="55" w="545" /><ent r="6" t="55" w="545" /><ent r="6" t="61" w="70" /><ent r="6" t="61" w="70" /><ent r="3" t="94" w="29" /><ent r="7" t="94" w="181" /><ent r="7" t="94" w="181" /><ent r="6" t="106" w="545" /><ent r="6" t="106" w="545" /><ent r="7" t="112" w="70" /><ent r="7" t="112" w="70" /><ent r="3" t="146" w="29" /><ent r="7" t="146" w="181" /><ent r="7" t="146" w="181" /><ent r="6" t="156" w="56" /><ent r="6" t="156" w="56" /><ent r="6" t="156" w="59" /><ent r="6" t="156" w="59" /><ent r="3" t="222" w="29" /><ent r="6" t="222" w="181" /><ent r="6" t="222" w="181" /><ent r="6" t="222" w="496" /><ent r="6" t="222" w="496" /></phr><phr n="booting"><ent r="6" t="314" w="882" /><ent r="6" t="314" w="882" /></phr><phr n="BOOT"><ent r="6" t="332" w="227" /><ent r="6" t="332" w="227" /></phr></stem><stem n="prevent"><phr n="prevents"><ent r="6" t="24" w="523" /><ent r="6" t="24" w="523" /><ent r="3" t="31" w="150" /><ent r="3" t="31" w="150" /><ent r="6" t="55" w="531" /><ent r="6" t="55" w="531" /><ent r="3" t="62" w="150" /><ent r="3" t="62" w="150" /><ent r="6" t="106" w="531" /><ent r="6" t="106" w="531" /><ent r="3" t="113" w="154" /><ent r="3" t="113" w="154" /><ent r="3" t="136" w="154" /><ent r="3" t="136" w="154" /><ent r="3" t="187" w="212" /><ent r="3" t="187" w="212" /><ent r="3" t="214" w="212" /><ent r="3" t="214" w="212" /></phr><phr n="prevent"><ent r="3" t="37" w="39" /><ent r="3" t="37" w="39" /><ent r="7" t="78" w="891" /><ent r="7" t="78" w="891" /><ent r="7" t="78" w="933" /><ent r="7" t="78" w="933" /><ent r="3" t="89" w="38" /><ent r="3" t="89" w="38" /><ent r="3" t="119" w="38" /><ent r="3" t="119" w="38" /><ent r="7" t="131" w="928" /><ent r="7" t="131" w="928" /><ent r="3" t="142" w="39" /><ent r="3" t="142" w="39" /><ent r="3" t="193" w="36" /><ent r="3" t="193" w="36" /><ent r="3" t="217" w="76" /><ent r="3" t="217" w="76" /><ent r="3" t="359" w="500" /><ent r="3" t="359" w="500" /><ent r="6" t="391" w="236" /><ent r="6" t="391" w="236" /><ent r="3" t="499" w="74" /><ent r="3" t="499" w="74" /></phr><phr n="preventing"><ent r="3" t="382" w="196" /><ent r="3" t="382" w="196" /></phr><phr n="Prevents"><ent r="7" t="396" w="101" /><ent r="7" t="396" w="101" /></phr></stem><stem n="execut"><phr n="executing"><ent r="6" t="24" w="527" /><ent r="6" t="24" w="527" /><ent r="6" t="55" w="535" /><ent r="6" t="55" w="535" /><ent r="6" t="106" w="535" /><ent r="6" t="106" w="535" /></phr><phr n="Executing"><ent r="4" t="271" w="175" /><ent r="4" t="271" w="175" /><ent r="3" t="271" w="199" /><ent r="3" t="271" w="199" /></phr><phr n="executed"><ent r="3" t="314" w="561" /><ent r="3" t="314" w="561" /></phr><phr n="execute"><ent r="3" t="323" w="108" /><ent r="3" t="323" w="108" /></phr></stem><stem n="forc"><phr n="force"><ent r="6" t="24" w="540" /><ent r="6" t="24" w="540" /><ent r="6" t="55" w="548" /><ent r="6" t="55" w="548" /><ent r="6" t="106" w="548" /><ent r="6" t="106" w="548" /><ent r="3" t="288" w="982" /><ent r="3" t="288" w="982" /></phr><phr n="Force"><ent r="4" t="240" w="409" /><ent r="4" t="240" w="409" /><ent r="4" t="287" w="334" /><ent r="4" t="287" w="334" /><ent r="3" t="287" w="580" /><ent r="3" t="287" w="580" /><ent r="3" t="334" w="508" /><ent r="3" t="334" w="508" /><ent r="3" t="334" w="615" /><ent r="3" t="334" w="615" /></phr><phr n="forced"><ent r="3" t="287" w="274" /><ent r="3" t="287" w="414" /><ent r="3" t="287" w="607" /><ent r="3" t="287" w="607" /><ent r="3" t="288" w="802" /><ent r="3" t="288" w="802" /><ent r="3" t="296" w="217" /><ent r="3" t="296" w="217" /></phr><phr n="forces"><ent r="3" t="288" w="300" /><ent r="3" t="288" w="300" /></phr><phr n="Forced"><ent r="4" t="296" w="466" /><ent r="4" t="296" w="466" /><ent r="3" t="296" w="512" /><ent r="3" t="296" w="512" /><ent r="3" t="296" w="517" /><ent r="3" t="296" w="517" /></phr></stem><stem n="normal"><phr n="normal"><ent r="7" t="24" w="551" /><ent r="7" t="24" w="551" /><ent r="6" t="30" w="79" /><ent r="6" t="30" w="79" /><ent r="3" t="40" w="204" /><ent r="3" t="40" w="204" /><ent r="7" t="55" w="559" /><ent r="7" t="55" w="559" /><ent r="6" t="61" w="79" /><ent r="6" t="61" w="79" /><ent r="3" t="66" w="204" /><ent r="3" t="66" w="204" /><ent r="7" t="106" w="559" /><ent r="7" t="106" w="559" /><ent r="7" t="112" w="79" /><ent r="7" t="112" w="79" /><ent r="3" t="121" w="206" /><ent r="3" t="121" w="206" /><ent r="3" t="157" w="215" /><ent r="3" t="157" w="215" /><ent r="3" t="195" w="211" /><ent r="3" t="195" w="211" /><ent r="3" t="219" w="211" /><ent r="3" t="219" w="211" /><ent r="3" t="252" w="276" /><ent r="3" t="252" w="276" /><ent r="5" t="252" w="546" /><ent r="5" t="252" w="546" /><ent r="3" t="253" w="303" /><ent r="3" t="253" w="303" /><ent r="5" t="254" w="259" /><ent r="5" t="254" w="259" /><ent r="3" t="335" w="50" /><ent r="3" t="335" w="50" /><ent r="6" t="344" w="132" /><ent r="6" t="344" w="132" /><ent r="3" t="404" w="955" /><ent r="3" t="404" w="955" /><ent r="7" t="446" w="174" /><ent r="7" t="446" w="174" /></phr><phr n="normally"><ent r="6" t="234" w="358" /><ent r="3" t="252" w="189" /><ent r="3" t="252" w="189" /><ent r="5" t="252" w="470" /><ent r="5" t="252" w="470" /><ent r="3" t="253" w="211" /><ent r="3" t="253" w="211" /><ent r="5" t="254" w="183" /><ent r="5" t="254" w="183" /><ent r="3" t="257" w="72" /><ent r="3" t="257" w="72" /><ent r="3" t="322" w="9" /><ent r="3" t="322" w="9" /><ent r="3" t="499" w="108" /><ent r="3" t="499" w="108" /></phr><phr n="Normally"><ent r="7" t="235" w="1205" /><ent r="7" t="235" w="1205" /><ent r="5" t="288" w="446" /></phr><phr n="Normal"><ent r="8" t="242" w="801" /><ent r="8" t="242" w="801" /><ent r="7" t="242" w="803" /><ent r="7" t="242" w="803" /><ent r="8" t="242" w="1048" /><ent r="8" t="242" w="1048" /><ent r="5" t="244" w="333" /><ent r="5" t="244" w="333" /><ent r="5" t="244" w="430" /><ent r="5" t="244" w="430" /><ent r="5" t="266" w="49" /><ent r="5" t="266" w="49" /><ent r="5" t="266" w="289" /><ent r="5" t="266" w="289" /></phr><phr n="normalized"><ent r="5" t="329" w="107" /><ent r="5" t="329" w="107" /><ent r="5" t="329" w="124" /><ent r="5" t="329" w="124" /><ent r="3" t="397" w="265" /><ent r="3" t="397" w="265" /><ent r="3" t="397" w="282" /><ent r="3" t="397" w="282" /></phr><phr n="Normalized"><ent r="5" t="329" w="109" /><ent r="5" t="329" w="109" /><ent r="3" t="397" w="267" /><ent r="3" t="397" w="267" /></phr></stem><stem n="16"><phr n="16"><ent r="6" t="24" w="602" /><ent r="6" t="24" w="602" /><ent r="5" t="26" w="189" /><ent r="5" t="26" w="189" /><ent r="7" t="35" w="121" /><ent r="7" t="35" w="121" /><ent r="6" t="55" w="610" /><ent r="6" t="55" w="610" /><ent r="5" t="58" w="189" /><ent r="5" t="58" w="189" /><ent r="6" t="78" w="588" /><ent r="6" t="78" w="588" /><ent r="7" t="87" w="121" /><ent r="7" t="87" w="121" /><ent r="6" t="106" w="610" /><ent r="6" t="106" w="610" /><ent r="5" t="109" w="189" /><ent r="5" t="109" w="189" /><ent r="7" t="117" w="121" /><ent r="7" t="117" w="121" /><ent r="7" t="131" w="641" /><ent r="7" t="131" w="641" /><ent r="7" t="136" w="79" /><ent r="7" t="136" w="79" /><ent r="7" t="140" w="126" /><ent r="7" t="140" w="126" /><ent r="6" t="156" w="238" /><ent r="6" t="156" w="238" /><ent r="6" t="170" w="180" /><ent r="6" t="170" w="180" /><ent r="6" t="171" w="253" /><ent r="6" t="171" w="253" /><ent r="6" t="181" w="588" /><ent r="6" t="181" w="588" /><ent r="5" t="183" w="189" /><ent r="5" t="183" w="189" /><ent r="7" t="191" w="121" /><ent r="7" t="191" w="121" /><ent r="6" t="207" w="581" /><ent r="6" t="207" w="581" /><ent r="5" t="209" w="189" /><ent r="5" t="209" w="189" /><ent r="6" t="233" w="234" /><ent r="6" t="233" w="234" /><ent r="3" t="265" w="118" /><ent r="3" t="265" w="118" /><ent r="3" t="265" w="145" /><ent r="3" t="265" w="145" /><ent r="6" t="328" w="83" /><ent r="6" t="328" w="83" /><ent r="6" t="334" w="264" /><ent r="6" t="334" w="264" /><ent r="6" t="334" w="288" /><ent r="3" t="334" w="507" /><ent r="8" t="335" w="195" /><ent r="8" t="335" w="195" /><ent r="7" t="335" w="308" /><ent r="7" t="336" w="304" /><ent r="6" t="338" w="194" /><ent r="6" t="338" w="606" /><ent r="6" t="338" w="606" /><ent r="6" t="338" w="629" /><ent r="3" t="339" w="56" /><ent r="6" t="339" w="110" /><ent r="6" t="339" w="174" /><ent r="6" t="339" w="286" /><ent r="6" t="339" w="304" /><ent r="6" t="339" w="323" /><ent r="7" t="339" w="347" /><ent r="7" t="339" w="347" /><ent r="6" t="340" w="133" /><ent r="6" t="342" w="126" /><ent r="6" t="342" w="126" /><ent r="6" t="345" w="604" /><ent r="6" t="345" w="604" /><ent r="6" t="345" w="632" /><ent r="6" t="346" w="165" /><ent r="6" t="346" w="505" /><ent r="6" t="346" w="505" /><ent r="6" t="346" w="528" /><ent r="6" t="349" w="126" /><ent r="6" t="350" w="126" /><ent r="6" t="351" w="108" /><ent r="6" t="353" w="165" /><ent r="6" t="353" w="165" /><ent r="6" t="353" w="488" /><ent r="6" t="356" w="133" /><ent r="6" t="356" w="133" /><ent r="6" t="363" w="325" /><ent r="6" t="365" w="386" /><ent r="6" t="365" w="386" /><ent r="6" t="365" w="391" /><ent r="6" t="365" w="391" /><ent r="6" t="365" w="401" /><ent r="6" t="365" w="401" /><ent r="6" t="371" w="481" /><ent r="6" t="371" w="481" /><ent r="6" t="372" w="1103" /><ent r="6" t="372" w="1103" /><ent r="6" t="372" w="1322" /><ent r="6" t="372" w="1322" /><ent r="6" t="372" w="1607" /><ent r="6" t="372" w="1607" /><ent r="6" t="388" w="1200" /><ent r="6" t="388" w="1495" /><ent r="7" t="397" w="142" /><ent r="7" t="397" w="142" /><ent r="3" t="398" w="2557" /><ent r="3" t="398" w="2557" /><ent r="3" t="398" w="2810" /><ent r="3" t="398" w="2810" /><ent r="3" t="398" w="2934" /><ent r="3" t="398" w="2934" /><ent r="3" t="398" w="2957" /><ent r="3" t="398" w="2957" /><ent r="3" t="399" w="61" /><ent r="3" t="399" w="61" /><ent r="3" t="399" w="1667" /><ent r="3" t="399" w="1667" /><ent r="3" t="399" w="3295" /><ent r="3" t="399" w="3295" /><ent r="3" t="399" w="3480" /><ent r="3" t="399" w="3480" /><ent r="3" t="399" w="3495" /><ent r="3" t="399" w="3495" /><ent r="7" t="433" w="160" /><ent r="7" t="439" w="428" /><ent r="7" t="439" w="428" /><ent r="7" t="445" w="564" /><ent r="7" t="445" w="564" /><ent r="72" t="454" w="43" /><ent r="72" t="454" w="43" /><ent r="7" t="482" w="293" /><ent r="3" t="486" w="88" /><ent r="3" t="486" w="106" /><ent r="3" t="501" w="403" /></phr></stem><stem n="17"><phr n="17"><ent r="6" t="24" w="626" /><ent r="6" t="24" w="626" /><ent r="5" t="26" w="198" /><ent r="5" t="26" w="198" /><ent r="6" t="55" w="634" /><ent r="6" t="55" w="634" /><ent r="5" t="58" w="198" /><ent r="5" t="58" w="198" /><ent r="6" t="78" w="603" /><ent r="6" t="78" w="603" /><ent r="6" t="106" w="634" /><ent r="6" t="106" w="634" /><ent r="5" t="109" w="198" /><ent r="5" t="109" w="198" /><ent r="7" t="131" w="657" /><ent r="7" t="131" w="657" /><ent r="6" t="156" w="252" /><ent r="6" t="156" w="252" /><ent r="6" t="170" w="190" /><ent r="6" t="170" w="190" /><ent r="6" t="171" w="263" /><ent r="6" t="171" w="263" /><ent r="6" t="181" w="611" /><ent r="6" t="181" w="611" /><ent r="5" t="183" w="198" /><ent r="5" t="183" w="198" /><ent r="6" t="207" w="604" /><ent r="6" t="207" w="604" /><ent r="5" t="209" w="198" /><ent r="5" t="209" w="198" /><ent r="6" t="233" w="245" /><ent r="6" t="233" w="245" /><ent r="3" t="334" w="514" /><ent r="6" t="337" w="509" /><ent r="6" t="337" w="509" /><ent r="6" t="338" w="576" /><ent r="6" t="338" w="590" /><ent r="6" t="338" w="590" /><ent r="6" t="342" w="133" /><ent r="6" t="343" w="181" /><ent r="6" t="343" w="181" /><ent r="6" t="345" w="192" /><ent r="6" t="345" w="192" /><ent r="6" t="345" w="574" /><ent r="6" t="345" w="588" /><ent r="6" t="345" w="588" /><ent r="6" t="346" w="475" /><ent r="6" t="346" w="489" /><ent r="6" t="346" w="489" /><ent r="3" t="347" w="33" /><ent r="3" t="347" w="33" /><ent r="6" t="347" w="212" /><ent r="7" t="347" w="259" /><ent r="7" t="347" w="259" /><ent r="7" t="347" w="273" /><ent r="7" t="347" w="273" /><ent r="3" t="348" w="61" /><ent r="3" t="348" w="61" /><ent r="8" t="348" w="347" /><ent r="70" t="348" w="617" /><ent r="70" t="348" w="631" /><ent r="10" t="348" w="686" /><ent r="10" t="348" w="686" /><ent r="1000" t="349" w="11" /><ent r="92" t="349" w="25" /><ent r="65" t="349" w="69" /><ent r="6" t="349" w="81" /><ent r="7" t="349" w="98" /><ent r="7" t="349" w="98" /><ent r="7" t="349" w="249" /><ent r="7" t="349" w="249" /><ent r="7" t="349" w="261" /><ent r="7" t="349" w="261" /><ent r="1000" t="350" w="11" /><ent r="92" t="350" w="25" /><ent r="65" t="350" w="69" /><ent r="6" t="350" w="81" /><ent r="7" t="350" w="98" /><ent r="7" t="350" w="98" /><ent r="7" t="350" w="249" /><ent r="7" t="350" w="249" /><ent r="7" t="350" w="261" /><ent r="7" t="350" w="261" /><ent r="6" t="353" w="180" /><ent r="6" t="353" w="180" /><ent r="6" t="356" w="137" /><ent r="6" t="356" w="137" /><ent r="6" t="371" w="488" /><ent r="6" t="371" w="488" /><ent r="6" t="372" w="1107" /><ent r="6" t="372" w="1107" /><ent r="6" t="372" w="1334" /><ent r="3" t="382" w="78" /><ent r="3" t="382" w="78" /><ent r="6" t="382" w="412" /><ent r="6" t="382" w="412" /><ent r="6" t="388" w="572" /><ent r="6" t="388" w="572" /><ent r="6" t="388" w="724" /><ent r="6" t="388" w="724" /><ent r="3" t="398" w="2811" /><ent r="3" t="398" w="2811" /><ent r="7" t="432" w="219" /><ent r="7" t="432" w="219" /><ent r="7" t="436" w="97" /><ent r="7" t="436" w="97" /><ent r="7" t="437" w="111" /><ent r="7" t="437" w="111" /><ent r="7" t="439" w="442" /><ent r="7" t="439" w="442" /><ent r="7" t="440" w="99" /><ent r="7" t="440" w="99" /><ent r="7" t="441" w="102" /><ent r="7" t="441" w="102" /><ent r="7" t="442" w="117" /><ent r="7" t="442" w="117" /><ent r="7" t="444" w="109" /><ent r="7" t="444" w="109" /><ent r="7" t="445" w="569" /><ent r="7" t="445" w="569" /><ent r="7" t="446" w="196" /><ent r="7" t="446" w="196" /><ent r="7" t="449" w="177" /><ent r="7" t="449" w="177" /><ent r="7" t="453" w="150" /><ent r="7" t="453" w="150" /></phr></stem><stem n="com2_rx"><phr n="COM2_Rx"><ent r="6" t="24" w="640" /><ent r="6" t="24" w="640" /><ent r="6" t="55" w="648" /><ent r="6" t="55" w="648" /><ent r="6" t="106" w="648" /><ent r="6" t="106" w="648" /><ent r="7" t="131" w="758" /><ent r="7" t="131" w="758" /><ent r="7" t="131" w="768" /><ent r="7" t="131" w="768" /><ent r="6" t="181" w="560" /><ent r="6" t="181" w="560" /><ent r="6" t="207" w="553" /><ent r="6" t="207" w="553" /></phr><phr n="COM2_RX"><ent r="6" t="24" w="650" /><ent r="6" t="24" w="650" /><ent r="6" t="55" w="658" /><ent r="6" t="55" w="658" /><ent r="6" t="106" w="658" /><ent r="6" t="106" w="658" /><ent r="6" t="181" w="570" /><ent r="6" t="181" w="570" /><ent r="6" t="207" w="563" /><ent r="6" t="207" w="563" /></phr></stem><stem n="ttl"><phr n="TTL"><ent r="6" t="24" w="646" /><ent r="6" t="24" w="646" /><ent r="6" t="24" w="679" /><ent r="6" t="24" w="679" /><ent r="6" t="24" w="711" /><ent r="6" t="24" w="711" /><ent r="6" t="24" w="761" /><ent r="6" t="24" w="761" /><ent r="6" t="24" w="796" /><ent r="6" t="24" w="796" /><ent r="6" t="24" w="913" /><ent r="6" t="24" w="913" /><ent r="6" t="24" w="1081" /><ent r="6" t="24" w="1081" /><ent r="6" t="24" w="1120" /><ent r="6" t="24" w="1120" /><ent r="6" t="24" w="1480" /><ent r="6" t="24" w="1480" /><ent r="6" t="24" w="1528" /><ent r="6" t="24" w="1528" /><ent r="6" t="24" w="1580" /><ent r="6" t="24" w="1580" /><ent r="6" t="24" w="1627" /><ent r="6" t="24" w="1627" /><ent r="6" t="24" w="1650" /><ent r="6" t="24" w="1650" /><ent r="6" t="24" w="1673" /><ent r="6" t="24" w="1673" /><ent r="3" t="25" w="95" /><ent r="3" t="25" w="95" /><ent r="7" t="29" w="21" /><ent r="7" t="29" w="21" /><ent r="7" t="31" w="24" /><ent r="7" t="31" w="24" /><ent r="6" t="31" w="87" /><ent r="6" t="31" w="87" /><ent r="6" t="32" w="13" /><ent r="6" t="32" w="13" /><ent r="6" t="32" w="27" /><ent r="7" t="32" w="88" /><ent r="7" t="32" w="98" /><ent r="7" t="32" w="98" /><ent r="6" t="32" w="103" /><ent r="6" t="32" w="103" /><ent r="7" t="32" w="117" /><ent r="7" t="32" w="188" /><ent r="7" t="32" w="198" /><ent r="7" t="32" w="198" /><ent r="6" t="32" w="203" /><ent r="6" t="32" w="203" /><ent r="6" t="32" w="217" /><ent r="7" t="32" w="278" /><ent r="7" t="32" w="288" /><ent r="7" t="32" w="288" /><ent r="6" t="32" w="293" /><ent r="6" t="32" w="293" /><ent r="6" t="32" w="307" /><ent r="7" t="32" w="378" /><ent r="7" t="32" w="388" /><ent r="7" t="32" w="388" /><ent r="6" t="55" w="654" /><ent r="6" t="55" w="654" /><ent r="6" t="55" w="687" /><ent r="6" t="55" w="687" /><ent r="6" t="55" w="719" /><ent r="6" t="55" w="719" /><ent r="6" t="55" w="769" /><ent r="6" t="55" w="769" /><ent r="6" t="55" w="804" /><ent r="6" t="55" w="804" /><ent r="6" t="55" w="921" /><ent r="6" t="55" w="921" /><ent r="6" t="55" w="1101" /><ent r="6" t="55" w="1101" /><ent r="6" t="55" w="1140" /><ent r="6" t="55" w="1140" /><ent r="6" t="55" w="1500" /><ent r="6" t="55" w="1500" /><ent r="6" t="55" w="1548" /><ent r="6" t="55" w="1548" /><ent r="6" t="55" w="1600" /><ent r="6" t="55" w="1600" /><ent r="6" t="55" w="1647" /><ent r="6" t="55" w="1647" /><ent r="6" t="55" w="1670" /><ent r="6" t="55" w="1670" /><ent r="6" t="55" w="1693" /><ent r="6" t="55" w="1693" /><ent r="3" t="56" w="95" /><ent r="3" t="56" w="95" /><ent r="7" t="60" w="21" /><ent r="7" t="60" w="21" /><ent r="7" t="62" w="24" /><ent r="7" t="62" w="24" /><ent r="6" t="62" w="87" /><ent r="6" t="62" w="87" /><ent r="7" t="63" w="13" /><ent r="7" t="63" w="13" /><ent r="7" t="63" w="27" /><ent r="7" t="63" w="88" /><ent r="7" t="63" w="98" /><ent r="7" t="63" w="98" /><ent r="7" t="63" w="103" /><ent r="7" t="63" w="103" /><ent r="7" t="63" w="117" /><ent r="7" t="63" w="188" /><ent r="7" t="63" w="198" /><ent r="7" t="63" w="198" /><ent r="7" t="63" w="203" /><ent r="7" t="63" w="203" /><ent r="7" t="63" w="217" /><ent r="7" t="63" w="278" /><ent r="7" t="63" w="288" /><ent r="7" t="63" w="288" /><ent r="7" t="63" w="293" /><ent r="7" t="63" w="293" /><ent r="7" t="63" w="307" /><ent r="7" t="63" w="378" /><ent r="7" t="63" w="388" /><ent r="7" t="63" w="388" /><ent r="7" t="78" w="512" /><ent r="7" t="78" w="512" /><ent r="6" t="78" w="585" /><ent r="6" t="78" w="585" /><ent r="6" t="78" w="600" /><ent r="6" t="78" w="600" /><ent r="6" t="78" w="612" /><ent r="6" t="78" w="612" /><ent r="6" t="78" w="636" /><ent r="6" t="78" w="636" /><ent r="6" t="78" w="688" /><ent r="6" t="78" w="688" /><ent r="6" t="78" w="711" /><ent r="6" t="78" w="711" /><ent r="7" t="81" w="21" /><ent r="7" t="81" w="21" /><ent r="7" t="83" w="97" /><ent r="7" t="83" w="97" /><ent r="7" t="83" w="110" /><ent r="7" t="83" w="181" /><ent r="7" t="83" w="191" /><ent r="7" t="83" w="191" /><ent r="6" t="106" w="654" /><ent r="6" t="106" w="654" /><ent r="6" t="106" w="687" /><ent r="6" t="106" w="687" /><ent r="6" t="106" w="719" /><ent r="6" t="106" w="719" /><ent r="6" t="106" w="769" /><ent r="6" t="106" w="769" /><ent r="6" t="106" w="804" /><ent r="6" t="106" w="804" /><ent r="6" t="106" w="957" /><ent r="6" t="106" w="957" /><ent r="6" t="106" w="1137" /><ent r="6" t="106" w="1137" /><ent r="6" t="106" w="1176" /><ent r="6" t="106" w="1176" /><ent r="6" t="106" w="1536" /><ent r="6" t="106" w="1536" /><ent r="6" t="106" w="1584" /><ent r="6" t="106" w="1584" /><ent r="6" t="106" w="1636" /><ent r="6" t="106" w="1636" /><ent r="6" t="106" w="1683" /><ent r="6" t="106" w="1683" /><ent r="6" t="106" w="1706" /><ent r="6" t="106" w="1706" /><ent r="6" t="106" w="1729" /><ent r="6" t="106" w="1729" /><ent r="6" t="106" w="1952" /><ent r="6" t="106" w="1952" /><ent r="3" t="107" w="95" /><ent r="3" t="107" w="95" /><ent r="7" t="111" w="22" /><ent r="7" t="111" w="22" /><ent r="7" t="113" w="24" /><ent r="7" t="113" w="24" /><ent r="7" t="113" w="89" /><ent r="7" t="113" w="89" /><ent r="7" t="114" w="13" /><ent r="7" t="114" w="13" /><ent r="7" t="114" w="28" /><ent r="7" t="114" w="89" /><ent r="7" t="114" w="99" /><ent r="7" t="114" w="99" /><ent r="7" t="114" w="104" /><ent r="7" t="114" w="104" /><ent r="7" t="114" w="119" /><ent r="7" t="114" w="190" /><ent r="7" t="114" w="200" /><ent r="7" t="114" w="200" /><ent r="7" t="114" w="205" /><ent r="7" t="114" w="205" /><ent r="7" t="114" w="220" /><ent r="7" t="114" w="281" /><ent r="7" t="114" w="291" /><ent r="7" t="114" w="291" /><ent r="7" t="114" w="296" /><ent r="7" t="114" w="296" /><ent r="7" t="114" w="311" /><ent r="7" t="114" w="382" /><ent r="7" t="114" w="392" /><ent r="7" t="114" w="392" /><ent r="7" t="131" w="436" /><ent r="7" t="131" w="436" /><ent r="7" t="131" w="564" /><ent r="7" t="131" w="564" /><ent r="7" t="131" w="638" /><ent r="7" t="131" w="638" /><ent r="7" t="131" w="654" /><ent r="7" t="131" w="654" /><ent r="7" t="131" w="666" /><ent r="7" t="131" w="666" /><ent r="7" t="131" w="690" /><ent r="7" t="131" w="690" /><ent r="7" t="131" w="718" /><ent r="7" t="131" w="718" /><ent r="7" t="131" w="741" /><ent r="7" t="131" w="741" /><ent r="7" t="131" w="764" /><ent r="7" t="131" w="764" /><ent r="7" t="131" w="787" /><ent r="7" t="131" w="787" /><ent r="7" t="134" w="22" /><ent r="7" t="134" w="22" /><ent r="7" t="136" w="24" /><ent r="7" t="136" w="24" /><ent r="7" t="136" w="89" /><ent r="7" t="136" w="89" /><ent r="7" t="137" w="13" /><ent r="7" t="137" w="13" /><ent r="7" t="137" w="28" /><ent r="7" t="137" w="89" /><ent r="7" t="137" w="99" /><ent r="7" t="137" w="99" /><ent r="7" t="137" w="104" /><ent r="7" t="137" w="104" /><ent r="7" t="137" w="119" /><ent r="7" t="137" w="189" /><ent r="7" t="137" w="199" /><ent r="7" t="137" w="199" /><ent r="7" t="137" w="204" /><ent r="7" t="137" w="204" /><ent r="7" t="137" w="219" /><ent r="7" t="137" w="280" /><ent r="7" t="137" w="290" /><ent r="7" t="137" w="290" /><ent r="6" t="156" w="206" /><ent r="6" t="156" w="206" /><ent r="6" t="181" w="158" /><ent r="6" t="181" w="158" /><ent r="6" t="181" w="183" /><ent r="6" t="181" w="183" /><ent r="7" t="181" w="277" /><ent r="7" t="181" w="277" /><ent r="6" t="181" w="283" /><ent r="6" t="181" w="283" /><ent r="7" t="181" w="290" /><ent r="7" t="181" w="290" /><ent r="6" t="181" w="337" /><ent r="6" t="181" w="337" /><ent r="6" t="181" w="495" /><ent r="6" t="181" w="495" /><ent r="6" t="181" w="538" /><ent r="6" t="181" w="538" /><ent r="6" t="181" w="566" /><ent r="6" t="181" w="566" /><ent r="6" t="181" w="596" /><ent r="6" t="181" w="596" /><ent r="6" t="181" w="643" /><ent r="6" t="181" w="643" /><ent r="6" t="181" w="649" /><ent r="6" t="181" w="649" /><ent r="3" t="182" w="95" /><ent r="3" t="182" w="95" /><ent r="6" t="184" w="128" /><ent r="6" t="184" w="128" /><ent r="7" t="186" w="56" /><ent r="7" t="186" w="56" /><ent r="7" t="186" w="66" /><ent r="7" t="187" w="24" /><ent r="7" t="187" w="24" /><ent r="7" t="187" w="147" /><ent r="7" t="187" w="147" /><ent r="7" t="188" w="55" /><ent r="7" t="188" w="55" /><ent r="7" t="188" w="69" /><ent r="7" t="188" w="141" /><ent r="7" t="188" w="141" /><ent r="7" t="188" w="155" /><ent r="7" t="188" w="155" /><ent r="3" t="194" w="13" /><ent r="3" t="194" w="13" /><ent r="6" t="207" w="153" /><ent r="6" t="207" w="153" /><ent r="6" t="207" w="178" /><ent r="6" t="207" w="178" /><ent r="6" t="207" w="276" /><ent r="6" t="207" w="276" /><ent r="7" t="207" w="283" /><ent r="7" t="207" w="283" /><ent r="6" t="207" w="330" /><ent r="6" t="207" w="330" /><ent r="6" t="207" w="488" /><ent r="6" t="207" w="488" /><ent r="6" t="207" w="531" /><ent r="6" t="207" w="531" /><ent r="6" t="207" w="559" /><ent r="6" t="207" w="559" /><ent r="6" t="207" w="589" /><ent r="6" t="207" w="589" /><ent r="6" t="207" w="642" /><ent r="6" t="207" w="642" /><ent r="3" t="208" w="95" /><ent r="3" t="208" w="95" /><ent r="6" t="210" w="237" /><ent r="6" t="210" w="237" /><ent r="7" t="212" w="21" /><ent r="7" t="212" w="21" /><ent r="7" t="213" w="56" /><ent r="7" t="213" w="56" /><ent r="7" t="213" w="66" /><ent r="7" t="214" w="24" /><ent r="7" t="214" w="24" /><ent r="7" t="214" w="147" /><ent r="7" t="214" w="147" /><ent r="7" t="215" w="55" /><ent r="7" t="215" w="55" /><ent r="7" t="215" w="69" /><ent r="7" t="215" w="141" /><ent r="7" t="215" w="141" /><ent r="7" t="215" w="155" /><ent r="7" t="215" w="155" /><ent r="3" t="218" w="13" /><ent r="3" t="218" w="13" /></phr></stem></index>