<?xml version="1.0" encoding="utf-8"?><index><!-- saved from url=(0016)http://localhost -->
<stem n="05"><phr n="05"><ent r="5" t="398" w="823" /><ent r="5" t="398" w="823" /><ent r="5" t="398" w="850" /><ent r="5" t="398" w="850" /><ent r="5" t="398" w="1353" /><ent r="5" t="398" w="1353" /><ent r="5" t="398" w="1378" /><ent r="5" t="398" w="1378" /><ent r="5" t="398" w="2022" /><ent r="5" t="398" w="2022" /><ent r="5" t="398" w="2049" /><ent r="5" t="398" w="2049" /><ent r="5" t="398" w="2229" /><ent r="5" t="398" w="2229" /><ent r="5" t="398" w="2254" /><ent r="5" t="398" w="2254" /><ent r="3" t="490" w="60" /><ent r="3" t="496" w="67" /><ent r="3" t="496" w="67" /></phr></stem><stem n="extra"><phr n="EXTRA"><ent r="5" t="398" w="971" /><ent r="5" t="398" w="971" /><ent r="5" t="398" w="975" /><ent r="5" t="398" w="975" /><ent r="5" t="398" w="979" /><ent r="5" t="398" w="979" /><ent r="5" t="398" w="983" /><ent r="5" t="398" w="983" /><ent r="5" t="398" w="2180" /><ent r="5" t="398" w="2180" /><ent r="5" t="398" w="2185" /><ent r="5" t="398" w="2185" /><ent r="5" t="398" w="2190" /><ent r="5" t="398" w="2190" /><ent r="5" t="398" w="2195" /><ent r="5" t="398" w="2195" /></phr></stem><stem n="byte1"><phr n="BYTE1"><ent r="5" t="398" w="972" /><ent r="5" t="398" w="2181" /></phr></stem><stem n="byte2"><phr n="BYTE2"><ent r="5" t="398" w="976" /><ent r="5" t="398" w="2186" /></phr></stem><stem n="byte3"><phr n="BYTE3"><ent r="5" t="398" w="980" /><ent r="5" t="398" w="2191" /></phr></stem><stem n="byte4"><phr n="BYTE4"><ent r="5" t="398" w="984" /><ent r="5" t="398" w="2196" /></phr></stem><stem n="7e"><phr n="7E"><ent r="5" t="398" w="1101" /><ent r="5" t="398" w="1101" /><ent r="3" t="482" w="95" /><ent r="3" t="482" w="95" /></phr></stem><stem n="b5"><phr n="B5"><ent r="5" t="398" w="1214" /><ent r="5" t="398" w="1214" /><ent r="5" t="398" w="1233" /><ent r="5" t="398" w="1233" /><ent r="5" t="398" w="1881" /><ent r="5" t="398" w="1881" /><ent r="5" t="398" w="1900" /><ent r="5" t="398" w="1900" /><ent r="5" t="398" w="2039" /><ent r="5" t="398" w="2039" /></phr></stem><stem n="af"><phr n="AF"><ent r="5" t="398" w="1216" /><ent r="5" t="398" w="1216" /><ent r="5" t="398" w="1235" /><ent r="5" t="398" w="1235" /><ent r="5" t="398" w="1883" /><ent r="5" t="398" w="1883" /><ent r="5" t="398" w="1902" /><ent r="5" t="398" w="1902" /><ent r="3" t="398" w="2537" /><ent r="3" t="398" w="2537" /></phr></stem><stem n="c0"><phr n="C0"><ent r="5" t="398" w="1225" /><ent r="5" t="398" w="1225" /><ent r="5" t="398" w="1892" /><ent r="5" t="398" w="1892" /></phr></stem><stem n="06"><phr n="06"><ent r="5" t="398" w="1358" /><ent r="5" t="398" w="1358" /><ent r="5" t="398" w="1432" /><ent r="5" t="398" w="1432" /><ent r="5" t="398" w="2234" /><ent r="5" t="398" w="2234" /><ent r="5" t="398" w="2308" /><ent r="5" t="398" w="2308" /><ent r="3" t="487" w="73" /></phr></stem><stem n="0d"><phr n="0D"><ent r="5" t="398" w="1364" /><ent r="5" t="398" w="1364" /><ent r="5" t="398" w="1481" /><ent r="5" t="398" w="1481" /><ent r="5" t="398" w="2029" /><ent r="5" t="398" w="2029" /><ent r="5" t="398" w="2108" /><ent r="5" t="398" w="2108" /><ent r="5" t="398" w="2240" /><ent r="5" t="398" w="2240" /><ent r="5" t="398" w="2357" /><ent r="5" t="398" w="2357" /><ent r="3" t="398" w="2805" /><ent r="3" t="398" w="2805" /></phr></stem><stem n="mea"><phr n="Meas"><ent r="5" t="398" w="1752" /><ent r="5" t="398" w="1752" /><ent r="3" t="399" w="2970" /><ent r="3" t="399" w="2970" /><ent r="3" t="399" w="2975" /><ent r="3" t="399" w="2975" /></phr><phr n="MEAS"><ent r="7" t="439" w="567" /><ent r="7" t="439" w="567" /><ent r="7" t="439" w="574" /><ent r="7" t="439" w="574" /><ent r="7" t="439" w="586" /><ent r="7" t="439" w="586" /><ent r="7" t="439" w="593" /><ent r="7" t="439" w="593" /></phr></stem><stem n="00000000"><phr n="00000000"><ent r="5" t="398" w="2174" /><ent r="5" t="398" w="2174" /><ent r="3" t="401" w="507" /><ent r="3" t="401" w="507" /><ent r="3" t="401" w="569" /><ent r="3" t="401" w="569" /></phr></stem><stem n="ae"><phr n="AE"><ent r="3" t="398" w="2534" /><ent r="3" t="398" w="2534" /><ent r="3" t="398" w="2556" /><ent r="3" t="398" w="2556" /><ent r="3" t="398" w="2781" /><ent r="3" t="398" w="2781" /><ent r="3" t="398" w="2803" /><ent r="3" t="398" w="2803" /><ent r="3" t="398" w="2931" /><ent r="3" t="398" w="2931" /><ent r="3" t="398" w="2954" /><ent r="3" t="398" w="2954" /></phr><phr n="AES"><ent r="3" t="501" w="236" /><ent r="3" t="501" w="236" /><ent r="3" t="501" w="260" /><ent r="3" t="501" w="260" /></phr></stem><stem n="f2"><phr n="F2"><ent r="3" t="398" w="2563" /><ent r="3" t="398" w="2563" /></phr></stem><stem n="ff"><phr n="FF"><ent r="3" t="398" w="2564" /><ent r="3" t="398" w="2564" /><ent r="3" t="398" w="2565" /><ent r="3" t="398" w="2565" /><ent r="3" t="398" w="2571" /><ent r="3" t="398" w="2571" /><ent r="3" t="485" w="79" /></phr></stem><stem n="fe"><phr n="FE"><ent r="3" t="398" w="2566" /><ent r="3" t="398" w="2566" /></phr></stem><stem n="8a"><phr n="8A"><ent r="3" t="398" w="2580" /><ent r="3" t="398" w="2580" /></phr></stem><stem n="bb"><phr n="BB"><ent r="3" t="398" w="2784" /><ent r="3" t="398" w="2784" /></phr></stem><stem n="e8"><phr n="E8"><ent r="3" t="398" w="2802" /><ent r="3" t="398" w="2802" /><ent r="3" t="398" w="2953" /><ent r="3" t="398" w="2953" /></phr></stem><stem n="3c"><phr n="3C"><ent r="3" t="398" w="2813" /><ent r="3" t="398" w="2813" /><ent r="3" t="398" w="2962" /><ent r="3" t="398" w="2962" /><ent r="3" t="488" w="89" /><ent r="3" t="488" w="89" /></phr></stem><stem n="0x15"><phr n="0x15"><ent r="3" t="398" w="2825" /><ent r="3" t="398" w="2825" /><ent r="3" t="398" w="2845" /><ent r="3" t="398" w="2845" /></phr></stem><stem n="0x1e"><phr n="0x1E"><ent r="3" t="398" w="2833" /><ent r="3" t="398" w="2833" /></phr></stem><stem n="vport"><phr n="VPORTS"><ent r="3" t="398" w="2838" /><ent r="3" t="398" w="2842" /><ent r="3" t="398" w="2842" /><ent r="3" t="398" w="2849" /><ent r="3" t="398" w="2849" /><ent r="3" t="398" w="2856" /><ent r="3" t="398" w="2856" /><ent r="3" t="398" w="2863" /><ent r="3" t="398" w="2863" /></phr></stem><stem n="0x16"><phr n="0x16"><ent r="3" t="398" w="2852" /><ent r="3" t="398" w="2852" /><ent r="3" t="398" w="2998" /><ent r="3" t="398" w="2998" /></phr></stem><stem n="0x17"><phr n="0x17"><ent r="3" t="398" w="2859" /><ent r="3" t="398" w="2859" /></phr></stem><stem n="0x18"><phr n="0x18"><ent r="3" t="398" w="2866" /><ent r="3" t="398" w="2866" /></phr></stem><stem n="0e"><phr n="0E"><ent r="3" t="398" w="2933" /><ent r="3" t="398" w="2933" /></phr></stem><stem n="d4"><phr n="D4"><ent r="3" t="398" w="2935" /><ent r="3" t="398" w="2935" /></phr></stem><stem n="0f"><phr n="0F"><ent r="3" t="398" w="2956" /><ent r="3" t="398" w="2956" /></phr></stem><stem n="9b"><phr n="9B"><ent r="3" t="398" w="2967" /><ent r="3" t="398" w="2967" /></phr></stem><stem n="0b"><phr n="0B"><ent r="3" t="398" w="2975" /><ent r="3" t="398" w="2975" /><ent r="3" t="492" w="42" /><ent r="3" t="492" w="42" /></phr></stem><stem n="2e"><phr n="2E"><ent r="3" t="398" w="2978" /><ent r="3" t="398" w="2978" /><ent r="3" t="398" w="2980" /><ent r="3" t="398" w="2980" /><ent r="3" t="398" w="2983" /><ent r="3" t="398" w="2983" /></phr></stem><stem n="5019"><phr n="5019"><ent r="3" t="398" w="3029" /><ent r="3" t="398" w="3029" /></phr></stem><stem n="235"><phr n="235"><ent r="3" t="398" w="3046" /><ent r="3" t="398" w="3046" /><ent r="3" t="398" w="3068" /></phr></stem><stem n="parser"><phr n="parser"><ent r="3" t="399" w="26" /><ent r="3" t="399" w="3115" /><ent r="3" t="399" w="3176" /><ent r="3" t="399" w="3176" /></phr><phr n="parsers"><ent r="3" t="399" w="439" /><ent r="3" t="399" w="439" /><ent r="3" t="399" w="1194" /><ent r="3" t="399" w="1194" /></phr><phr n="Parser"><ent r="3" t="399" w="3954" /></phr></stem><stem n="consol"><phr n="console"><ent r="3" t="399" w="28" /><ent r="3" t="399" w="28" /></phr></stem><stem n="gnu"><phr n="GNU"><ent r="3" t="399" w="42" /><ent r="3" t="399" w="42" /></phr></stem><stem n="gcc"><phr n="GCC"><ent r="3" t="399" w="45" /></phr></stem><stem n="20120306"><phr n="20120306"><ent r="3" t="399" w="50" /></phr></stem><stem n="fedora"><phr n="Fedora"><ent r="3" t="399" w="59" /><ent r="3" t="399" w="59" /></phr></stem><stem n="vmware"><phr n="VMware"><ent r="3" t="399" w="66" /><ent r="3" t="399" w="66" /></phr></stem><stem n="workstat"><phr n="Workstation"><ent r="3" t="399" w="67" /><ent r="3" t="399" w="67" /></phr></stem><stem n="build-894247"><phr n="build-894247"><ent r="3" t="399" w="74" /></phr></stem><stem n="894247"><phr n="894247"><ent r="3" t="399" w="75" /></phr></stem><stem n="0x40"><phr n="0x40"><ent r="3" t="399" w="145" /><ent r="3" t="399" w="145" /><ent r="3" t="399" w="193" /><ent r="3" t="399" w="3538" /><ent r="3" t="399" w="3910" /><ent r="3" t="399" w="4027" /></phr></stem><stem n="live"><phr n="live"><ent r="3" t="399" w="162" /><ent r="3" t="399" w="162" /></phr></stem><stem n="|"><phr n="|"><ent r="3" t="399" w="167" /></phr></stem><stem n="pipelin"><phr n="pipeline"><ent r="3" t="399" w="168" /></phr></stem><stem n="redirect"><phr n="redirection"><ent r="3" t="399" w="175" /></phr></stem><stem n="gsof-0x40"><phr n="GSOF-0x40"><ent r="3" t="399" w="192" /><ent r="3" t="399" w="192" /></phr></stem><stem n="routin"><phr n="routines"><ent r="3" t="399" w="234" /><ent r="3" t="399" w="234" /><ent r="3" t="399" w="242" /><ent r="3" t="399" w="242" /><ent r="82" t="399" w="429" /><ent r="82" t="399" w="429" /><ent r="3" t="399" w="438" /><ent r="3" t="399" w="438" /><ent r="3" t="399" w="634" /><ent r="3" t="399" w="634" /><ent r="3" t="399" w="773" /><ent r="3" t="399" w="773" /><ent r="3" t="399" w="911" /><ent r="3" t="399" w="911" /><ent r="3" t="399" w="1074" /><ent r="3" t="399" w="1074" /><ent r="3" t="399" w="1191" /><ent r="3" t="399" w="1191" /></phr><phr n="routine"><ent r="3" t="399" w="3076" /><ent r="3" t="399" w="3076" /></phr></stem><stem n="postgsofdata"><phr n="postGsofData"><ent r="3" t="399" w="265" /><ent r="3" t="399" w="3520" /><ent r="3" t="399" w="3786" /><ent r="3" t="399" w="4029" /></phr></stem><stem n="processgsofdata"><phr n="processGsofData"><ent r="3" t="399" w="287" /><ent r="3" t="399" w="3038" /><ent r="3" t="399" w="3511" /><ent r="3" t="399" w="3782" /></phr></stem><stem n="stdinput"><phr n="Stdinput"><ent r="3" t="399" w="335" /><ent r="3" t="399" w="335" /></phr></stem><stem n="eof"><phr n="EOF"><ent r="3" t="399" w="340" /><ent r="3" t="399" w="3866" /></phr></stem><stem n="gc"><phr n="gc"><ent r="3" t="399" w="342" /><ent r="67" t="399" w="529" /><ent r="72" t="399" w="3791" /><ent r="3" t="399" w="3795" /><ent r="3" t="399" w="3882" /><ent r="3" t="399" w="3962" /><ent r="3" t="399" w="3970" /><ent r="3" t="399" w="3973" /><ent r="3" t="399" w="3976" /><ent r="3" t="399" w="3988" /><ent r="3" t="399" w="3991" /><ent r="3" t="399" w="3994" /></phr></stem><stem n="sophist"><phr n="sophisticated"><ent r="3" t="399" w="367" /><ent r="3" t="399" w="367" /></phr></stem><stem n="getu32"><phr n="GetU32"><ent r="67" t="399" w="486" /><ent r="67" t="399" w="486" /><ent r="72" t="399" w="619" /><ent r="72" t="399" w="619" /></phr><phr n="getU32"><ent r="3" t="399" w="624" /><ent r="3" t="399" w="756" /><ent r="3" t="399" w="1274" /><ent r="3" t="399" w="1678" /><ent r="3" t="399" w="2416" /><ent r="3" t="399" w="2833" /><ent r="3" t="399" w="2837" /><ent r="3" t="399" w="2841" /><ent r="3" t="399" w="2845" /><ent r="3" t="399" w="2849" /><ent r="3" t="399" w="2853" /></phr></stem><stem n="getfloat"><phr n="GetFloat"><ent r="67" t="399" w="497" /><ent r="67" t="399" w="497" /><ent r="72" t="399" w="759" /><ent r="72" t="399" w="759" /></phr><phr n="getFloat"><ent r="3" t="399" w="763" /><ent r="3" t="399" w="894" /><ent r="3" t="399" w="1612" /><ent r="3" t="399" w="1616" /><ent r="3" t="399" w="1623" /><ent r="3" t="399" w="1756" /><ent r="3" t="399" w="1760" /><ent r="3" t="399" w="1764" /><ent r="3" t="399" w="1768" /><ent r="3" t="399" w="2560" /><ent r="3" t="399" w="2564" /><ent r="3" t="399" w="2568" /><ent r="3" t="399" w="2580" /><ent r="3" t="399" w="2584" /><ent r="3" t="399" w="2588" /><ent r="3" t="399" w="2601" /><ent r="3" t="399" w="2787" /><ent r="3" t="399" w="2795" /><ent r="3" t="399" w="2814" /><ent r="3" t="399" w="2818" /><ent r="3" t="399" w="2825" /><ent r="3" t="399" w="2829" /></phr></stem><stem n="getdoubl"><phr n="GetDouble"><ent r="67" t="399" w="509" /><ent r="67" t="399" w="509" /><ent r="72" t="399" w="897" /><ent r="72" t="399" w="897" /></phr><phr n="getDouble"><ent r="3" t="399" w="901" /><ent r="3" t="399" w="1056" /><ent r="3" t="399" w="1356" /><ent r="3" t="399" w="1363" /><ent r="3" t="399" w="1370" /><ent r="3" t="399" w="1425" /><ent r="3" t="399" w="1429" /><ent r="3" t="399" w="1433" /><ent r="3" t="399" w="1486" /><ent r="3" t="399" w="1490" /><ent r="3" t="399" w="1494" /><ent r="3" t="399" w="1545" /><ent r="3" t="399" w="1549" /><ent r="3" t="399" w="1553" /><ent r="3" t="399" w="2434" /><ent r="3" t="399" w="2441" /><ent r="3" t="399" w="2448" /><ent r="3" t="399" w="2455" /><ent r="3" t="399" w="2866" /></phr></stem><stem n="post"><phr n="Post"><ent r="67" t="399" w="515" /><ent r="67" t="399" w="515" /><ent r="72" t="399" w="3514" /><ent r="72" t="399" w="3514" /></phr></stem><stem n="getu16"><phr n="GetU16"><ent r="67" t="399" w="520" /><ent r="67" t="399" w="520" /><ent r="72" t="399" w="1059" /><ent r="72" t="399" w="1059" /></phr><phr n="getU16"><ent r="3" t="399" w="1064" /><ent r="3" t="399" w="1184" /><ent r="3" t="399" w="1278" /><ent r="3" t="399" w="1683" /><ent r="3" t="399" w="1688" /><ent r="3" t="399" w="2096" /><ent r="3" t="399" w="2305" /><ent r="3" t="399" w="2460" /><ent r="3" t="399" w="2791" /></phr></stem><stem n="&lt;stdio"><phr n="&lt;stdio"><ent r="3" t="399" w="554" /></phr></stem><stem n="h&gt;"><phr n="h&gt;"><ent r="3" t="399" w="555" /><ent r="3" t="399" w="555" /><ent r="3" t="399" w="559" /><ent r="3" t="399" w="559" /><ent r="3" t="399" w="563" /><ent r="3" t="399" w="563" /></phr></stem><stem n="&lt;unistd"><phr n="&lt;unistd"><ent r="3" t="399" w="558" /></phr></stem><stem n="&lt;string"><phr n="&lt;string"><ent r="3" t="399" w="562" /></phr></stem><stem n="14159265358979"><phr n="14159265358979"><ent r="3" t="399" w="568" /></phr></stem><stem n="typedef"><phr n="typedef"><ent r="3" t="399" w="572" /><ent r="3" t="399" w="572" /><ent r="3" t="399" w="577" /><ent r="3" t="399" w="577" /><ent r="3" t="399" w="582" /><ent r="3" t="399" w="582" /><ent r="3" t="399" w="587" /><ent r="3" t="399" w="587" /></phr></stem><stem n="u32"><phr n="U32"><ent r="3" t="399" w="575" /><ent r="3" t="399" w="575" /><ent r="3" t="399" w="645" /><ent r="3" t="399" w="1676" /><ent r="3" t="399" w="1676" /></phr></stem><stem n="u16"><phr n="U16"><ent r="3" t="399" w="580" /><ent r="3" t="399" w="580" /><ent r="3" t="399" w="1085" /><ent r="3" t="399" w="1681" /><ent r="3" t="399" w="1681" /></phr></stem><stem n="s16"><phr n="S16"><ent r="3" t="399" w="585" /><ent r="3" t="399" w="585" /><ent r="3" t="399" w="1686" /><ent r="3" t="399" w="1686" /></phr></stem><stem n="u8"><phr n="U8"><ent r="3" t="399" w="590" /><ent r="3" t="399" w="590" /><ent r="3" t="399" w="1691" /><ent r="3" t="399" w="1691" /></phr></stem><stem n="gsofdata"><phr n="gsofData"><ent r="3" t="399" w="612" /><ent r="3" t="399" w="3062" /><ent r="3" t="399" w="3062" /><ent r="3" t="399" w="3146" /><ent r="3" t="399" w="3146" /><ent r="3" t="399" w="3151" /><ent r="3" t="399" w="3151" /><ent r="3" t="399" w="3615" /><ent r="3" t="399" w="3760" /></phr></stem><stem n="2048"><phr n="2048"><ent r="3" t="399" w="613" /></phr></stem><stem n="gsofdataindex"><phr n="gsofDataIndex"><ent r="3" t="399" w="616" /><ent r="3" t="399" w="616" /><ent r="3" t="399" w="3072" /><ent r="3" t="399" w="3153" /><ent r="3" t="399" w="3153" /><ent r="3" t="399" w="3626" /><ent r="3" t="399" w="3651" /><ent r="3" t="399" w="3651" /><ent r="3" t="399" w="3737" /><ent r="3" t="399" w="3737" /></phr></stem><stem n="ppdata"><phr n="ppData"><ent r="3" t="399" w="627" /><ent r="3" t="399" w="627" /><ent r="3" t="399" w="647" /><ent r="3" t="399" w="647" /><ent r="3" t="399" w="668" /><ent r="3" t="399" w="668" /><ent r="3" t="399" w="732" /><ent r="3" t="399" w="738" /><ent r="3" t="399" w="744" /><ent r="3" t="399" w="748" /><ent r="3" t="399" w="766" /><ent r="3" t="399" w="766" /><ent r="3" t="399" w="786" /><ent r="3" t="399" w="786" /><ent r="3" t="399" w="807" /><ent r="3" t="399" w="807" /><ent r="3" t="399" w="870" /><ent r="3" t="399" w="876" /><ent r="3" t="399" w="882" /><ent r="3" t="399" w="886" /><ent r="3" t="399" w="904" /><ent r="3" t="399" w="904" /><ent r="3" t="399" w="924" /><ent r="3" t="399" w="924" /><ent r="3" t="399" w="945" /><ent r="3" t="399" w="945" /><ent r="3" t="399" w="1008" /><ent r="3" t="399" w="1014" /><ent r="3" t="399" w="1020" /><ent r="3" t="399" w="1026" /><ent r="3" t="399" w="1032" /><ent r="3" t="399" w="1038" /><ent r="3" t="399" w="1044" /><ent r="3" t="399" w="1048" /><ent r="3" t="399" w="1067" /><ent r="3" t="399" w="1067" /><ent r="3" t="399" w="1087" /><ent r="3" t="399" w="1087" /><ent r="3" t="399" w="1108" /><ent r="3" t="399" w="1108" /><ent r="3" t="399" w="1172" /><ent r="3" t="399" w="1176" /></phr></stem><stem n="grab"><phr n="grab"><ent r="3" t="399" w="636" /><ent r="3" t="399" w="636" /><ent r="3" t="399" w="775" /><ent r="3" t="399" w="775" /><ent r="3" t="399" w="913" /><ent r="3" t="399" w="913" /><ent r="3" t="399" w="1076" /><ent r="3" t="399" w="1076" /></phr></stem><stem n="pack"><phr n="pack"><ent r="3" t="399" w="640" /><ent r="3" t="399" w="640" /><ent r="3" t="399" w="779" /><ent r="3" t="399" w="779" /><ent r="3" t="399" w="917" /><ent r="3" t="399" w="917" /><ent r="3" t="399" w="1080" /><ent r="3" t="399" w="1080" /></phr></stem><stem n="fed"><phr n="Fed"><ent r="3" t="399" w="646" /><ent r="3" t="399" w="646" /><ent r="3" t="399" w="785" /><ent r="3" t="399" w="785" /><ent r="3" t="399" w="923" /><ent r="3" t="399" w="923" /><ent r="3" t="399" w="1086" /><ent r="3" t="399" w="1086" /></phr></stem><stem n="pointer"><phr n="pointer"><ent r="3" t="399" w="651" /><ent r="3" t="399" w="651" /><ent r="3" t="399" w="654" /><ent r="3" t="399" w="654" /><ent r="3" t="399" w="664" /><ent r="3" t="399" w="664" /><ent r="3" t="399" w="790" /><ent r="3" t="399" w="790" /><ent r="3" t="399" w="793" /><ent r="3" t="399" w="793" /><ent r="3" t="399" w="803" /><ent r="3" t="399" w="803" /><ent r="3" t="399" w="928" /><ent r="3" t="399" w="928" /><ent r="3" t="399" w="931" /><ent r="3" t="399" w="931" /><ent r="3" t="399" w="941" /><ent r="3" t="399" w="941" /><ent r="3" t="399" w="1091" /><ent r="3" t="399" w="1091" /><ent r="3" t="399" w="1094" /><ent r="3" t="399" w="1094" /><ent r="3" t="399" w="1104" /><ent r="3" t="399" w="1104" /><ent r="3" t="399" w="1216" /><ent r="3" t="399" w="1216" /></phr></stem><stem n="little-endian"><phr n="little-endian"><ent r="3" t="399" w="683" /><ent r="3" t="399" w="683" /><ent r="3" t="399" w="822" /><ent r="3" t="399" w="822" /><ent r="3" t="399" w="960" /><ent r="3" t="399" w="960" /><ent r="3" t="399" w="1123" /><ent r="3" t="399" w="1123" /></phr></stem><stem n="pentium"><phr n="Pentiums"><ent r="3" t="399" w="687" /><ent r="3" t="399" w="826" /><ent r="3" t="399" w="964" /><ent r="3" t="399" w="1127" /></phr></stem><stem n="rewritten"><phr n="rewritten"><ent r="3" t="399" w="705" /><ent r="3" t="399" w="705" /><ent r="3" t="399" w="844" /><ent r="3" t="399" w="844" /><ent r="3" t="399" w="982" /><ent r="3" t="399" w="982" /><ent r="3" t="399" w="1145" /><ent r="3" t="399" w="1145" /></phr></stem><stem n="powerpc"><phr n="PowerPCs"><ent r="3" t="399" w="711" /><ent r="3" t="399" w="850" /><ent r="3" t="399" w="988" /><ent r="3" t="399" w="1151" /></phr></stem><stem n="retvalu"><phr n="retValue"><ent r="3" t="399" w="716" /><ent r="3" t="399" w="716" /><ent r="3" t="399" w="725" /><ent r="3" t="399" w="752" /><ent r="3" t="399" w="752" /><ent r="3" t="399" w="854" /><ent r="3" t="399" w="854" /><ent r="3" t="399" w="863" /><ent r="3" t="399" w="890" /><ent r="3" t="399" w="890" /><ent r="3" t="399" w="992" /><ent r="3" t="399" w="992" /><ent r="3" t="399" w="1001" /><ent r="3" t="399" w="1052" /><ent r="3" t="399" w="1052" /><ent r="3" t="399" w="1156" /><ent r="3" t="399" w="1156" /><ent r="3" t="399" w="1165" /><ent r="3" t="399" w="1180" /><ent r="3" t="399" w="1180" /></phr></stem><stem n="pbyte"><phr n="pBytes"><ent r="3" t="399" w="720" /><ent r="3" t="399" w="720" /><ent r="3" t="399" w="722" /><ent r="3" t="399" w="722" /><ent r="3" t="399" w="729" /><ent r="3" t="399" w="735" /><ent r="3" t="399" w="741" /><ent r="3" t="399" w="747" /><ent r="3" t="399" w="747" /><ent r="3" t="399" w="858" /><ent r="3" t="399" w="858" /><ent r="3" t="399" w="860" /><ent r="3" t="399" w="860" /><ent r="3" t="399" w="867" /><ent r="3" t="399" w="873" /><ent r="3" t="399" w="879" /><ent r="3" t="399" w="885" /><ent r="3" t="399" w="885" /><ent r="3" t="399" w="996" /><ent r="3" t="399" w="996" /><ent r="3" t="399" w="998" /><ent r="3" t="399" w="998" /><ent r="3" t="399" w="1005" /><ent r="3" t="399" w="1011" /><ent r="3" t="399" w="1017" /><ent r="3" t="399" w="1023" /><ent r="3" t="399" w="1029" /><ent r="3" t="399" w="1035" /><ent r="3" t="399" w="1041" /><ent r="3" t="399" w="1047" /><ent r="3" t="399" w="1047" /><ent r="3" t="399" w="1160" /><ent r="3" t="399" w="1160" /><ent r="3" t="399" w="1162" /><ent r="3" t="399" w="1162" /><ent r="3" t="399" w="1169" /><ent r="3" t="399" w="1175" /><ent r="3" t="399" w="1175" /></phr></stem><stem n="pbytes--"><phr n="pBytes--"><ent r="3" t="399" w="729" /><ent r="3" t="399" w="729" /><ent r="3" t="399" w="735" /><ent r="3" t="399" w="735" /><ent r="3" t="399" w="741" /><ent r="3" t="399" w="741" /><ent r="3" t="399" w="867" /><ent r="3" t="399" w="867" /><ent r="3" t="399" w="873" /><ent r="3" t="399" w="873" /><ent r="3" t="399" w="879" /><ent r="3" t="399" w="879" /><ent r="3" t="399" w="1005" /><ent r="3" t="399" w="1005" /><ent r="3" t="399" w="1011" /><ent r="3" t="399" w="1011" /><ent r="3" t="399" w="1017" /><ent r="3" t="399" w="1017" /><ent r="3" t="399" w="1023" /><ent r="3" t="399" w="1023" /><ent r="3" t="399" w="1029" /><ent r="3" t="399" w="1029" /><ent r="3" t="399" w="1035" /><ent r="3" t="399" w="1035" /><ent r="3" t="399" w="1041" /><ent r="3" t="399" w="1041" /><ent r="3" t="399" w="1169" /><ent r="3" t="399" w="1169" /></phr></stem><stem n="pbytes-"><phr n="pBytes-"><ent r="3" t="399" w="729" /><ent r="3" t="399" w="735" /><ent r="3" t="399" w="741" /><ent r="3" t="399" w="867" /><ent r="3" t="399" w="873" /><ent r="3" t="399" w="879" /><ent r="3" t="399" w="1005" /><ent r="3" t="399" w="1011" /><ent r="3" t="399" w="1017" /><ent r="3" t="399" w="1023" /><ent r="3" t="399" w="1029" /><ent r="3" t="399" w="1035" /><ent r="3" t="399" w="1041" /><ent r="3" t="399" w="1169" /></phr></stem><stem n="++"><phr n="++"><ent r="3" t="399" w="733" /><ent r="3" t="399" w="733" /><ent r="3" t="399" w="739" /><ent r="3" t="399" w="739" /><ent r="3" t="399" w="745" /><ent r="3" t="399" w="745" /><ent r="3" t="399" w="749" /><ent r="3" t="399" w="749" /><ent r="3" t="399" w="871" /><ent r="3" t="399" w="871" /><ent r="3" t="399" w="877" /><ent r="3" t="399" w="877" /><ent r="3" t="399" w="883" /><ent r="3" t="399" w="883" /><ent r="3" t="399" w="887" /><ent r="3" t="399" w="887" /><ent r="3" t="399" w="1009" /><ent r="3" t="399" w="1009" /><ent r="3" t="399" w="1015" /><ent r="3" t="399" w="1015" /><ent r="3" t="399" w="1021" /><ent r="3" t="399" w="1021" /><ent r="3" t="399" w="1027" /><ent r="3" t="399" w="1027" /><ent r="3" t="399" w="1033" /><ent r="3" t="399" w="1033" /><ent r="3" t="399" w="1039" /><ent r="3" t="399" w="1039" /><ent r="3" t="399" w="1045" /><ent r="3" t="399" w="1045" /><ent r="3" t="399" w="1049" /><ent r="3" t="399" w="1049" /><ent r="3" t="399" w="1173" /><ent r="3" t="399" w="1173" /><ent r="3" t="399" w="1177" /><ent r="3" t="399" w="1177" /></phr></stem><stem n="void"><phr n="void"><ent r="3" t="399" w="1234" /><ent r="3" t="399" w="1234" /><ent r="3" t="399" w="1331" /><ent r="3" t="399" w="1331" /><ent r="3" t="399" w="1400" /><ent r="3" t="399" w="1400" /><ent r="3" t="399" w="1460" /><ent r="3" t="399" w="1460" /><ent r="3" t="399" w="1518" /><ent r="3" t="399" w="1518" /><ent r="3" t="399" w="1576" /><ent r="3" t="399" w="1576" /><ent r="3" t="399" w="1655" /><ent r="3" t="399" w="1655" /><ent r="3" t="399" w="1723" /><ent r="3" t="399" w="1723" /><ent r="3" t="399" w="1800" /><ent r="3" t="399" w="1800" /><ent r="3" t="399" w="1887" /><ent r="3" t="399" w="1887" /><ent r="3" t="399" w="2012" /><ent r="3" t="399" w="2012" /><ent r="3" t="399" w="2226" /><ent r="3" t="399" w="2226" /><ent r="3" t="399" w="2363" /><ent r="3" t="399" w="2363" /><ent r="3" t="399" w="2670" /><ent r="3" t="399" w="2670" /><ent r="3" t="399" w="3037" /><ent r="3" t="399" w="3037" /><ent r="3" t="399" w="3039" /><ent r="3" t="399" w="3039" /><ent r="3" t="399" w="3519" /><ent r="3" t="399" w="3519" /><ent r="3" t="399" w="3796" /><ent r="3" t="399" w="3796" /><ent r="7" t="494" w="95" /><ent r="7" t="494" w="95" /></phr></stem><stem n="processpositiontim"><phr n="processPositionTime"><ent r="3" t="399" w="1235" /><ent r="3" t="399" w="1323" /><ent r="3" t="399" w="3186" /></phr></stem><stem n="pdata"><phr n="pData"><ent r="3" t="399" w="1240" /><ent r="3" t="399" w="1240" /><ent r="3" t="399" w="1275" /><ent r="3" t="399" w="1275" /><ent r="3" t="399" w="1279" /><ent r="3" t="399" w="1279" /><ent r="3" t="399" w="1337" /><ent r="3" t="399" w="1337" /><ent r="3" t="399" w="1357" /><ent r="3" t="399" w="1357" /><ent r="3" t="399" w="1364" /><ent r="3" t="399" w="1364" /><ent r="3" t="399" w="1371" /><ent r="3" t="399" w="1371" /><ent r="3" t="399" w="1406" /><ent r="3" t="399" w="1406" /><ent r="3" t="399" w="1426" /><ent r="3" t="399" w="1426" /><ent r="3" t="399" w="1430" /><ent r="3" t="399" w="1430" /><ent r="3" t="399" w="1434" /><ent r="3" t="399" w="1434" /><ent r="3" t="399" w="1466" /><ent r="3" t="399" w="1466" /><ent r="3" t="399" w="1487" /><ent r="3" t="399" w="1487" /><ent r="3" t="399" w="1491" /><ent r="3" t="399" w="1491" /><ent r="3" t="399" w="1495" /><ent r="3" t="399" w="1495" /><ent r="3" t="399" w="1524" /><ent r="3" t="399" w="1524" /><ent r="3" t="399" w="1546" /><ent r="3" t="399" w="1546" /><ent r="3" t="399" w="1550" /><ent r="3" t="399" w="1550" /><ent r="3" t="399" w="1554" /><ent r="3" t="399" w="1554" /><ent r="3" t="399" w="1582" /><ent r="3" t="399" w="1582" /><ent r="3" t="399" w="1613" /><ent r="3" t="399" w="1613" /><ent r="3" t="399" w="1617" /><ent r="3" t="399" w="1617" /><ent r="3" t="399" w="1624" /><ent r="3" t="399" w="1624" /><ent r="3" t="399" w="1661" /><ent r="3" t="399" w="1661" /><ent r="3" t="399" w="1679" /><ent r="3" t="399" w="1679" /><ent r="3" t="399" w="1684" /><ent r="3" t="399" w="1684" /><ent r="3" t="399" w="1689" /><ent r="3" t="399" w="1689" /><ent r="3" t="399" w="1729" /><ent r="3" t="399" w="1729" /><ent r="3" t="399" w="1757" /><ent r="3" t="399" w="1757" /><ent r="3" t="399" w="1761" /><ent r="3" t="399" w="1761" /><ent r="3" t="399" w="1765" /><ent r="3" t="399" w="1765" /><ent r="3" t="399" w="1769" /><ent r="3" t="399" w="1769" /><ent r="3" t="399" w="1806" /><ent r="3" t="399" w="1806" /><ent r="3" t="399" w="1893" /><ent r="3" t="399" w="1893" /><ent r="3" t="399" w="2018" /><ent r="3" t="399" w="2018" /><ent r="3" t="399" w="2097" /><ent r="3" t="399" w="2097" /><ent r="3" t="399" w="2232" /><ent r="3" t="399" w="2232" /><ent r="3" t="399" w="2306" /><ent r="3" t="399" w="2306" /><ent r="3" t="399" w="2369" /><ent r="3" t="399" w="2369" /><ent r="3" t="399" w="2417" /><ent r="3" t="399" w="2417" /><ent r="3" t="399" w="2435" /><ent r="3" t="399" w="2435" /><ent r="3" t="399" w="2442" /><ent r="3" t="399" w="2442" /><ent r="3" t="399" w="2449" /><ent r="3" t="399" w="2449" /><ent r="3" t="399" w="2456" /><ent r="3" t="399" w="2456" /><ent r="3" t="399" w="2461" /><ent r="3" t="399" w="2461" /><ent r="3" t="399" w="2561" /><ent r="3" t="399" w="2561" /><ent r="3" t="399" w="2565" /><ent r="3" t="399" w="2565" /><ent r="3" t="399" w="2569" /><ent r="3" t="399" w="2569" /><ent r="3" t="399" w="2581" /><ent r="3" t="399" w="2581" /><ent r="3" t="399" w="2585" /><ent r="3" t="399" w="2585" /><ent r="3" t="399" w="2589" /><ent r="3" t="399" w="2589" /><ent r="3" t="399" w="2602" /><ent r="3" t="399" w="2602" /><ent r="3" t="399" w="2676" /><ent r="3" t="399" w="2676" /><ent r="3" t="399" w="2779" /><ent r="3" t="399" w="2782" /><ent r="3" t="399" w="2782" /><ent r="3" t="399" w="2788" /><ent r="3" t="399" w="2788" /><ent r="3" t="399" w="2792" /><ent r="3" t="399" w="2792" /><ent r="3" t="399" w="2796" /><ent r="3" t="399" w="2796" /><ent r="3" t="399" w="2815" /><ent r="3" t="399" w="2815" /><ent r="3" t="399" w="2819" /><ent r="3" t="399" w="2819" /><ent r="3" t="399" w="2826" /><ent r="3" t="399" w="2826" /><ent r="3" t="399" w="2830" /><ent r="3" t="399" w="2830" /><ent r="3" t="399" w="2834" /><ent r="3" t="399" w="2834" /><ent r="3" t="399" w="2838" /><ent r="3" t="399" w="2838" /><ent r="3" t="399" w="2842" /><ent r="3" t="399" w="2842" /><ent r="3" t="399" w="2846" /><ent r="3" t="399" w="2846" /><ent r="3" t="399" w="2850" /><ent r="3" t="399" w="2850" /><ent r="3" t="399" w="2854" /><ent r="3" t="399" w="2854" /><ent r="3" t="399" w="2867" /><ent r="3" t="399" w="2867" /><ent r="3" t="399" w="3138" /><ent r="3" t="399" w="3138" /><ent r="3" t="399" w="3145" /><ent r="3" t="399" w="3145" /><ent r="3" t="399" w="3149" /><ent r="3" t="399" w="3149" /><ent r="3" t="399" w="3188" /><ent r="3" t="399" w="3188" /><ent r="3" t="399" w="3190" /><ent r="3" t="399" w="3190" /><ent r="3" t="399" w="3204" /><ent r="3" t="399" w="3204" /><ent r="3" t="399" w="3206" /><ent r="3" t="399" w="3206" /><ent r="3" t="399" w="3220" /><ent r="3" t="399" w="3220" /><ent r="3" t="399" w="3222" /><ent r="3" t="399" w="3222" /><ent r="3" t="399" w="3236" /><ent r="3" t="399" w="3236" /><ent r="3" t="399" w="3238" /><ent r="3" t="399" w="3238" /><ent r="3" t="399" w="3252" /><ent r="3" t="399" w="3252" /><ent r="3" t="399" w="3254" /><ent r="3" t="399" w="3254" /><ent r="3" t="399" w="3268" /><ent r="3" t="399" w="3268" /><ent r="3" t="399" w="3270" /><ent r="3" t="399" w="3270" /><ent r="3" t="399" w="3284" /><ent r="3" t="399" w="3284" /><ent r="3" t="399" w="3286" /><ent r="3" t="399" w="3286" /><ent r="3" t="399" w="3300" /><ent r="3" t="399" w="3300" /><ent r="3" t="399" w="3302" /><ent r="3" t="399" w="3302" /><ent r="3" t="399" w="3316" /><ent r="3" t="399" w="3316" /><ent r="3" t="399" w="3318" /><ent r="3" t="399" w="3318" /><ent r="3" t="399" w="3332" /><ent r="3" t="399" w="3332" /><ent r="3" t="399" w="3334" /><ent r="3" t="399" w="3334" /><ent r="3" t="399" w="3348" /><ent r="3" t="399" w="3348" /><ent r="3" t="399" w="3350" /><ent r="3" t="399" w="3350" /><ent r="3" t="399" w="3364" /><ent r="3" t="399" w="3364" /><ent r="3" t="399" w="3366" /><ent r="3" t="399" w="3366" /><ent r="3" t="399" w="3380" /><ent r="3" t="399" w="3380" /><ent r="3" t="399" w="3382" /><ent r="3" t="399" w="3382" /><ent r="3" t="399" w="3396" /><ent r="3" t="399" w="3396" /><ent r="3" t="399" w="3398" /><ent r="3" t="399" w="3398" /><ent r="3" t="399" w="3412" /><ent r="3" t="399" w="3412" /><ent r="3" t="399" w="3414" /><ent r="3" t="399" w="3414" /><ent r="3" t="399" w="3428" /><ent r="3" t="399" w="3428" /><ent r="3" t="399" w="3430" /><ent r="3" t="399" w="3430" /><ent r="3" t="399" w="3523" /></phr></stem></index>