<?xml version="1.0" encoding="utf-8"?><index><!-- saved from url=(0016)http://localhost -->
<stem n="-16"><phr n="-16"><ent r="7" t="35" w="121" /><ent r="7" t="87" w="121" /><ent r="7" t="117" w="121" /><ent r="7" t="140" w="126" /><ent r="7" t="191" w="121" /></phr></stem><stem n="10+20"><phr n="10+20"><ent r="7" t="35" w="125" /><ent r="7" t="87" w="125" /><ent r="7" t="117" w="125" /><ent r="7" t="140" w="130" /><ent r="7" t="191" w="125" /></phr></stem><stem n="log"><phr n="LOG"><ent r="7" t="35" w="126" /><ent r="7" t="35" w="126" /><ent r="6" t="35" w="182" /><ent r="6" t="35" w="182" /><ent r="6" t="35" w="208" /><ent r="6" t="35" w="208" /><ent r="7" t="87" w="126" /><ent r="7" t="87" w="126" /><ent r="6" t="87" w="182" /><ent r="6" t="87" w="182" /><ent r="6" t="87" w="208" /><ent r="6" t="87" w="208" /><ent r="7" t="117" w="126" /><ent r="7" t="117" w="126" /><ent r="6" t="117" w="182" /><ent r="6" t="117" w="182" /><ent r="6" t="117" w="208" /><ent r="6" t="117" w="208" /><ent r="7" t="140" w="131" /><ent r="7" t="140" w="131" /><ent r="7" t="140" w="188" /><ent r="7" t="140" w="188" /><ent r="7" t="140" w="215" /><ent r="7" t="140" w="215" /><ent r="7" t="191" w="126" /><ent r="7" t="191" w="126" /><ent r="6" t="191" w="182" /><ent r="6" t="191" w="182" /><ent r="6" t="191" w="208" /><ent r="6" t="191" w="208" /><ent r="7" t="385" w="301" /></phr><phr n="logged"><ent r="3" t="240" w="234" /><ent r="3" t="249" w="85" /><ent r="3" t="249" w="85" /><ent r="3" t="252" w="105" /><ent r="3" t="252" w="105" /><ent r="3" t="252" w="154" /><ent r="3" t="252" w="154" /><ent r="3" t="252" w="233" /><ent r="3" t="252" w="233" /><ent r="3" t="252" w="235" /><ent r="3" t="252" w="235" /><ent r="5" t="252" w="516" /><ent r="5" t="252" w="516" /><ent r="3" t="253" w="121" /><ent r="3" t="253" w="121" /><ent r="3" t="253" w="174" /><ent r="3" t="253" w="174" /><ent r="3" t="253" w="259" /><ent r="3" t="253" w="259" /><ent r="3" t="253" w="261" /><ent r="3" t="253" w="261" /><ent r="5" t="254" w="229" /><ent r="5" t="254" w="229" /><ent r="3" t="272" w="51" /><ent r="3" t="272" w="51" /><ent r="4" t="401" w="333" /><ent r="3" t="421" w="308" /><ent r="3" t="421" w="308" /><ent r="3" t="422" w="294" /><ent r="3" t="422" w="294" /><ent r="3" t="422" w="304" /><ent r="3" t="422" w="304" /><ent r="3" t="422" w="370" /><ent r="3" t="422" w="370" /><ent r="3" t="422" w="387" /><ent r="5" t="422" w="1134" /><ent r="5" t="422" w="1134" /><ent r="5" t="422" w="1189" /><ent r="5" t="422" w="1189" /><ent r="3" t="423" w="55" /><ent r="3" t="423" w="55" /><ent r="3" t="423" w="325" /><ent r="3" t="427" w="16" /><ent r="3" t="427" w="16" /><ent r="3" t="427" w="31" /><ent r="3" t="427" w="31" /><ent r="5" t="427" w="672" /><ent r="5" t="427" w="672" /><ent r="3" t="428" w="39" /><ent r="3" t="428" w="39" /><ent r="3" t="428" w="77" /><ent r="3" t="428" w="77" /></phr><phr n="Logging"><ent r="4" t="240" w="769" /><ent r="4" t="240" w="769" /><ent r="3" t="241" w="148" /><ent r="3" t="241" w="148" /><ent r="3" t="286" w="309" /><ent r="3" t="286" w="309" /><ent r="72" t="401" w="411" /><ent r="72" t="401" w="411" /><ent r="1000" t="421" w="2" /><ent r="1000" t="421" w="2" /><ent r="82" t="421" w="7" /><ent r="82" t="421" w="7" /><ent r="1000" t="422" w="2" /><ent r="1000" t="422" w="2" /><ent r="72" t="422" w="6" /><ent r="72" t="422" w="6" /><ent r="5" t="422" w="89" /><ent r="5" t="422" w="89" /><ent r="5" t="422" w="110" /><ent r="5" t="422" w="110" /><ent r="5" t="422" w="132" /><ent r="5" t="422" w="132" /><ent r="5" t="422" w="149" /><ent r="5" t="422" w="149" /><ent r="5" t="422" w="173" /><ent r="5" t="422" w="173" /><ent r="1000" t="423" w="2" /><ent r="1000" t="423" w="2" /><ent r="82" t="423" w="6" /><ent r="82" t="423" w="6" /><ent r="4" t="423" w="138" /><ent r="4" t="423" w="138" /><ent r="64" t="423" w="364" /><ent r="64" t="423" w="364" /><ent r="1000" t="427" w="2" /><ent r="1000" t="427" w="2" /><ent r="82" t="427" w="7" /><ent r="82" t="427" w="7" /><ent r="66" t="427" w="682" /><ent r="66" t="427" w="682" /><ent r="4" t="427" w="736" /><ent r="4" t="427" w="736" /><ent r="1000" t="428" w="2" /><ent r="1000" t="428" w="2" /><ent r="82" t="428" w="8" /><ent r="82" t="428" w="8" /><ent r="1000" t="466" w="2" /><ent r="1000" t="466" w="2" /><ent r="92" t="466" w="6" /><ent r="92" t="466" w="6" /><ent r="3" t="498" w="66" /><ent r="3" t="498" w="66" /></phr><phr n="logging"><ent r="3" t="240" w="776" /><ent r="3" t="240" w="776" /><ent r="3" t="268" w="94" /><ent r="3" t="268" w="94" /><ent r="5" t="301" w="47" /><ent r="5" t="301" w="47" /><ent r="5" t="301" w="87" /><ent r="5" t="301" w="87" /><ent r="3" t="402" w="924" /><ent r="3" t="402" w="924" /><ent r="3" t="402" w="975" /><ent r="3" t="402" w="975" /><ent r="3" t="404" w="1548" /><ent r="3" t="404" w="1548" /><ent r="3" t="422" w="16" /><ent r="3" t="422" w="16" /><ent r="5" t="422" w="185" /><ent r="5" t="422" w="185" /><ent r="3" t="422" w="245" /><ent r="3" t="422" w="272" /><ent r="3" t="422" w="272" /><ent r="4" t="422" w="799" /><ent r="4" t="422" w="799" /><ent r="4" t="422" w="881" /><ent r="4" t="422" w="881" /><ent r="4" t="422" w="966" /><ent r="4" t="422" w="966" /><ent r="4" t="422" w="1046" /><ent r="4" t="422" w="1046" /><ent r="3" t="423" w="10" /><ent r="3" t="423" w="10" /><ent r="3" t="423" w="38" /><ent r="3" t="423" w="38" /><ent r="3" t="423" w="63" /><ent r="3" t="423" w="90" /><ent r="3" t="423" w="90" /><ent r="3" t="423" w="134" /><ent r="3" t="423" w="153" /><ent r="3" t="423" w="153" /><ent r="3" t="423" w="312" /><ent r="3" t="423" w="312" /><ent r="3" t="423" w="405" /><ent r="3" t="423" w="405" /><ent r="3" t="423" w="466" /><ent r="3" t="423" w="466" /><ent r="5" t="427" w="695" /><ent r="5" t="427" w="695" /><ent r="7" t="434" w="104" /><ent r="7" t="434" w="104" /></phr><phr n="log"><ent r="3" t="276" w="860" /><ent r="3" t="276" w="860" /><ent r="3" t="276" w="873" /><ent r="3" t="276" w="873" /><ent r="3" t="276" w="888" /><ent r="3" t="276" w="888" /><ent r="3" t="276" w="1325" /><ent r="3" t="276" w="1325" /><ent r="3" t="276" w="1338" /><ent r="3" t="276" w="1338" /><ent r="3" t="276" w="1353" /><ent r="3" t="276" w="1353" /><ent r="3" t="288" w="583" /><ent r="3" t="288" w="583" /><ent r="3" t="288" w="603" /><ent r="3" t="288" w="603" /><ent r="3" t="300" w="10" /><ent r="3" t="300" w="10" /><ent r="3" t="300" w="31" /><ent r="3" t="300" w="31" /><ent r="5" t="301" w="28" /><ent r="5" t="301" w="28" /><ent r="3" t="405" w="454" /><ent r="3" t="405" w="454" /><ent r="5" t="422" w="78" /><ent r="5" t="422" w="78" /><ent r="3" t="501" w="60" /><ent r="3" t="501" w="60" /></phr><phr n="Log"><ent r="1000" t="300" w="1" /><ent r="1000" t="300" w="1" /><ent r="82" t="300" w="4" /><ent r="82" t="300" w="4" /><ent r="4" t="300" w="18" /><ent r="4" t="300" w="18" /><ent r="4" t="300" w="40" /><ent r="4" t="300" w="40" /><ent r="3" t="401" w="452" /><ent r="3" t="401" w="452" /><ent r="4" t="422" w="374" /><ent r="4" t="422" w="374" /><ent r="4" t="422" w="389" /><ent r="4" t="422" w="389" /><ent r="4" t="422" w="405" /><ent r="4" t="422" w="405" /><ent r="1000" t="428" w="5" /><ent r="1000" t="428" w="5" /><ent r="82" t="428" w="11" /><ent r="82" t="428" w="11" /><ent r="3" t="428" w="16" /><ent r="3" t="428" w="16" /></phr><phr n="logs"><ent r="3" t="422" w="58" /><ent r="3" t="422" w="58" /></phr><phr n="Logs"><ent r="3" t="422" w="394" /><ent r="3" t="422" w="394" /><ent r="3" t="422" w="409" /><ent r="3" t="422" w="409" /></phr></stem><stem n="-10+20*log"><phr n="-10+20*LOG"><ent r="7" t="35" w="126" /><ent r="7" t="87" w="126" /><ent r="7" t="117" w="126" /><ent r="7" t="140" w="131" /><ent r="7" t="191" w="126" /></phr></stem><stem n="-10"><phr n="-10"><ent r="7" t="35" w="136" /><ent r="7" t="87" w="136" /><ent r="7" t="117" w="136" /><ent r="7" t="140" w="141" /><ent r="7" t="191" w="136" /></phr></stem><stem n="ocl"><phr n="OCL"><ent r="6" t="35" w="141" /><ent r="6" t="87" w="141" /><ent r="6" t="117" w="141" /><ent r="7" t="140" w="146" /><ent r="6" t="191" w="141" /></phr></stem><stem n="media"><phr n="Media"><ent r="6" t="35" w="143" /><ent r="6" t="35" w="143" /><ent r="6" t="87" w="143" /><ent r="6" t="87" w="143" /><ent r="3" t="91" w="1268" /><ent r="3" t="91" w="1268" /><ent r="6" t="117" w="143" /><ent r="6" t="117" w="143" /><ent r="7" t="140" w="148" /><ent r="7" t="140" w="148" /><ent r="6" t="191" w="143" /><ent r="6" t="191" w="143" /><ent r="3" t="239" w="175" /><ent r="3" t="239" w="175" /><ent r="3" t="408" w="87" /><ent r="3" t="408" w="87" /></phr><phr n="media"><ent r="3" t="404" w="271" /><ent r="3" t="404" w="271" /><ent r="3" t="404" w="316" /></phr></stem><stem n="side"><phr n="side"><ent r="6" t="35" w="144" /><ent r="6" t="35" w="144" /><ent r="3" t="37" w="94" /><ent r="3" t="37" w="94" /><ent r="6" t="87" w="144" /><ent r="6" t="87" w="144" /><ent r="3" t="89" w="93" /><ent r="3" t="89" w="93" /><ent r="3" t="115" w="183" /><ent r="3" t="115" w="183" /><ent r="3" t="115" w="221" /><ent r="3" t="115" w="221" /><ent r="3" t="115" w="263" /><ent r="3" t="115" w="263" /><ent r="3" t="115" w="286" /><ent r="3" t="115" w="286" /><ent r="6" t="117" w="144" /><ent r="6" t="117" w="144" /><ent r="3" t="119" w="93" /><ent r="3" t="119" w="93" /><ent r="3" t="138" w="199" /><ent r="3" t="138" w="199" /><ent r="3" t="138" w="222" /><ent r="3" t="138" w="222" /><ent r="7" t="140" w="149" /><ent r="7" t="140" w="149" /><ent r="3" t="142" w="94" /><ent r="3" t="142" w="94" /><ent r="3" t="181" w="20" /><ent r="3" t="181" w="22" /><ent r="6" t="191" w="144" /><ent r="6" t="191" w="144" /><ent r="3" t="193" w="91" /><ent r="3" t="193" w="91" /><ent r="6" t="207" w="909" /><ent r="6" t="207" w="909" /><ent r="6" t="207" w="932" /><ent r="6" t="207" w="932" /><ent r="6" t="207" w="956" /><ent r="6" t="207" w="956" /><ent r="6" t="207" w="980" /><ent r="6" t="207" w="980" /><ent r="3" t="216" w="91" /><ent r="3" t="216" w="117" /><ent r="3" t="217" w="94" /><ent r="3" t="314" w="408" /><ent r="3" t="314" w="408" /><ent r="3" t="314" w="434" /><ent r="3" t="314" w="434" /><ent r="6" t="314" w="680" /><ent r="6" t="314" w="680" /><ent r="3" t="402" w="1561" /><ent r="3" t="402" w="1561" /><ent r="3" t="402" w="1712" /><ent r="3" t="402" w="1712" /><ent r="7" t="432" w="270" /></phr><phr n="Side"><ent r="7" t="432" w="268" /></phr></stem><stem n="mvrm"><phr n="mVRMS"><ent r="6" t="35" w="158" /><ent r="6" t="35" w="158" /><ent r="6" t="87" w="158" /><ent r="6" t="87" w="158" /><ent r="6" t="117" w="158" /><ent r="6" t="117" w="158" /><ent r="7" t="140" w="163" /><ent r="7" t="140" w="163" /><ent r="6" t="191" w="158" /><ent r="6" t="191" w="158" /></phr></stem><stem n="crosstalk"><phr n="Crosstalk"><ent r="6" t="35" w="166" /><ent r="6" t="87" w="166" /><ent r="6" t="117" w="166" /><ent r="7" t="140" w="171" /><ent r="6" t="191" w="166" /></phr></stem><stem n="adjac"><phr n="adjacent"><ent r="6" t="35" w="167" /><ent r="6" t="35" w="167" /><ent r="6" t="87" w="167" /><ent r="6" t="87" w="167" /><ent r="6" t="117" w="167" /><ent r="6" t="117" w="167" /><ent r="7" t="140" w="172" /><ent r="7" t="140" w="172" /><ent r="6" t="191" w="167" /><ent r="6" t="191" w="167" /><ent r="5" t="271" w="789" /><ent r="5" t="271" w="789" /><ent r="8" t="343" w="322" /><ent r="8" t="343" w="322" /></phr></stem><stem n="10-100"><phr n="10-100"><ent r="6" t="35" w="173" /><ent r="6" t="35" w="173" /><ent r="6" t="87" w="173" /><ent r="6" t="87" w="173" /><ent r="6" t="117" w="173" /><ent r="6" t="117" w="173" /><ent r="6" t="191" w="173" /><ent r="6" t="191" w="173" /></phr></stem><stem n="-50"><phr n="-50"><ent r="6" t="35" w="177" /><ent r="6" t="35" w="203" /><ent r="6" t="87" w="177" /><ent r="6" t="87" w="203" /><ent r="6" t="117" w="177" /><ent r="6" t="117" w="203" /><ent r="7" t="140" w="183" /><ent r="7" t="140" w="210" /><ent r="6" t="191" w="177" /><ent r="6" t="191" w="203" /></phr></stem><stem n="50+17"><phr n="50+17"><ent r="6" t="35" w="181" /><ent r="6" t="87" w="181" /><ent r="6" t="117" w="181" /><ent r="7" t="140" w="187" /><ent r="6" t="191" w="181" /></phr></stem><stem n="-50+17*log"><phr n="-50+17*LOG"><ent r="6" t="35" w="182" /><ent r="6" t="87" w="182" /><ent r="6" t="117" w="182" /><ent r="7" t="140" w="188" /><ent r="6" t="191" w="182" /></phr></stem><stem n="15+20"><phr n="15+20"><ent r="6" t="35" w="207" /><ent r="6" t="87" w="207" /><ent r="6" t="117" w="207" /><ent r="7" t="140" w="214" /><ent r="6" t="191" w="207" /></phr></stem><stem n="-15+20*log"><phr n="-15+20*LOG"><ent r="6" t="35" w="208" /><ent r="6" t="87" w="208" /><ent r="6" t="117" w="208" /><ent r="7" t="140" w="215" /><ent r="6" t="191" w="208" /></phr></stem><stem n="wind"><phr n="winding"><ent r="6" t="35" w="222" /><ent r="6" t="35" w="222" /><ent r="6" t="87" w="222" /><ent r="6" t="87" w="222" /><ent r="6" t="117" w="222" /><ent r="6" t="117" w="222" /><ent r="7" t="140" w="228" /><ent r="7" t="140" w="228" /><ent r="6" t="191" w="222" /><ent r="6" t="191" w="222" /></phr></stem><stem n="imbal"><phr n="imbalance"><ent r="6" t="35" w="232" /><ent r="6" t="35" w="232" /><ent r="6" t="87" w="232" /><ent r="6" t="87" w="232" /><ent r="6" t="117" w="232" /><ent r="6" t="117" w="232" /><ent r="7" t="140" w="237" /><ent r="7" t="140" w="237" /><ent r="6" t="191" w="232" /><ent r="6" t="191" w="232" /></phr></stem><stem n="065"><phr n="065"><ent r="6" t="35" w="236" /><ent r="6" t="35" w="236" /><ent r="6" t="87" w="236" /><ent r="6" t="87" w="236" /><ent r="6" t="117" w="236" /><ent r="6" t="117" w="236" /><ent r="7" t="140" w="241" /><ent r="7" t="140" w="241" /><ent r="6" t="191" w="236" /><ent r="6" t="191" w="236" /></phr></stem><stem n="tap"><phr n="tap"><ent r="6" t="35" w="240" /><ent r="6" t="35" w="240" /><ent r="7" t="78" w="986" /><ent r="7" t="78" w="986" /><ent r="6" t="87" w="240" /><ent r="6" t="87" w="240" /><ent r="6" t="117" w="240" /><ent r="6" t="117" w="240" /><ent r="7" t="140" w="245" /><ent r="7" t="140" w="245" /><ent r="6" t="181" w="820" /><ent r="6" t="181" w="870" /><ent r="3" t="190" w="59" /><ent r="6" t="191" w="240" /><ent r="6" t="191" w="240" /><ent r="3" t="422" w="51" /><ent r="3" t="422" w="51" /></phr><phr n="Tap"><ent r="6" t="181" w="827" /><ent r="6" t="181" w="877" /></phr></stem><stem n="symmetri"><phr n="symmetry"><ent r="6" t="35" w="241" /><ent r="6" t="87" w="241" /><ent r="6" t="117" w="241" /><ent r="7" t="140" w="246" /><ent r="6" t="191" w="241" /></phr></stem><stem n="flexibl"><phr n="flexibility"><ent r="3" t="36" w="15" /><ent r="3" t="88" w="15" /><ent r="3" t="118" w="15" /><ent r="3" t="141" w="15" /><ent r="3" t="192" w="15" /></phr><phr n="flexible"><ent r="3" t="319" w="107" /><ent r="3" t="319" w="107" /></phr></stem><stem n="engin"><phr n="Engineering"><ent r="3" t="36" w="58" /><ent r="3" t="36" w="58" /><ent r="3" t="88" w="58" /><ent r="3" t="88" w="58" /><ent r="3" t="118" w="58" /><ent r="3" t="118" w="58" /><ent r="3" t="141" w="58" /><ent r="3" t="141" w="58" /><ent r="3" t="192" w="58" /><ent r="3" t="192" w="58" /></phr><phr n="engineering"><ent r="6" t="36" w="142" /><ent r="6" t="36" w="142" /><ent r="6" t="88" w="142" /><ent r="6" t="88" w="142" /><ent r="7" t="118" w="145" /><ent r="7" t="118" w="145" /><ent r="7" t="141" w="145" /><ent r="7" t="141" w="145" /><ent r="6" t="192" w="212" /><ent r="6" t="192" w="212" /><ent r="5" t="400" w="2238" /><ent r="5" t="400" w="2238" /></phr><phr n="engines"><ent r="4" t="40" w="309" /><ent r="4" t="40" w="309" /><ent r="4" t="66" w="309" /><ent r="4" t="66" w="309" /><ent r="4" t="121" w="311" /><ent r="4" t="121" w="311" /><ent r="4" t="157" w="320" /><ent r="4" t="157" w="320" /><ent r="4" t="195" w="316" /><ent r="4" t="195" w="316" /><ent r="4" t="219" w="316" /><ent r="4" t="219" w="316" /></phr><phr n="engine"><ent r="3" t="95" w="83" /><ent r="3" t="95" w="83" /><ent r="3" t="124" w="140" /><ent r="3" t="124" w="140" /><ent r="3" t="239" w="501" /><ent r="3" t="239" w="518" /><ent r="3" t="282" w="559" /><ent r="3" t="282" w="559" /><ent r="3" t="283" w="81" /><ent r="3" t="283" w="81" /><ent r="3" t="399" w="2888" /><ent r="7" t="439" w="194" /><ent r="7" t="439" w="194" /><ent r="7" t="439" w="200" /><ent r="7" t="439" w="200" /></phr><phr n="Engine"><ent r="3" t="239" w="474" /><ent r="3" t="239" w="474" /><ent r="4" t="239" w="527" /><ent r="4" t="239" w="527" /><ent r="5" t="242" w="549" /><ent r="5" t="242" w="549" /><ent r="4" t="268" w="273" /><ent r="4" t="268" w="273" /><ent r="4" t="283" w="70" /><ent r="4" t="283" w="70" /><ent r="3" t="284" w="379" /><ent r="4" t="284" w="400" /><ent r="4" t="284" w="400" /><ent r="4" t="284" w="449" /><ent r="4" t="284" w="449" /><ent r="4" t="304" w="208" /><ent r="4" t="304" w="208" /><ent r="6" t="363" w="573" /><ent r="6" t="363" w="573" /></phr></stem><stem n="hx1188"><phr n="HX1188"><ent r="3" t="36" w="59" /><ent r="6" t="36" w="143" /><ent r="6" t="36" w="143" /><ent r="3" t="88" w="59" /><ent r="6" t="88" w="143" /><ent r="6" t="88" w="143" /><ent r="3" t="118" w="59" /><ent r="7" t="118" w="146" /><ent r="7" t="118" w="146" /><ent r="3" t="141" w="59" /><ent r="7" t="141" w="146" /><ent r="7" t="141" w="146" /><ent r="3" t="192" w="59" /><ent r="6" t="192" w="213" /><ent r="6" t="192" w="213" /></phr></stem><stem n="semtech"><phr n="Semtech"><ent r="3" t="36" w="66" /><ent r="3" t="36" w="66" /><ent r="3" t="88" w="66" /><ent r="3" t="88" w="66" /><ent r="3" t="118" w="66" /><ent r="3" t="118" w="66" /><ent r="3" t="141" w="66" /><ent r="3" t="141" w="66" /><ent r="3" t="192" w="66" /><ent r="3" t="192" w="66" /><ent r="3" t="217" w="38" /><ent r="3" t="217" w="38" /></phr><phr n="SEMTECH"><ent r="6" t="36" w="115" /><ent r="6" t="36" w="115" /><ent r="6" t="88" w="115" /><ent r="6" t="88" w="115" /><ent r="7" t="118" w="118" /><ent r="7" t="118" w="118" /><ent r="7" t="141" w="118" /><ent r="7" t="141" w="118" /><ent r="6" t="192" w="116" /><ent r="6" t="192" w="116" /></phr></stem><stem n="slvu2"><phr n="SLVU2"><ent r="3" t="36" w="67" /><ent r="6" t="36" w="116" /><ent r="3" t="88" w="67" /><ent r="6" t="88" w="116" /><ent r="3" t="118" w="67" /><ent r="7" t="118" w="119" /><ent r="3" t="141" w="67" /><ent r="7" t="141" w="119" /><ent r="3" t="192" w="67" /><ent r="6" t="192" w="117" /><ent r="3" t="217" w="39" /></phr></stem><stem n="8-4"><phr n="8-4"><ent r="3" t="36" w="68" /><ent r="3" t="88" w="68" /><ent r="3" t="118" w="68" /><ent r="3" t="141" w="68" /><ent r="3" t="192" w="68" /><ent r="3" t="217" w="40" /></phr></stem><stem n="order"><phr n="order"><ent r="3" t="36" w="71" /><ent r="3" t="36" w="71" /><ent r="3" t="88" w="71" /><ent r="3" t="88" w="71" /><ent r="3" t="118" w="71" /><ent r="3" t="118" w="71" /><ent r="3" t="141" w="71" /><ent r="3" t="141" w="71" /><ent r="6" t="187" w="102" /><ent r="6" t="187" w="102" /><ent r="7" t="188" w="184" /><ent r="7" t="188" w="184" /><ent r="3" t="192" w="71" /><ent r="3" t="192" w="71" /><ent r="3" t="194" w="41" /><ent r="3" t="194" w="41" /><ent r="3" t="194" w="66" /><ent r="3" t="194" w="66" /><ent r="6" t="214" w="102" /><ent r="6" t="214" w="102" /><ent r="7" t="215" w="184" /><ent r="7" t="215" w="184" /><ent r="3" t="218" w="41" /><ent r="3" t="218" w="41" /><ent r="3" t="218" w="66" /><ent r="3" t="218" w="66" /><ent r="7" t="235" w="2579" /><ent r="7" t="235" w="2579" /><ent r="3" t="269" w="90" /><ent r="3" t="269" w="157" /><ent r="3" t="304" w="124" /><ent r="3" t="304" w="124" /><ent r="3" t="327" w="18" /><ent r="3" t="327" w="18" /><ent r="3" t="327" w="50" /><ent r="3" t="327" w="50" /><ent r="10" t="348" w="724" /><ent r="10" t="348" w="724" /><ent r="6" t="360" w="210" /><ent r="3" t="397" w="26" /><ent r="3" t="397" w="26" /><ent r="3" t="397" w="58" /><ent r="3" t="397" w="58" /><ent r="3" t="399" w="695" /><ent r="3" t="399" w="695" /><ent r="3" t="399" w="834" /><ent r="3" t="399" w="834" /><ent r="3" t="399" w="972" /><ent r="3" t="399" w="972" /><ent r="3" t="399" w="1135" /><ent r="3" t="399" w="1135" /></phr><phr n="ordered"><ent r="3" t="39" w="58" /><ent r="3" t="40" w="24" /><ent r="3" t="66" w="24" /><ent r="3" t="121" w="24" /><ent r="5" t="276" w="809" /><ent r="5" t="276" w="809" /><ent r="3" t="276" w="947" /><ent r="3" t="276" w="947" /></phr><phr n="ordering"><ent r="3" t="250" w="53" /><ent r="3" t="250" w="53" /><ent r="4" t="283" w="131" /><ent r="4" t="283" w="131" /></phr><phr n="Order"><ent r="4" t="250" w="57" /><ent r="4" t="250" w="57" /></phr></stem><stem n="capacitor"><phr n="capacitors"><ent r="3" t="36" w="82" /><ent r="3" t="36" w="82" /><ent r="3" t="88" w="82" /><ent r="3" t="88" w="82" /><ent r="3" t="118" w="82" /><ent r="3" t="118" w="82" /><ent r="3" t="141" w="82" /><ent r="3" t="141" w="82" /><ent r="3" t="192" w="82" /><ent r="3" t="192" w="82" /><ent r="3" t="217" w="50" /><ent r="3" t="217" w="50" /></phr><phr n="capacitor"><ent r="6" t="78" w="1161" /><ent r="6" t="78" w="1161" /><ent r="3" t="85" w="42" /><ent r="3" t="85" w="42" /><ent r="3" t="85" w="50" /><ent r="3" t="85" w="50" /></phr></stem><stem n="2kv"><phr n="2kV"><ent r="3" t="36" w="87" /><ent r="3" t="36" w="87" /><ent r="6" t="36" w="103" /><ent r="6" t="36" w="103" /><ent r="3" t="88" w="87" /><ent r="3" t="88" w="87" /><ent r="6" t="88" w="103" /><ent r="6" t="88" w="103" /><ent r="3" t="192" w="87" /><ent r="3" t="192" w="87" /><ent r="6" t="192" w="102" /><ent r="6" t="192" w="102" /><ent r="6" t="192" w="107" /><ent r="6" t="192" w="107" /><ent r="6" t="192" w="112" /><ent r="6" t="192" w="112" /></phr></stem><stem n="breakdown"><phr n="breakdown"><ent r="3" t="36" w="88" /><ent r="3" t="36" w="88" /><ent r="3" t="88" w="88" /><ent r="3" t="88" w="88" /><ent r="3" t="118" w="89" /><ent r="3" t="118" w="89" /><ent r="3" t="141" w="89" /><ent r="3" t="141" w="89" /><ent r="3" t="192" w="88" /><ent r="3" t="192" w="88" /><ent r="3" t="217" w="57" /><ent r="3" t="217" w="57" /></phr></stem><stem n="c4"><phr n="C4"><ent r="6" t="36" w="99" /><ent r="6" t="88" w="99" /><ent r="7" t="118" w="100" /><ent r="7" t="141" w="100" /><ent r="6" t="192" w="104" /><ent r="6" t="192" w="104" /></phr></stem><stem n="c6"><phr n="C6"><ent r="6" t="36" w="100" /><ent r="6" t="36" w="100" /><ent r="6" t="88" w="100" /><ent r="6" t="88" w="100" /><ent r="7" t="118" w="101" /><ent r="7" t="118" w="101" /><ent r="7" t="141" w="101" /><ent r="7" t="141" w="101" /></phr></stem><stem n="1000pf"><phr n="1000pF"><ent r="6" t="36" w="102" /><ent r="6" t="36" w="102" /><ent r="6" t="88" w="102" /><ent r="6" t="88" w="102" /><ent r="7" t="118" w="103" /><ent r="7" t="118" w="103" /><ent r="7" t="141" w="103" /><ent r="7" t="141" w="103" /><ent r="6" t="192" w="101" /><ent r="6" t="192" w="101" /><ent r="6" t="192" w="106" /><ent r="6" t="192" w="106" /><ent r="6" t="192" w="111" /><ent r="6" t="192" w="111" /></phr></stem><stem n="c3"><phr n="C3"><ent r="6" t="36" w="105" /><ent r="6" t="36" w="105" /><ent r="6" t="88" w="105" /><ent r="6" t="88" w="105" /><ent r="7" t="118" w="107" /><ent r="7" t="118" w="107" /><ent r="7" t="141" w="107" /><ent r="7" t="141" w="107" /><ent r="6" t="192" w="99" /><ent r="6" t="192" w="99" /></phr></stem><stem n="uf"><phr n="uF"><ent r="6" t="36" w="108" /><ent r="6" t="36" w="108" /><ent r="6" t="88" w="108" /><ent r="6" t="88" w="108" /><ent r="7" t="118" w="110" /><ent r="7" t="118" w="110" /><ent r="7" t="141" w="110" /><ent r="7" t="141" w="110" /></phr></stem><stem n="x5r"><phr n="X5R"><ent r="6" t="36" w="109" /><ent r="6" t="36" w="109" /><ent r="6" t="88" w="109" /><ent r="6" t="88" w="109" /><ent r="7" t="118" w="111" /><ent r="7" t="118" w="111" /><ent r="7" t="141" w="111" /><ent r="7" t="141" w="111" /></phr></stem><stem n="d1"><phr n="D1"><ent r="6" t="36" w="113" /><ent r="6" t="36" w="113" /><ent r="6" t="88" w="113" /><ent r="6" t="88" w="113" /><ent r="7" t="118" w="116" /><ent r="7" t="118" w="116" /><ent r="7" t="141" w="116" /><ent r="7" t="141" w="116" /></phr></stem><stem n="j1"><phr n="J1"><ent r="6" t="36" w="120" /><ent r="6" t="36" w="120" /><ent r="3" t="85" w="89" /><ent r="3" t="85" w="89" /><ent r="6" t="88" w="120" /><ent r="6" t="88" w="120" /><ent r="7" t="118" w="123" /><ent r="7" t="118" w="123" /><ent r="3" t="138" w="419" /><ent r="3" t="138" w="429" /><ent r="7" t="141" w="123" /><ent r="7" t="141" w="123" /><ent r="3" t="156" w="16" /><ent r="3" t="207" w="17" /></phr></stem><stem n="rj45"><phr n="RJ45"><ent r="6" t="36" w="122" /><ent r="6" t="36" w="122" /><ent r="4" t="41" w="52" /><ent r="4" t="41" w="52" /><ent r="4" t="67" w="52" /><ent r="4" t="67" w="52" /><ent r="6" t="88" w="122" /><ent r="6" t="88" w="122" /><ent r="4" t="92" w="52" /><ent r="4" t="92" w="52" /><ent r="7" t="118" w="125" /><ent r="7" t="118" w="125" /><ent r="4" t="122" w="52" /><ent r="4" t="122" w="52" /><ent r="7" t="141" w="125" /><ent r="7" t="141" w="125" /><ent r="4" t="144" w="52" /><ent r="4" t="144" w="52" /><ent r="3" t="160" w="128" /><ent r="6" t="170" w="186" /><ent r="6" t="170" w="196" /><ent r="6" t="170" w="250" /><ent r="6" t="170" w="250" /><ent r="6" t="170" w="260" /><ent r="6" t="170" w="260" /><ent r="6" t="171" w="259" /><ent r="6" t="171" w="269" /><ent r="6" t="171" w="323" /><ent r="6" t="171" w="323" /><ent r="6" t="171" w="333" /><ent r="6" t="171" w="333" /><ent r="6" t="192" w="128" /><ent r="6" t="192" w="128" /><ent r="5" t="196" w="53" /><ent r="5" t="196" w="53" /><ent r="5" t="220" w="55" /><ent r="5" t="220" w="55" /><ent r="6" t="233" w="192" /><ent r="6" t="233" w="192" /><ent r="6" t="233" w="241" /><ent r="6" t="233" w="252" /><ent r="6" t="233" w="285" /><ent r="6" t="233" w="285" /><ent r="6" t="233" w="309" /><ent r="6" t="233" w="309" /><ent r="6" t="233" w="319" /><ent r="6" t="233" w="319" /></phr></stem><stem n="conn"><phr n="Conn"><ent r="6" t="36" w="123" /><ent r="6" t="36" w="123" /><ent r="6" t="88" w="123" /><ent r="6" t="88" w="123" /><ent r="7" t="118" w="126" /><ent r="7" t="118" w="126" /><ent r="7" t="141" w="126" /><ent r="7" t="141" w="126" /><ent r="6" t="192" w="124" /><ent r="6" t="192" w="124" /><ent r="6" t="192" w="129" /><ent r="6" t="192" w="129" /></phr></stem><stem n="ferrit"><phr n="Ferrite"><ent r="6" t="36" w="128" /><ent r="6" t="36" w="128" /><ent r="6" t="88" w="128" /><ent r="6" t="88" w="128" /><ent r="7" t="118" w="131" /><ent r="7" t="118" w="131" /><ent r="7" t="141" w="131" /><ent r="7" t="141" w="131" /></phr></stem><stem n="bead"><phr n="Bead"><ent r="6" t="36" w="129" /><ent r="6" t="36" w="129" /><ent r="6" t="88" w="129" /><ent r="6" t="88" w="129" /><ent r="7" t="118" w="132" /><ent r="7" t="118" w="132" /><ent r="7" t="141" w="132" /><ent r="7" t="141" w="132" /><ent r="6" t="192" w="134" /><ent r="6" t="192" w="134" /><ent r="6" t="192" w="145" /><ent r="6" t="192" w="145" /></phr></stem></index>