<?xml version="1.0" encoding="utf-8"?><index><!-- saved from url=(0016)http://localhost -->
<stem n="user"><phr n="user"><ent r="3" t="11" w="339" /><ent r="3" t="11" w="339" /><ent r="6" t="24" w="186" /><ent r="6" t="24" w="186" /><ent r="3" t="25" w="38" /><ent r="3" t="26" w="30" /><ent r="6" t="55" w="186" /><ent r="6" t="55" w="186" /><ent r="3" t="56" w="38" /><ent r="3" t="58" w="30" /><ent r="6" t="78" w="82" /><ent r="6" t="78" w="82" /><ent r="7" t="78" w="917" /><ent r="7" t="78" w="917" /><ent r="3" t="91" w="372" /><ent r="3" t="91" w="372" /><ent r="6" t="106" w="186" /><ent r="6" t="106" w="186" /><ent r="3" t="107" w="38" /><ent r="3" t="109" w="30" /><ent r="7" t="131" w="82" /><ent r="7" t="131" w="82" /><ent r="7" t="131" w="954" /><ent r="7" t="131" w="954" /><ent r="6" t="181" w="372" /><ent r="6" t="181" w="372" /><ent r="3" t="182" w="38" /><ent r="3" t="183" w="30" /><ent r="7" t="187" w="115" /><ent r="7" t="187" w="115" /><ent r="6" t="207" w="365" /><ent r="6" t="207" w="365" /><ent r="3" t="208" w="38" /><ent r="3" t="209" w="30" /><ent r="7" t="214" w="115" /><ent r="7" t="214" w="115" /><ent r="7" t="235" w="1775" /><ent r="7" t="235" w="1775" /><ent r="7" t="235" w="1787" /><ent r="7" t="235" w="1787" /><ent r="3" t="237" w="228" /><ent r="7" t="242" w="220" /><ent r="7" t="242" w="1091" /><ent r="3" t="248" w="108" /><ent r="3" t="248" w="108" /><ent r="5" t="269" w="171" /><ent r="3" t="269" w="301" /><ent r="3" t="269" w="331" /><ent r="5" t="269" w="468" /><ent r="5" t="269" w="508" /><ent r="3" t="269" w="586" /><ent r="5" t="278" w="613" /><ent r="3" t="284" w="468" /><ent r="3" t="284" w="509" /><ent r="5" t="284" w="1141" /><ent r="3" t="288" w="110" /><ent r="3" t="288" w="110" /><ent r="5" t="288" w="165" /><ent r="5" t="288" w="165" /><ent r="3" t="288" w="943" /><ent r="3" t="288" w="943" /><ent r="3" t="288" w="984" /><ent r="3" t="288" w="984" /><ent r="3" t="294" w="76" /><ent r="5" t="301" w="41" /><ent r="5" t="301" w="41" /><ent r="5" t="301" w="79" /><ent r="5" t="301" w="79" /><ent r="3" t="301" w="119" /><ent r="3" t="301" w="119" /><ent r="3" t="301" w="126" /><ent r="3" t="301" w="126" /><ent r="3" t="301" w="136" /><ent r="3" t="301" w="136" /><ent r="3" t="301" w="152" /><ent r="3" t="301" w="159" /><ent r="3" t="301" w="169" /><ent r="3" t="302" w="17" /><ent r="3" t="302" w="43" /><ent r="3" t="302" w="56" /><ent r="5" t="311" w="336" /><ent r="5" t="311" w="336" /><ent r="5" t="311" w="423" /><ent r="5" t="311" w="423" /><ent r="5" t="312" w="708" /><ent r="5" t="312" w="708" /><ent r="5" t="312" w="839" /><ent r="5" t="312" w="839" /><ent r="5" t="312" w="952" /><ent r="5" t="312" w="952" /><ent r="1000" t="313" w="3" /><ent r="1000" t="313" w="3" /><ent r="92" t="313" w="10" /><ent r="92" t="313" w="10" /><ent r="3" t="313" w="17" /><ent r="3" t="313" w="17" /><ent r="3" t="315" w="133" /><ent r="3" t="315" w="133" /><ent r="3" t="348" w="93" /><ent r="3" t="348" w="93" /><ent r="3" t="382" w="117" /><ent r="4" t="398" w="62" /><ent r="4" t="398" w="62" /><ent r="3" t="399" w="345" /><ent r="3" t="399" w="345" /><ent r="5" t="400" w="2219" /><ent r="5" t="400" w="2219" /><ent r="66" t="403" w="20" /><ent r="66" t="403" w="20" /><ent r="66" t="403" w="25" /><ent r="66" t="403" w="25" /><ent r="66" t="403" w="31" /><ent r="66" t="403" w="31" /><ent r="66" t="403" w="36" /><ent r="66" t="403" w="36" /><ent r="66" t="403" w="42" /><ent r="66" t="403" w="42" /><ent r="66" t="403" w="47" /><ent r="66" t="403" w="47" /><ent r="66" t="403" w="52" /><ent r="66" t="403" w="52" /><ent r="66" t="403" w="57" /><ent r="66" t="403" w="57" /><ent r="66" t="403" w="65" /><ent r="66" t="403" w="65" /><ent r="66" t="403" w="70" /><ent r="66" t="403" w="70" /><ent r="3" t="404" w="204" /><ent r="3" t="404" w="204" /><ent r="3" t="404" w="341" /><ent r="3" t="404" w="341" /><ent r="3" t="404" w="359" /><ent r="3" t="404" w="359" /><ent r="3" t="407" w="76" /><ent r="3" t="409" w="282" /><ent r="3" t="409" w="282" /><ent r="3" t="421" w="370" /><ent r="3" t="421" w="370" /><ent r="3" t="427" w="27" /><ent r="5" t="427" w="150" /><ent r="5" t="427" w="150" /><ent r="3" t="475" w="317" /><ent r="3" t="475" w="356" /><ent r="3" t="475" w="373" /><ent r="3" t="477" w="594" /><ent r="3" t="477" w="633" /><ent r="3" t="477" w="650" /><ent r="3" t="489" w="349" /><ent r="3" t="490" w="283" /><ent r="3" t="490" w="324" /></phr><phr n="users"><ent r="3" t="91" w="229" /><ent r="5" t="275" w="111" /><ent r="5" t="275" w="111" /><ent r="3" t="276" w="1451" /><ent r="3" t="276" w="1451" /><ent r="3" t="276" w="1462" /><ent r="3" t="276" w="1462" /><ent r="3" t="276" w="1611" /><ent r="3" t="289" w="38" /><ent r="3" t="297" w="73" /><ent r="3" t="297" w="73" /><ent r="3" t="298" w="20" /><ent r="3" t="298" w="20" /><ent r="3" t="298" w="52" /><ent r="3" t="299" w="29" /><ent r="3" t="299" w="29" /><ent r="5" t="301" w="26" /><ent r="5" t="301" w="26" /><ent r="5" t="301" w="52" /><ent r="5" t="301" w="52" /><ent r="5" t="301" w="90" /><ent r="5" t="301" w="90" /><ent r="3" t="301" w="109" /><ent r="3" t="301" w="109" /><ent r="3" t="316" w="36" /><ent r="3" t="316" w="36" /><ent r="10" t="348" w="707" /><ent r="10" t="348" w="707" /><ent r="3" t="400" w="650" /><ent r="3" t="400" w="650" /><ent r="3" t="501" w="58" /><ent r="3" t="501" w="58" /><ent r="3" t="501" w="325" /><ent r="3" t="501" w="325" /></phr><phr n="User"><ent r="65" t="160" w="144" /><ent r="65" t="160" w="144" /><ent r="4" t="164" w="26" /><ent r="4" t="164" w="26" /><ent r="6" t="164" w="337" /><ent r="6" t="164" w="337" /><ent r="65" t="164" w="552" /><ent r="65" t="164" w="552" /><ent r="65" t="223" w="115" /><ent r="65" t="223" w="115" /><ent r="4" t="226" w="20" /><ent r="4" t="226" w="20" /><ent r="6" t="226" w="303" /><ent r="6" t="226" w="303" /><ent r="65" t="226" w="593" /><ent r="65" t="226" w="593" /><ent r="7" t="242" w="1098" /><ent r="5" t="244" w="998" /><ent r="4" t="249" w="412" /><ent r="4" t="249" w="412" /><ent r="5" t="275" w="51" /><ent r="5" t="275" w="51" /><ent r="3" t="276" w="225" /><ent r="3" t="276" w="225" /><ent r="3" t="276" w="394" /><ent r="3" t="276" w="394" /><ent r="6" t="284" w="1137" /><ent r="6" t="284" w="1137" /><ent r="4" t="296" w="444" /><ent r="4" t="296" w="444" /><ent r="4" t="301" w="98" /><ent r="4" t="301" w="98" /><ent r="4" t="301" w="142" /><ent r="4" t="301" w="142" /><ent r="4" t="301" w="173" /><ent r="4" t="301" w="173" /><ent r="6" t="338" w="596" /><ent r="6" t="338" w="596" /><ent r="6" t="343" w="482" /><ent r="6" t="343" w="482" /><ent r="6" t="345" w="594" /><ent r="6" t="345" w="594" /><ent r="6" t="346" w="495" /><ent r="6" t="346" w="495" /><ent r="4" t="402" w="1538" /><ent r="4" t="402" w="1538" /><ent r="7" t="478" w="73" /><ent r="7" t="478" w="73" /><ent r="7" t="478" w="153" /><ent r="7" t="478" w="153" /></phr><phr n="Users"><ent r="3" t="276" w="1527" /><ent r="3" t="276" w="1527" /><ent r="5" t="301" w="61" /><ent r="5" t="301" w="61" /></phr></stem><stem n="over-determin"><phr n="over-determined"><ent r="3" t="11" w="352" /><ent r="3" t="11" w="352" /><ent r="7" t="449" w="152" /><ent r="7" t="449" w="152" /><ent r="7" t="449" w="268" /><ent r="7" t="449" w="268" /></phr></stem><stem n="dilut"><phr n="Dilution"><ent r="3" t="11" w="378" /><ent r="3" t="11" w="378" /><ent r="7" t="235" w="959" /><ent r="7" t="235" w="959" /><ent r="7" t="235" w="1648" /><ent r="7" t="235" w="1648" /><ent r="7" t="235" w="2513" /><ent r="7" t="235" w="2513" /><ent r="7" t="235" w="2543" /><ent r="7" t="235" w="2543" /><ent r="7" t="235" w="3376" /><ent r="7" t="235" w="3376" /><ent r="3" t="244" w="877" /><ent r="3" t="244" w="877" /><ent r="3" t="363" w="29" /><ent r="3" t="363" w="29" /><ent r="6" t="363" w="149" /><ent r="6" t="363" w="149" /><ent r="7" t="432" w="303" /><ent r="7" t="432" w="303" /><ent r="7" t="444" w="80" /><ent r="7" t="444" w="80" /><ent r="7" t="444" w="92" /><ent r="7" t="444" w="92" /><ent r="7" t="444" w="104" /><ent r="7" t="444" w="104" /><ent r="7" t="444" w="116" /><ent r="7" t="444" w="116" /><ent r="7" t="489" w="290" /><ent r="7" t="489" w="290" /></phr><phr n="Dilutions"><ent r="4" t="242" w="1669" /><ent r="4" t="242" w="1669" /><ent r="4" t="244" w="856" /><ent r="4" t="244" w="856" /></phr></stem><stem n="pdop"><phr n="PDOP"><ent r="3" t="11" w="381" /><ent r="3" t="11" w="391" /><ent r="3" t="11" w="391" /><ent r="3" t="11" w="407" /><ent r="3" t="11" w="407" /><ent r="6" t="15" w="96" /><ent r="6" t="15" w="96" /><ent r="6" t="46" w="96" /><ent r="6" t="46" w="96" /><ent r="6" t="97" w="96" /><ent r="6" t="97" w="96" /><ent r="6" t="126" w="96" /><ent r="6" t="126" w="96" /><ent r="6" t="149" w="96" /><ent r="6" t="149" w="96" /><ent r="6" t="174" w="96" /><ent r="6" t="174" w="96" /><ent r="6" t="200" w="96" /><ent r="6" t="200" w="96" /><ent r="68" t="235" w="1024" /><ent r="68" t="235" w="1024" /><ent r="7" t="235" w="1063" /><ent r="7" t="235" w="1063" /><ent r="68" t="235" w="1674" /><ent r="68" t="235" w="1674" /><ent r="7" t="235" w="1707" /><ent r="7" t="235" w="1707" /><ent r="7" t="235" w="2510" /><ent r="7" t="235" w="2510" /><ent r="7" t="235" w="2516" /><ent r="7" t="235" w="2516" /><ent r="7" t="235" w="2550" /><ent r="7" t="235" w="2550" /><ent r="6" t="242" w="1726" /><ent r="6" t="242" w="1726" /><ent r="3" t="243" w="34" /><ent r="6" t="244" w="916" /><ent r="6" t="244" w="916" /><ent r="3" t="262" w="24" /><ent r="3" t="262" w="24" /><ent r="4" t="263" w="43" /><ent r="4" t="263" w="43" /><ent r="3" t="263" w="49" /><ent r="3" t="263" w="49" /><ent r="3" t="263" w="64" /><ent r="3" t="263" w="64" /><ent r="54" t="263" w="79" /><ent r="54" t="263" w="79" /><ent r="54" t="263" w="86" /><ent r="54" t="263" w="86" /><ent r="4" t="268" w="28" /><ent r="4" t="268" w="28" /><ent r="3" t="268" w="33" /><ent r="3" t="268" w="33" /><ent r="3" t="268" w="40" /><ent r="3" t="268" w="40" /><ent r="3" t="268" w="55" /><ent r="3" t="268" w="55" /><ent r="54" t="268" w="70" /><ent r="54" t="268" w="70" /><ent r="54" t="268" w="77" /><ent r="54" t="268" w="77" /><ent r="6" t="351" w="175" /><ent r="6" t="351" w="175" /><ent r="6" t="351" w="180" /><ent r="6" t="351" w="180" /><ent r="3" t="363" w="27" /><ent r="3" t="363" w="27" /><ent r="6" t="363" w="139" /><ent r="6" t="363" w="139" /><ent r="6" t="372" w="1569" /><ent r="6" t="372" w="1569" /><ent r="7" t="393" w="325" /><ent r="7" t="395" w="168" /><ent r="7" t="395" w="168" /><ent r="5" t="398" w="1758" /><ent r="5" t="398" w="1758" /><ent r="67" t="399" w="511" /><ent r="67" t="399" w="511" /><ent r="72" t="399" w="1719" /><ent r="72" t="399" w="1719" /><ent r="3" t="399" w="1748" /><ent r="3" t="399" w="1748" /><ent r="3" t="399" w="1772" /><ent r="7" t="432" w="295" /><ent r="7" t="432" w="295" /><ent r="5" t="444" w="21" /><ent r="5" t="444" w="21" /><ent r="7" t="444" w="75" /><ent r="7" t="444" w="75" /><ent r="7" t="445" w="246" /><ent r="7" t="445" w="246" /><ent r="7" t="445" w="252" /><ent r="7" t="445" w="252" /><ent r="7" t="480" w="120" /><ent r="7" t="486" w="209" /><ent r="7" t="486" w="209" /><ent r="7" t="493" w="236" /><ent r="7" t="493" w="236" /></phr><phr n="pdop"><ent r="3" t="399" w="1734" /><ent r="3" t="399" w="1734" /><ent r="3" t="399" w="1755" /><ent r="3" t="399" w="1755" /><ent r="3" t="399" w="1782" /><ent r="3" t="399" w="2401" /><ent r="3" t="399" w="2401" /><ent r="3" t="399" w="2458" /><ent r="3" t="399" w="2458" /><ent r="3" t="399" w="2491" /><ent r="3" t="399" w="2512" /><ent r="3" t="399" w="2512" /></phr></stem><stem n="indic"><phr n="indicate"><ent r="3" t="11" w="401" /><ent r="3" t="11" w="401" /><ent r="4" t="41" w="107" /><ent r="4" t="41" w="107" /><ent r="3" t="43" w="20" /><ent r="3" t="43" w="20" /><ent r="4" t="67" w="95" /><ent r="4" t="67" w="95" /><ent r="4" t="92" w="95" /><ent r="4" t="92" w="95" /><ent r="3" t="94" w="20" /><ent r="3" t="94" w="20" /><ent r="4" t="122" w="95" /><ent r="4" t="122" w="95" /><ent r="4" t="144" w="95" /><ent r="4" t="144" w="95" /><ent r="3" t="146" w="20" /><ent r="3" t="146" w="20" /><ent r="4" t="161" w="151" /><ent r="4" t="161" w="151" /><ent r="5" t="162" w="136" /><ent r="5" t="162" w="136" /><ent r="3" t="163" w="35" /><ent r="3" t="163" w="35" /><ent r="4" t="196" w="143" /><ent r="4" t="196" w="143" /><ent r="4" t="220" w="147" /><ent r="4" t="220" w="147" /><ent r="3" t="222" w="20" /><ent r="3" t="222" w="20" /><ent r="3" t="225" w="32" /><ent r="3" t="225" w="32" /><ent r="7" t="235" w="1050" /><ent r="7" t="235" w="1050" /><ent r="3" t="240" w="856" /><ent r="3" t="240" w="856" /><ent r="3" t="242" w="1719" /><ent r="3" t="242" w="1719" /><ent r="3" t="244" w="909" /><ent r="3" t="244" w="909" /><ent r="3" t="249" w="135" /><ent r="3" t="249" w="135" /><ent r="3" t="251" w="47" /><ent r="3" t="251" w="47" /><ent r="3" t="251" w="61" /><ent r="3" t="251" w="61" /><ent r="5" t="275" w="249" /><ent r="5" t="275" w="249" /><ent r="3" t="278" w="658" /><ent r="3" t="278" w="658" /><ent r="3" t="314" w="1253" /><ent r="3" t="314" w="1253" /><ent r="7" t="348" w="445" /><ent r="7" t="348" w="445" /><ent r="3" t="359" w="569" /><ent r="3" t="359" w="569" /><ent r="3" t="402" w="253" /><ent r="3" t="402" w="253" /><ent r="4" t="402" w="553" /><ent r="4" t="402" w="553" /><ent r="4" t="402" w="569" /><ent r="4" t="402" w="569" /><ent r="4" t="425" w="165" /><ent r="4" t="425" w="165" /><ent r="4" t="425" w="188" /><ent r="4" t="425" w="188" /></phr><phr n="indicates"><ent r="3" t="11" w="412" /><ent r="3" t="11" w="412" /><ent r="6" t="24" w="352" /><ent r="6" t="24" w="352" /><ent r="6" t="24" w="357" /><ent r="6" t="24" w="357" /><ent r="6" t="24" w="1818" /><ent r="6" t="24" w="1818" /><ent r="6" t="29" w="149" /><ent r="6" t="29" w="149" /><ent r="7" t="29" w="164" /><ent r="7" t="29" w="164" /><ent r="7" t="29" w="175" /><ent r="7" t="29" w="175" /><ent r="7" t="29" w="189" /><ent r="7" t="29" w="189" /><ent r="6" t="29" w="214" /><ent r="6" t="29" w="214" /><ent r="6" t="55" w="352" /><ent r="6" t="55" w="352" /><ent r="6" t="55" w="357" /><ent r="6" t="55" w="357" /><ent r="6" t="55" w="1862" /><ent r="6" t="55" w="1862" /><ent r="6" t="60" w="149" /><ent r="6" t="60" w="149" /><ent r="7" t="60" w="164" /><ent r="7" t="60" w="164" /><ent r="7" t="60" w="175" /><ent r="7" t="60" w="175" /><ent r="7" t="60" w="189" /><ent r="7" t="60" w="189" /><ent r="6" t="60" w="214" /><ent r="6" t="60" w="214" /><ent r="6" t="78" w="221" /><ent r="6" t="78" w="221" /><ent r="6" t="78" w="226" /><ent r="6" t="78" w="226" /><ent r="7" t="78" w="811" /><ent r="7" t="78" w="811" /><ent r="6" t="81" w="149" /><ent r="6" t="81" w="149" /><ent r="7" t="81" w="164" /><ent r="7" t="81" w="164" /><ent r="7" t="81" w="175" /><ent r="7" t="81" w="175" /><ent r="7" t="81" w="189" /><ent r="7" t="81" w="189" /><ent r="6" t="81" w="214" /><ent r="6" t="81" w="214" /><ent r="3" t="94" w="357" /><ent r="6" t="106" w="352" /><ent r="6" t="106" w="352" /><ent r="6" t="106" w="357" /><ent r="6" t="106" w="357" /><ent r="6" t="106" w="1898" /><ent r="6" t="106" w="1898" /><ent r="6" t="111" w="153" /><ent r="6" t="111" w="153" /><ent r="7" t="111" w="168" /><ent r="7" t="111" w="168" /><ent r="7" t="111" w="179" /><ent r="7" t="111" w="179" /><ent r="7" t="111" w="193" /><ent r="7" t="111" w="193" /><ent r="6" t="111" w="218" /><ent r="6" t="111" w="218" /><ent r="7" t="131" w="225" /><ent r="7" t="131" w="225" /><ent r="7" t="131" w="230" /><ent r="7" t="131" w="230" /><ent r="7" t="131" w="844" /><ent r="7" t="131" w="844" /><ent r="7" t="134" w="153" /><ent r="7" t="134" w="153" /><ent r="7" t="134" w="168" /><ent r="7" t="134" w="168" /><ent r="7" t="134" w="179" /><ent r="7" t="134" w="179" /><ent r="7" t="134" w="193" /><ent r="7" t="134" w="193" /><ent r="7" t="134" w="218" /><ent r="7" t="134" w="218" /><ent r="6" t="181" w="434" /><ent r="6" t="181" w="434" /><ent r="6" t="181" w="439" /><ent r="6" t="181" w="439" /><ent r="6" t="207" w="427" /><ent r="6" t="207" w="427" /><ent r="6" t="207" w="432" /><ent r="6" t="207" w="432" /><ent r="6" t="212" w="149" /><ent r="6" t="212" w="149" /><ent r="7" t="212" w="164" /><ent r="7" t="212" w="164" /><ent r="7" t="212" w="175" /><ent r="7" t="212" w="175" /><ent r="7" t="212" w="189" /><ent r="7" t="212" w="189" /><ent r="6" t="212" w="214" /><ent r="6" t="212" w="214" /><ent r="7" t="235" w="1028" /><ent r="7" t="235" w="1028" /><ent r="7" t="235" w="1659" /><ent r="7" t="235" w="1659" /><ent r="7" t="235" w="2524" /><ent r="7" t="235" w="2524" /><ent r="7" t="235" w="3387" /><ent r="7" t="235" w="3387" /><ent r="5" t="242" w="1730" /><ent r="5" t="242" w="1730" /><ent r="5" t="242" w="1746" /><ent r="5" t="242" w="1746" /><ent r="5" t="242" w="1762" /><ent r="5" t="242" w="1762" /><ent r="5" t="242" w="1778" /><ent r="5" t="242" w="1778" /><ent r="3" t="251" w="151" /><ent r="3" t="251" w="151" /><ent r="3" t="281" w="69" /><ent r="3" t="281" w="69" /><ent r="3" t="283" w="83" /><ent r="3" t="283" w="83" /><ent r="6" t="348" w="330" /><ent r="6" t="348" w="330" /><ent r="6" t="348" w="385" /><ent r="6" t="348" w="385" /><ent r="7" t="348" w="525" /><ent r="7" t="348" w="525" /><ent r="6" t="349" w="145" /><ent r="6" t="349" w="145" /><ent r="6" t="350" w="145" /><ent r="6" t="350" w="145" /><ent r="3" t="359" w="423" /><ent r="3" t="359" w="423" /><ent r="3" t="362" w="13" /><ent r="3" t="362" w="13" /><ent r="3" t="390" w="871" /><ent r="3" t="390" w="871" /><ent r="3" t="390" w="899" /><ent r="3" t="390" w="899" /><ent r="3" t="390" w="1190" /><ent r="3" t="390" w="1190" /><ent r="3" t="390" w="1210" /><ent r="3" t="390" w="1210" /><ent r="3" t="390" w="1226" /><ent r="3" t="390" w="1226" /><ent r="3" t="390" w="1247" /><ent r="3" t="390" w="1247" /><ent r="3" t="390" w="1266" /><ent r="3" t="390" w="1266" /><ent r="3" t="399" w="336" /><ent r="3" t="399" w="336" /><ent r="7" t="430" w="225" /><ent r="7" t="430" w="225" /><ent r="7" t="430" w="318" /><ent r="7" t="430" w="318" /><ent r="7" t="431" w="313" /><ent r="7" t="431" w="313" /><ent r="7" t="443" w="313" /><ent r="7" t="443" w="313" /><ent r="7" t="449" w="285" /><ent r="7" t="449" w="285" /><ent r="9" t="475" w="261" /><ent r="9" t="475" w="261" /><ent r="9" t="477" w="516" /><ent r="9" t="477" w="516" /><ent r="4" t="482" w="319" /><ent r="4" t="482" w="319" /><ent r="4" t="482" w="332" /><ent r="4" t="482" w="332" /><ent r="4" t="482" w="355" /><ent r="4" t="482" w="355" /><ent r="4" t="482" w="377" /><ent r="4" t="482" w="377" /><ent r="7" t="495" w="79" /><ent r="7" t="495" w="79" /></phr><phr n="Indicator"><ent r="6" t="24" w="160" /><ent r="6" t="55" w="160" /><ent r="6" t="78" w="786" /><ent r="6" t="78" w="786" /><ent r="6" t="106" w="160" /><ent r="6" t="181" w="346" /><ent r="6" t="207" w="339" /><ent r="3" t="276" w="2541" /><ent r="3" t="276" w="2541" /><ent r="5" t="398" w="604" /><ent r="5" t="398" w="604" /></phr><phr n="indicated"><ent r="3" t="39" w="71" /><ent r="3" t="39" w="71" /><ent r="3" t="91" w="164" /><ent r="3" t="91" w="164" /><ent r="5" t="284" w="1457" /><ent r="5" t="284" w="1457" /><ent r="7" t="335" w="219" /><ent r="7" t="335" w="219" /><ent r="7" t="335" w="371" /><ent r="7" t="335" w="371" /><ent r="7" t="336" w="214" /><ent r="7" t="336" w="214" /><ent r="6" t="338" w="615" /><ent r="6" t="338" w="615" /><ent r="6" t="345" w="618" /><ent r="6" t="345" w="618" /><ent r="6" t="346" w="514" /><ent r="6" t="346" w="514" /><ent r="7" t="348" w="590" /><ent r="7" t="348" w="590" /><ent r="3" t="353" w="63" /><ent r="3" t="353" w="63" /><ent r="3" t="428" w="62" /><ent r="3" t="428" w="62" /></phr><phr n="indicator"><ent r="6" t="78" w="55" /><ent r="7" t="131" w="55" /><ent r="5" t="244" w="1055" /><ent r="5" t="244" w="1055" /><ent r="6" t="379" w="185" /><ent r="6" t="383" w="82" /><ent r="6" t="384" w="133" /><ent r="6" t="388" w="79" /><ent r="6" t="389" w="96" /><ent r="6" t="390" w="211" /><ent r="7" t="393" w="344" /><ent r="7" t="393" w="344" /><ent r="5" t="398" w="554" /><ent r="5" t="398" w="564" /><ent r="5" t="398" w="573" /><ent r="5" t="398" w="578" /><ent r="5" t="398" w="584" /><ent r="5" t="398" w="588" /><ent r="4" t="402" w="564" /><ent r="4" t="402" w="564" /><ent r="5" t="422" w="852" /><ent r="5" t="422" w="852" /><ent r="5" t="422" w="926" /><ent r="5" t="422" w="926" /><ent r="5" t="422" w="950" /><ent r="5" t="422" w="950" /><ent r="72" t="433" w="61" /><ent r="72" t="433" w="61" /><ent r="7" t="433" w="205" /><ent r="7" t="433" w="205" /><ent r="7" t="475" w="117" /><ent r="7" t="477" w="228" /><ent r="7" t="485" w="158" /><ent r="7" t="485" w="158" /><ent r="7" t="485" w="166" /><ent r="7" t="485" w="166" /><ent r="7" t="486" w="170" /><ent r="72" t="487" w="18" /><ent r="72" t="487" w="18" /><ent r="7" t="487" w="241" /><ent r="7" t="488" w="281" /><ent r="7" t="489" w="181" /><ent r="7" t="490" w="133" /><ent r="7" t="492" w="108" /><ent r="7" t="493" w="135" /><ent r="7" t="496" w="162" /></phr><phr n="Indicates"><ent r="3" t="240" w="641" /><ent r="3" t="240" w="641" /><ent r="3" t="240" w="839" /><ent r="3" t="240" w="839" /><ent r="5" t="244" w="920" /><ent r="5" t="244" w="920" /><ent r="5" t="244" w="936" /><ent r="5" t="244" w="936" /><ent r="5" t="244" w="952" /><ent r="5" t="244" w="952" /><ent r="5" t="244" w="968" /><ent r="5" t="244" w="968" /><ent r="3" t="249" w="227" /><ent r="3" t="249" w="227" /><ent r="3" t="249" w="432" /><ent r="3" t="249" w="432" /><ent r="3" t="263" w="282" /><ent r="3" t="263" w="282" /><ent r="3" t="263" w="297" /><ent r="3" t="263" w="297" /><ent r="3" t="275" w="25" /><ent r="3" t="275" w="25" /><ent r="5" t="275" w="341" /><ent r="5" t="275" w="341" /><ent r="5" t="275" w="353" /><ent r="5" t="275" w="353" /><ent r="5" t="275" w="366" /><ent r="5" t="275" w="366" /><ent r="5" t="275" w="402" /><ent r="5" t="275" w="402" /><ent r="3" t="276" w="531" /><ent r="3" t="276" w="531" /><ent r="3" t="276" w="1000" /><ent r="3" t="276" w="1000" /><ent r="3" t="281" w="122" /><ent r="3" t="281" w="122" /><ent r="3" t="281" w="136" /><ent r="3" t="281" w="136" /><ent r="3" t="286" w="21" /><ent r="3" t="286" w="21" /><ent r="3" t="286" w="179" /><ent r="3" t="286" w="179" /><ent r="3" t="286" w="249" /><ent r="3" t="286" w="249" /><ent r="3" t="288" w="38" /><ent r="3" t="288" w="38" /><ent r="3" t="288" w="53" /><ent r="3" t="288" w="53" /><ent r="3" t="304" w="143" /><ent r="3" t="304" w="143" /><ent r="6" t="314" w="986" /><ent r="6" t="314" w="986" /><ent r="6" t="314" w="1002" /><ent r="6" t="314" w="1002" /><ent r="6" t="314" w="1017" /><ent r="6" t="314" w="1017" /><ent r="6" t="349" w="218" /><ent r="6" t="349" w="218" /><ent r="7" t="349" w="404" /><ent r="7" t="349" w="404" /><ent r="6" t="350" w="218" /><ent r="6" t="350" w="218" /><ent r="6" t="353" w="96" /><ent r="6" t="353" w="96" /><ent r="6" t="353" w="292" /><ent r="6" t="353" w="292" /><ent r="6" t="353" w="697" /><ent r="6" t="353" w="697" /><ent r="6" t="353" w="775" /><ent r="6" t="353" w="775" /><ent r="6" t="353" w="879" /><ent r="6" t="353" w="879" /><ent r="6" t="353" w="1144" /><ent r="6" t="353" w="1144" /><ent r="6" t="365" w="284" /><ent r="6" t="365" w="284" /><ent r="6" t="365" w="303" /><ent r="6" t="365" w="303" /><ent r="6" t="365" w="371" /><ent r="6" t="365" w="371" /><ent r="3" t="428" w="31" /><ent r="3" t="428" w="31" /><ent r="3" t="428" w="48" /><ent r="3" t="428" w="48" /><ent r="7" t="446" w="252" /><ent r="7" t="446" w="252" /><ent r="7" t="483" w="76" /><ent r="7" t="483" w="76" /></phr><phr n="Indication"><ent r="4" t="278" w="231" /><ent r="4" t="278" w="231" /></phr><phr n="indicators"><ent r="3" t="325" w="13" /><ent r="3" t="325" w="13" /><ent r="3" t="402" w="890" /><ent r="3" t="402" w="890" /></phr><phr n="indicating"><ent r="7" t="335" w="238" /><ent r="7" t="335" w="238" /><ent r="7" t="336" w="225" /><ent r="7" t="336" w="225" /><ent r="6" t="390" w="257" /><ent r="6" t="390" w="257" /><ent r="6" t="390" w="285" /><ent r="6" t="390" w="285" /><ent r="6" t="390" w="339" /><ent r="6" t="390" w="339" /><ent r="6" t="390" w="370" /><ent r="6" t="390" w="370" /><ent r="6" t="390" w="400" /><ent r="6" t="390" w="400" /><ent r="6" t="390" w="420" /><ent r="6" t="390" w="420" /><ent r="6" t="390" w="442" /><ent r="6" t="390" w="442" /><ent r="6" t="390" w="478" /><ent r="6" t="390" w="478" /><ent r="6" t="390" w="514" /><ent r="6" t="390" w="514" /><ent r="5" t="430" w="56" /><ent r="5" t="430" w="56" /><ent r="5" t="431" w="56" /><ent r="5" t="431" w="56" /><ent r="7" t="432" w="172" /><ent r="7" t="432" w="172" /><ent r="5" t="443" w="60" /><ent r="5" t="443" w="60" /><ent r="5" t="447" w="26" /><ent r="5" t="447" w="26" /><ent r="5" t="450" w="38" /><ent r="5" t="450" w="38" /><ent r="5" t="451" w="38" /><ent r="5" t="451" w="38" /><ent r="7" t="454" w="155" /><ent r="7" t="454" w="155" /></phr><phr n="INDICATOR"><ent r="6" t="365" w="296" /><ent r="6" t="365" w="296" /><ent r="6" t="365" w="364" /><ent r="6" t="365" w="364" /><ent r="6" t="372" w="1648" /><ent r="6" t="372" w="1648" /><ent r="1000" t="433" w="7" /><ent r="1000" t="433" w="7" /><ent r="82" t="433" w="15" /><ent r="82" t="433" w="15" /></phr><phr n="indication"><ent r="3" t="399" w="3848" /></phr></stem><stem n="good"><phr n="good"><ent r="3" t="11" w="402" /><ent r="3" t="11" w="402" /><ent r="3" t="11" w="840" /><ent r="3" t="11" w="840" /><ent r="5" t="266" w="260" /><ent r="5" t="266" w="260" /><ent r="3" t="366" w="45" /><ent r="3" t="366" w="45" /><ent r="3" t="366" w="58" /><ent r="3" t="366" w="58" /><ent r="6" t="366" w="271" /><ent r="6" t="366" w="271" /><ent r="3" t="367" w="45" /><ent r="3" t="367" w="45" /><ent r="3" t="367" w="58" /><ent r="3" t="367" w="58" /><ent r="6" t="367" w="274" /><ent r="6" t="367" w="274" /><ent r="3" t="368" w="45" /><ent r="3" t="368" w="45" /><ent r="3" t="368" w="58" /><ent r="3" t="368" w="58" /><ent r="6" t="368" w="274" /><ent r="6" t="368" w="274" /><ent r="3" t="369" w="45" /><ent r="3" t="369" w="45" /><ent r="3" t="369" w="58" /><ent r="3" t="369" w="58" /><ent r="6" t="369" w="273" /><ent r="6" t="369" w="273" /><ent r="3" t="370" w="45" /><ent r="3" t="370" w="45" /><ent r="3" t="370" w="58" /><ent r="3" t="370" w="58" /><ent r="6" t="370" w="272" /><ent r="6" t="370" w="272" /><ent r="3" t="371" w="46" /><ent r="3" t="371" w="46" /><ent r="3" t="371" w="59" /><ent r="3" t="371" w="59" /><ent r="7" t="393" w="423" /><ent r="7" t="393" w="423" /><ent r="7" t="445" w="404" /><ent r="7" t="445" w="404" /><ent r="7" t="488" w="235" /><ent r="7" t="488" w="235" /><ent r="72" t="496" w="13" /><ent r="72" t="496" w="13" /><ent r="7" t="496" w="87" /><ent r="7" t="496" w="87" /><ent r="7" t="496" w="96" /><ent r="7" t="496" w="96" /><ent r="7" t="496" w="107" /><ent r="7" t="496" w="107" /><ent r="7" t="496" w="116" /><ent r="7" t="496" w="116" /></phr><phr n="Good"><ent r="7" t="296" w="238" /><ent r="7" t="296" w="238" /></phr></stem></index>