<?xml version="1.0" encoding="utf-8"?><index><!-- saved from url=(0016)http://localhost -->
<stem n="bottom"><phr n="Bottom"><ent r="3" t="12" w="405" /><ent r="3" t="12" w="405" /><ent r="3" t="37" w="116" /><ent r="3" t="37" w="116" /><ent r="3" t="89" w="115" /><ent r="3" t="89" w="115" /><ent r="3" t="119" w="115" /><ent r="3" t="119" w="115" /><ent r="3" t="142" w="116" /><ent r="3" t="142" w="116" /><ent r="3" t="193" w="113" /><ent r="3" t="193" w="113" /><ent r="72" t="217" w="115" /><ent r="72" t="217" w="115" /><ent r="7" t="373" w="161" /><ent r="7" t="373" w="161" /><ent r="6" t="377" w="193" /><ent r="6" t="377" w="193" /></phr><phr n="bottom"><ent r="3" t="239" w="46" /><ent r="3" t="239" w="46" /><ent r="3" t="242" w="1800" /><ent r="3" t="242" w="1800" /><ent r="3" t="304" w="359" /><ent r="3" t="304" w="359" /><ent r="5" t="311" w="343" /><ent r="5" t="311" w="343" /><ent r="5" t="398" w="746" /><ent r="5" t="398" w="746" /><ent r="5" t="398" w="1286" /><ent r="5" t="398" w="1286" /><ent r="5" t="398" w="1953" /><ent r="5" t="398" w="1953" /><ent r="5" t="427" w="629" /><ent r="5" t="427" w="629" /></phr></stem><stem n="true"><phr n="True"><ent r="4" t="12" w="417" /><ent r="4" t="12" w="417" /><ent r="3" t="249" w="272" /><ent r="3" t="249" w="272" /><ent r="5" t="270" w="467" /><ent r="5" t="270" w="467" /><ent r="7" t="351" w="499" /><ent r="7" t="351" w="499" /><ent r="7" t="351" w="514" /><ent r="7" t="351" w="514" /><ent r="3" t="390" w="870" /><ent r="7" t="393" w="285" /><ent r="7" t="393" w="285" /><ent r="5" t="400" w="768" /><ent r="5" t="400" w="768" /><ent r="5" t="400" w="1052" /><ent r="5" t="400" w="1052" /><ent r="3" t="407" w="13" /><ent r="3" t="407" w="13" /><ent r="3" t="407" w="22" /><ent r="3" t="408" w="106" /><ent r="3" t="408" w="106" /><ent r="3" t="408" w="115" /><ent r="5" t="431" w="68" /><ent r="5" t="431" w="68" /><ent r="7" t="431" w="646" /><ent r="7" t="431" w="646" /><ent r="5" t="432" w="65" /><ent r="5" t="432" w="65" /><ent r="7" t="432" w="249" /><ent r="7" t="432" w="249" /><ent r="5" t="443" w="72" /><ent r="5" t="443" w="72" /><ent r="7" t="443" w="629" /><ent r="7" t="443" w="629" /><ent r="5" t="449" w="68" /><ent r="5" t="449" w="68" /><ent r="7" t="449" w="254" /><ent r="7" t="449" w="254" /><ent r="5" t="451" w="50" /><ent r="5" t="451" w="50" /><ent r="7" t="451" w="243" /><ent r="7" t="451" w="243" /><ent r="5" t="455" w="41" /><ent r="5" t="455" w="41" /><ent r="7" t="455" w="154" /><ent r="7" t="455" w="154" /><ent r="6" t="473" w="104" /><ent r="6" t="473" w="104" /><ent r="6" t="473" w="202" /><ent r="6" t="473" w="202" /><ent r="6" t="473" w="234" /><ent r="6" t="473" w="234" /><ent r="7" t="482" w="245" /><ent r="7" t="482" w="245" /><ent r="72" t="483" w="13" /><ent r="72" t="483" w="13" /><ent r="7" t="483" w="80" /><ent r="7" t="483" w="80" /><ent r="7" t="494" w="120" /></phr><phr n="true"><ent r="6" t="15" w="190" /><ent r="6" t="15" w="190" /><ent r="6" t="46" w="190" /><ent r="6" t="46" w="190" /><ent r="6" t="97" w="190" /><ent r="6" t="97" w="190" /><ent r="6" t="126" w="190" /><ent r="6" t="126" w="190" /><ent r="6" t="149" w="190" /><ent r="6" t="149" w="190" /><ent r="6" t="174" w="190" /><ent r="6" t="174" w="190" /><ent r="6" t="200" w="190" /><ent r="6" t="200" w="190" /><ent r="5" t="226" w="434" /><ent r="5" t="226" w="434" /><ent r="3" t="373" w="16" /><ent r="3" t="373" w="16" /><ent r="3" t="375" w="19" /><ent r="3" t="375" w="19" /><ent r="7" t="481" w="149" /><ent r="7" t="481" w="149" /><ent r="72" t="483" w="52" /><ent r="72" t="483" w="52" /><ent r="7" t="496" w="89" /><ent r="7" t="496" w="100" /><ent r="7" t="496" w="100" /></phr></stem><stem n="vertic"><phr n="vertical"><ent r="4" t="12" w="418" /><ent r="4" t="12" w="418" /><ent r="6" t="15" w="191" /><ent r="6" t="16" w="102" /><ent r="6" t="16" w="102" /><ent r="6" t="16" w="126" /><ent r="6" t="16" w="126" /><ent r="6" t="16" w="162" /><ent r="6" t="16" w="162" /><ent r="6" t="46" w="191" /><ent r="6" t="47" w="102" /><ent r="6" t="47" w="102" /><ent r="6" t="47" w="126" /><ent r="6" t="47" w="126" /><ent r="6" t="47" w="162" /><ent r="6" t="47" w="162" /><ent r="6" t="71" w="102" /><ent r="6" t="71" w="102" /><ent r="6" t="71" w="126" /><ent r="6" t="71" w="126" /><ent r="6" t="71" w="162" /><ent r="6" t="71" w="162" /><ent r="6" t="97" w="191" /><ent r="6" t="98" w="102" /><ent r="6" t="98" w="102" /><ent r="6" t="98" w="126" /><ent r="6" t="98" w="126" /><ent r="6" t="98" w="162" /><ent r="6" t="98" w="162" /><ent r="6" t="126" w="191" /><ent r="6" t="149" w="191" /><ent r="7" t="150" w="204" /><ent r="7" t="150" w="204" /><ent r="7" t="150" w="214" /><ent r="7" t="150" w="214" /><ent r="6" t="174" w="191" /><ent r="6" t="200" w="191" /><ent r="7" t="235" w="1060" /><ent r="7" t="235" w="1060" /><ent r="7" t="235" w="1168" /><ent r="7" t="235" w="1168" /><ent r="7" t="235" w="1670" /><ent r="7" t="235" w="1670" /><ent r="7" t="235" w="1688" /><ent r="7" t="235" w="1688" /><ent r="7" t="235" w="1703" /><ent r="7" t="235" w="1703" /><ent r="7" t="235" w="1721" /><ent r="7" t="235" w="1721" /><ent r="7" t="235" w="1926" /><ent r="7" t="235" w="1926" /><ent r="7" t="235" w="1937" /><ent r="7" t="235" w="1937" /><ent r="7" t="235" w="2536" /><ent r="7" t="235" w="2536" /><ent r="7" t="235" w="2558" /><ent r="7" t="235" w="2558" /><ent r="7" t="235" w="3395" /><ent r="7" t="235" w="3395" /><ent r="5" t="242" w="1518" /><ent r="5" t="242" w="1518" /><ent r="5" t="242" w="1625" /><ent r="5" t="242" w="1625" /><ent r="5" t="242" w="1770" /><ent r="5" t="242" w="1770" /><ent r="5" t="244" w="960" /><ent r="5" t="244" w="960" /><ent r="3" t="284" w="511" /><ent r="3" t="284" w="511" /><ent r="5" t="284" w="906" /><ent r="5" t="284" w="906" /><ent r="3" t="373" w="17" /><ent r="3" t="373" w="17" /><ent r="3" t="375" w="20" /><ent r="3" t="375" w="20" /><ent r="3" t="399" w="1596" /><ent r="3" t="399" w="1596" /><ent r="3" t="399" w="1622" /><ent r="3" t="399" w="1622" /><ent r="3" t="399" w="1633" /><ent r="3" t="399" w="1643" /><ent r="3" t="399" w="1643" /><ent r="5" t="400" w="2167" /><ent r="5" t="400" w="2167" /><ent r="5" t="400" w="2197" /><ent r="5" t="400" w="2197" /><ent r="6" t="400" w="2272" /><ent r="6" t="400" w="2272" /><ent r="5" t="400" w="2300" /><ent r="5" t="400" w="2300" /><ent r="5" t="432" w="35" /><ent r="5" t="432" w="35" /><ent r="7" t="432" w="245" /><ent r="7" t="432" w="245" /><ent r="7" t="439" w="365" /><ent r="7" t="439" w="365" /><ent r="7" t="439" w="376" /><ent r="7" t="439" w="376" /><ent r="3" t="442" w="21" /><ent r="3" t="442" w="21" /><ent r="54" t="486" w="53" /><ent r="54" t="486" w="53" /></phr><phr n="Vertical"><ent r="6" t="17" w="125" /><ent r="6" t="17" w="125" /><ent r="6" t="48" w="125" /><ent r="6" t="48" w="125" /><ent r="6" t="72" w="125" /><ent r="6" t="72" w="125" /><ent r="6" t="99" w="125" /><ent r="6" t="99" w="125" /><ent r="6" t="150" w="181" /><ent r="6" t="150" w="234" /><ent r="7" t="165" w="197" /><ent r="6" t="165" w="217" /><ent r="6" t="165" w="217" /><ent r="6" t="165" w="226" /><ent r="6" t="165" w="226" /><ent r="6" t="165" w="245" /><ent r="6" t="175" w="206" /><ent r="6" t="175" w="228" /><ent r="6" t="201" w="239" /><ent r="6" t="201" w="239" /><ent r="6" t="201" w="275" /><ent r="6" t="227" w="257" /><ent r="7" t="235" w="1047" /><ent r="7" t="235" w="1047" /><ent r="7" t="235" w="3375" /><ent r="7" t="235" w="3375" /><ent r="3" t="240" w="644" /><ent r="3" t="240" w="644" /><ent r="7" t="242" w="526" /><ent r="7" t="242" w="526" /><ent r="7" t="242" w="544" /><ent r="7" t="242" w="544" /><ent r="5" t="242" w="1760" /><ent r="5" t="242" w="1760" /><ent r="5" t="244" w="950" /><ent r="5" t="244" w="950" /><ent r="4" t="284" w="504" /><ent r="4" t="284" w="504" /><ent r="6" t="373" w="104" /><ent r="6" t="373" w="104" /><ent r="7" t="377" w="123" /><ent r="7" t="377" w="123" /><ent r="3" t="401" w="364" /><ent r="3" t="401" w="364" /><ent r="3" t="401" w="373" /><ent r="3" t="401" w="373" /><ent r="7" t="444" w="103" /><ent r="7" t="444" w="103" /><ent r="5" t="455" w="27" /><ent r="5" t="455" w="27" /><ent r="7" t="455" w="166" /><ent r="7" t="455" w="166" /><ent r="7" t="455" w="175" /><ent r="7" t="455" w="175" /><ent r="7" t="493" w="114" /><ent r="7" t="493" w="114" /><ent r="7" t="493" w="119" /></phr><phr n="vertically"><ent r="3" t="265" w="226" /><ent r="3" t="265" w="226" /></phr></stem><stem n="show"><phr n="shows"><ent r="3" t="12" w="422" /><ent r="3" t="12" w="422" /><ent r="3" t="22" w="160" /><ent r="3" t="22" w="160" /><ent r="3" t="25" w="136" /><ent r="3" t="25" w="136" /><ent r="3" t="36" w="31" /><ent r="3" t="36" w="31" /><ent r="3" t="37" w="86" /><ent r="3" t="37" w="86" /><ent r="3" t="41" w="119" /><ent r="3" t="41" w="119" /><ent r="3" t="53" w="158" /><ent r="3" t="53" w="158" /><ent r="3" t="56" w="136" /><ent r="3" t="56" w="136" /><ent r="3" t="67" w="107" /><ent r="3" t="67" w="107" /><ent r="3" t="88" w="31" /><ent r="3" t="88" w="31" /><ent r="3" t="89" w="85" /><ent r="3" t="89" w="85" /><ent r="3" t="92" w="110" /><ent r="3" t="92" w="110" /><ent r="3" t="104" w="144" /><ent r="3" t="104" w="144" /><ent r="3" t="107" w="136" /><ent r="3" t="107" w="136" /><ent r="3" t="118" w="31" /><ent r="3" t="118" w="31" /><ent r="3" t="119" w="85" /><ent r="3" t="119" w="85" /><ent r="3" t="122" w="107" /><ent r="3" t="122" w="107" /><ent r="3" t="141" w="31" /><ent r="3" t="141" w="31" /><ent r="3" t="142" w="86" /><ent r="3" t="142" w="86" /><ent r="3" t="144" w="109" /><ent r="3" t="144" w="109" /><ent r="5" t="164" w="300" /><ent r="5" t="164" w="300" /><ent r="3" t="182" w="136" /><ent r="3" t="182" w="136" /><ent r="3" t="192" w="31" /><ent r="3" t="192" w="31" /><ent r="3" t="193" w="83" /><ent r="3" t="193" w="83" /><ent r="3" t="194" w="125" /><ent r="3" t="194" w="125" /><ent r="3" t="194" w="138" /><ent r="3" t="194" w="138" /><ent r="3" t="196" w="155" /><ent r="3" t="196" w="155" /><ent r="3" t="208" w="136" /><ent r="3" t="208" w="136" /><ent r="3" t="217" w="86" /><ent r="3" t="217" w="86" /><ent r="3" t="218" w="125" /><ent r="3" t="218" w="125" /><ent r="3" t="218" w="138" /><ent r="3" t="218" w="138" /><ent r="3" t="220" w="159" /><ent r="3" t="220" w="159" /><ent r="5" t="226" w="268" /><ent r="5" t="226" w="268" /><ent r="3" t="237" w="94" /><ent r="3" t="237" w="94" /><ent r="3" t="239" w="11" /><ent r="3" t="239" w="11" /><ent r="3" t="240" w="13" /><ent r="3" t="240" w="13" /><ent r="3" t="241" w="11" /><ent r="3" t="241" w="11" /><ent r="3" t="242" w="11" /><ent r="3" t="242" w="11" /><ent r="5" t="242" w="1026" /><ent r="5" t="242" w="1026" /><ent r="3" t="242" w="1528" /><ent r="3" t="242" w="1528" /><ent r="3" t="243" w="457" /><ent r="3" t="243" w="457" /><ent r="3" t="243" w="465" /><ent r="3" t="243" w="465" /><ent r="3" t="244" w="11" /><ent r="3" t="244" w="11" /><ent r="3" t="245" w="15" /><ent r="3" t="245" w="15" /><ent r="3" t="245" w="54" /><ent r="3" t="245" w="54" /><ent r="3" t="245" w="81" /><ent r="3" t="245" w="81" /><ent r="3" t="246" w="66" /><ent r="3" t="246" w="66" /><ent r="3" t="246" w="304" /><ent r="3" t="246" w="304" /><ent r="3" t="248" w="11" /><ent r="3" t="248" w="11" /><ent r="3" t="249" w="11" /><ent r="3" t="249" w="11" /><ent r="3" t="250" w="11" /><ent r="3" t="250" w="11" /><ent r="3" t="251" w="11" /><ent r="3" t="251" w="11" /><ent r="3" t="259" w="26" /><ent r="3" t="259" w="26" /><ent r="3" t="271" w="189" /><ent r="3" t="271" w="189" /><ent r="3" t="279" w="548" /><ent r="3" t="279" w="548" /><ent r="3" t="296" w="227" /><ent r="3" t="296" w="227" /><ent r="3" t="297" w="170" /><ent r="3" t="297" w="170" /><ent r="3" t="297" w="632" /><ent r="3" t="297" w="632" /><ent r="3" t="314" w="203" /><ent r="3" t="314" w="203" /><ent r="5" t="317" w="343" /><ent r="5" t="317" w="343" /><ent r="5" t="317" w="476" /><ent r="5" t="317" w="476" /><ent r="3" t="337" w="58" /><ent r="3" t="337" w="58" /><ent r="3" t="338" w="51" /><ent r="3" t="338" w="51" /><ent r="3" t="339" w="76" /><ent r="3" t="339" w="76" /><ent r="3" t="340" w="63" /><ent r="3" t="340" w="63" /><ent r="3" t="341" w="85" /><ent r="3" t="341" w="85" /><ent r="3" t="342" w="56" /><ent r="3" t="342" w="56" /><ent r="3" t="343" w="53" /><ent r="3" t="343" w="53" /><ent r="3" t="344" w="53" /><ent r="3" t="344" w="53" /><ent r="3" t="345" w="54" /><ent r="3" t="345" w="54" /><ent r="3" t="346" w="52" /><ent r="3" t="346" w="52" /><ent r="3" t="349" w="32" /><ent r="3" t="349" w="32" /><ent r="3" t="350" w="32" /><ent r="3" t="350" w="32" /><ent r="3" t="351" w="22" /><ent r="3" t="351" w="22" /><ent r="3" t="352" w="24" /><ent r="3" t="352" w="24" /><ent r="3" t="353" w="24" /><ent r="3" t="353" w="24" /><ent r="3" t="354" w="14" /><ent r="3" t="354" w="14" /><ent r="3" t="355" w="14" /><ent r="3" t="355" w="14" /><ent r="3" t="356" w="14" /><ent r="3" t="356" w="14" /><ent r="3" t="357" w="14" /><ent r="3" t="357" w="14" /><ent r="3" t="358" w="20" /><ent r="3" t="358" w="20" /><ent r="3" t="360" w="18" /><ent r="3" t="360" w="18" /><ent r="3" t="361" w="14" /><ent r="3" t="361" w="14" /><ent r="3" t="362" w="52" /><ent r="3" t="362" w="52" /><ent r="3" t="363" w="41" /><ent r="3" t="363" w="41" /><ent r="3" t="364" w="45" /><ent r="3" t="364" w="45" /><ent r="3" t="365" w="36" /><ent r="3" t="365" w="36" /><ent r="3" t="366" w="90" /><ent r="3" t="366" w="90" /><ent r="3" t="367" w="90" /><ent r="3" t="367" w="90" /><ent r="3" t="368" w="90" /><ent r="3" t="368" w="90" /><ent r="3" t="369" w="90" /><ent r="3" t="369" w="90" /><ent r="3" t="370" w="90" /><ent r="3" t="370" w="90" /><ent r="3" t="371" w="91" /><ent r="3" t="371" w="91" /><ent r="3" t="372" w="71" /><ent r="3" t="372" w="71" /><ent r="3" t="373" w="30" /><ent r="3" t="373" w="30" /><ent r="3" t="374" w="53" /><ent r="3" t="374" w="53" /><ent r="3" t="375" w="33" /><ent r="3" t="375" w="33" /><ent r="3" t="376" w="28" /><ent r="3" t="376" w="28" /><ent r="3" t="377" w="25" /><ent r="3" t="377" w="25" /><ent r="3" t="378" w="30" /><ent r="3" t="378" w="30" /><ent r="3" t="379" w="117" /><ent r="3" t="379" w="117" /><ent r="3" t="386" w="77" /><ent r="3" t="386" w="77" /><ent r="3" t="387" w="55" /><ent r="3" t="387" w="55" /><ent r="3" t="390" w="552" /><ent r="3" t="390" w="552" /><ent r="3" t="390" w="617" /><ent r="3" t="390" w="617" /><ent r="3" t="390" w="1038" /><ent r="3" t="390" w="1038" /><ent r="3" t="393" w="179" /><ent r="3" t="393" w="179" /><ent r="3" t="394" w="68" /><ent r="3" t="394" w="68" /><ent r="3" t="400" w="459" /><ent r="3" t="400" w="459" /><ent r="3" t="401" w="439" /><ent r="3" t="401" w="439" /><ent r="3" t="402" w="915" /><ent r="3" t="402" w="915" /><ent r="3" t="402" w="1068" /><ent r="3" t="402" w="1068" /><ent r="3" t="402" w="1685" /><ent r="3" t="402" w="1685" /><ent r="3" t="402" w="1844" /><ent r="3" t="402" w="1844" /><ent r="3" t="421" w="24" /><ent r="3" t="421" w="24" /><ent r="3" t="421" w="107" /><ent r="3" t="421" w="107" /><ent r="3" t="421" w="113" /><ent r="3" t="421" w="113" /><ent r="3" t="423" w="161" /><ent r="3" t="423" w="161" /><ent r="3" t="423" w="341" /><ent r="3" t="423" w="341" /><ent r="9" t="439" w="109" /><ent r="9" t="439" w="109" /><ent r="7" t="476" w="119" /><ent r="7" t="476" w="119" /></phr><phr n="show"><ent r="3" t="155" w="13" /><ent r="3" t="155" w="13" /><ent r="5" t="164" w="313" /><ent r="5" t="164" w="313" /><ent r="3" t="169" w="13" /><ent r="3" t="169" w="13" /><ent r="3" t="180" w="13" /><ent r="3" t="180" w="13" /><ent r="3" t="206" w="13" /><ent r="3" t="206" w="13" /><ent r="5" t="226" w="279" /><ent r="5" t="226" w="279" /><ent r="3" t="232" w="13" /><ent r="3" t="232" w="13" /><ent r="3" t="246" w="325" /><ent r="3" t="246" w="325" /><ent r="3" t="252" w="35" /><ent r="3" t="252" w="35" /><ent r="3" t="252" w="320" /><ent r="3" t="252" w="320" /><ent r="3" t="253" w="32" /><ent r="3" t="253" w="32" /><ent r="3" t="254" w="15" /><ent r="3" t="254" w="15" /><ent r="3" t="258" w="25" /><ent r="3" t="258" w="25" /><ent r="3" t="260" w="176" /><ent r="3" t="260" w="176" /><ent r="3" t="261" w="199" /><ent r="3" t="261" w="199" /><ent r="3" t="314" w="355" /><ent r="3" t="314" w="355" /><ent r="3" t="314" w="1123" /><ent r="3" t="314" w="1123" /><ent r="6" t="337" w="164" /><ent r="6" t="337" w="164" /><ent r="6" t="337" w="190" /><ent r="6" t="337" w="190" /><ent r="6" t="337" w="217" /><ent r="6" t="337" w="217" /><ent r="6" t="337" w="243" /><ent r="6" t="337" w="243" /><ent r="6" t="337" w="272" /><ent r="6" t="337" w="272" /><ent r="6" t="337" w="462" /><ent r="6" t="337" w="462" /><ent r="6" t="337" w="498" /><ent r="6" t="337" w="498" /><ent r="6" t="337" w="524" /><ent r="6" t="337" w="524" /><ent r="6" t="337" w="556" /><ent r="6" t="337" w="556" /><ent r="6" t="337" w="585" /><ent r="6" t="337" w="585" /><ent r="6" t="337" w="611" /><ent r="6" t="337" w="611" /><ent r="6" t="337" w="637" /><ent r="6" t="337" w="637" /><ent r="6" t="337" w="667" /><ent r="6" t="337" w="667" /><ent r="3" t="409" w="215" /><ent r="3" t="409" w="215" /><ent r="4" t="411" w="86" /><ent r="4" t="411" w="86" /><ent r="3" t="421" w="41" /><ent r="3" t="421" w="41" /><ent r="3" t="501" w="318" /><ent r="3" t="501" w="318" /><ent r="3" t="502" w="145" /><ent r="3" t="502" w="145" /></phr><phr n="Shows"><ent r="3" t="239" w="24" /><ent r="3" t="239" w="24" /><ent r="3" t="239" w="125" /><ent r="3" t="239" w="125" /><ent r="3" t="239" w="171" /><ent r="3" t="239" w="171" /><ent r="3" t="239" w="217" /><ent r="3" t="239" w="217" /><ent r="3" t="239" w="265" /><ent r="3" t="239" w="265" /><ent r="3" t="239" w="278" /><ent r="3" t="239" w="278" /><ent r="3" t="239" w="292" /><ent r="3" t="239" w="292" /><ent r="3" t="239" w="351" /><ent r="3" t="239" w="351" /><ent r="3" t="239" w="378" /><ent r="3" t="239" w="378" /><ent r="3" t="239" w="419" /><ent r="3" t="239" w="419" /><ent r="3" t="241" w="25" /><ent r="3" t="241" w="25" /><ent r="3" t="242" w="29" /><ent r="3" t="242" w="29" /><ent r="3" t="242" w="508" /><ent r="3" t="242" w="508" /><ent r="4" t="242" w="733" /><ent r="4" t="242" w="733" /><ent r="3" t="242" w="1119" /><ent r="3" t="242" w="1119" /><ent r="3" t="242" w="1173" /><ent r="3" t="242" w="1173" /><ent r="3" t="242" w="1234" /><ent r="3" t="242" w="1234" /><ent r="3" t="242" w="1337" /><ent r="3" t="242" w="1337" /><ent r="3" t="242" w="1460" /><ent r="3" t="242" w="1460" /><ent r="3" t="242" w="1568" /><ent r="3" t="242" w="1568" /><ent r="3" t="242" w="1673" /><ent r="3" t="242" w="1673" /><ent r="3" t="248" w="37" /><ent r="3" t="248" w="37" /><ent r="3" t="248" w="65" /><ent r="3" t="248" w="65" /><ent r="3" t="248" w="99" /><ent r="3" t="248" w="99" /><ent r="3" t="252" w="379" /><ent r="3" t="252" w="379" /><ent r="3" t="254" w="94" /><ent r="3" t="254" w="94" /><ent r="3" t="263" w="346" /><ent r="3" t="263" w="346" /><ent r="3" t="278" w="116" /><ent r="3" t="278" w="116" /><ent r="3" t="278" w="234" /><ent r="3" t="278" w="234" /><ent r="3" t="283" w="44" /><ent r="3" t="283" w="44" /><ent r="3" t="304" w="193" /><ent r="3" t="304" w="193" /><ent r="3" t="304" w="211" /><ent r="3" t="304" w="211" /><ent r="3" t="304" w="232" /><ent r="3" t="304" w="232" /><ent r="3" t="304" w="251" /><ent r="3" t="304" w="251" /><ent r="6" t="314" w="816" /><ent r="3" t="409" w="158" /><ent r="3" t="409" w="158" /><ent r="3" t="423" w="191" /><ent r="3" t="423" w="191" /><ent r="3" t="423" w="379" /><ent r="3" t="423" w="379" /><ent r="3" t="423" w="393" /><ent r="3" t="423" w="393" /><ent r="7" t="439" w="352" /><ent r="7" t="439" w="352" /><ent r="7" t="439" w="371" /><ent r="7" t="439" w="371" /><ent r="3" t="500" w="90" /><ent r="3" t="500" w="90" /><ent r="3" t="500" w="103" /><ent r="3" t="500" w="103" /><ent r="3" t="500" w="116" /><ent r="3" t="500" w="116" /><ent r="3" t="500" w="124" /><ent r="3" t="500" w="124" /><ent r="3" t="500" w="132" /><ent r="3" t="500" w="132" /><ent r="3" t="500" w="202" /><ent r="3" t="500" w="202" /><ent r="3" t="500" w="210" /><ent r="3" t="500" w="210" /></phr><phr n="showing"><ent r="3" t="243" w="17" /><ent r="3" t="243" w="17" /><ent r="3" t="246" w="101" /><ent r="3" t="246" w="101" /><ent r="5" t="312" w="850" /><ent r="5" t="312" w="850" /><ent r="3" t="314" w="798" /><ent r="3" t="314" w="798" /><ent r="3" t="335" w="24" /><ent r="3" t="335" w="24" /><ent r="3" t="409" w="177" /><ent r="3" t="409" w="177" /><ent r="3" t="409" w="246" /><ent r="3" t="409" w="246" /><ent r="3" t="423" w="441" /><ent r="3" t="423" w="441" /></phr><phr n="Show"><ent r="3" t="297" w="480" /><ent r="3" t="297" w="480" /></phr></stem><stem n="click"><phr n="Click"><ent r="3" t="12" w="473" /><ent r="3" t="12" w="473" /><ent r="5" t="243" w="255" /><ent r="5" t="243" w="255" /><ent r="3" t="246" w="176" /><ent r="3" t="246" w="176" /><ent r="3" t="260" w="171" /><ent r="3" t="260" w="171" /><ent r="3" t="261" w="194" /><ent r="3" t="261" w="194" /><ent r="3" t="265" w="233" /><ent r="3" t="265" w="233" /><ent r="3" t="265" w="250" /><ent r="3" t="265" w="250" /><ent r="3" t="265" w="329" /><ent r="3" t="265" w="329" /><ent r="5" t="266" w="218" /><ent r="5" t="266" w="218" /><ent r="3" t="268" w="420" /><ent r="3" t="268" w="420" /><ent r="5" t="271" w="338" /><ent r="5" t="271" w="338" /><ent r="3" t="271" w="736" /><ent r="3" t="271" w="736" /><ent r="5" t="271" w="776" /><ent r="5" t="271" w="776" /><ent r="3" t="278" w="23" /><ent r="3" t="278" w="23" /><ent r="3" t="279" w="444" /><ent r="3" t="279" w="444" /><ent r="3" t="279" w="489" /><ent r="3" t="279" w="489" /><ent r="3" t="279" w="578" /><ent r="3" t="279" w="578" /><ent r="3" t="296" w="531" /><ent r="3" t="296" w="531" /><ent r="3" t="297" w="160" /><ent r="3" t="297" w="160" /><ent r="3" t="304" w="320" /><ent r="3" t="304" w="320" /><ent r="5" t="308" w="129" /><ent r="5" t="308" w="129" /><ent r="5" t="308" w="279" /><ent r="5" t="308" w="279" /><ent r="5" t="309" w="355" /><ent r="5" t="309" w="355" /><ent r="5" t="311" w="62" /><ent r="5" t="311" w="62" /><ent r="5" t="311" w="70" /><ent r="5" t="311" w="70" /><ent r="5" t="311" w="83" /><ent r="5" t="311" w="83" /><ent r="5" t="311" w="96" /><ent r="5" t="311" w="96" /><ent r="5" t="311" w="105" /><ent r="5" t="311" w="105" /><ent r="5" t="311" w="122" /><ent r="5" t="311" w="122" /><ent r="5" t="311" w="136" /><ent r="5" t="311" w="136" /><ent r="4" t="311" w="147" /><ent r="4" t="311" w="147" /><ent r="5" t="311" w="164" /><ent r="5" t="311" w="164" /><ent r="5" t="311" w="169" /><ent r="5" t="311" w="169" /><ent r="5" t="311" w="174" /><ent r="5" t="311" w="174" /><ent r="5" t="311" w="196" /><ent r="5" t="311" w="196" /><ent r="5" t="311" w="278" /><ent r="5" t="311" w="278" /><ent r="5" t="311" w="293" /><ent r="5" t="311" w="293" /><ent r="5" t="311" w="433" /><ent r="5" t="311" w="433" /><ent r="5" t="312" w="172" /><ent r="5" t="312" w="172" /><ent r="5" t="312" w="186" /><ent r="5" t="312" w="186" /><ent r="5" t="312" w="243" /><ent r="5" t="312" w="243" /><ent r="4" t="312" w="281" /><ent r="4" t="312" w="281" /><ent r="5" t="312" w="440" /><ent r="5" t="312" w="440" /><ent r="5" t="312" w="465" /><ent r="5" t="312" w="465" /><ent r="5" t="312" w="525" /><ent r="5" t="312" w="525" /><ent r="5" t="312" w="626" /><ent r="5" t="312" w="626" /><ent r="5" t="312" w="664" /><ent r="5" t="312" w="664" /><ent r="4" t="312" w="669" /><ent r="4" t="312" w="669" /><ent r="5" t="312" w="712" /><ent r="5" t="312" w="712" /><ent r="5" t="312" w="834" /><ent r="5" t="312" w="834" /><ent r="4" t="313" w="95" /><ent r="4" t="313" w="95" /><ent r="6" t="314" w="753" /><ent r="6" t="314" w="753" /><ent r="6" t="314" w="957" /><ent r="6" t="314" w="957" /><ent r="6" t="314" w="1009" /><ent r="6" t="314" w="1009" /><ent r="3" t="314" w="1260" /><ent r="3" t="314" w="1260" /><ent r="3" t="314" w="1382" /><ent r="3" t="314" w="1382" /><ent r="3" t="314" w="1437" /><ent r="3" t="314" w="1437" /><ent r="5" t="317" w="326" /><ent r="5" t="317" w="326" /><ent r="5" t="317" w="494" /><ent r="5" t="317" w="494" /><ent r="4" t="317" w="544" /><ent r="4" t="317" w="544" /><ent r="3" t="402" w="1005" /><ent r="3" t="402" w="1005" /><ent r="3" t="403" w="7" /><ent r="3" t="403" w="7" /><ent r="3" t="407" w="87" /><ent r="3" t="407" w="87" /><ent r="3" t="409" w="76" /><ent r="3" t="409" w="76" /><ent r="3" t="409" w="190" /><ent r="3" t="409" w="190" /><ent r="3" t="409" w="212" /><ent r="3" t="409" w="212" /><ent r="3" t="421" w="33" /><ent r="3" t="421" w="33" /><ent r="3" t="421" w="100" /><ent r="3" t="421" w="100" /><ent r="3" t="421" w="299" /><ent r="3" t="421" w="299" /><ent r="3" t="423" w="211" /><ent r="3" t="423" w="211" /><ent r="3" t="423" w="355" /><ent r="3" t="423" w="355" /><ent r="3" t="423" w="425" /><ent r="3" t="423" w="425" /><ent r="4" t="427" w="807" /><ent r="4" t="427" w="807" /><ent r="3" t="502" w="118" /><ent r="3" t="502" w="118" /></phr><phr n="click"><ent r="3" t="240" w="951" /><ent r="3" t="240" w="951" /><ent r="3" t="243" w="181" /><ent r="3" t="243" w="181" /><ent r="5" t="243" w="290" /><ent r="5" t="243" w="354" /><ent r="3" t="246" w="84" /><ent r="3" t="246" w="84" /><ent r="3" t="246" w="88" /><ent r="3" t="246" w="88" /><ent r="3" t="246" w="218" /><ent r="3" t="246" w="218" /><ent r="3" t="246" w="297" /><ent r="3" t="246" w="297" /><ent r="3" t="249" w="29" /><ent r="3" t="249" w="29" /><ent r="3" t="250" w="55" /><ent r="3" t="250" w="55" /><ent r="3" t="265" w="355" /><ent r="3" t="265" w="355" /><ent r="3" t="265" w="380" /><ent r="3" t="265" w="380" /><ent r="3" t="265" w="477" /><ent r="3" t="265" w="477" /><ent r="7" t="266" w="147" /><ent r="7" t="266" w="147" /><ent r="3" t="269" w="334" /><ent r="3" t="269" w="334" /><ent r="3" t="269" w="350" /><ent r="3" t="269" w="350" /><ent r="3" t="269" w="427" /><ent r="3" t="269" w="427" /><ent r="3" t="269" w="522" /><ent r="3" t="269" w="522" /><ent r="5" t="271" w="222" /><ent r="5" t="271" w="222" /><ent r="5" t="271" w="803" /><ent r="5" t="271" w="803" /><ent r="3" t="273" w="98" /><ent r="3" t="273" w="98" /><ent r="3" t="276" w="415" /><ent r="3" t="276" w="415" /><ent r="3" t="279" w="376" /><ent r="3" t="279" w="376" /><ent r="3" t="279" w="477" /><ent r="3" t="279" w="477" /><ent r="3" t="287" w="359" /><ent r="3" t="287" w="359" /><ent r="3" t="291" w="113" /><ent r="3" t="291" w="113" /><ent r="3" t="300" w="38" /><ent r="3" t="300" w="38" /><ent r="3" t="301" w="170" /><ent r="3" t="301" w="170" /><ent r="5" t="309" w="375" /><ent r="5" t="309" w="375" /><ent r="5" t="309" w="386" /><ent r="5" t="309" w="386" /><ent r="4" t="311" w="49" /><ent r="4" t="311" w="49" /><ent r="5" t="311" w="201" /><ent r="5" t="311" w="201" /><ent r="5" t="311" w="273" /><ent r="5" t="311" w="273" /><ent r="5" t="311" w="325" /><ent r="5" t="311" w="325" /><ent r="5" t="311" w="362" /><ent r="4" t="312" w="61" /><ent r="4" t="312" w="61" /><ent r="5" t="312" w="91" /><ent r="5" t="312" w="91" /><ent r="5" t="312" w="134" /><ent r="5" t="312" w="134" /><ent r="5" t="312" w="151" /><ent r="5" t="312" w="151" /><ent r="5" t="312" w="212" /><ent r="5" t="312" w="212" /><ent r="5" t="312" w="256" /><ent r="5" t="312" w="256" /><ent r="5" t="312" w="276" /><ent r="5" t="312" w="276" /><ent r="5" t="312" w="310" /><ent r="5" t="312" w="310" /><ent r="5" t="312" w="322" /><ent r="5" t="312" w="322" /><ent r="5" t="312" w="362" /><ent r="5" t="312" w="362" /><ent r="5" t="312" w="450" /><ent r="5" t="312" w="450" /><ent r="5" t="312" w="473" /><ent r="5" t="312" w="473" /><ent r="5" t="312" w="514" /><ent r="5" t="312" w="514" /><ent r="5" t="312" w="544" /><ent r="5" t="312" w="544" /><ent r="5" t="312" w="585" /><ent r="5" t="312" w="585" /><ent r="5" t="312" w="640" /><ent r="5" t="312" w="640" /><ent r="6" t="312" w="760" /><ent r="6" t="312" w="760" /><ent r="6" t="312" w="796" /><ent r="6" t="312" w="796" /><ent r="5" t="312" w="875" /><ent r="5" t="312" w="875" /><ent r="3" t="314" w="47" /><ent r="3" t="314" w="47" /><ent r="3" t="314" w="62" /><ent r="3" t="314" w="62" /><ent r="3" t="314" w="330" /><ent r="3" t="314" w="330" /><ent r="3" t="314" w="1233" /><ent r="3" t="314" w="1233" /><ent r="3" t="314" w="1409" /><ent r="3" t="314" w="1409" /><ent r="3" t="314" w="1427" /><ent r="3" t="314" w="1427" /><ent r="3" t="315" w="50" /><ent r="3" t="315" w="50" /><ent r="4" t="317" w="209" /><ent r="4" t="317" w="209" /><ent r="5" t="317" w="376" /><ent r="5" t="317" w="376" /><ent r="5" t="317" w="419" /><ent r="5" t="317" w="419" /><ent r="5" t="317" w="457" /><ent r="5" t="317" w="457" /><ent r="5" t="317" w="520" /><ent r="5" t="317" w="520" /><ent r="5" t="317" w="526" /><ent r="5" t="317" w="526" /><ent r="5" t="317" w="533" /><ent r="5" t="317" w="533" /><ent r="3" t="403" w="93" /><ent r="3" t="403" w="93" /><ent r="3" t="409" w="234" /><ent r="3" t="409" w="234" /><ent r="3" t="421" w="71" /><ent r="3" t="421" w="71" /><ent r="3" t="421" w="89" /><ent r="3" t="421" w="89" /><ent r="3" t="421" w="126" /><ent r="3" t="421" w="126" /><ent r="3" t="421" w="156" /><ent r="3" t="421" w="156" /><ent r="3" t="421" w="171" /><ent r="3" t="421" w="171" /><ent r="3" t="421" w="185" /><ent r="3" t="421" w="185" /><ent r="3" t="421" w="203" /><ent r="3" t="421" w="203" /><ent r="3" t="421" w="212" /><ent r="3" t="421" w="212" /><ent r="5" t="427" w="625" /><ent r="5" t="427" w="625" /><ent r="5" t="427" w="656" /><ent r="5" t="427" w="656" /><ent r="3" t="502" w="171" /><ent r="3" t="502" w="171" /></phr></stem></index>