<?xml version="1.0" encoding="utf-8"?><index><!-- saved from url=(0016)http://localhost -->
<stem n="visual"><phr n="Visually"><ent r="3" t="39" w="13" /><ent r="3" t="39" w="13" /></phr><phr n="visual"><ent r="3" t="314" w="1327" /><ent r="3" t="314" w="1327" /></phr></stem><stem n="ship"><phr n="shipping"><ent r="3" t="39" w="16" /><ent r="3" t="39" w="16" /><ent r="3" t="39" w="35" /><ent r="3" t="39" w="35" /><ent r="3" t="39" w="61" /><ent r="3" t="39" w="61" /><ent r="82" t="39" w="81" /><ent r="82" t="39" w="81" /><ent r="3" t="39" w="92" /><ent r="3" t="39" w="92" /><ent r="3" t="39" w="101" /><ent r="3" t="39" w="101" /></phr><phr n="shipped"><ent r="3" t="40" w="11" /><ent r="3" t="40" w="11" /><ent r="3" t="66" w="11" /><ent r="3" t="66" w="11" /><ent r="3" t="121" w="11" /><ent r="3" t="121" w="11" /><ent r="3" t="158" w="94" /><ent r="3" t="158" w="94" /></phr><phr n="ship"><ent r="3" t="283" w="56" /><ent r="3" t="283" w="56" /></phr></stem><stem n="carton"><phr n="cartons"><ent r="3" t="39" w="17" /><ent r="3" t="39" w="17" /><ent r="3" t="39" w="49" /><ent r="3" t="39" w="62" /><ent r="3" t="39" w="62" /><ent r="3" t="39" w="93" /><ent r="3" t="39" w="93" /></phr><phr n="carton"><ent r="82" t="39" w="39" /><ent r="82" t="39" w="39" /></phr></stem><stem n="sign"><phr n="signs"><ent r="3" t="39" w="20" /><ent r="3" t="39" w="20" /><ent r="6" t="234" w="283" /><ent r="6" t="234" w="283" /></phr><phr n="signed"><ent r="3" t="328" w="19" /><ent r="3" t="328" w="19" /><ent r="6" t="342" w="119" /><ent r="6" t="342" w="119" /><ent r="6" t="343" w="437" /><ent r="6" t="343" w="437" /><ent r="6" t="349" w="463" /><ent r="6" t="349" w="463" /><ent r="6" t="349" w="476" /><ent r="6" t="349" w="476" /><ent r="6" t="350" w="402" /><ent r="6" t="350" w="402" /><ent r="6" t="350" w="415" /><ent r="6" t="350" w="415" /><ent r="7" t="353" w="1013" /><ent r="7" t="353" w="1013" /><ent r="3" t="397" w="90" /><ent r="3" t="397" w="90" /><ent r="3" t="399" w="583" /><ent r="3" t="399" w="583" /></phr><phr n="Signed"><ent r="6" t="328" w="53" /><ent r="6" t="328" w="65" /><ent r="6" t="397" w="124" /></phr><phr n="sign"><ent r="3" t="329" w="29" /><ent r="3" t="329" w="29" /><ent r="5" t="329" w="68" /><ent r="5" t="329" w="68" /><ent r="5" t="329" w="82" /><ent r="5" t="329" w="82" /><ent r="3" t="329" w="304" /><ent r="3" t="329" w="304" /><ent r="3" t="329" w="392" /><ent r="3" t="329" w="392" /><ent r="10" t="348" w="718" /><ent r="10" t="348" w="718" /><ent r="6" t="349" w="554" /><ent r="6" t="349" w="554" /><ent r="6" t="350" w="495" /><ent r="6" t="350" w="495" /><ent r="3" t="397" w="187" /><ent r="3" t="397" w="187" /><ent r="3" t="397" w="226" /><ent r="3" t="397" w="226" /><ent r="3" t="397" w="240" /><ent r="3" t="397" w="240" /><ent r="3" t="397" w="459" /><ent r="3" t="397" w="459" /><ent r="3" t="397" w="593" /><ent r="3" t="397" w="593" /></phr><phr n="Sign"><ent r="5" t="329" w="63" /><ent r="5" t="329" w="63" /><ent r="62" t="397" w="221" /><ent r="62" t="397" w="221" /></phr></stem><stem n="mishandl"><phr n="mishandling"><ent r="3" t="39" w="24" /><ent r="3" t="39" w="24" /></phr></stem><stem n="immedi"><phr n="Immediately"><ent r="3" t="39" w="29" /><ent r="3" t="39" w="29" /><ent r="6" t="315" w="483" /><ent r="6" t="315" w="483" /></phr><phr n="immediately"><ent r="7" t="78" w="874" /><ent r="7" t="131" w="910" /><ent r="5" t="271" w="441" /><ent r="3" t="314" w="562" /><ent r="3" t="323" w="135" /><ent r="3" t="323" w="135" /><ent r="3" t="359" w="196" /><ent r="3" t="359" w="196" /><ent r="6" t="361" w="153" /><ent r="6" t="361" w="153" /><ent r="6" t="361" w="329" /><ent r="6" t="372" w="1500" /><ent r="6" t="372" w="1500" /><ent r="3" t="423" w="329" /><ent r="3" t="423" w="329" /><ent r="3" t="423" w="455" /><ent r="3" t="423" w="455" /><ent r="3" t="423" w="470" /><ent r="3" t="427" w="177" /></phr><phr n="Immediate"><ent r="3" t="404" w="1500" /><ent r="3" t="404" w="1500" /><ent r="4" t="499" w="164" /><ent r="4" t="499" w="164" /></phr></stem><stem n="report"><phr n="report"><ent r="3" t="39" w="30" /><ent r="3" t="39" w="30" /><ent r="3" t="319" w="57" /><ent r="3" t="319" w="57" /><ent r="3" t="319" w="96" /><ent r="3" t="319" w="96" /><ent r="65" t="319" w="244" /><ent r="3" t="323" w="52" /><ent r="3" t="323" w="52" /><ent r="3" t="323" w="120" /><ent r="3" t="323" w="120" /><ent r="3" t="323" w="154" /><ent r="3" t="323" w="154" /><ent r="3" t="323" w="166" /><ent r="3" t="323" w="166" /><ent r="3" t="323" w="198" /><ent r="3" t="323" w="198" /><ent r="3" t="324" w="10" /><ent r="3" t="324" w="10" /><ent r="3" t="326" w="21" /><ent r="3" t="326" w="21" /><ent r="4" t="326" w="37" /><ent r="4" t="326" w="37" /><ent r="1000" t="330" w="4" /><ent r="1000" t="330" w="4" /><ent r="92" t="330" w="11" /><ent r="92" t="330" w="11" /><ent r="67" t="330" w="79" /><ent r="67" t="330" w="112" /><ent r="3" t="332" w="24" /><ent r="3" t="332" w="24" /><ent r="3" t="336" w="29" /><ent r="3" t="336" w="29" /><ent r="3" t="336" w="367" /><ent r="3" t="336" w="367" /><ent r="1000" t="337" w="3" /><ent r="1000" t="337" w="3" /><ent r="92" t="337" w="7" /><ent r="92" t="337" w="7" /><ent r="3" t="337" w="12" /><ent r="3" t="337" w="12" /><ent r="3" t="337" w="53" /><ent r="1000" t="338" w="3" /><ent r="1000" t="338" w="3" /><ent r="92" t="338" w="7" /><ent r="92" t="338" w="7" /><ent r="3" t="338" w="11" /><ent r="3" t="338" w="11" /><ent r="3" t="338" w="46" /><ent r="1000" t="339" w="2" /><ent r="1000" t="339" w="2" /><ent r="92" t="339" w="5" /><ent r="92" t="339" w="5" /><ent r="3" t="339" w="9" /><ent r="3" t="339" w="9" /><ent r="3" t="339" w="62" /><ent r="1000" t="340" w="3" /><ent r="1000" t="340" w="3" /><ent r="92" t="340" w="7" /><ent r="92" t="340" w="7" /><ent r="3" t="340" w="11" /><ent r="3" t="340" w="11" /><ent r="3" t="340" w="49" /><ent r="1000" t="341" w="3" /><ent r="1000" t="341" w="3" /><ent r="92" t="341" w="7" /><ent r="92" t="341" w="7" /><ent r="3" t="341" w="12" /><ent r="3" t="341" w="12" /><ent r="3" t="341" w="49" /><ent r="1000" t="342" w="3" /><ent r="1000" t="342" w="3" /><ent r="92" t="342" w="7" /><ent r="92" t="342" w="7" /><ent r="3" t="342" w="12" /><ent r="3" t="342" w="12" /><ent r="3" t="342" w="51" /><ent r="1000" t="343" w="3" /><ent r="1000" t="343" w="3" /><ent r="92" t="343" w="7" /><ent r="92" t="343" w="7" /><ent r="3" t="343" w="12" /><ent r="3" t="343" w="12" /><ent r="3" t="343" w="49" /><ent r="1000" t="344" w="3" /><ent r="1000" t="344" w="3" /><ent r="92" t="344" w="7" /><ent r="92" t="344" w="7" /><ent r="3" t="344" w="12" /><ent r="3" t="344" w="12" /><ent r="3" t="344" w="49" /><ent r="1000" t="345" w="3" /><ent r="1000" t="345" w="3" /><ent r="92" t="345" w="7" /><ent r="92" t="345" w="7" /><ent r="3" t="345" w="12" /><ent r="3" t="345" w="12" /><ent r="3" t="345" w="49" /><ent r="1000" t="346" w="3" /><ent r="1000" t="346" w="3" /><ent r="92" t="346" w="7" /><ent r="92" t="346" w="7" /><ent r="3" t="346" w="11" /><ent r="3" t="346" w="11" /><ent r="3" t="346" w="47" /><ent r="1000" t="348" w="10" /><ent r="92" t="348" w="21" /><ent r="3" t="359" w="318" /><ent r="3" t="359" w="318" /><ent r="65" t="359" w="360" /><ent r="3" t="359" w="431" /><ent r="3" t="359" w="504" /><ent r="3" t="359" w="504" /><ent r="3" t="359" w="517" /><ent r="3" t="359" w="517" /><ent r="3" t="359" w="539" /><ent r="3" t="359" w="539" /><ent r="3" t="360" w="23" /><ent r="3" t="360" w="23" /><ent r="3" t="361" w="46" /><ent r="3" t="361" w="46" /><ent r="1000" t="380" w="7" /><ent r="92" t="380" w="15" /><ent r="1000" t="382" w="6" /><ent r="92" t="382" w="13" /><ent r="3" t="382" w="31" /><ent r="3" t="382" w="31" /><ent r="3" t="382" w="157" /><ent r="3" t="382" w="157" /><ent r="3" t="382" w="184" /><ent r="3" t="382" w="184" /><ent r="3" t="386" w="25" /><ent r="3" t="386" w="25" /><ent r="3" t="388" w="21" /><ent r="3" t="388" w="21" /><ent r="64" t="392" w="74" /><ent r="64" t="392" w="74" /><ent r="67" t="415" w="14" /><ent r="67" t="415" w="14" /><ent r="3" t="490" w="303" /><ent r="3" t="490" w="303" /></phr><phr n="Reporting"><ent r="82" t="39" w="80" /><ent r="82" t="39" w="80" /></phr><phr n="Report"><ent r="3" t="39" w="84" /><ent r="3" t="39" w="84" /><ent r="4" t="164" w="401" /><ent r="4" t="164" w="401" /><ent r="4" t="164" w="513" /><ent r="4" t="164" w="513" /><ent r="4" t="226" w="371" /><ent r="4" t="226" w="371" /><ent r="6" t="226" w="549" /><ent r="6" t="226" w="549" /><ent r="4" t="276" w="2529" /><ent r="4" t="276" w="2529" /><ent r="4" t="276" w="2571" /><ent r="4" t="276" w="2571" /><ent r="4" t="276" w="2616" /><ent r="4" t="276" w="2616" /><ent r="4" t="276" w="2680" /><ent r="4" t="276" w="2680" /><ent r="3" t="323" w="131" /><ent r="3" t="323" w="131" /><ent r="3" t="326" w="75" /><ent r="3" t="326" w="75" /><ent r="64" t="331" w="27" /><ent r="64" t="331" w="27" /><ent r="3" t="332" w="9" /><ent r="3" t="332" w="9" /><ent r="3" t="334" w="53" /><ent r="3" t="334" w="53" /><ent r="64" t="335" w="59" /><ent r="64" t="335" w="59" /><ent r="3" t="336" w="15" /><ent r="3" t="336" w="15" /><ent r="3" t="336" w="376" /><ent r="3" t="336" w="376" /><ent r="64" t="337" w="65" /><ent r="64" t="337" w="65" /><ent r="6" t="337" w="80" /><ent r="6" t="337" w="80" /><ent r="6" t="337" w="431" /><ent r="6" t="337" w="431" /><ent r="64" t="338" w="58" /><ent r="64" t="338" w="58" /><ent r="64" t="339" w="83" /><ent r="64" t="339" w="83" /><ent r="64" t="340" w="70" /><ent r="64" t="340" w="70" /><ent r="64" t="341" w="92" /><ent r="64" t="341" w="92" /><ent r="6" t="341" w="107" /><ent r="6" t="341" w="107" /><ent r="64" t="342" w="63" /><ent r="64" t="342" w="63" /><ent r="64" t="343" w="60" /><ent r="64" t="343" w="60" /><ent r="64" t="344" w="60" /><ent r="64" t="344" w="60" /><ent r="64" t="345" w="61" /><ent r="64" t="345" w="61" /><ent r="64" t="346" w="59" /><ent r="64" t="346" w="59" /><ent r="64" t="347" w="58" /><ent r="64" t="347" w="58" /><ent r="3" t="347" w="88" /><ent r="3" t="347" w="88" /><ent r="3" t="348" w="23" /><ent r="3" t="348" w="23" /><ent r="64" t="349" w="39" /><ent r="64" t="349" w="39" /><ent r="64" t="350" w="39" /><ent r="64" t="350" w="39" /><ent r="64" t="351" w="29" /><ent r="64" t="351" w="29" /><ent r="64" t="352" w="31" /><ent r="64" t="352" w="31" /><ent r="64" t="353" w="31" /><ent r="64" t="353" w="31" /><ent r="64" t="379" w="50" /><ent r="64" t="379" w="50" /><ent r="3" t="380" w="17" /><ent r="3" t="380" w="17" /><ent r="3" t="380" w="82" /><ent r="3" t="380" w="82" /><ent r="64" t="381" w="45" /><ent r="64" t="381" w="45" /><ent r="3" t="382" w="15" /><ent r="3" t="382" w="15" /><ent r="3" t="382" w="41" /><ent r="3" t="382" w="41" /><ent r="3" t="382" w="123" /><ent r="3" t="382" w="123" /><ent r="6" t="382" w="273" /><ent r="6" t="382" w="273" /><ent r="3" t="386" w="52" /><ent r="3" t="386" w="52" /><ent r="3" t="387" w="13" /><ent r="3" t="387" w="13" /><ent r="3" t="387" w="48" /><ent r="3" t="387" w="48" /><ent r="6" t="387" w="107" /><ent r="6" t="387" w="107" /><ent r="64" t="389" w="39" /><ent r="64" t="389" w="39" /><ent r="3" t="390" w="171" /><ent r="3" t="390" w="171" /><ent r="6" t="390" w="223" /><ent r="6" t="390" w="223" /><ent r="72" t="396" w="15" /><ent r="72" t="396" w="15" /><ent r="7" t="396" w="66" /><ent r="7" t="396" w="66" /><ent r="1000" t="415" w="3" /><ent r="1000" t="415" w="3" /><ent r="102" t="415" w="8" /><ent r="102" t="415" w="8" /><ent r="4" t="415" w="53" /><ent r="4" t="415" w="53" /></phr><phr n="reported"><ent r="9" t="150" w="71" /><ent r="9" t="150" w="71" /><ent r="9" t="165" w="71" /><ent r="9" t="165" w="71" /><ent r="9" t="175" w="138" /><ent r="9" t="175" w="138" /><ent r="9" t="201" w="183" /><ent r="9" t="201" w="183" /><ent r="9" t="227" w="183" /><ent r="9" t="227" w="183" /><ent r="5" t="242" w="1297" /><ent r="5" t="242" w="1297" /><ent r="3" t="252" w="114" /><ent r="3" t="252" w="114" /><ent r="3" t="252" w="160" /><ent r="3" t="252" w="160" /><ent r="5" t="252" w="433" /><ent r="5" t="252" w="433" /><ent r="3" t="253" w="130" /><ent r="3" t="253" w="130" /><ent r="3" t="253" w="180" /><ent r="3" t="253" w="180" /><ent r="5" t="254" w="148" /><ent r="5" t="254" w="148" /><ent r="6" t="351" w="310" /><ent r="6" t="351" w="310" /><ent r="9" t="439" w="127" /><ent r="9" t="439" w="127" /><ent r="7" t="439" w="321" /><ent r="7" t="439" w="321" /><ent r="7" t="443" w="214" /><ent r="7" t="443" w="214" /><ent r="7" t="445" w="527" /><ent r="7" t="445" w="527" /><ent r="7" t="477" w="422" /><ent r="7" t="477" w="422" /></phr><phr n="reports"><ent r="5" t="282" w="281" /><ent r="5" t="282" w="281" /><ent r="3" t="323" w="115" /><ent r="3" t="323" w="148" /><ent r="1000" t="336" w="6" /><ent r="92" t="336" w="13" /></phr><phr n="reporting"><ent r="3" t="304" w="219" /><ent r="3" t="304" w="219" /></phr><phr n="Reports"><ent r="67" t="330" w="57" /><ent r="7" t="452" w="157" /><ent r="7" t="452" w="157" /><ent r="7" t="452" w="182" /><ent r="7" t="452" w="182" /></phr><phr n="Reported"><ent r="7" t="430" w="272" /><ent r="7" t="430" w="272" /><ent r="7" t="430" w="283" /><ent r="7" t="430" w="283" /><ent r="7" t="431" w="360" /><ent r="7" t="431" w="360" /><ent r="7" t="431" w="371" /><ent r="7" t="431" w="371" /><ent r="7" t="438" w="406" /><ent r="7" t="438" w="406" /><ent r="7" t="438" w="420" /><ent r="7" t="438" w="420" /><ent r="7" t="443" w="360" /><ent r="7" t="443" w="360" /><ent r="7" t="443" w="371" /><ent r="7" t="443" w="371" /></phr></stem><stem n="content"><phr n="contents"><ent r="82" t="39" w="40" /><ent r="82" t="39" w="40" /><ent r="3" t="307" w="23" /><ent r="3" t="307" w="23" /><ent r="3" t="399" w="186" /><ent r="3" t="399" w="199" /><ent r="3" t="399" w="199" /><ent r="3" t="399" w="216" /><ent r="3" t="399" w="216" /><ent r="3" t="399" w="389" /><ent r="3" t="399" w="389" /><ent r="3" t="479" w="31" /><ent r="3" t="479" w="31" /></phr><phr n="content"><ent r="3" t="91" w="1408" /><ent r="3" t="91" w="1408" /><ent r="7" t="235" w="3020" /><ent r="7" t="235" w="3020" /><ent r="5" t="308" w="157" /><ent r="5" t="308" w="157" /><ent r="3" t="461" w="14" /></phr><phr n="Contents"><ent r="6" t="308" w="196" /><ent r="6" t="308" w="196" /></phr></stem><stem n="accessori"><phr n="accessories"><ent r="3" t="39" w="57" /><ent r="3" t="39" w="57" /></phr></stem><stem n="bill"><phr n="bill"><ent r="3" t="39" w="74" /><ent r="3" t="39" w="74" /></phr><phr n="billing"><ent r="3" t="276" w="1572" /><ent r="3" t="276" w="1572" /></phr></stem><stem n="lade"><phr n="lading"><ent r="3" t="39" w="76" /><ent r="3" t="39" w="76" /></phr></stem><stem n="discov"><phr n="discovered"><ent r="3" t="39" w="87" /><ent r="3" t="39" w="87" /><ent r="3" t="407" w="31" /><ent r="3" t="407" w="31" /><ent r="3" t="408" w="56" /><ent r="3" t="408" w="56" /><ent r="3" t="408" w="124" /><ent r="3" t="408" w="124" /><ent r="3" t="409" w="111" /></phr><phr n="discover"><ent r="3" t="297" w="28" /><ent r="3" t="297" w="28" /><ent r="3" t="297" w="37" /><ent r="3" t="297" w="37" /><ent r="3" t="297" w="125" /><ent r="3" t="297" w="125" /><ent r="3" t="297" w="320" /><ent r="3" t="297" w="320" /></phr></stem><stem n="unsold"><phr n="unsoldered"><ent r="3" t="40" w="14" /><ent r="3" t="40" w="14" /><ent r="3" t="66" w="14" /><ent r="3" t="66" w="14" /><ent r="3" t="121" w="14" /><ent r="3" t="121" w="14" /></phr></stem><stem n="along"><phr n="along"><ent r="3" t="40" w="16" /><ent r="3" t="40" w="16" /><ent r="4" t="40" w="227" /><ent r="4" t="40" w="227" /><ent r="5" t="42" w="97" /><ent r="5" t="42" w="97" /><ent r="3" t="66" w="16" /><ent r="3" t="66" w="16" /><ent r="4" t="66" w="227" /><ent r="4" t="66" w="227" /><ent r="5" t="68" w="97" /><ent r="5" t="68" w="97" /><ent r="5" t="93" w="97" /><ent r="5" t="93" w="97" /><ent r="3" t="121" w="16" /><ent r="3" t="121" w="16" /><ent r="4" t="121" w="229" /><ent r="4" t="121" w="229" /><ent r="5" t="123" w="97" /><ent r="5" t="123" w="97" /><ent r="5" t="145" w="97" /><ent r="5" t="145" w="97" /><ent r="4" t="157" w="238" /><ent r="4" t="157" w="238" /><ent r="5" t="159" w="97" /><ent r="5" t="159" w="97" /><ent r="4" t="195" w="234" /><ent r="4" t="195" w="234" /><ent r="5" t="197" w="97" /><ent r="5" t="197" w="97" /><ent r="4" t="219" w="234" /><ent r="4" t="219" w="234" /><ent r="5" t="221" w="97" /><ent r="5" t="221" w="97" /><ent r="5" t="259" w="99" /><ent r="5" t="259" w="99" /><ent r="3" t="287" w="132" /><ent r="3" t="287" w="132" /><ent r="3" t="392" w="24" /><ent r="3" t="392" w="24" /><ent r="5" t="400" w="1363" /><ent r="5" t="400" w="1363" /><ent r="5" t="400" w="1565" /><ent r="5" t="400" w="1565" /><ent r="3" t="433" w="44" /><ent r="3" t="433" w="44" /><ent r="7" t="439" w="533" /><ent r="7" t="439" w="533" /><ent r="3" t="471" w="22" /><ent r="3" t="471" w="22" /><ent r="3" t="487" w="47" /><ent r="3" t="487" w="47" /></phr></stem><stem n="slot"><phr n="slots"><ent r="3" t="40" w="32" /><ent r="3" t="40" w="32" /><ent r="3" t="66" w="32" /><ent r="3" t="66" w="32" /><ent r="3" t="121" w="32" /><ent r="3" t="121" w="32" /></phr><phr n="slot"><ent r="7" t="235" w="545" /><ent r="7" t="235" w="545" /><ent r="3" t="278" w="290" /></phr></stem><stem n="accommod"><phr n="accommodate"><ent r="3" t="40" w="34" /><ent r="3" t="40" w="34" /><ent r="3" t="66" w="34" /><ent r="3" t="66" w="34" /><ent r="3" t="121" w="34" /><ent r="3" t="121" w="34" /></phr></stem><stem n="dry"><phr n="dry"><ent r="3" t="40" w="62" /><ent r="3" t="40" w="62" /><ent r="3" t="66" w="62" /><ent r="3" t="66" w="62" /><ent r="3" t="121" w="62" /><ent r="3" t="121" w="62" /><ent r="3" t="157" w="58" /><ent r="3" t="157" w="58" /><ent r="3" t="195" w="58" /><ent r="3" t="195" w="58" /><ent r="3" t="219" w="58" /><ent r="3" t="219" w="58" /></phr></stem><stem n="avoid"><phr n="Avoid"><ent r="3" t="40" w="64" /><ent r="3" t="40" w="64" /><ent r="5" t="40" w="247" /><ent r="5" t="40" w="247" /><ent r="5" t="40" w="262" /><ent r="5" t="40" w="262" /><ent r="5" t="40" w="278" /><ent r="5" t="40" w="278" /><ent r="3" t="40" w="298" /><ent r="3" t="40" w="298" /><ent r="5" t="42" w="31" /><ent r="5" t="42" w="31" /><ent r="3" t="66" w="64" /><ent r="3" t="66" w="64" /><ent r="5" t="66" w="247" /><ent r="5" t="66" w="247" /><ent r="5" t="66" w="262" /><ent r="5" t="66" w="262" /><ent r="5" t="66" w="278" /><ent r="5" t="66" w="278" /><ent r="3" t="66" w="298" /><ent r="3" t="66" w="298" /><ent r="5" t="68" w="31" /><ent r="5" t="68" w="31" /><ent r="5" t="93" w="31" /><ent r="5" t="93" w="31" /><ent r="3" t="121" w="64" /><ent r="3" t="121" w="64" /><ent r="5" t="121" w="249" /><ent r="5" t="121" w="249" /><ent r="5" t="121" w="264" /><ent r="5" t="121" w="264" /><ent r="5" t="121" w="280" /><ent r="5" t="121" w="280" /><ent r="3" t="121" w="300" /><ent r="3" t="121" w="300" /><ent r="5" t="123" w="31" /><ent r="5" t="123" w="31" /><ent r="5" t="145" w="31" /><ent r="5" t="145" w="31" /><ent r="3" t="157" w="60" /><ent r="3" t="157" w="60" /><ent r="5" t="157" w="258" /><ent r="5" t="157" w="258" /><ent r="5" t="157" w="273" /><ent r="5" t="157" w="273" /><ent r="5" t="157" w="289" /><ent r="5" t="157" w="289" /><ent r="3" t="157" w="309" /><ent r="3" t="157" w="309" /><ent r="5" t="159" w="31" /><ent r="5" t="159" w="31" /><ent r="3" t="195" w="60" /><ent r="3" t="195" w="60" /><ent r="5" t="195" w="254" /><ent r="5" t="195" w="254" /><ent r="5" t="195" w="269" /><ent r="5" t="195" w="269" /><ent r="5" t="195" w="285" /><ent r="5" t="195" w="285" /><ent r="3" t="195" w="305" /><ent r="3" t="195" w="305" /><ent r="5" t="197" w="31" /><ent r="5" t="197" w="31" /><ent r="3" t="219" w="60" /><ent r="3" t="219" w="60" /><ent r="5" t="219" w="254" /><ent r="5" t="219" w="254" /><ent r="5" t="219" w="269" /><ent r="5" t="219" w="269" /><ent r="5" t="219" w="285" /><ent r="5" t="219" w="285" /><ent r="3" t="219" w="305" /><ent r="3" t="219" w="305" /><ent r="5" t="221" w="31" /><ent r="5" t="221" w="31" /><ent r="3" t="499" w="81" /><ent r="3" t="499" w="81" /></phr><phr n="Avoiding"><ent r="3" t="40" w="101" /><ent r="3" t="40" w="101" /><ent r="3" t="66" w="101" /><ent r="3" t="66" w="101" /><ent r="3" t="121" w="101" /><ent r="3" t="121" w="101" /><ent r="3" t="157" w="97" /><ent r="3" t="157" w="97" /><ent r="3" t="195" w="97" /><ent r="3" t="195" w="97" /><ent r="3" t="219" w="97" /><ent r="3" t="219" w="97" /></phr><phr n="avoid"><ent r="7" t="235" w="1211" /><ent r="7" t="235" w="1211" /><ent r="3" t="427" w="207" /><ent r="3" t="427" w="207" /></phr></stem><stem n="exposur"><phr n="exposure"><ent r="3" t="40" w="65" /><ent r="3" t="40" w="65" /><ent r="3" t="66" w="65" /><ent r="3" t="66" w="65" /><ent r="72" t="91" w="261" /><ent r="72" t="91" w="261" /><ent r="3" t="91" w="459" /><ent r="3" t="91" w="459" /><ent r="3" t="91" w="575" /><ent r="3" t="91" w="575" /><ent r="3" t="91" w="610" /><ent r="3" t="91" w="610" /><ent r="3" t="121" w="65" /><ent r="3" t="121" w="65" /><ent r="3" t="157" w="61" /><ent r="3" t="157" w="61" /><ent r="3" t="195" w="61" /><ent r="3" t="195" w="61" /><ent r="3" t="219" w="61" /><ent r="3" t="219" w="61" /><ent r="3" t="404" w="943" /><ent r="3" t="404" w="943" /></phr><phr n="Exposure"><ent r="3" t="91" w="557" /><ent r="3" t="91" w="557" /></phr></stem><stem n="extrem"><phr n="extreme"><ent r="3" t="40" w="67" /><ent r="3" t="40" w="67" /><ent r="3" t="66" w="67" /><ent r="3" t="66" w="67" /><ent r="3" t="121" w="67" /><ent r="3" t="121" w="67" /><ent r="3" t="157" w="63" /><ent r="3" t="157" w="63" /><ent r="3" t="195" w="63" /><ent r="3" t="195" w="63" /><ent r="3" t="219" w="63" /><ent r="3" t="219" w="63" /></phr></stem><stem n="water"><phr n="Water"><ent r="4" t="40" w="73" /><ent r="4" t="40" w="73" /><ent r="4" t="66" w="73" /><ent r="4" t="66" w="73" /><ent r="5" t="121" w="73" /><ent r="5" t="121" w="73" /><ent r="4" t="157" w="69" /><ent r="4" t="157" w="69" /><ent r="4" t="195" w="69" /><ent r="4" t="195" w="69" /><ent r="4" t="219" w="69" /><ent r="4" t="219" w="69" /></phr><phr n="water"><ent r="3" t="404" w="934" /><ent r="3" t="404" w="934" /></phr></stem><stem n="moistur"><phr n="moisture"><ent r="4" t="40" w="76" /><ent r="4" t="40" w="76" /><ent r="4" t="66" w="76" /><ent r="4" t="66" w="76" /><ent r="5" t="121" w="76" /><ent r="5" t="121" w="76" /><ent r="4" t="157" w="72" /><ent r="4" t="157" w="72" /><ent r="4" t="195" w="72" /><ent r="4" t="195" w="72" /><ent r="4" t="219" w="72" /><ent r="4" t="219" w="72" /></phr></stem><stem n="heat"><phr n="heat"><ent r="4" t="40" w="79" /><ent r="4" t="40" w="79" /><ent r="4" t="40" w="254" /><ent r="4" t="66" w="79" /><ent r="4" t="66" w="79" /><ent r="4" t="66" w="254" /><ent r="8" t="74" w="36" /><ent r="8" t="74" w="36" /><ent r="4" t="90" w="32" /><ent r="4" t="90" w="32" /><ent r="5" t="121" w="79" /><ent r="5" t="121" w="79" /><ent r="4" t="121" w="256" /><ent r="4" t="157" w="75" /><ent r="4" t="157" w="75" /><ent r="4" t="157" w="265" /><ent r="4" t="195" w="75" /><ent r="4" t="195" w="75" /><ent r="4" t="195" w="261" /><ent r="4" t="219" w="75" /><ent r="4" t="219" w="75" /><ent r="4" t="219" w="261" /></phr></stem><stem n="°c"><phr n="°C"><ent r="4" t="40" w="83" /><ent r="4" t="40" w="83" /><ent r="4" t="40" w="92" /><ent r="4" t="40" w="92" /><ent r="4" t="66" w="83" /><ent r="4" t="66" w="83" /><ent r="4" t="66" w="92" /><ent r="4" t="66" w="92" /><ent r="5" t="121" w="83" /><ent r="5" t="121" w="83" /><ent r="5" t="121" w="92" /><ent r="5" t="121" w="92" /><ent r="4" t="148" w="93" /><ent r="4" t="148" w="93" /><ent r="4" t="148" w="96" /><ent r="4" t="148" w="96" /><ent r="4" t="157" w="79" /><ent r="4" t="157" w="79" /><ent r="4" t="157" w="88" /><ent r="4" t="157" w="88" /><ent r="4" t="161" w="96" /><ent r="4" t="161" w="96" /><ent r="4" t="161" w="99" /><ent r="4" t="161" w="99" /><ent r="5" t="162" w="81" /><ent r="5" t="162" w="81" /><ent r="5" t="162" w="84" /><ent r="5" t="162" w="84" /><ent r="6" t="166" w="31" /><ent r="6" t="166" w="31" /><ent r="6" t="166" w="34" /><ent r="6" t="166" w="34" /><ent r="6" t="166" w="43" /><ent r="6" t="166" w="43" /><ent r="6" t="166" w="46" /><ent r="6" t="166" w="46" /><ent r="4" t="195" w="79" /><ent r="4" t="195" w="79" /><ent r="4" t="195" w="88" /><ent r="4" t="195" w="88" /><ent r="4" t="219" w="79" /><ent r="4" t="219" w="79" /><ent r="4" t="219" w="88" /><ent r="4" t="219" w="88" /><ent r="3" t="241" w="103" /><ent r="3" t="241" w="103" /><ent r="4" t="425" w="99" /><ent r="4" t="425" w="99" /><ent r="4" t="425" w="102" /><ent r="4" t="425" w="102" /></phr></stem><stem n="185"><phr n="185"><ent r="4" t="40" w="84" /><ent r="4" t="40" w="84" /><ent r="4" t="66" w="84" /><ent r="4" t="66" w="84" /><ent r="4" t="90" w="44" /><ent r="4" t="90" w="44" /><ent r="6" t="373" w="241" /><ent r="6" t="373" w="241" /><ent r="6" t="377" w="267" /><ent r="6" t="377" w="267" /></phr></stem><stem n="°f"><phr n="°F"><ent r="4" t="40" w="85" /><ent r="4" t="40" w="94" /><ent r="4" t="66" w="85" /><ent r="4" t="66" w="94" /><ent r="4" t="90" w="45" /><ent r="5" t="121" w="85" /><ent r="5" t="121" w="94" /><ent r="4" t="148" w="98" /><ent r="4" t="148" w="98" /><ent r="4" t="148" w="101" /><ent r="4" t="157" w="81" /><ent r="4" t="157" w="90" /><ent r="4" t="161" w="101" /><ent r="4" t="161" w="101" /><ent r="4" t="161" w="104" /><ent r="5" t="162" w="86" /><ent r="5" t="162" w="86" /><ent r="5" t="162" w="89" /><ent r="6" t="166" w="36" /><ent r="6" t="166" w="36" /><ent r="6" t="166" w="39" /><ent r="6" t="166" w="48" /><ent r="6" t="166" w="48" /><ent r="6" t="166" w="51" /><ent r="4" t="195" w="81" /><ent r="4" t="195" w="90" /><ent r="4" t="219" w="81" /><ent r="4" t="219" w="90" /><ent r="4" t="425" w="104" /><ent r="4" t="425" w="104" /><ent r="4" t="425" w="107" /></phr></stem><stem n="corros"><phr n="Corrosive"><ent r="4" t="40" w="96" /><ent r="4" t="40" w="96" /><ent r="6" t="42" w="73" /><ent r="6" t="42" w="73" /><ent r="4" t="66" w="96" /><ent r="4" t="66" w="96" /><ent r="6" t="68" w="73" /><ent r="6" t="68" w="73" /><ent r="6" t="93" w="73" /><ent r="6" t="93" w="73" /><ent r="5" t="121" w="96" /><ent r="5" t="121" w="96" /><ent r="6" t="123" w="73" /><ent r="6" t="123" w="73" /><ent r="6" t="145" w="73" /><ent r="6" t="145" w="73" /><ent r="4" t="157" w="92" /><ent r="4" t="157" w="92" /><ent r="6" t="159" w="73" /><ent r="6" t="159" w="73" /><ent r="4" t="195" w="92" /><ent r="4" t="195" w="92" /><ent r="6" t="197" w="73" /><ent r="6" t="197" w="73" /><ent r="4" t="219" w="92" /><ent r="4" t="219" w="92" /><ent r="6" t="221" w="73" /><ent r="6" t="221" w="73" /></phr></stem></index>