<?xml version="1.0" encoding="utf-8"?><index><!-- saved from url=(0016)http://localhost -->
<stem n="cfg"><phr n="cfg"><ent r="3" t="15" w="19" /><ent r="3" t="15" w="51" /><ent r="3" t="46" w="19" /><ent r="3" t="46" w="51" /><ent r="3" t="97" w="19" /><ent r="3" t="97" w="51" /><ent r="3" t="126" w="19" /><ent r="3" t="126" w="51" /><ent r="3" t="149" w="19" /><ent r="3" t="149" w="51" /><ent r="3" t="174" w="19" /><ent r="3" t="174" w="51" /><ent r="3" t="200" w="19" /><ent r="3" t="200" w="51" /></phr><phr n="CFG"><ent r="3" t="398" w="2525" /><ent r="3" t="398" w="2525" /><ent r="3" t="398" w="2547" /><ent r="3" t="398" w="2547" /><ent r="3" t="398" w="2710" /><ent r="3" t="398" w="2710" /><ent r="3" t="398" w="2772" /><ent r="3" t="398" w="2772" /><ent r="3" t="398" w="2794" /><ent r="3" t="398" w="2794" /><ent r="3" t="398" w="2919" /><ent r="3" t="398" w="2919" /><ent r="3" t="398" w="2945" /><ent r="3" t="398" w="2945" /><ent r="3" t="398" w="3072" /><ent r="3" t="398" w="3072" /></phr></stem><stem n="perman"><phr n="permanently"><ent r="3" t="15" w="22" /><ent r="3" t="15" w="22" /><ent r="3" t="46" w="22" /><ent r="3" t="46" w="22" /><ent r="3" t="97" w="22" /><ent r="3" t="97" w="22" /><ent r="3" t="126" w="22" /><ent r="3" t="126" w="22" /><ent r="3" t="149" w="22" /><ent r="3" t="149" w="22" /><ent r="3" t="174" w="22" /><ent r="3" t="174" w="22" /><ent r="3" t="200" w="22" /><ent r="3" t="200" w="22" /></phr><phr n="permanent"><ent r="3" t="308" w="65" /><ent r="3" t="308" w="65" /></phr><phr n="Permanently"><ent r="6" t="359" w="112" /><ent r="6" t="359" w="112" /></phr></stem><stem n="factori"><phr n="factory"><ent r="3" t="15" w="29" /><ent r="3" t="15" w="29" /><ent r="3" t="15" w="39" /><ent r="3" t="15" w="39" /><ent r="3" t="15" w="210" /><ent r="3" t="15" w="210" /><ent r="3" t="15" w="248" /><ent r="3" t="15" w="248" /><ent r="3" t="46" w="29" /><ent r="3" t="46" w="29" /><ent r="3" t="46" w="39" /><ent r="3" t="46" w="39" /><ent r="3" t="46" w="210" /><ent r="3" t="46" w="210" /><ent r="3" t="46" w="248" /><ent r="3" t="46" w="248" /><ent r="3" t="97" w="29" /><ent r="3" t="97" w="29" /><ent r="3" t="97" w="39" /><ent r="3" t="97" w="39" /><ent r="3" t="97" w="210" /><ent r="3" t="97" w="210" /><ent r="3" t="97" w="248" /><ent r="3" t="97" w="248" /><ent r="3" t="126" w="29" /><ent r="3" t="126" w="29" /><ent r="3" t="126" w="39" /><ent r="3" t="126" w="39" /><ent r="3" t="126" w="215" /><ent r="3" t="126" w="215" /><ent r="3" t="126" w="253" /><ent r="3" t="126" w="253" /><ent r="3" t="149" w="29" /><ent r="3" t="149" w="29" /><ent r="3" t="149" w="39" /><ent r="3" t="149" w="39" /><ent r="3" t="149" w="210" /><ent r="3" t="149" w="210" /><ent r="3" t="149" w="248" /><ent r="3" t="149" w="248" /><ent r="3" t="158" w="97" /><ent r="3" t="174" w="29" /><ent r="3" t="174" w="29" /><ent r="3" t="174" w="39" /><ent r="3" t="174" w="39" /><ent r="3" t="174" w="210" /><ent r="3" t="174" w="210" /><ent r="3" t="174" w="248" /><ent r="3" t="174" w="248" /><ent r="3" t="200" w="29" /><ent r="3" t="200" w="29" /><ent r="3" t="200" w="39" /><ent r="3" t="200" w="39" /><ent r="3" t="200" w="210" /><ent r="3" t="200" w="210" /><ent r="3" t="200" w="248" /><ent r="3" t="200" w="248" /><ent r="5" t="271" w="437" /><ent r="5" t="271" w="437" /><ent r="3" t="272" w="40" /><ent r="3" t="272" w="40" /><ent r="3" t="272" w="92" /><ent r="3" t="272" w="92" /><ent r="3" t="287" w="576" /><ent r="3" t="287" w="576" /><ent r="6" t="314" w="829" /><ent r="6" t="314" w="829" /><ent r="3" t="319" w="189" /><ent r="3" t="319" w="189" /><ent r="6" t="359" w="120" /><ent r="6" t="359" w="120" /><ent r="6" t="359" w="135" /><ent r="6" t="359" w="135" /><ent r="6" t="361" w="185" /><ent r="6" t="361" w="185" /><ent r="6" t="361" w="372" /><ent r="6" t="361" w="372" /><ent r="3" t="379" w="69" /><ent r="3" t="379" w="69" /><ent r="3" t="379" w="100" /><ent r="3" t="379" w="100" /><ent r="6" t="382" w="630" /><ent r="6" t="382" w="630" /><ent r="3" t="384" w="59" /><ent r="3" t="384" w="59" /><ent r="3" t="384" w="83" /><ent r="3" t="384" w="83" /><ent r="1000" t="424" w="5" /><ent r="1000" t="424" w="5" /><ent r="72" t="424" w="12" /><ent r="72" t="424" w="12" /><ent r="3" t="501" w="24" /><ent r="3" t="501" w="24" /><ent r="3" t="501" w="220" /><ent r="3" t="501" w="220" /><ent r="3" t="501" w="267" /><ent r="3" t="501" w="267" /></phr><phr n="Factory"><ent r="6" t="15" w="77" /><ent r="6" t="15" w="77" /><ent r="6" t="46" w="77" /><ent r="6" t="46" w="77" /><ent r="6" t="97" w="77" /><ent r="6" t="97" w="77" /><ent r="6" t="126" w="77" /><ent r="6" t="126" w="77" /><ent r="6" t="149" w="77" /><ent r="6" t="149" w="77" /><ent r="6" t="156" w="433" /><ent r="6" t="156" w="433" /><ent r="6" t="174" w="77" /><ent r="6" t="174" w="77" /><ent r="6" t="200" w="77" /><ent r="6" t="200" w="77" /><ent r="68" t="361" w="172" /><ent r="68" t="361" w="172" /><ent r="82" t="361" w="331" /><ent r="82" t="361" w="331" /><ent r="5" t="501" w="142" /><ent r="5" t="501" w="142" /></phr><phr n="FACTORY"><ent r="6" t="361" w="163" /><ent r="6" t="361" w="163" /></phr></stem><stem n="whenev"><phr n="Whenever"><ent r="3" t="15" w="32" /><ent r="3" t="15" w="32" /><ent r="3" t="46" w="32" /><ent r="3" t="46" w="32" /><ent r="3" t="97" w="32" /><ent r="3" t="97" w="32" /><ent r="3" t="126" w="32" /><ent r="3" t="126" w="32" /><ent r="3" t="149" w="32" /><ent r="3" t="149" w="32" /><ent r="3" t="174" w="32" /><ent r="3" t="174" w="32" /><ent r="3" t="200" w="32" /><ent r="3" t="200" w="32" /><ent r="3" t="314" w="1221" /><ent r="3" t="314" w="1221" /></phr><phr n="whenever"><ent r="3" t="286" w="55" /><ent r="3" t="286" w="55" /><ent r="3" t="317" w="73" /><ent r="3" t="317" w="73" /><ent r="3" t="399" w="3529" /><ent r="3" t="399" w="3529" /><ent r="5" t="422" w="80" /><ent r="5" t="422" w="80" /><ent r="3" t="423" w="314" /><ent r="3" t="423" w="314" /></phr></stem><stem n="reset"><phr n="reset"><ent r="3" t="15" w="36" /><ent r="3" t="15" w="36" /><ent r="3" t="15" w="53" /><ent r="3" t="15" w="53" /><ent r="3" t="15" w="211" /><ent r="3" t="15" w="211" /><ent r="3" t="15" w="249" /><ent r="4" t="15" w="282" /><ent r="4" t="15" w="282" /><ent r="6" t="24" w="246" /><ent r="6" t="24" w="246" /><ent r="6" t="24" w="251" /><ent r="6" t="24" w="251" /><ent r="1000" t="30" w="4" /><ent r="1000" t="30" w="4" /><ent r="92" t="30" w="9" /><ent r="92" t="30" w="9" /><ent r="6" t="30" w="28" /><ent r="6" t="30" w="33" /><ent r="6" t="30" w="33" /><ent r="6" t="30" w="49" /><ent r="3" t="46" w="36" /><ent r="3" t="46" w="36" /><ent r="3" t="46" w="53" /><ent r="3" t="46" w="53" /><ent r="3" t="46" w="211" /><ent r="3" t="46" w="211" /><ent r="3" t="46" w="249" /><ent r="4" t="46" w="282" /><ent r="4" t="46" w="282" /><ent r="6" t="55" w="246" /><ent r="6" t="55" w="246" /><ent r="6" t="55" w="251" /><ent r="6" t="55" w="251" /><ent r="1000" t="61" w="4" /><ent r="1000" t="61" w="4" /><ent r="92" t="61" w="9" /><ent r="92" t="61" w="9" /><ent r="6" t="61" w="28" /><ent r="6" t="61" w="33" /><ent r="6" t="61" w="33" /><ent r="6" t="61" w="49" /><ent r="6" t="78" w="1124" /><ent r="6" t="78" w="1124" /><ent r="6" t="78" w="1129" /><ent r="6" t="78" w="1129" /><ent r="6" t="78" w="1175" /><ent r="6" t="78" w="1175" /><ent r="6" t="78" w="1180" /><ent r="6" t="78" w="1180" /><ent r="6" t="80" w="55" /><ent r="1000" t="82" w="4" /><ent r="1000" t="82" w="4" /><ent r="92" t="82" w="9" /><ent r="92" t="82" w="9" /><ent r="6" t="82" w="28" /><ent r="6" t="82" w="33" /><ent r="6" t="82" w="33" /><ent r="6" t="82" w="49" /><ent r="3" t="97" w="36" /><ent r="3" t="97" w="36" /><ent r="3" t="97" w="53" /><ent r="3" t="97" w="53" /><ent r="3" t="97" w="211" /><ent r="3" t="97" w="211" /><ent r="3" t="97" w="249" /><ent r="4" t="97" w="282" /><ent r="4" t="97" w="282" /><ent r="6" t="106" w="246" /><ent r="6" t="106" w="246" /><ent r="6" t="106" w="251" /><ent r="6" t="106" w="251" /><ent r="1000" t="112" w="4" /><ent r="1000" t="112" w="4" /><ent r="92" t="112" w="9" /><ent r="92" t="112" w="9" /><ent r="7" t="112" w="28" /><ent r="7" t="112" w="33" /><ent r="7" t="112" w="33" /><ent r="7" t="112" w="49" /><ent r="3" t="126" w="36" /><ent r="3" t="126" w="36" /><ent r="3" t="126" w="53" /><ent r="3" t="126" w="53" /><ent r="3" t="126" w="216" /><ent r="3" t="126" w="216" /><ent r="3" t="126" w="254" /><ent r="4" t="126" w="287" /><ent r="4" t="126" w="287" /><ent r="7" t="131" w="1102" /><ent r="7" t="131" w="1102" /><ent r="7" t="131" w="1107" /><ent r="7" t="131" w="1107" /><ent r="1000" t="135" w="4" /><ent r="1000" t="135" w="4" /><ent r="92" t="135" w="9" /><ent r="92" t="135" w="9" /><ent r="7" t="135" w="28" /><ent r="7" t="135" w="33" /><ent r="7" t="135" w="33" /><ent r="7" t="135" w="49" /><ent r="3" t="149" w="36" /><ent r="3" t="149" w="36" /><ent r="3" t="149" w="53" /><ent r="3" t="149" w="53" /><ent r="3" t="149" w="211" /><ent r="3" t="149" w="211" /><ent r="3" t="149" w="249" /><ent r="4" t="149" w="282" /><ent r="4" t="149" w="282" /><ent r="3" t="174" w="36" /><ent r="3" t="174" w="36" /><ent r="3" t="174" w="53" /><ent r="3" t="174" w="53" /><ent r="3" t="174" w="211" /><ent r="3" t="174" w="211" /><ent r="3" t="174" w="249" /><ent r="4" t="174" w="282" /><ent r="4" t="174" w="282" /><ent r="6" t="181" w="517" /><ent r="6" t="181" w="517" /><ent r="6" t="181" w="522" /><ent r="6" t="181" w="522" /><ent r="6" t="185" w="46" /><ent r="1000" t="186" w="4" /><ent r="1000" t="186" w="4" /><ent r="92" t="186" w="9" /><ent r="92" t="186" w="9" /><ent r="6" t="186" w="123" /><ent r="6" t="186" w="128" /><ent r="6" t="186" w="128" /><ent r="6" t="186" w="144" /><ent r="3" t="200" w="36" /><ent r="3" t="200" w="36" /><ent r="3" t="200" w="53" /><ent r="3" t="200" w="53" /><ent r="3" t="200" w="211" /><ent r="3" t="200" w="211" /><ent r="3" t="200" w="249" /><ent r="4" t="200" w="282" /><ent r="4" t="200" w="282" /><ent r="6" t="207" w="510" /><ent r="6" t="207" w="510" /><ent r="6" t="207" w="515" /><ent r="6" t="207" w="515" /><ent r="8" t="210" w="88" /><ent r="8" t="210" w="88" /><ent r="6" t="211" w="46" /><ent r="1000" t="213" w="4" /><ent r="1000" t="213" w="4" /><ent r="92" t="213" w="9" /><ent r="92" t="213" w="9" /><ent r="6" t="213" w="123" /><ent r="6" t="213" w="128" /><ent r="6" t="213" w="128" /><ent r="6" t="213" w="144" /><ent r="3" t="241" w="133" /><ent r="3" t="241" w="133" /><ent r="3" t="243" w="62" /><ent r="3" t="243" w="62" /><ent r="5" t="243" w="339" /><ent r="3" t="265" w="331" /><ent r="3" t="265" w="331" /><ent r="3" t="272" w="35" /><ent r="3" t="272" w="35" /><ent r="3" t="272" w="87" /><ent r="3" t="272" w="87" /><ent r="3" t="279" w="448" /><ent r="3" t="279" w="448" /><ent r="3" t="279" w="488" /><ent r="3" t="279" w="507" /><ent r="3" t="279" w="507" /><ent r="3" t="279" w="520" /><ent r="3" t="313" w="103" /><ent r="3" t="313" w="103" /><ent r="7" t="349" w="291" /><ent r="7" t="349" w="291" /><ent r="7" t="349" w="319" /><ent r="7" t="349" w="319" /><ent r="7" t="350" w="291" /><ent r="7" t="350" w="291" /><ent r="7" t="350" w="319" /><ent r="7" t="350" w="319" /><ent r="6" t="359" w="132" /><ent r="6" t="359" w="132" /><ent r="6" t="361" w="183" /><ent r="6" t="361" w="183" /><ent r="3" t="384" w="78" /><ent r="3" t="384" w="78" /><ent r="3" t="391" w="20" /><ent r="3" t="391" w="20" /><ent r="5" t="398" w="146" /><ent r="5" t="398" w="146" /><ent r="5" t="398" w="238" /><ent r="5" t="398" w="238" /><ent r="5" t="398" w="243" /><ent r="5" t="398" w="243" /><ent r="5" t="398" w="1070" /><ent r="5" t="398" w="1070" /><ent r="5" t="398" w="1163" /><ent r="5" t="398" w="1163" /><ent r="5" t="398" w="1168" /><ent r="5" t="398" w="1168" /><ent r="5" t="398" w="1645" /><ent r="5" t="398" w="1645" /><ent r="5" t="398" w="1830" /><ent r="5" t="398" w="1830" /><ent r="5" t="398" w="1835" /><ent r="5" t="398" w="1835" /><ent r="67" t="412" w="39" /><ent r="67" t="412" w="39" /><ent r="67" t="412" w="80" /><ent r="67" t="412" w="80" /><ent r="67" t="412" w="121" /><ent r="67" t="412" w="121" /><ent r="67" t="412" w="182" /><ent r="67" t="412" w="182" /><ent r="67" t="412" w="187" /><ent r="67" t="412" w="187" /><ent r="67" t="412" w="234" /><ent r="67" t="412" w="234" /><ent r="67" t="412" w="275" /><ent r="67" t="412" w="275" /><ent r="7" t="439" w="532" /><ent r="7" t="439" w="532" /><ent r="7" t="445" w="305" /><ent r="7" t="445" w="305" /></phr><phr n="Reset"><ent r="5" t="15" w="261" /><ent r="5" t="15" w="261" /><ent r="5" t="15" w="299" /><ent r="5" t="15" w="299" /><ent r="6" t="30" w="15" /><ent r="6" t="30" w="15" /><ent r="5" t="46" w="261" /><ent r="5" t="46" w="261" /><ent r="5" t="46" w="299" /><ent r="5" t="46" w="299" /><ent r="6" t="61" w="15" /><ent r="6" t="61" w="15" /><ent r="6" t="82" w="15" /><ent r="6" t="82" w="15" /><ent r="5" t="97" w="261" /><ent r="5" t="97" w="261" /><ent r="5" t="97" w="299" /><ent r="5" t="97" w="299" /><ent r="7" t="112" w="15" /><ent r="7" t="112" w="15" /><ent r="5" t="126" w="266" /><ent r="5" t="126" w="266" /><ent r="5" t="126" w="304" /><ent r="5" t="126" w="304" /><ent r="7" t="135" w="15" /><ent r="7" t="135" w="15" /><ent r="5" t="149" w="261" /><ent r="5" t="149" w="261" /><ent r="5" t="149" w="299" /><ent r="5" t="149" w="299" /><ent r="5" t="174" w="261" /><ent r="5" t="174" w="261" /><ent r="5" t="174" w="299" /><ent r="5" t="174" w="299" /><ent r="6" t="186" w="110" /><ent r="6" t="186" w="110" /><ent r="5" t="200" w="261" /><ent r="5" t="200" w="261" /><ent r="5" t="200" w="299" /><ent r="5" t="200" w="299" /><ent r="6" t="213" w="110" /><ent r="6" t="213" w="110" /><ent r="4" t="265" w="326" /><ent r="4" t="265" w="326" /><ent r="4" t="265" w="446" /><ent r="4" t="265" w="446" /><ent r="1000" t="272" w="3" /><ent r="1000" t="272" w="3" /><ent r="82" t="272" w="7" /><ent r="82" t="272" w="7" /><ent r="4" t="279" w="441" /><ent r="4" t="279" w="441" /><ent r="5" t="313" w="74" /><ent r="5" t="313" w="74" /><ent r="67" t="330" w="179" /><ent r="67" t="330" w="179" /><ent r="1000" t="391" w="4" /><ent r="1000" t="391" w="4" /><ent r="92" t="391" w="10" /><ent r="92" t="391" w="10" /><ent r="4" t="391" w="86" /><ent r="4" t="391" w="86" /><ent r="68" t="391" w="201" /><ent r="68" t="391" w="201" /><ent r="6" t="391" w="205" /><ent r="6" t="391" w="205" /><ent r="6" t="391" w="211" /><ent r="82" t="391" w="279" /><ent r="82" t="391" w="279" /><ent r="3" t="391" w="289" /><ent r="3" t="391" w="289" /><ent r="5" t="398" w="114" /><ent r="5" t="398" w="114" /><ent r="5" t="398" w="1038" /><ent r="5" t="398" w="1038" /><ent r="5" t="398" w="1604" /><ent r="5" t="398" w="1604" /><ent r="4" t="405" w="447" /><ent r="4" t="405" w="447" /></phr><phr n="resetting"><ent r="8" t="210" w="50" /><ent r="8" t="210" w="50" /></phr><phr n="Resetting"><ent r="1000" t="313" w="1" /><ent r="1000" t="313" w="1" /><ent r="92" t="313" w="8" /><ent r="92" t="313" w="8" /><ent r="3" t="313" w="15" /><ent r="3" t="313" w="15" /><ent r="1000" t="424" w="1" /><ent r="1000" t="424" w="1" /><ent r="72" t="424" w="8" /><ent r="72" t="424" w="8" /></phr><phr n="RESET"><ent r="6" t="391" w="173" /><ent r="6" t="391" w="173" /><ent r="6" t="391" w="193" /><ent r="6" t="391" w="193" /><ent r="6" t="391" w="223" /></phr><phr n="resets"><ent r="6" t="391" w="330" /><ent r="6" t="391" w="330" /><ent r="6" t="391" w="381" /><ent r="6" t="391" w="381" /><ent r="5" t="398" w="221" /><ent r="5" t="398" w="221" /><ent r="5" t="398" w="1146" /><ent r="5" t="398" w="1146" /><ent r="5" t="398" w="1813" /><ent r="5" t="398" w="1813" /><ent r="3" t="404" w="1538" /><ent r="3" t="404" w="1538" /><ent r="7" t="439" w="509" /><ent r="7" t="439" w="509" /><ent r="4" t="499" w="202" /><ent r="4" t="499" w="202" /></phr><phr n="Resets"><ent r="3" t="405" w="204" /><ent r="3" t="405" w="204" /><ent r="3" t="405" w="450" /><ent r="3" t="405" w="450" /></phr></stem><stem n="sv"><phr n="SV"><ent r="6" t="15" w="80" /><ent r="6" t="15" w="80" /><ent r="6" t="43" w="88" /><ent r="6" t="43" w="88" /><ent r="6" t="46" w="80" /><ent r="6" t="46" w="80" /><ent r="6" t="94" w="88" /><ent r="6" t="94" w="88" /><ent r="6" t="97" w="80" /><ent r="6" t="97" w="80" /><ent r="6" t="126" w="80" /><ent r="6" t="126" w="80" /><ent r="6" t="146" w="88" /><ent r="6" t="146" w="88" /><ent r="6" t="149" w="80" /><ent r="6" t="149" w="80" /><ent r="6" t="156" w="136" /><ent r="6" t="156" w="136" /><ent r="6" t="174" w="80" /><ent r="6" t="174" w="80" /><ent r="6" t="200" w="80" /><ent r="6" t="200" w="80" /><ent r="6" t="222" w="88" /><ent r="6" t="222" w="88" /><ent r="6" t="222" w="367" /><ent r="6" t="222" w="367" /><ent r="6" t="244" w="1080" /><ent r="6" t="244" w="1080" /><ent r="4" t="249" w="212" /><ent r="4" t="249" w="212" /><ent r="4" t="250" w="96" /><ent r="4" t="250" w="96" /><ent r="3" t="250" w="156" /><ent r="4" t="252" w="72" /><ent r="4" t="252" w="72" /><ent r="4" t="252" w="377" /><ent r="4" t="252" w="377" /><ent r="4" t="253" w="89" /><ent r="4" t="253" w="89" /><ent r="4" t="254" w="92" /><ent r="4" t="254" w="92" /><ent r="4" t="281" w="54" /><ent r="4" t="281" w="54" /><ent r="4" t="282" w="394" /><ent r="4" t="282" w="394" /><ent r="3" t="282" w="444" /><ent r="3" t="282" w="444" /><ent r="3" t="282" w="468" /><ent r="3" t="282" w="468" /><ent r="3" t="282" w="511" /><ent r="3" t="282" w="511" /><ent r="3" t="335" w="70" /><ent r="3" t="335" w="70" /><ent r="3" t="335" w="78" /><ent r="3" t="335" w="78" /><ent r="3" t="335" w="100" /><ent r="7" t="335" w="236" /><ent r="7" t="335" w="236" /><ent r="6" t="335" w="322" /><ent r="6" t="335" w="322" /><ent r="7" t="335" w="391" /><ent r="7" t="335" w="391" /><ent r="6" t="335" w="400" /><ent r="6" t="335" w="400" /><ent r="4" t="335" w="465" /><ent r="4" t="335" w="465" /><ent r="3" t="335" w="484" /><ent r="3" t="335" w="484" /><ent r="4" t="335" w="501" /><ent r="4" t="335" w="501" /><ent r="4" t="335" w="519" /><ent r="4" t="335" w="519" /><ent r="4" t="335" w="538" /><ent r="4" t="335" w="538" /><ent r="4" t="335" w="557" /><ent r="4" t="335" w="557" /><ent r="4" t="335" w="619" /><ent r="4" t="335" w="619" /><ent r="6" t="335" w="712" /><ent r="6" t="335" w="712" /><ent r="4" t="335" w="789" /><ent r="4" t="335" w="789" /><ent r="4" t="335" w="797" /><ent r="4" t="335" w="797" /><ent r="4" t="335" w="801" /><ent r="4" t="335" w="801" /><ent r="4" t="335" w="806" /><ent r="4" t="335" w="806" /><ent r="3" t="335" w="846" /><ent r="3" t="335" w="846" /><ent r="68" t="336" w="222" /><ent r="68" t="336" w="222" /><ent r="68" t="336" w="311" /><ent r="68" t="336" w="311" /><ent r="4" t="336" w="397" /><ent r="4" t="336" w="397" /><ent r="4" t="336" w="405" /><ent r="4" t="336" w="405" /><ent r="4" t="336" w="422" /><ent r="4" t="336" w="422" /><ent r="1000" t="337" w="1" /><ent r="1000" t="337" w="1" /><ent r="92" t="337" w="5" /><ent r="92" t="337" w="5" /><ent r="3" t="337" w="10" /><ent r="3" t="337" w="10" /><ent r="3" t="337" w="29" /><ent r="3" t="337" w="29" /><ent r="3" t="337" w="70" /><ent r="3" t="337" w="70" /><ent r="6" t="337" w="78" /><ent r="6" t="337" w="78" /><ent r="6" t="337" w="205" /><ent r="6" t="337" w="205" /><ent r="6" t="337" w="231" /><ent r="6" t="337" w="231" /><ent r="6" t="337" w="259" /><ent r="6" t="337" w="259" /><ent r="4" t="337" w="362" /><ent r="4" t="337" w="362" /><ent r="4" t="337" w="370" /><ent r="4" t="337" w="370" /><ent r="4" t="337" w="374" /><ent r="4" t="337" w="374" /><ent r="4" t="337" w="379" /><ent r="4" t="337" w="379" /><ent r="6" t="337" w="429" /><ent r="6" t="337" w="429" /><ent r="6" t="337" w="511" /><ent r="6" t="337" w="511" /><ent r="6" t="337" w="543" /><ent r="6" t="337" w="543" /><ent r="6" t="338" w="566" /><ent r="6" t="338" w="566" /><ent r="6" t="338" w="632" /><ent r="6" t="338" w="632" /><ent r="6" t="338" w="634" /><ent r="6" t="338" w="634" /><ent r="6" t="338" w="651" /><ent r="6" t="338" w="651" /><ent r="6" t="338" w="671" /><ent r="6" t="338" w="671" /><ent r="8" t="343" w="305" /><ent r="8" t="343" w="305" /><ent r="8" t="343" w="351" /><ent r="8" t="343" w="351" /><ent r="6" t="345" w="564" /><ent r="6" t="345" w="564" /><ent r="6" t="345" w="612" /><ent r="6" t="345" w="612" /><ent r="6" t="345" w="635" /><ent r="6" t="345" w="635" /><ent r="6" t="345" w="637" /><ent r="6" t="345" w="637" /><ent r="6" t="345" w="654" /><ent r="6" t="345" w="674" /><ent r="6" t="346" w="465" /><ent r="6" t="346" w="465" /><ent r="6" t="346" w="531" /><ent r="6" t="346" w="531" /><ent r="6" t="346" w="533" /><ent r="6" t="346" w="533" /><ent r="6" t="346" w="550" /><ent r="6" t="346" w="550" /><ent r="6" t="346" w="570" /><ent r="6" t="346" w="570" /><ent r="6" t="349" w="167" /><ent r="6" t="349" w="167" /><ent r="6" t="349" w="197" /><ent r="6" t="349" w="197" /><ent r="6" t="350" w="167" /><ent r="6" t="350" w="167" /><ent r="6" t="350" w="197" /><ent r="6" t="350" w="197" /><ent r="68" t="353" w="920" /><ent r="68" t="353" w="920" /><ent r="68" t="353" w="977" /><ent r="68" t="353" w="977" /><ent r="7" t="353" w="1106" /><ent r="7" t="353" w="1106" /><ent r="7" t="353" w="1108" /><ent r="7" t="353" w="1108" /><ent r="7" t="353" w="1110" /><ent r="7" t="353" w="1110" /><ent r="7" t="353" w="1113" /><ent r="7" t="353" w="1113" /><ent r="6" t="353" w="1158" /><ent r="6" t="353" w="1158" /><ent r="6" t="353" w="1164" /><ent r="6" t="353" w="1164" /><ent r="6" t="353" w="1170" /><ent r="6" t="353" w="1170" /><ent r="6" t="353" w="1205" /><ent r="6" t="353" w="1205" /><ent r="6" t="353" w="1211" /><ent r="6" t="353" w="1211" /><ent r="7" t="353" w="1224" /><ent r="7" t="353" w="1224" /><ent r="7" t="353" w="1229" /><ent r="7" t="353" w="1229" /><ent r="1000" t="358" w="5" /><ent r="1000" t="358" w="5" /><ent r="92" t="358" w="13" /><ent r="92" t="358" w="13" /><ent r="3" t="358" w="29" /><ent r="3" t="358" w="29" /><ent r="69" t="360" w="232" /><ent r="69" t="360" w="232" /><ent r="69" t="360" w="238" /><ent r="69" t="360" w="238" /><ent r="69" t="360" w="244" /><ent r="69" t="360" w="244" /><ent r="69" t="360" w="250" /><ent r="69" t="360" w="250" /><ent r="69" t="360" w="256" /><ent r="69" t="360" w="256" /><ent r="69" t="360" w="262" /><ent r="69" t="360" w="262" /><ent r="1000" t="366" w="2" /><ent r="1000" t="366" w="2" /><ent r="92" t="366" w="8" /><ent r="92" t="366" w="8" /><ent r="3" t="366" w="15" /><ent r="3" t="366" w="15" /><ent r="3" t="366" w="98" /><ent r="3" t="366" w="98" /><ent r="6" t="366" w="131" /><ent r="6" t="366" w="131" /><ent r="6" t="366" w="160" /><ent r="6" t="366" w="160" /><ent r="68" t="366" w="171" /><ent r="68" t="366" w="171" /><ent r="3" t="366" w="219" /><ent r="3" t="366" w="219" /><ent r="82" t="366" w="225" /><ent r="82" t="366" w="225" /><ent r="1000" t="367" w="2" /><ent r="1000" t="367" w="2" /><ent r="92" t="367" w="8" /><ent r="92" t="367" w="8" /><ent r="3" t="367" w="15" /><ent r="3" t="367" w="15" /><ent r="3" t="367" w="98" /><ent r="3" t="367" w="98" /><ent r="6" t="367" w="132" /><ent r="6" t="367" w="132" /><ent r="6" t="367" w="162" /><ent r="6" t="367" w="162" /><ent r="68" t="367" w="173" /><ent r="68" t="367" w="173" /><ent r="3" t="367" w="222" /><ent r="3" t="367" w="222" /><ent r="82" t="367" w="228" /><ent r="82" t="367" w="228" /><ent r="1000" t="368" w="2" /><ent r="1000" t="368" w="2" /><ent r="92" t="368" w="8" /><ent r="92" t="368" w="8" /><ent r="3" t="368" w="15" /><ent r="3" t="368" w="15" /><ent r="3" t="368" w="98" /><ent r="3" t="368" w="98" /><ent r="6" t="368" w="132" /><ent r="6" t="368" w="132" /><ent r="6" t="368" w="162" /><ent r="6" t="368" w="162" /><ent r="68" t="368" w="173" /><ent r="68" t="368" w="173" /><ent r="3" t="368" w="222" /><ent r="3" t="368" w="222" /><ent r="82" t="368" w="228" /><ent r="82" t="368" w="228" /><ent r="1000" t="369" w="2" /><ent r="1000" t="369" w="2" /><ent r="92" t="369" w="8" /><ent r="92" t="369" w="8" /><ent r="3" t="369" w="15" /><ent r="3" t="369" w="15" /><ent r="3" t="369" w="98" /><ent r="3" t="369" w="98" /><ent r="6" t="369" w="132" /><ent r="6" t="369" w="132" /><ent r="6" t="369" w="161" /><ent r="6" t="369" w="161" /><ent r="68" t="369" w="172" /><ent r="68" t="369" w="172" /><ent r="3" t="369" w="221" /><ent r="3" t="369" w="221" /><ent r="82" t="369" w="227" /><ent r="82" t="369" w="227" /><ent r="1000" t="370" w="2" /><ent r="1000" t="370" w="2" /><ent r="92" t="370" w="8" /><ent r="92" t="370" w="8" /><ent r="3" t="370" w="15" /><ent r="3" t="370" w="15" /><ent r="3" t="370" w="98" /><ent r="3" t="370" w="98" /><ent r="6" t="370" w="131" /><ent r="6" t="370" w="131" /><ent r="6" t="370" w="160" /><ent r="6" t="370" w="160" /><ent r="68" t="370" w="171" /><ent r="68" t="370" w="171" /><ent r="3" t="370" w="220" /><ent r="3" t="370" w="220" /><ent r="82" t="370" w="226" /><ent r="82" t="370" w="226" /><ent r="1000" t="371" w="2" /><ent r="1000" t="371" w="2" /><ent r="92" t="371" w="8" /><ent r="92" t="371" w="8" /><ent r="3" t="371" w="15" /><ent r="3" t="371" w="15" /><ent r="3" t="371" w="99" /><ent r="3" t="371" w="99" /><ent r="6" t="371" w="133" /><ent r="6" t="371" w="133" /><ent r="6" t="371" w="231" /><ent r="6" t="371" w="231" /><ent r="68" t="371" w="242" /><ent r="68" t="371" w="242" /><ent r="3" t="371" w="294" /><ent r="3" t="371" w="294" /><ent r="82" t="371" w="347" /><ent r="82" t="371" w="347" /><ent r="6" t="371" w="390" /><ent r="6" t="371" w="390" /><ent r="6" t="372" w="1591" /><ent r="6" t="372" w="1591" /><ent r="6" t="372" w="1597" /><ent r="6" t="372" w="1597" /><ent r="6" t="372" w="1653" /><ent r="6" t="372" w="1653" /><ent r="6" t="372" w="1660" /><ent r="6" t="372" w="1660" /><ent r="68" t="395" w="102" /><ent r="68" t="395" w="102" /><ent r="7" t="395" w="105" /><ent r="7" t="395" w="105" /><ent r="68" t="395" w="113" /><ent r="68" t="395" w="113" /><ent r="7" t="395" w="117" /><ent r="7" t="395" w="117" /><ent r="68" t="395" w="147" /><ent r="68" t="395" w="147" /><ent r="7" t="395" w="149" /><ent r="7" t="395" w="149" /><ent r="68" t="395" w="157" /><ent r="68" t="395" w="157" /><ent r="7" t="395" w="161" /><ent r="7" t="395" w="161" /><ent r="68" t="395" w="265" /><ent r="68" t="395" w="265" /><ent r="7" t="395" w="270" /><ent r="7" t="395" w="270" /><ent r="67" t="399" w="455" /><ent r="67" t="399" w="455" /><ent r="67" t="399" w="471" /><ent r="67" t="399" w="471" /><ent r="67" t="399" w="522" /><ent r="67" t="399" w="522" /><ent r="67" t="399" w="534" /><ent r="67" t="399" w="534" /><ent r="72" t="399" w="1795" /><ent r="72" t="399" w="1795" /><ent r="3" t="399" w="1819" /><ent r="3" t="399" w="1819" /><ent r="72" t="399" w="1879" /><ent r="72" t="399" w="1879" /><ent r="3" t="399" w="1907" /><ent r="3" t="399" w="1907" /><ent r="3" t="399" w="1959" /><ent r="72" t="399" w="2004" /><ent r="72" t="399" w="2004" /><ent r="3" t="399" w="2032" /><ent r="3" t="399" w="2032" /><ent r="3" t="399" w="2113" /><ent r="72" t="399" w="2221" /><ent r="72" t="399" w="2221" /><ent r="3" t="399" w="2245" /><ent r="3" t="399" w="2245" /><ent r="1000" t="430" w="4" /><ent r="1000" t="430" w="4" /><ent r="82" t="430" w="10" /><ent r="82" t="430" w="10" /><ent r="72" t="430" w="60" /><ent r="72" t="430" w="60" /><ent r="7" t="430" w="171" /><ent r="7" t="430" w="171" /><ent r="7" t="430" w="177" /><ent r="7" t="430" w="177" /><ent r="7" t="430" w="180" /><ent r="7" t="430" w="180" /><ent r="7" t="430" w="187" /><ent r="7" t="430" w="187" /><ent r="7" t="430" w="216" /><ent r="7" t="430" w="216" /><ent r="7" t="430" w="222" /><ent r="7" t="430" w="222" /><ent r="7" t="430" w="309" /><ent r="7" t="430" w="309" /><ent r="7" t="430" w="315" /><ent r="7" t="430" w="315" /><ent r="8" t="430" w="325" /><ent r="8" t="430" w="325" /><ent r="8" t="430" w="370" /><ent r="8" t="430" w="370" /><ent r="8" t="430" w="398" /><ent r="8" t="430" w="398" /><ent r="8" t="430" w="401" /><ent r="8" t="430" w="401" /><ent r="8" t="430" w="407" /><ent r="8" t="430" w="407" /><ent r="8" t="430" w="410" /><ent r="8" t="430" w="410" /><ent r="8" t="430" w="418" /><ent r="8" t="430" w="418" /><ent r="8" t="430" w="453" /><ent r="8" t="430" w="453" /><ent r="8" t="430" w="497" /><ent r="8" t="430" w="497" /><ent r="1000" t="431" w="4" /><ent r="1000" t="431" w="4" /><ent r="82" t="431" w="10" /><ent r="82" t="431" w="10" /><ent r="72" t="431" w="101" /><ent r="72" t="431" w="101" /><ent r="7" t="431" w="190" /><ent r="7" t="431" w="190" /><ent r="7" t="431" w="233" /><ent r="7" t="431" w="260" /><ent r="7" t="431" w="260" /><ent r="7" t="431" w="266" /><ent r="7" t="431" w="266" /><ent r="7" t="431" w="269" /><ent r="7" t="431" w="269" /><ent r="7" t="431" w="276" /><ent r="7" t="431" w="276" /><ent r="7" t="431" w="305" /><ent r="7" t="431" w="305" /><ent r="7" t="431" w="310" /><ent r="7" t="431" w="310" /><ent r="7" t="431" w="397" /><ent r="7" t="431" w="397" /><ent r="7" t="431" w="402" /><ent r="7" t="431" w="402" /><ent r="8" t="431" w="416" /><ent r="8" t="431" w="416" /><ent r="8" t="431" w="461" /><ent r="8" t="431" w="461" /><ent r="8" t="431" w="489" /><ent r="8" t="431" w="489" /><ent r="8" t="431" w="492" /><ent r="8" t="431" w="492" /><ent r="8" t="431" w="498" /><ent r="8" t="431" w="498" /><ent r="8" t="431" w="501" /><ent r="8" t="431" w="501" /><ent r="8" t="431" w="509" /><ent r="8" t="431" w="509" /><ent r="8" t="431" w="544" /><ent r="8" t="431" w="544" /><ent r="8" t="431" w="588" /><ent r="8" t="431" w="588" /><ent r="72" t="438" w="341" /><ent r="72" t="438" w="341" /><ent r="72" t="438" w="459" /><ent r="72" t="438" w="459" /><ent r="1000" t="443" w="5" /><ent r="1000" t="443" w="5" /><ent r="82" t="443" w="13" /><ent r="82" t="443" w="13" /><ent r="72" t="443" w="105" /><ent r="72" t="443" w="105" /><ent r="7" t="443" w="244" /><ent r="7" t="443" w="244" /><ent r="7" t="443" w="250" /><ent r="7" t="443" w="250" /><ent r="7" t="443" w="253" /><ent r="7" t="443" w="253" /><ent r="7" t="443" w="260" /><ent r="7" t="443" w="260" /><ent r="7" t="443" w="305" /><ent r="7" t="443" w="305" /><ent r="7" t="443" w="310" /><ent r="7" t="443" w="310" /><ent r="7" t="443" w="397" /><ent r="7" t="443" w="397" /><ent r="7" t="443" w="402" /><ent r="7" t="443" w="402" /><ent r="7" t="443" w="436" /><ent r="7" t="443" w="436" /><ent r="7" t="443" w="440" /><ent r="7" t="443" w="464" /><ent r="7" t="443" w="464" /><ent r="7" t="443" w="468" /><ent r="7" t="443" w="474" /><ent r="7" t="443" w="474" /><ent r="7" t="443" w="477" /><ent r="7" t="443" w="477" /><ent r="7" t="443" w="483" /><ent r="7" t="443" w="483" /><ent r="7" t="443" w="486" /><ent r="7" t="443" w="486" /><ent r="7" t="443" w="502" /><ent r="7" t="443" w="502" /><ent r="7" t="443" w="506" /><ent r="7" t="443" w="551" /><ent r="7" t="443" w="551" /><ent r="7" t="443" w="791" /><ent r="7" t="443" w="791" /><ent r="1000" t="450" w="4" /><ent r="1000" t="450" w="4" /><ent r="82" t="450" w="10" /><ent r="82" t="450" w="10" /><ent r="72" t="450" w="43" /><ent r="72" t="450" w="43" /><ent r="7" t="450" w="145" /><ent r="7" t="450" w="145" /><ent r="68" t="450" w="153" /><ent r="68" t="450" w="153" /><ent r="7" t="450" w="166" /><ent r="7" t="450" w="166" /><ent r="68" t="450" w="174" /><ent r="68" t="450" w="174" /><ent r="1000" t="451" w="4" /><ent r="1000" t="451" w="4" /><ent r="82" t="451" w="10" /><ent r="82" t="451" w="10" /><ent r="72" t="451" w="73" /><ent r="72" t="451" w="73" /><ent r="7" t="451" w="166" /><ent r="68" t="451" w="188" /><ent r="68" t="451" w="188" /><ent r="68" t="451" w="207" /><ent r="68" t="451" w="207" /><ent r="6" t="473" w="179" /><ent r="6" t="473" w="179" /><ent r="6" t="473" w="211" /><ent r="6" t="473" w="211" /><ent r="7" t="482" w="228" /><ent r="7" t="482" w="228" /><ent r="7" t="482" w="269" /><ent r="7" t="482" w="284" /><ent r="7" t="482" w="299" /></phr><phr n="SVs"><ent r="6" t="15" w="85" /><ent r="6" t="15" w="85" /><ent r="6" t="46" w="85" /><ent r="6" t="46" w="85" /><ent r="6" t="97" w="85" /><ent r="6" t="97" w="85" /><ent r="6" t="126" w="85" /><ent r="6" t="126" w="85" /><ent r="6" t="149" w="85" /><ent r="6" t="149" w="85" /><ent r="6" t="174" w="85" /><ent r="6" t="174" w="85" /><ent r="6" t="200" w="85" /><ent r="6" t="200" w="85" /><ent r="3" t="243" w="35" /><ent r="4" t="244" w="789" /><ent r="4" t="244" w="789" /><ent r="4" t="244" w="832" /><ent r="4" t="244" w="832" /><ent r="6" t="337" w="219" /><ent r="7" t="349" w="187" /><ent r="7" t="350" w="187" /><ent r="7" t="351" w="295" /><ent r="7" t="351" w="295" /><ent r="7" t="351" w="318" /><ent r="7" t="351" w="318" /><ent r="7" t="351" w="363" /><ent r="7" t="351" w="366" /><ent r="7" t="351" w="366" /><ent r="7" t="351" w="384" /><ent r="7" t="351" w="396" /><ent r="7" t="351" w="406" /><ent r="7" t="351" w="413" /><ent r="7" t="351" w="419" /><ent r="6" t="353" w="168" /><ent r="6" t="353" w="168" /><ent r="6" t="353" w="176" /><ent r="6" t="353" w="176" /><ent r="6" t="353" w="184" /><ent r="6" t="353" w="184" /><ent r="6" t="353" w="194" /><ent r="6" t="353" w="194" /><ent r="7" t="353" w="1121" /><ent r="7" t="353" w="1121" /><ent r="7" t="353" w="1134" /><ent r="7" t="353" w="1134" /><ent r="6" t="366" w="187" /><ent r="6" t="367" w="189" /><ent r="6" t="368" w="189" /><ent r="6" t="369" w="188" /><ent r="6" t="370" w="187" /><ent r="6" t="371" w="255" /><ent r="68" t="371" w="278" /><ent r="68" t="371" w="278" /><ent r="82" t="371" w="404" /><ent r="82" t="371" w="404" /><ent r="3" t="371" w="415" /><ent r="3" t="371" w="415" /><ent r="7" t="393" w="272" /><ent r="7" t="393" w="272" /><ent r="7" t="393" w="329" /><ent r="7" t="393" w="329" /><ent r="7" t="430" w="107" /><ent r="7" t="430" w="107" /><ent r="7" t="430" w="144" /><ent r="7" t="431" w="149" /><ent r="7" t="431" w="198" /><ent r="7" t="431" w="198" /><ent r="7" t="432" w="182" /><ent r="7" t="432" w="182" /><ent r="7" t="443" w="153" /><ent r="7" t="443" w="207" /><ent r="7" t="443" w="207" /><ent r="7" t="443" w="677" /><ent r="7" t="443" w="677" /><ent r="7" t="443" w="752" /><ent r="7" t="443" w="752" /><ent r="7" t="443" w="815" /><ent r="7" t="443" w="815" /><ent r="7" t="443" w="843" /><ent r="7" t="443" w="843" /><ent r="7" t="447" w="87" /><ent r="7" t="450" w="90" /><ent r="7" t="450" w="90" /><ent r="7" t="450" w="130" /><ent r="7" t="451" w="117" /><ent r="7" t="451" w="128" /><ent r="7" t="451" w="128" /><ent r="7" t="452" w="125" /><ent r="7" t="452" w="125" /><ent r="7" t="475" w="159" /><ent r="7" t="475" w="159" /><ent r="7" t="477" w="396" /><ent r="7" t="477" w="396" /><ent r="3" t="482" w="22" /><ent r="3" t="482" w="22" /><ent r="7" t="482" w="223" /><ent r="7" t="482" w="223" /></phr><phr n="sv"><ent r="5" t="237" w="69" /><ent r="3" t="485" w="58" /></phr><phr n="SVS"><ent r="6" t="349" w="156" /><ent r="6" t="349" w="156" /><ent r="6" t="350" w="156" /><ent r="6" t="350" w="156" /><ent r="6" t="351" w="273" /><ent r="6" t="351" w="273" /></phr><phr n="Svs"><ent r="3" t="399" w="1298" /></phr></stem></index>