<?xml version="1.0" encoding="utf-8"?><index><!-- saved from url=(0016)http://localhost -->
<stem n="while"><phr n="While"><ent r="3" t="3" w="32" /><ent r="3" t="3" w="32" /><ent r="7" t="235" w="2705" /><ent r="7" t="235" w="2705" /><ent r="3" t="297" w="361" /><ent r="3" t="297" w="361" /><ent r="6" t="351" w="505" /><ent r="6" t="351" w="505" /></phr><phr n="while"><ent r="3" t="4" w="355" /><ent r="3" t="4" w="355" /><ent r="3" t="10" w="121" /><ent r="3" t="10" w="121" /><ent r="3" t="11" w="795" /><ent r="3" t="11" w="795" /><ent r="7" t="29" w="185" /><ent r="7" t="29" w="185" /><ent r="6" t="30" w="47" /><ent r="6" t="30" w="47" /><ent r="6" t="30" w="57" /><ent r="6" t="30" w="57" /><ent r="7" t="43" w="175" /><ent r="7" t="43" w="175" /><ent r="7" t="60" w="185" /><ent r="7" t="60" w="185" /><ent r="6" t="61" w="47" /><ent r="6" t="61" w="47" /><ent r="6" t="61" w="57" /><ent r="6" t="61" w="57" /><ent r="7" t="81" w="185" /><ent r="7" t="81" w="185" /><ent r="6" t="82" w="47" /><ent r="6" t="82" w="47" /><ent r="7" t="94" w="175" /><ent r="7" t="94" w="175" /><ent r="7" t="111" w="189" /><ent r="7" t="111" w="189" /><ent r="7" t="112" w="47" /><ent r="7" t="112" w="47" /><ent r="7" t="112" w="57" /><ent r="7" t="112" w="57" /><ent r="7" t="134" w="189" /><ent r="7" t="134" w="189" /><ent r="7" t="135" w="47" /><ent r="7" t="135" w="47" /><ent r="7" t="146" w="175" /><ent r="7" t="146" w="175" /><ent r="7" t="186" w="69" /><ent r="7" t="186" w="69" /><ent r="6" t="186" w="142" /><ent r="6" t="186" w="142" /><ent r="8" t="210" w="51" /><ent r="8" t="210" w="51" /><ent r="7" t="212" w="185" /><ent r="7" t="212" w="185" /><ent r="7" t="213" w="69" /><ent r="7" t="213" w="69" /><ent r="6" t="213" w="142" /><ent r="6" t="213" w="142" /><ent r="6" t="222" w="175" /><ent r="6" t="222" w="175" /><ent r="6" t="222" w="490" /><ent r="6" t="222" w="490" /><ent r="6" t="234" w="389" /><ent r="6" t="234" w="389" /><ent r="7" t="235" w="2460" /><ent r="7" t="235" w="2460" /><ent r="3" t="314" w="1431" /><ent r="3" t="314" w="1431" /><ent r="3" t="399" w="3148" /><ent r="3" t="399" w="3148" /><ent r="3" t="399" w="3957" /><ent r="3" t="399" w="3957" /><ent r="3" t="400" w="586" /><ent r="3" t="400" w="586" /><ent r="3" t="400" w="1281" /><ent r="3" t="400" w="1281" /><ent r="5" t="400" w="2051" /><ent r="5" t="400" w="2051" /></phr></stem><stem n="theoret"><phr n="theoretically"><ent r="3" t="3" w="35" /><ent r="3" t="3" w="35" /></phr><phr n="theoretical"><ent r="5" t="422" w="738" /><ent r="5" t="422" w="738" /><ent r="5" t="427" w="473" /><ent r="5" t="427" w="473" /></phr></stem><stem n="poorest"><phr n="poorest"><ent r="3" t="3" w="37" /><ent r="3" t="3" w="37" /></phr></stem><stem n="accuraci"><phr n="accuracy"><ent r="3" t="3" w="38" /><ent r="3" t="3" w="38" /><ent r="3" t="3" w="58" /><ent r="3" t="4" w="57" /><ent r="3" t="4" w="117" /><ent r="3" t="4" w="117" /><ent r="3" t="5" w="19" /><ent r="3" t="5" w="19" /><ent r="3" t="6" w="93" /><ent r="3" t="6" w="93" /><ent r="3" t="10" w="132" /><ent r="3" t="10" w="132" /><ent r="1000" t="11" w="5" /><ent r="1000" t="11" w="5" /><ent r="92" t="11" w="11" /><ent r="92" t="11" w="11" /><ent r="82" t="11" w="97" /><ent r="82" t="11" w="97" /><ent r="3" t="11" w="928" /><ent r="3" t="11" w="928" /><ent r="3" t="12" w="313" /><ent r="3" t="12" w="313" /><ent r="3" t="13" w="61" /><ent r="3" t="13" w="61" /><ent r="3" t="13" w="69" /><ent r="3" t="13" w="69" /><ent r="3" t="13" w="103" /><ent r="3" t="13" w="103" /><ent r="6" t="16" w="58" /><ent r="6" t="16" w="58" /><ent r="8" t="16" w="142" /><ent r="8" t="16" w="142" /><ent r="3" t="25" w="200" /><ent r="3" t="25" w="200" /><ent r="3" t="40" w="195" /><ent r="3" t="40" w="195" /><ent r="3" t="44" w="61" /><ent r="3" t="44" w="61" /><ent r="3" t="44" w="69" /><ent r="3" t="44" w="69" /><ent r="3" t="44" w="103" /><ent r="3" t="44" w="103" /><ent r="6" t="47" w="58" /><ent r="6" t="47" w="58" /><ent r="8" t="47" w="142" /><ent r="8" t="47" w="142" /><ent r="3" t="56" w="200" /><ent r="3" t="56" w="200" /><ent r="3" t="66" w="195" /><ent r="3" t="66" w="195" /><ent r="3" t="69" w="27" /><ent r="3" t="69" w="27" /><ent r="3" t="69" w="213" /><ent r="3" t="69" w="213" /><ent r="3" t="69" w="221" /><ent r="3" t="69" w="221" /><ent r="3" t="69" w="255" /><ent r="3" t="69" w="255" /><ent r="8" t="71" w="142" /><ent r="8" t="71" w="142" /><ent r="3" t="95" w="74" /><ent r="3" t="95" w="74" /><ent r="3" t="95" w="87" /><ent r="3" t="95" w="87" /><ent r="6" t="98" w="58" /><ent r="6" t="98" w="58" /><ent r="8" t="98" w="142" /><ent r="8" t="98" w="142" /><ent r="3" t="107" w="200" /><ent r="3" t="107" w="200" /><ent r="3" t="121" w="197" /><ent r="3" t="121" w="197" /><ent r="3" t="124" w="130" /><ent r="3" t="124" w="144" /><ent r="3" t="124" w="144" /><ent r="3" t="147" w="61" /><ent r="3" t="147" w="61" /><ent r="3" t="147" w="69" /><ent r="3" t="147" w="69" /><ent r="3" t="147" w="103" /><ent r="3" t="147" w="103" /><ent r="6" t="150" w="129" /><ent r="6" t="150" w="129" /><ent r="6" t="150" w="162" /><ent r="6" t="150" w="162" /><ent r="7" t="150" w="192" /><ent r="7" t="150" w="200" /><ent r="7" t="150" w="210" /><ent r="7" t="150" w="220" /><ent r="7" t="150" w="220" /><ent r="3" t="157" w="206" /><ent r="3" t="157" w="206" /><ent r="3" t="160" w="31" /><ent r="3" t="160" w="31" /><ent r="6" t="165" w="146" /><ent r="6" t="165" w="146" /><ent r="6" t="165" w="179" /><ent r="6" t="165" w="179" /><ent r="6" t="165" w="204" /><ent r="6" t="165" w="204" /><ent r="6" t="165" w="232" /><ent r="6" t="165" w="232" /><ent r="3" t="172" w="61" /><ent r="3" t="172" w="61" /><ent r="3" t="172" w="69" /><ent r="3" t="172" w="69" /><ent r="3" t="172" w="103" /><ent r="3" t="172" w="103" /><ent r="6" t="175" w="154" /><ent r="6" t="175" w="154" /><ent r="6" t="175" w="187" /><ent r="6" t="175" w="187" /><ent r="6" t="175" w="214" /><ent r="6" t="175" w="214" /><ent r="3" t="182" w="200" /><ent r="3" t="182" w="200" /><ent r="3" t="195" w="202" /><ent r="3" t="195" w="202" /><ent r="3" t="198" w="61" /><ent r="3" t="198" w="61" /><ent r="3" t="198" w="69" /><ent r="3" t="198" w="69" /><ent r="3" t="198" w="103" /><ent r="3" t="198" w="103" /><ent r="6" t="201" w="199" /><ent r="6" t="201" w="199" /><ent r="6" t="201" w="242" /><ent r="6" t="201" w="242" /><ent r="6" t="201" w="261" /><ent r="6" t="201" w="261" /><ent r="3" t="208" w="200" /><ent r="3" t="208" w="200" /><ent r="3" t="219" w="202" /><ent r="3" t="219" w="202" /><ent r="3" t="223" w="25" /><ent r="3" t="223" w="25" /><ent r="3" t="225" w="88" /><ent r="3" t="225" w="88" /><ent r="6" t="227" w="191" /><ent r="6" t="227" w="191" /><ent r="6" t="227" w="224" /><ent r="6" t="227" w="224" /><ent r="6" t="227" w="243" /><ent r="6" t="227" w="243" /><ent r="7" t="235" w="1904" /><ent r="7" t="235" w="1927" /><ent r="7" t="235" w="1938" /><ent r="7" t="235" w="2006" /><ent r="58" t="235" w="2743" /><ent r="58" t="235" w="2743" /><ent r="58" t="235" w="2936" /><ent r="58" t="235" w="2936" /><ent r="7" t="235" w="3516" /><ent r="7" t="235" w="3516" /><ent r="7" t="235" w="3601" /><ent r="7" t="235" w="3601" /><ent r="7" t="242" w="712" /><ent r="7" t="242" w="712" /><ent r="3" t="249" w="422" /><ent r="3" t="249" w="422" /><ent r="3" t="400" w="1177" /><ent r="3" t="400" w="1177" /><ent r="3" t="400" w="2021" /><ent r="3" t="400" w="2021" /><ent r="5" t="400" w="2075" /><ent r="5" t="400" w="2075" /><ent r="5" t="400" w="2093" /><ent r="5" t="400" w="2093" /><ent r="8" t="400" w="2108" /><ent r="8" t="400" w="2108" /><ent r="5" t="400" w="2165" /><ent r="5" t="400" w="2165" /><ent r="5" t="400" w="2212" /><ent r="5" t="400" w="2212" /><ent r="6" t="400" w="2274" /><ent r="6" t="400" w="2274" /><ent r="5" t="400" w="2297" /><ent r="5" t="400" w="2297" /><ent r="3" t="463" w="85" /><ent r="3" t="463" w="85" /><ent r="3" t="463" w="93" /><ent r="3" t="463" w="93" /><ent r="3" t="463" w="126" /><ent r="3" t="463" w="126" /></phr><phr n="Accuracies"><ent r="3" t="5" w="69" /><ent r="3" t="5" w="69" /></phr><phr n="Accuracy"><ent r="6" t="16" w="65" /><ent r="6" t="16" w="65" /><ent r="6" t="17" w="81" /><ent r="6" t="17" w="81" /><ent r="6" t="47" w="65" /><ent r="6" t="47" w="65" /><ent r="6" t="48" w="81" /><ent r="6" t="48" w="81" /><ent r="6" t="71" w="65" /><ent r="6" t="71" w="65" /><ent r="6" t="72" w="81" /><ent r="6" t="72" w="81" /><ent r="6" t="98" w="65" /><ent r="6" t="98" w="65" /><ent r="6" t="99" w="81" /><ent r="6" t="99" w="81" /><ent r="8" t="150" w="133" /><ent r="8" t="150" w="133" /><ent r="8" t="165" w="150" /><ent r="8" t="165" w="150" /><ent r="8" t="175" w="158" /><ent r="8" t="175" w="158" /><ent r="8" t="201" w="203" /><ent r="8" t="201" w="203" /><ent r="8" t="227" w="195" /><ent r="8" t="227" w="195" /><ent r="4" t="249" w="414" /><ent r="4" t="249" w="414" /><ent r="6" t="338" w="598" /><ent r="6" t="338" w="598" /><ent r="6" t="345" w="596" /><ent r="6" t="345" w="596" /><ent r="6" t="346" w="497" /><ent r="6" t="346" w="497" /></phr><phr n="accuracies"><ent r="4" t="414" w="205" /><ent r="4" t="414" w="205" /></phr></stem><stem n="mode"><phr n="mode"><ent r="3" t="3" w="39" /><ent r="3" t="3" w="39" /><ent r="3" t="4" w="202" /><ent r="3" t="4" w="202" /><ent r="3" t="4" w="237" /><ent r="3" t="4" w="237" /><ent r="3" t="8" w="190" /><ent r="3" t="8" w="223" /><ent r="3" t="8" w="223" /><ent r="6" t="15" w="103" /><ent r="6" t="15" w="103" /><ent r="3" t="15" w="229" /><ent r="3" t="22" w="168" /><ent r="6" t="24" w="440" /><ent r="6" t="24" w="545" /><ent r="7" t="29" w="206" /><ent r="6" t="29" w="231" /><ent r="3" t="33" w="41" /><ent r="3" t="33" w="41" /><ent r="3" t="33" w="61" /><ent r="3" t="35" w="44" /><ent r="3" t="35" w="44" /><ent r="6" t="35" w="192" /><ent r="6" t="35" w="192" /><ent r="4" t="41" w="64" /><ent r="4" t="41" w="64" /><ent r="4" t="41" w="75" /><ent r="7" t="43" w="306" /><ent r="6" t="46" w="103" /><ent r="6" t="46" w="103" /><ent r="3" t="46" w="229" /><ent r="3" t="53" w="166" /><ent r="6" t="55" w="424" /><ent r="6" t="55" w="553" /><ent r="7" t="60" w="206" /><ent r="6" t="60" w="231" /><ent r="3" t="64" w="41" /><ent r="3" t="64" w="41" /><ent r="4" t="70" w="113" /><ent r="4" t="70" w="113" /><ent r="6" t="75" w="84" /><ent r="6" t="75" w="84" /><ent r="6" t="78" w="439" /><ent r="6" t="78" w="477" /><ent r="6" t="78" w="554" /><ent r="6" t="78" w="561" /><ent r="7" t="81" w="206" /><ent r="6" t="81" w="231" /><ent r="3" t="84" w="41" /><ent r="3" t="84" w="41" /><ent r="3" t="84" w="105" /><ent r="3" t="87" w="44" /><ent r="3" t="87" w="44" /><ent r="6" t="87" w="192" /><ent r="6" t="87" w="192" /><ent r="7" t="94" w="306" /><ent r="6" t="94" w="375" /><ent r="6" t="94" w="375" /><ent r="6" t="94" w="392" /><ent r="6" t="94" w="392" /><ent r="6" t="94" w="394" /><ent r="6" t="94" w="407" /><ent r="6" t="94" w="407" /><ent r="6" t="94" w="409" /><ent r="6" t="97" w="103" /><ent r="6" t="97" w="103" /><ent r="3" t="97" w="229" /><ent r="3" t="104" w="152" /><ent r="6" t="106" w="424" /><ent r="6" t="106" w="553" /><ent r="6" t="106" w="1983" /><ent r="7" t="111" w="210" /><ent r="6" t="111" w="235" /><ent r="3" t="115" w="50" /><ent r="3" t="115" w="70" /><ent r="3" t="115" w="97" /><ent r="3" t="115" w="97" /><ent r="3" t="115" w="202" /><ent r="3" t="115" w="202" /><ent r="3" t="115" w="283" /><ent r="3" t="115" w="316" /><ent r="3" t="115" w="316" /><ent r="3" t="115" w="595" /><ent r="3" t="115" w="595" /><ent r="3" t="115" w="648" /><ent r="3" t="115" w="666" /><ent r="3" t="117" w="44" /><ent r="3" t="117" w="44" /><ent r="6" t="117" w="192" /><ent r="6" t="117" w="192" /><ent r="6" t="126" w="103" /><ent r="6" t="126" w="103" /><ent r="3" t="126" w="234" /><ent r="7" t="131" w="491" /><ent r="7" t="131" w="529" /><ent r="7" t="131" w="606" /><ent r="7" t="131" w="613" /><ent r="7" t="134" w="210" /><ent r="7" t="134" w="235" /><ent r="3" t="138" w="51" /><ent r="3" t="138" w="72" /><ent r="3" t="138" w="100" /><ent r="3" t="138" w="100" /><ent r="3" t="138" w="219" /><ent r="3" t="138" w="252" /><ent r="3" t="138" w="252" /><ent r="3" t="138" w="480" /><ent r="3" t="138" w="584" /><ent r="3" t="138" w="602" /><ent r="3" t="140" w="44" /><ent r="3" t="140" w="44" /><ent r="7" t="140" w="198" /><ent r="7" t="140" w="198" /><ent r="7" t="146" w="306" /><ent r="6" t="149" w="103" /><ent r="6" t="149" w="103" /><ent r="3" t="149" w="229" /><ent r="6" t="156" w="62" /><ent r="6" t="174" w="103" /><ent r="6" t="174" w="103" /><ent r="3" t="174" w="229" /><ent r="3" t="189" w="41" /><ent r="3" t="189" w="41" /><ent r="3" t="191" w="44" /><ent r="3" t="191" w="44" /><ent r="6" t="191" w="192" /><ent r="6" t="191" w="192" /><ent r="3" t="194" w="141" /><ent r="3" t="194" w="141" /><ent r="6" t="200" w="103" /><ent r="6" t="200" w="103" /><ent r="3" t="200" w="229" /><ent r="6" t="207" w="700" /><ent r="6" t="207" w="700" /><ent r="6" t="207" w="725" /><ent r="6" t="207" w="725" /><ent r="6" t="207" w="772" /><ent r="6" t="207" w="782" /><ent r="6" t="207" w="815" /><ent r="7" t="212" w="206" /><ent r="6" t="212" w="231" /><ent r="3" t="216" w="34" /><ent r="3" t="216" w="51" /><ent r="3" t="216" w="109" /><ent r="3" t="216" w="109" /><ent r="3" t="216" w="130" /><ent r="3" t="216" w="130" /><ent r="3" t="216" w="145" /><ent r="3" t="216" w="145" /><ent r="3" t="216" w="339" /><ent r="3" t="216" w="403" /><ent r="3" t="218" w="141" /><ent r="3" t="218" w="141" /><ent r="6" t="222" w="306" /><ent r="6" t="222" w="689" /><ent r="4" t="226" w="349" /><ent r="7" t="235" w="1909" /><ent r="7" t="235" w="1909" /><ent r="7" t="235" w="2792" /><ent r="7" t="235" w="2792" /><ent r="7" t="235" w="2795" /><ent r="7" t="235" w="2795" /><ent r="7" t="242" w="722" /><ent r="5" t="242" w="1021" /><ent r="5" t="242" w="1021" /><ent r="3" t="263" w="309" /><ent r="54" t="263" w="312" /><ent r="54" t="263" w="312" /><ent r="54" t="263" w="332" /><ent r="54" t="263" w="332" /><ent r="7" t="267" w="109" /><ent r="7" t="267" w="157" /><ent r="5" t="268" w="161" /><ent r="5" t="268" w="161" /><ent r="5" t="268" w="182" /><ent r="5" t="268" w="182" /><ent r="5" t="268" w="197" /><ent r="5" t="268" w="197" /><ent r="3" t="268" w="222" /><ent r="3" t="268" w="222" /><ent r="3" t="270" w="497" /><ent r="3" t="270" w="497" /><ent r="3" t="276" w="710" /><ent r="3" t="276" w="710" /><ent r="3" t="276" w="1201" /><ent r="3" t="276" w="1201" /><ent r="3" t="276" w="1975" /><ent r="3" t="276" w="1975" /><ent r="3" t="276" w="1993" /><ent r="3" t="276" w="2162" /><ent r="3" t="276" w="2162" /><ent r="3" t="278" w="261" /><ent r="3" t="278" w="261" /><ent r="5" t="282" w="181" /><ent r="5" t="282" w="181" /><ent r="3" t="282" w="250" /><ent r="3" t="282" w="542" /><ent r="3" t="282" w="542" /><ent r="3" t="283" w="82" /><ent r="3" t="283" w="82" /><ent r="3" t="284" w="38" /><ent r="3" t="284" w="38" /><ent r="5" t="284" w="61" /><ent r="5" t="284" w="101" /><ent r="5" t="284" w="108" /><ent r="5" t="284" w="116" /><ent r="5" t="284" w="124" /><ent r="5" t="284" w="132" /><ent r="5" t="284" w="140" /><ent r="3" t="284" w="147" /><ent r="3" t="284" w="147" /><ent r="5" t="284" w="168" /><ent r="5" t="284" w="208" /><ent r="5" t="284" w="215" /><ent r="5" t="284" w="223" /><ent r="5" t="284" w="231" /><ent r="5" t="284" w="239" /><ent r="5" t="284" w="247" /><ent r="3" t="284" w="331" /><ent r="3" t="284" w="346" /><ent r="3" t="284" w="403" /><ent r="3" t="284" w="403" /><ent r="3" t="284" w="712" /><ent r="3" t="284" w="712" /><ent r="3" t="284" w="732" /><ent r="3" t="286" w="54" /><ent r="3" t="286" w="54" /><ent r="3" t="287" w="121" /><ent r="3" t="287" w="184" /><ent r="3" t="287" w="445" /><ent r="3" t="334" w="610" /><ent r="3" t="334" w="610" /><ent r="68" t="353" w="241" /><ent r="68" t="353" w="241" /><ent r="1000" t="355" w="3" /><ent r="1000" t="355" w="3" /><ent r="92" t="355" w="8" /><ent r="92" t="355" w="8" /><ent r="3" t="363" w="36" /><ent r="6" t="363" w="574" /><ent r="6" t="363" w="574" /><ent r="68" t="371" w="170" /><ent r="68" t="371" w="170" /><ent r="82" t="371" w="300" /><ent r="82" t="371" w="300" /><ent r="6" t="388" w="691" /><ent r="6" t="388" w="691" /><ent r="6" t="388" w="1123" /><ent r="6" t="388" w="1123" /><ent r="6" t="388" w="1161" /><ent r="6" t="388" w="1161" /><ent r="6" t="388" w="1166" /><ent r="6" t="388" w="1198" /><ent r="6" t="388" w="1262" /><ent r="6" t="388" w="1418" /><ent r="6" t="388" w="1418" /><ent r="6" t="388" w="1456" /><ent r="6" t="388" w="1456" /><ent r="6" t="388" w="1461" /><ent r="6" t="388" w="1493" /><ent r="6" t="388" w="1557" /><ent r="7" t="393" w="324" /><ent r="5" t="398" w="157" /><ent r="5" t="398" w="157" /><ent r="5" t="398" w="1082" /><ent r="5" t="398" w="1082" /><ent r="5" t="398" w="1657" /><ent r="5" t="398" w="1657" /><ent r="3" t="398" w="2484" /><ent r="3" t="398" w="2484" /><ent r="3" t="398" w="3062" /><ent r="3" t="399" w="2386" /><ent r="3" t="399" w="2386" /><ent r="3" t="399" w="2427" /><ent r="3" t="399" w="2427" /><ent r="3" t="399" w="2475" /><ent r="3" t="399" w="2502" /><ent r="3" t="399" w="2893" /><ent r="3" t="399" w="2897" /><ent r="3" t="399" w="2903" /><ent r="3" t="400" w="428" /><ent r="72" t="402" w="1596" /><ent r="72" t="402" w="1596" /><ent r="3" t="402" w="1669" /><ent r="72" t="402" w="1813" /><ent r="72" t="402" w="1813" /><ent r="3" t="402" w="1832" /><ent r="3" t="405" w="228" /><ent r="3" t="409" w="86" /><ent r="3" t="409" w="86" /><ent r="5" t="422" w="73" /><ent r="5" t="422" w="73" /><ent r="3" t="422" w="233" /><ent r="3" t="422" w="263" /><ent r="3" t="423" w="465" /><ent r="7" t="432" w="198" /><ent r="7" t="432" w="198" /><ent r="7" t="432" w="209" /><ent r="7" t="432" w="209" /><ent r="3" t="433" w="54" /><ent r="3" t="433" w="54" /><ent r="7" t="435" w="119" /><ent r="7" t="435" w="119" /><ent r="9" t="439" w="97" /><ent r="9" t="439" w="119" /><ent r="7" t="439" w="234" /><ent r="7" t="439" w="234" /><ent r="7" t="439" w="252" /><ent r="7" t="439" w="252" /><ent r="7" t="439" w="269" /><ent r="7" t="439" w="269" /><ent r="7" t="439" w="274" /><ent r="7" t="439" w="274" /><ent r="7" t="477" w="294" /><ent r="7" t="477" w="294" /><ent r="7" t="477" w="310" /><ent r="7" t="477" w="310" /><ent r="7" t="477" w="322" /><ent r="7" t="477" w="324" /><ent r="7" t="477" w="324" /><ent r="7" t="477" w="357" /><ent r="7" t="477" w="357" /><ent r="7" t="477" w="372" /><ent r="7" t="477" w="372" /><ent r="7" t="485" w="165" /><ent r="7" t="485" w="165" /><ent r="3" t="487" w="57" /><ent r="3" t="487" w="57" /><ent r="7" t="496" w="171" /><ent r="7" t="496" w="171" /><ent r="7" t="496" w="175" /><ent r="7" t="496" w="175" /><ent r="3" t="500" w="18" /><ent r="3" t="500" w="188" /><ent r="3" t="500" w="228" /><ent r="3" t="501" w="72" /><ent r="3" t="501" w="72" /><ent r="3" t="502" w="18" /></phr><phr n="modes"><ent r="3" t="4" w="247" /><ent r="3" t="13" w="80" /><ent r="3" t="13" w="80" /><ent r="3" t="44" w="80" /><ent r="3" t="44" w="80" /><ent r="3" t="69" w="232" /><ent r="3" t="69" w="232" /><ent r="3" t="115" w="28" /><ent r="82" t="128" w="77" /><ent r="82" t="128" w="77" /><ent r="3" t="138" w="29" /><ent r="3" t="147" w="80" /><ent r="3" t="147" w="80" /><ent r="3" t="172" w="80" /><ent r="3" t="172" w="80" /><ent r="3" t="198" w="80" /><ent r="3" t="198" w="80" /><ent r="3" t="240" w="865" /><ent r="3" t="240" w="865" /><ent r="54" t="270" w="314" /><ent r="3" t="282" w="147" /><ent r="5" t="282" w="209" /><ent r="5" t="282" w="209" /><ent r="5" t="282" w="364" /><ent r="5" t="282" w="364" /><ent r="3" t="422" w="282" /><ent r="3" t="422" w="282" /><ent r="7" t="439" w="93" /><ent r="3" t="463" w="104" /><ent r="3" t="463" w="104" /></phr><phr n="Mode"><ent r="6" t="16" w="63" /><ent r="6" t="16" w="63" /><ent r="6" t="24" w="825" /><ent r="6" t="24" w="825" /><ent r="6" t="24" w="864" /><ent r="6" t="24" w="864" /><ent r="7" t="43" w="331" /><ent r="6" t="47" w="63" /><ent r="6" t="47" w="63" /><ent r="6" t="55" w="833" /><ent r="6" t="55" w="833" /><ent r="6" t="55" w="872" /><ent r="6" t="55" w="872" /><ent r="6" t="71" w="63" /><ent r="6" t="71" w="63" /><ent r="7" t="94" w="331" /><ent r="6" t="98" w="63" /><ent r="6" t="98" w="63" /><ent r="6" t="106" w="851" /><ent r="6" t="106" w="851" /><ent r="6" t="106" w="908" /><ent r="6" t="106" w="908" /><ent r="6" t="128" w="92" /><ent r="6" t="128" w="92" /><ent r="6" t="128" w="96" /><ent r="6" t="128" w="96" /><ent r="7" t="146" w="331" /><ent r="6" t="181" w="704" /><ent r="6" t="181" w="704" /><ent r="6" t="181" w="731" /><ent r="6" t="181" w="731" /><ent r="6" t="222" w="331" /><ent r="6" t="222" w="714" /><ent r="4" t="240" w="595" /><ent r="4" t="240" w="595" /><ent r="5" t="242" w="860" /><ent r="5" t="242" w="860" /><ent r="5" t="242" w="926" /><ent r="5" t="242" w="926" /><ent r="5" t="242" w="1046" /><ent r="5" t="242" w="1046" /><ent r="4" t="263" w="295" /><ent r="4" t="263" w="295" /><ent r="4" t="268" w="102" /><ent r="4" t="268" w="102" /><ent r="3" t="268" w="107" /><ent r="3" t="268" w="107" /><ent r="4" t="270" w="303" /><ent r="4" t="270" w="303" /><ent r="5" t="270" w="378" /><ent r="5" t="270" w="378" /><ent r="5" t="270" w="450" /><ent r="5" t="270" w="450" /><ent r="4" t="276" w="216" /><ent r="4" t="276" w="216" /><ent r="4" t="276" w="385" /><ent r="4" t="276" w="385" /><ent r="4" t="276" w="706" /><ent r="4" t="276" w="706" /><ent r="4" t="276" w="1197" /><ent r="4" t="276" w="1197" /><ent r="5" t="276" w="1428" /><ent r="4" t="278" w="257" /><ent r="4" t="278" w="257" /><ent r="4" t="281" w="134" /><ent r="4" t="281" w="134" /><ent r="4" t="283" w="71" /><ent r="4" t="283" w="71" /><ent r="4" t="284" w="35" /><ent r="4" t="284" w="35" /><ent r="4" t="284" w="144" /><ent r="4" t="284" w="144" /><ent r="4" t="284" w="1394" /><ent r="4" t="284" w="1394" /><ent r="4" t="335" w="809" /><ent r="4" t="335" w="809" /><ent r="6" t="337" w="116" /><ent r="6" t="337" w="116" /><ent r="4" t="337" w="395" /><ent r="4" t="337" w="395" /><ent r="6" t="349" w="349" /><ent r="7" t="349" w="362" /><ent r="6" t="350" w="349" /><ent r="7" t="350" w="362" /><ent r="3" t="355" w="21" /><ent r="3" t="355" w="21" /><ent r="6" t="398" w="128" /><ent r="6" t="398" w="128" /><ent r="5" t="398" w="204" /><ent r="6" t="398" w="1052" /><ent r="6" t="398" w="1052" /><ent r="5" t="398" w="1129" /><ent r="6" t="398" w="1618" /><ent r="6" t="398" w="1618" /><ent r="6" t="398" w="1636" /><ent r="6" t="398" w="1636" /><ent r="5" t="398" w="1714" /><ent r="3" t="398" w="3008" /><ent r="3" t="402" w="1601" /><ent r="72" t="402" w="1650" /><ent r="72" t="402" w="1650" /><ent r="3" t="402" w="1656" /><ent r="72" t="402" w="1744" /><ent r="72" t="402" w="1744" /><ent r="3" t="402" w="1749" /><ent r="3" t="402" w="1819" /><ent r="4" t="427" w="524" /><ent r="4" t="427" w="524" /><ent r="7" t="477" w="227" /><ent r="7" t="477" w="227" /><ent r="7" t="477" w="381" /><ent r="7" t="477" w="381" /><ent r="7" t="477" w="386" /><ent r="7" t="477" w="386" /><ent r="7" t="477" w="390" /><ent r="7" t="477" w="390" /><ent r="7" t="480" w="79" /><ent r="7" t="480" w="79" /><ent r="7" t="480" w="88" /><ent r="7" t="480" w="88" /><ent r="7" t="496" w="161" /><ent r="7" t="496" w="161" /><ent r="4" t="500" w="12" /><ent r="4" t="500" w="12" /><ent r="4" t="500" w="122" /><ent r="4" t="500" w="122" /></phr><phr n="MODE"><ent r="7" t="335" w="384" /><ent r="6" t="335" w="429" /><ent r="6" t="335" w="429" /><ent r="4" t="335" w="781" /><ent r="6" t="337" w="108" /><ent r="6" t="337" w="108" /><ent r="4" t="337" w="354" /><ent r="6" t="353" w="232" /><ent r="6" t="353" w="232" /><ent r="6" t="353" w="712" /><ent r="6" t="353" w="712" /><ent r="6" t="363" w="188" /><ent r="6" t="363" w="188" /><ent r="6" t="371" w="162" /><ent r="6" t="371" w="162" /><ent r="6" t="375" w="101" /><ent r="6" t="375" w="101" /><ent r="6" t="388" w="1072" /><ent r="6" t="388" w="1072" /><ent r="6" t="388" w="1367" /><ent r="6" t="388" w="1367" /><ent r="5" t="398" w="1780" /></phr></stem><stem n="recent"><phr n="recent"><ent r="3" t="3" w="42" /><ent r="3" t="3" w="42" /><ent r="3" t="12" w="546" /><ent r="3" t="12" w="546" /><ent r="3" t="239" w="548" /><ent r="3" t="239" w="548" /><ent r="3" t="248" w="89" /><ent r="3" t="248" w="89" /><ent r="3" t="305" w="80" /><ent r="3" t="305" w="80" /><ent r="6" t="343" w="168" /><ent r="6" t="343" w="168" /><ent r="6" t="343" w="205" /><ent r="6" t="343" w="205" /><ent r="3" t="421" w="43" /><ent r="3" t="421" w="43" /></phr><phr n="recently"><ent r="5" t="308" w="116" /><ent r="5" t="308" w="116" /></phr></stem><stem n="improv"><phr n="improvements"><ent r="3" t="3" w="43" /><ent r="3" t="3" w="43" /></phr><phr n="improves"><ent r="3" t="4" w="55" /><ent r="3" t="4" w="55" /><ent r="3" t="5" w="16" /><ent r="3" t="5" w="16" /><ent r="3" t="12" w="311" /><ent r="3" t="12" w="311" /><ent r="3" t="40" w="104" /><ent r="3" t="40" w="104" /><ent r="3" t="66" w="104" /><ent r="3" t="66" w="104" /><ent r="3" t="121" w="104" /><ent r="3" t="121" w="104" /><ent r="3" t="157" w="100" /><ent r="3" t="157" w="100" /><ent r="3" t="195" w="100" /><ent r="3" t="195" w="100" /><ent r="3" t="219" w="100" /><ent r="3" t="219" w="100" /><ent r="7" t="235" w="3249" /><ent r="7" t="235" w="3249" /><ent r="7" t="235" w="3514" /><ent r="7" t="235" w="3514" /></phr><phr n="improve"><ent r="3" t="4" w="92" /><ent r="3" t="4" w="92" /><ent r="3" t="37" w="55" /><ent r="3" t="37" w="55" /><ent r="3" t="89" w="54" /><ent r="3" t="89" w="54" /><ent r="3" t="119" w="54" /><ent r="3" t="119" w="54" /><ent r="3" t="142" w="55" /><ent r="3" t="142" w="55" /><ent r="3" t="193" w="52" /><ent r="3" t="193" w="52" /><ent r="3" t="295" w="65" /><ent r="3" t="295" w="65" /><ent r="3" t="402" w="1170" /><ent r="3" t="402" w="1170" /></phr><phr n="improved"><ent r="4" t="90" w="171" /><ent r="4" t="90" w="171" /><ent r="7" t="242" w="609" /><ent r="7" t="242" w="609" /><ent r="3" t="268" w="330" /><ent r="3" t="268" w="330" /></phr><phr n="improvement"><ent r="7" t="242" w="710" /><ent r="7" t="242" w="710" /></phr></stem><stem n="orbit"><phr n="orbits"><ent r="3" t="3" w="46" /><ent r="3" t="3" w="46" /></phr><phr n="orbiting"><ent r="3" t="11" w="316" /></phr><phr n="orbit"><ent r="7" t="235" w="41" /><ent r="7" t="235" w="41" /><ent r="7" t="235" w="95" /><ent r="7" t="235" w="95" /><ent r="7" t="235" w="291" /><ent r="7" t="235" w="291" /><ent r="7" t="235" w="1601" /><ent r="7" t="235" w="1601" /><ent r="7" t="235" w="1630" /><ent r="7" t="235" w="1630" /><ent r="3" t="248" w="72" /><ent r="3" t="248" w="72" /><ent r="3" t="259" w="15" /><ent r="3" t="259" w="15" /><ent r="5" t="259" w="101" /><ent r="5" t="259" w="126" /><ent r="5" t="259" w="126" /><ent r="5" t="259" w="143" /><ent r="5" t="259" w="143" /></phr><phr n="Orbit"><ent r="7" t="235" w="1546" /><ent r="3" t="240" w="156" /><ent r="3" t="240" w="156" /></phr><phr n="Orbiting"><ent r="7" t="235" w="1569" /><ent r="7" t="235" w="1569" /></phr><phr n="ORBIT"><ent r="6" t="342" w="152" /><ent r="6" t="342" w="152" /></phr><phr n="ORBITAL"><ent r="6" t="342" w="163" /><ent r="6" t="342" w="163" /></phr><phr n="Orbits"><ent r="9" t="475" w="273" /><ent r="9" t="475" w="277" /><ent r="9" t="477" w="528" /><ent r="9" t="477" w="532" /></phr></stem></index>