<?xml version="1.0" encoding="utf-8"?><index><!-- saved from url=(0016)http://localhost -->
<stem n="equal"><phr n="equals"><ent r="3" t="11" w="215" /><ent r="3" t="11" w="215" /></phr><phr n="equal"><ent r="3" t="91" w="1647" /><ent r="3" t="91" w="1647" /><ent r="7" t="235" w="663" /><ent r="7" t="235" w="663" /><ent r="7" t="235" w="3354" /><ent r="7" t="235" w="3354" /><ent r="5" t="329" w="115" /><ent r="5" t="329" w="115" /><ent r="3" t="397" w="273" /><ent r="3" t="397" w="273" /></phr></stem><stem n="same"><phr n="same"><ent r="3" t="11" w="226" /><ent r="3" t="11" w="226" /><ent r="3" t="11" w="732" /><ent r="3" t="11" w="732" /><ent r="3" t="22" w="14" /><ent r="3" t="22" w="14" /><ent r="6" t="32" w="46" /><ent r="6" t="32" w="46" /><ent r="7" t="32" w="146" /><ent r="7" t="32" w="146" /><ent r="6" t="32" w="236" /><ent r="6" t="32" w="236" /><ent r="6" t="32" w="336" /><ent r="6" t="32" w="336" /><ent r="3" t="53" w="14" /><ent r="3" t="53" w="14" /><ent r="7" t="63" w="46" /><ent r="7" t="63" w="46" /><ent r="7" t="63" w="146" /><ent r="7" t="63" w="146" /><ent r="7" t="63" w="236" /><ent r="7" t="63" w="236" /><ent r="7" t="63" w="336" /><ent r="7" t="63" w="336" /><ent r="3" t="69" w="38" /><ent r="3" t="69" w="38" /><ent r="7" t="83" w="139" /><ent r="7" t="83" w="139" /><ent r="3" t="91" w="1652" /><ent r="3" t="91" w="1652" /><ent r="7" t="114" w="47" /><ent r="7" t="114" w="47" /><ent r="7" t="114" w="148" /><ent r="7" t="114" w="148" /><ent r="7" t="114" w="239" /><ent r="7" t="114" w="239" /><ent r="7" t="114" w="340" /><ent r="7" t="114" w="340" /><ent r="5" t="115" w="443" /><ent r="5" t="115" w="443" /><ent r="3" t="124" w="44" /><ent r="3" t="124" w="44" /><ent r="7" t="137" w="47" /><ent r="7" t="137" w="47" /><ent r="7" t="137" w="148" /><ent r="7" t="137" w="148" /><ent r="7" t="137" w="238" /><ent r="7" t="137" w="238" /><ent r="5" t="138" w="348" /><ent r="5" t="138" w="348" /><ent r="7" t="188" w="98" /><ent r="7" t="188" w="98" /><ent r="7" t="188" w="220" /><ent r="7" t="188" w="220" /><ent r="7" t="215" w="98" /><ent r="7" t="215" w="98" /><ent r="7" t="215" w="220" /><ent r="7" t="215" w="220" /><ent r="6" t="234" w="199" /><ent r="6" t="234" w="199" /><ent r="7" t="235" w="136" /><ent r="7" t="235" w="136" /><ent r="7" t="235" w="656" /><ent r="7" t="235" w="656" /><ent r="7" t="235" w="3681" /><ent r="7" t="235" w="3681" /><ent r="54" t="239" w="100" /><ent r="54" t="239" w="100" /><ent r="3" t="239" w="470" /><ent r="3" t="239" w="470" /><ent r="3" t="269" w="46" /><ent r="3" t="269" w="46" /><ent r="5" t="269" w="198" /><ent r="5" t="269" w="198" /><ent r="5" t="269" w="496" /><ent r="5" t="269" w="496" /><ent r="3" t="269" w="591" /><ent r="3" t="269" w="591" /><ent r="3" t="276" w="2270" /><ent r="3" t="276" w="2270" /><ent r="3" t="276" w="3218" /><ent r="3" t="276" w="3218" /><ent r="3" t="278" w="471" /><ent r="3" t="278" w="471" /><ent r="3" t="297" w="22" /><ent r="3" t="297" w="22" /><ent r="3" t="297" w="657" /><ent r="3" t="297" w="657" /><ent r="3" t="324" w="23" /><ent r="3" t="324" w="23" /><ent r="3" t="345" w="483" /><ent r="3" t="345" w="483" /><ent r="3" t="347" w="453" /><ent r="3" t="347" w="453" /><ent r="6" t="348" w="502" /><ent r="6" t="348" w="502" /><ent r="3" t="359" w="292" /><ent r="3" t="359" w="292" /><ent r="3" t="362" w="275" /><ent r="3" t="362" w="275" /><ent r="3" t="362" w="287" /><ent r="3" t="362" w="287" /><ent r="3" t="386" w="32" /><ent r="3" t="386" w="32" /><ent r="3" t="390" w="1280" /><ent r="3" t="390" w="1280" /><ent r="3" t="398" w="2458" /><ent r="3" t="398" w="2458" /><ent r="3" t="399" w="3598" /><ent r="3" t="399" w="3598" /><ent r="5" t="400" w="732" /><ent r="5" t="400" w="732" /><ent r="5" t="400" w="1075" /><ent r="5" t="400" w="1075" /><ent r="4" t="402" w="639" /><ent r="4" t="402" w="639" /><ent r="3" t="427" w="194" /><ent r="3" t="427" w="194" /><ent r="3" t="427" w="221" /><ent r="3" t="427" w="221" /><ent r="7" t="445" w="186" /><ent r="7" t="445" w="186" /><ent r="7" t="445" w="287" /><ent r="7" t="445" w="287" /><ent r="7" t="482" w="270" /><ent r="7" t="482" w="270" /><ent r="7" t="482" w="285" /><ent r="7" t="482" w="285" /><ent r="7" t="482" w="300" /><ent r="7" t="482" w="300" /><ent r="3" t="501" w="495" /><ent r="3" t="501" w="495" /></phr><phr n="Same"><ent r="7" t="445" w="273" /><ent r="7" t="445" w="273" /></phr></stem><stem n="inaccuraci"><phr n="inaccuracies"><ent r="3" t="11" w="233" /><ent r="3" t="11" w="233" /></phr></stem><stem n="similar"><phr n="similar"><ent r="3" t="11" w="254" /><ent r="3" t="11" w="254" /><ent r="6" t="24" w="171" /><ent r="6" t="24" w="171" /><ent r="6" t="24" w="274" /><ent r="6" t="24" w="274" /><ent r="6" t="55" w="171" /><ent r="6" t="55" w="171" /><ent r="6" t="55" w="274" /><ent r="6" t="55" w="274" /><ent r="6" t="78" w="66" /><ent r="6" t="78" w="66" /><ent r="6" t="78" w="153" /><ent r="6" t="78" w="153" /><ent r="6" t="106" w="171" /><ent r="6" t="106" w="171" /><ent r="6" t="106" w="274" /><ent r="6" t="106" w="274" /><ent r="7" t="131" w="66" /><ent r="7" t="131" w="66" /><ent r="7" t="131" w="155" /><ent r="7" t="131" w="155" /><ent r="6" t="181" w="66" /><ent r="6" t="181" w="66" /><ent r="6" t="181" w="357" /><ent r="6" t="181" w="357" /><ent r="6" t="207" w="61" /><ent r="6" t="207" w="61" /><ent r="6" t="207" w="350" /><ent r="6" t="207" w="350" /><ent r="7" t="235" w="2052" /><ent r="7" t="235" w="2052" /><ent r="3" t="246" w="143" /><ent r="3" t="246" w="143" /><ent r="5" t="288" w="408" /><ent r="5" t="288" w="408" /><ent r="3" t="297" w="325" /><ent r="3" t="297" w="325" /><ent r="5" t="312" w="728" /><ent r="5" t="312" w="728" /><ent r="5" t="312" w="967" /><ent r="5" t="312" w="967" /><ent r="3" t="319" w="74" /><ent r="3" t="319" w="74" /><ent r="6" t="343" w="485" /><ent r="6" t="343" w="485" /><ent r="3" t="400" w="1178" /><ent r="3" t="400" w="1178" /></phr></stem><stem n="distanc"><phr n="distance"><ent r="3" t="11" w="257" /><ent r="3" t="11" w="257" /><ent r="3" t="11" w="945" /><ent r="3" t="11" w="945" /><ent r="3" t="12" w="424" /><ent r="3" t="12" w="424" /><ent r="3" t="37" w="8" /><ent r="3" t="37" w="8" /><ent r="3" t="37" w="27" /><ent r="3" t="37" w="27" /><ent r="3" t="89" w="8" /><ent r="3" t="89" w="8" /><ent r="3" t="89" w="26" /><ent r="3" t="89" w="26" /><ent r="4" t="90" w="128" /><ent r="4" t="90" w="128" /><ent r="3" t="119" w="8" /><ent r="3" t="119" w="8" /><ent r="3" t="119" w="26" /><ent r="3" t="119" w="26" /><ent r="3" t="142" w="8" /><ent r="3" t="142" w="8" /><ent r="3" t="142" w="27" /><ent r="3" t="142" w="27" /><ent r="3" t="193" w="8" /><ent r="3" t="193" w="8" /><ent r="3" t="193" w="24" /><ent r="3" t="193" w="24" /><ent r="3" t="217" w="65" /><ent r="3" t="217" w="65" /><ent r="7" t="235" w="1169" /><ent r="7" t="235" w="1169" /><ent r="7" t="235" w="1722" /><ent r="7" t="235" w="1722" /><ent r="5" t="270" w="195" /><ent r="5" t="270" w="195" /><ent r="5" t="276" w="822" /><ent r="5" t="276" w="822" /><ent r="3" t="276" w="960" /><ent r="3" t="276" w="960" /><ent r="5" t="398" w="760" /><ent r="5" t="398" w="760" /><ent r="5" t="398" w="1300" /><ent r="5" t="398" w="1300" /><ent r="5" t="398" w="1967" /><ent r="5" t="398" w="1967" /><ent r="3" t="400" w="357" /><ent r="3" t="400" w="357" /><ent r="5" t="400" w="2035" /><ent r="5" t="400" w="2035" /><ent r="5" t="400" w="2062" /><ent r="5" t="400" w="2062" /><ent r="5" t="432" w="71" /><ent r="5" t="432" w="71" /></phr><phr n="distances"><ent r="7" t="235" w="1111" /><ent r="7" t="235" w="1111" /></phr><phr n="Distance"><ent r="6" t="244" w="280" /><ent r="6" t="244" w="280" /><ent r="7" t="432" w="285" /><ent r="7" t="432" w="285" /><ent r="7" t="445" w="595" /><ent r="7" t="445" w="595" /></phr></stem><stem n="resect"><phr n="resection"><ent r="3" t="11" w="258" /></phr></stem><stem n="geometri"><phr n="geometry"><ent r="3" t="11" w="260" /><ent r="3" t="11" w="260" /><ent r="3" t="11" w="318" /><ent r="3" t="11" w="318" /><ent r="3" t="11" w="389" /><ent r="3" t="11" w="404" /><ent r="3" t="11" w="415" /><ent r="3" t="11" w="415" /><ent r="3" t="16" w="35" /><ent r="8" t="17" w="107" /><ent r="3" t="47" w="35" /><ent r="8" t="48" w="107" /><ent r="3" t="71" w="35" /><ent r="8" t="72" w="107" /><ent r="3" t="98" w="35" /><ent r="8" t="99" w="107" /><ent r="8" t="150" w="146" /><ent r="8" t="150" w="279" /><ent r="8" t="165" w="163" /><ent r="8" t="165" w="276" /><ent r="8" t="175" w="171" /><ent r="8" t="175" w="261" /><ent r="8" t="201" w="216" /><ent r="8" t="201" w="320" /><ent r="8" t="227" w="208" /><ent r="8" t="227" w="302" /><ent r="7" t="235" w="973" /><ent r="7" t="235" w="973" /><ent r="7" t="235" w="1032" /><ent r="7" t="235" w="1032" /></phr></stem><stem n="directli"><phr n="directly"><ent r="3" t="11" w="261" /><ent r="3" t="11" w="261" /><ent r="6" t="24" w="126" /><ent r="6" t="24" w="126" /><ent r="7" t="28" w="23" /><ent r="7" t="28" w="23" /><ent r="7" t="29" w="109" /><ent r="7" t="29" w="109" /><ent r="7" t="38" w="174" /><ent r="7" t="38" w="174" /><ent r="6" t="55" w="126" /><ent r="6" t="55" w="126" /><ent r="6" t="59" w="23" /><ent r="6" t="59" w="23" /><ent r="7" t="60" w="109" /><ent r="7" t="60" w="109" /><ent r="7" t="65" w="174" /><ent r="7" t="65" w="174" /><ent r="7" t="81" w="109" /><ent r="7" t="81" w="109" /><ent r="6" t="106" w="126" /><ent r="6" t="106" w="126" /><ent r="6" t="110" w="23" /><ent r="6" t="110" w="23" /><ent r="7" t="111" w="113" /><ent r="7" t="111" w="113" /><ent r="7" t="120" w="178" /><ent r="7" t="120" w="178" /><ent r="7" t="131" w="322" /><ent r="7" t="131" w="322" /><ent r="6" t="133" w="23" /><ent r="6" t="133" w="23" /><ent r="7" t="134" w="113" /><ent r="7" t="134" w="113" /><ent r="7" t="143" w="178" /><ent r="7" t="143" w="178" /><ent r="8" t="156" w="101" /><ent r="8" t="156" w="101" /><ent r="7" t="212" w="109" /><ent r="7" t="212" w="109" /><ent r="3" t="258" w="31" /><ent r="3" t="258" w="31" /><ent r="3" t="265" w="225" /><ent r="3" t="265" w="225" /><ent r="3" t="296" w="52" /><ent r="3" t="296" w="52" /><ent r="3" t="297" w="80" /><ent r="3" t="297" w="80" /><ent r="6" t="311" w="91" /><ent r="6" t="311" w="91" /><ent r="3" t="400" w="783" /><ent r="3" t="400" w="783" /><ent r="3" t="404" w="448" /></phr></stem><stem n="impact"><phr n="impacts"><ent r="3" t="11" w="262" /><ent r="3" t="11" w="262" /></phr><phr n="impact"><ent r="3" t="11" w="597" /><ent r="3" t="11" w="597" /><ent r="3" t="11" w="716" /><ent r="3" t="11" w="716" /><ent r="5" t="400" w="2209" /><ent r="5" t="400" w="2209" /></phr></stem><stem n="qualiti"><phr n="quality"><ent r="3" t="11" w="265" /><ent r="3" t="11" w="265" /><ent r="3" t="11" w="372" /><ent r="3" t="11" w="372" /><ent r="3" t="11" w="600" /><ent r="3" t="11" w="600" /><ent r="3" t="11" w="861" /><ent r="3" t="11" w="861" /><ent r="3" t="13" w="148" /><ent r="3" t="13" w="148" /><ent r="3" t="16" w="44" /><ent r="8" t="17" w="116" /><ent r="3" t="44" w="148" /><ent r="3" t="44" w="148" /><ent r="3" t="47" w="44" /><ent r="8" t="48" w="116" /><ent r="3" t="69" w="137" /><ent r="3" t="69" w="137" /><ent r="3" t="69" w="300" /><ent r="3" t="69" w="300" /><ent r="3" t="71" w="44" /><ent r="8" t="72" w="116" /><ent r="3" t="95" w="211" /><ent r="3" t="95" w="211" /><ent r="3" t="98" w="44" /><ent r="8" t="99" w="116" /><ent r="3" t="124" w="258" /><ent r="3" t="124" w="258" /><ent r="3" t="147" w="148" /><ent r="3" t="147" w="148" /><ent r="8" t="150" w="288" /><ent r="8" t="165" w="285" /><ent r="3" t="172" w="148" /><ent r="3" t="172" w="148" /><ent r="8" t="175" w="270" /><ent r="3" t="198" w="148" /><ent r="3" t="198" w="148" /><ent r="8" t="201" w="329" /><ent r="8" t="227" w="311" /><ent r="7" t="235" w="966" /><ent r="7" t="235" w="966" /><ent r="7" t="235" w="3389" /><ent r="7" t="235" w="3389" /><ent r="7" t="242" w="565" /><ent r="7" t="242" w="565" /><ent r="3" t="242" w="1160" /><ent r="3" t="242" w="1160" /><ent r="3" t="244" w="989" /><ent r="3" t="244" w="989" /><ent r="5" t="244" w="1058" /><ent r="3" t="268" w="286" /><ent r="3" t="268" w="286" /><ent r="3" t="284" w="1225" /><ent r="3" t="284" w="1225" /><ent r="7" t="393" w="294" /><ent r="7" t="393" w="294" /><ent r="7" t="393" w="343" /><ent r="7" t="393" w="343" /><ent r="7" t="395" w="88" /><ent r="7" t="395" w="88" /><ent r="5" t="398" w="577" /><ent r="5" t="398" w="577" /><ent r="3" t="402" w="855" /><ent r="3" t="402" w="855" /><ent r="3" t="405" w="363" /><ent r="3" t="405" w="363" /><ent r="3" t="405" w="393" /><ent r="3" t="405" w="393" /><ent r="3" t="433" w="26" /><ent r="3" t="433" w="37" /><ent r="3" t="433" w="37" /><ent r="72" t="433" w="60" /><ent r="72" t="433" w="60" /><ent r="7" t="433" w="212" /><ent r="7" t="433" w="212" /><ent r="3" t="463" w="258" /><ent r="3" t="463" w="258" /><ent r="72" t="484" w="15" /><ent r="72" t="484" w="15" /><ent r="7" t="484" w="98" /><ent r="7" t="484" w="128" /><ent r="7" t="484" w="128" /><ent r="7" t="485" w="157" /><ent r="7" t="485" w="157" /><ent r="7" t="486" w="169" /><ent r="7" t="486" w="169" /><ent r="72" t="487" w="17" /><ent r="72" t="487" w="17" /><ent r="3" t="487" w="29" /><ent r="3" t="487" w="40" /><ent r="3" t="487" w="40" /><ent r="7" t="487" w="240" /><ent r="7" t="487" w="240" /></phr><phr n="Quality"><ent r="4" t="244" w="984" /><ent r="4" t="244" w="984" /><ent r="3" t="276" w="2540" /><ent r="3" t="276" w="2540" /><ent r="4" t="284" w="795" /><ent r="4" t="284" w="795" /><ent r="68" t="395" w="81" /><ent r="68" t="395" w="81" /><ent r="3" t="405" w="294" /><ent r="3" t="405" w="294" /><ent r="3" t="405" w="368" /><ent r="3" t="405" w="368" /><ent r="4" t="405" w="387" /><ent r="4" t="405" w="387" /><ent r="3" t="405" w="423" /><ent r="3" t="405" w="423" /><ent r="7" t="433" w="204" /><ent r="7" t="433" w="204" /><ent r="7" t="475" w="116" /><ent r="7" t="475" w="116" /><ent r="7" t="489" w="180" /><ent r="7" t="489" w="180" /><ent r="7" t="490" w="132" /><ent r="7" t="490" w="132" /><ent r="7" t="492" w="107" /><ent r="7" t="492" w="107" /><ent r="7" t="493" w="134" /><ent r="7" t="493" w="134" /></phr><phr n="QUALITY"><ent r="6" t="372" w="1647" /><ent r="6" t="372" w="1647" /><ent r="1000" t="433" w="6" /><ent r="1000" t="433" w="6" /><ent r="82" t="433" w="14" /><ent r="82" t="433" w="14" /></phr></stem><stem n="global"><phr n="Global"><ent r="3" t="11" w="275" /><ent r="3" t="11" w="275" /><ent r="7" t="235" w="1568" /><ent r="7" t="235" w="1568" /><ent r="7" t="235" w="1606" /><ent r="7" t="235" w="1606" /><ent r="7" t="235" w="1613" /><ent r="7" t="235" w="1613" /><ent r="7" t="235" w="2170" /><ent r="7" t="235" w="2170" /><ent r="8" t="242" w="974" /><ent r="8" t="242" w="974" /><ent r="67" t="399" w="475" /><ent r="67" t="399" w="475" /><ent r="72" t="399" w="592" /><ent r="72" t="399" w="592" /><ent r="3" t="400" w="160" /><ent r="3" t="400" w="160" /></phr><phr n="globally"><ent r="7" t="235" w="351" /><ent r="7" t="235" w="3301" /><ent r="7" t="235" w="3301" /></phr><phr n="global"><ent r="7" t="235" w="2455" /><ent r="7" t="235" w="2455" /><ent r="5" t="242" w="146" /><ent r="5" t="242" w="146" /><ent r="7" t="242" w="229" /><ent r="7" t="242" w="229" /><ent r="7" t="242" w="276" /><ent r="7" t="242" w="276" /><ent r="7" t="242" w="855" /><ent r="7" t="242" w="855" /><ent r="7" t="242" w="981" /><ent r="7" t="242" w="981" /><ent r="5" t="252" w="447" /><ent r="5" t="252" w="447" /><ent r="5" t="254" w="162" /><ent r="5" t="254" w="162" /><ent r="3" t="399" w="597" /><ent r="3" t="399" w="597" /><ent r="3" t="399" w="3061" /><ent r="3" t="399" w="3061" /><ent r="3" t="399" w="3613" /><ent r="3" t="399" w="3613" /><ent r="3" t="399" w="3749" /><ent r="3" t="399" w="3749" /></phr></stem><stem n="so"><phr n="so"><ent r="3" t="11" w="280" /><ent r="3" t="11" w="280" /><ent r="3" t="12" w="345" /><ent r="3" t="12" w="345" /><ent r="6" t="14" w="139" /><ent r="6" t="14" w="139" /><ent r="3" t="23" w="26" /><ent r="3" t="23" w="26" /><ent r="6" t="45" w="139" /><ent r="6" t="45" w="139" /><ent r="3" t="54" w="26" /><ent r="3" t="54" w="26" /><ent r="6" t="70" w="191" /><ent r="6" t="70" w="191" /><ent r="3" t="91" w="238" /><ent r="3" t="91" w="238" /><ent r="3" t="105" w="26" /><ent r="3" t="105" w="26" /><ent r="6" t="106" w="2000" /><ent r="6" t="106" w="2000" /><ent r="5" t="115" w="407" /><ent r="5" t="115" w="407" /><ent r="3" t="138" w="155" /><ent r="3" t="138" w="155" /><ent r="5" t="138" w="312" /><ent r="5" t="138" w="312" /><ent r="3" t="163" w="90" /><ent r="3" t="163" w="90" /><ent r="6" t="199" w="202" /><ent r="6" t="199" w="202" /><ent r="4" t="216" w="229" /><ent r="4" t="216" w="229" /><ent r="6" t="224" w="210" /><ent r="6" t="224" w="210" /><ent r="7" t="235" w="2474" /><ent r="3" t="239" w="141" /><ent r="3" t="239" w="141" /><ent r="5" t="242" w="94" /><ent r="7" t="242" w="899" /><ent r="7" t="242" w="899" /><ent r="3" t="243" w="61" /><ent r="3" t="243" w="61" /><ent r="5" t="243" w="161" /><ent r="5" t="243" w="161" /><ent r="4" t="244" w="521" /><ent r="3" t="249" w="182" /><ent r="3" t="249" w="182" /><ent r="3" t="252" w="366" /><ent r="3" t="252" w="366" /><ent r="3" t="254" w="61" /><ent r="3" t="254" w="61" /><ent r="3" t="264" w="317" /><ent r="3" t="264" w="317" /><ent r="5" t="270" w="225" /><ent r="5" t="270" w="225" /><ent r="5" t="271" w="271" /><ent r="5" t="271" w="271" /><ent r="5" t="271" w="291" /><ent r="5" t="271" w="291" /><ent r="3" t="276" w="170" /><ent r="3" t="276" w="170" /><ent r="3" t="276" w="254" /><ent r="3" t="276" w="254" /><ent r="3" t="276" w="1545" /><ent r="3" t="276" w="1545" /><ent r="3" t="276" w="2409" /><ent r="3" t="276" w="2409" /><ent r="3" t="282" w="422" /><ent r="3" t="282" w="422" /><ent r="3" t="288" w="108" /><ent r="3" t="288" w="108" /><ent r="3" t="296" w="550" /><ent r="3" t="296" w="550" /><ent r="3" t="297" w="68" /><ent r="3" t="297" w="68" /><ent r="3" t="297" w="347" /><ent r="3" t="297" w="347" /><ent r="3" t="309" w="15" /><ent r="3" t="309" w="15" /><ent r="5" t="312" w="412" /><ent r="5" t="312" w="412" /><ent r="5" t="312" w="430" /><ent r="5" t="312" w="430" /><ent r="3" t="314" w="512" /><ent r="3" t="314" w="512" /><ent r="3" t="318" w="112" /><ent r="7" t="332" w="164" /><ent r="7" t="332" w="164" /><ent r="6" t="344" w="135" /><ent r="6" t="344" w="135" /><ent r="6" t="344" w="232" /><ent r="6" t="344" w="232" /><ent r="6" t="344" w="268" /><ent r="6" t="344" w="268" /><ent r="6" t="344" w="305" /><ent r="6" t="344" w="305" /><ent r="6" t="344" w="342" /><ent r="6" t="344" w="342" /><ent r="3" t="345" w="451" /><ent r="3" t="345" w="451" /><ent r="3" t="391" w="57" /><ent r="3" t="391" w="57" /><ent r="3" t="393" w="527" /><ent r="3" t="395" w="322" /><ent r="3" t="402" w="68" /><ent r="3" t="402" w="68" /><ent r="3" t="402" w="887" /><ent r="3" t="402" w="887" /><ent r="3" t="402" w="1368" /><ent r="3" t="402" w="1368" /><ent r="3" t="404" w="1473" /><ent r="3" t="404" w="1473" /><ent r="3" t="409" w="196" /><ent r="3" t="409" w="196" /><ent r="3" t="445" w="50" /><ent r="3" t="445" w="50" /><ent r="7" t="447" w="195" /><ent r="7" t="447" w="195" /><ent r="7" t="487" w="120" /><ent r="7" t="487" w="120" /><ent r="7" t="487" w="147" /><ent r="7" t="487" w="147" /><ent r="7" t="488" w="160" /><ent r="7" t="488" w="160" /><ent r="7" t="488" w="179" /><ent r="7" t="488" w="179" /><ent r="7" t="489" w="86" /><ent r="7" t="489" w="86" /><ent r="7" t="489" w="113" /><ent r="7" t="489" w="113" /><ent r="3" t="499" w="137" /><ent r="3" t="499" w="137" /><ent r="3" t="501" w="51" /><ent r="3" t="501" w="51" /></phr><phr n="So"><ent r="7" t="348" w="440" /></phr></stem><stem n="abov"><phr n="above"><ent r="3" t="11" w="287" /><ent r="3" t="11" w="287" /><ent r="3" t="11" w="309" /><ent r="3" t="11" w="309" /><ent r="3" t="11" w="695" /><ent r="3" t="11" w="695" /><ent r="3" t="12" w="95" /><ent r="3" t="12" w="95" /><ent r="3" t="12" w="275" /><ent r="3" t="12" w="275" /><ent r="3" t="15" w="215" /><ent r="3" t="15" w="215" /><ent r="6" t="24" w="225" /><ent r="6" t="24" w="225" /><ent r="6" t="24" w="318" /><ent r="6" t="24" w="318" /><ent r="6" t="24" w="391" /><ent r="6" t="24" w="391" /><ent r="4" t="40" w="243" /><ent r="4" t="40" w="243" /><ent r="3" t="46" w="215" /><ent r="3" t="46" w="215" /><ent r="6" t="55" w="225" /><ent r="6" t="55" w="225" /><ent r="6" t="55" w="318" /><ent r="6" t="55" w="318" /><ent r="6" t="55" w="391" /><ent r="6" t="55" w="391" /><ent r="4" t="66" w="243" /><ent r="4" t="66" w="243" /><ent r="6" t="78" w="121" /><ent r="6" t="78" w="121" /><ent r="6" t="78" w="197" /><ent r="6" t="78" w="197" /><ent r="6" t="78" w="260" /><ent r="6" t="78" w="260" /><ent r="6" t="78" w="385" /><ent r="6" t="78" w="385" /><ent r="3" t="97" w="215" /><ent r="3" t="97" w="215" /><ent r="6" t="106" w="225" /><ent r="6" t="106" w="225" /><ent r="6" t="106" w="318" /><ent r="6" t="106" w="318" /><ent r="6" t="106" w="391" /><ent r="6" t="106" w="391" /><ent r="3" t="115" w="527" /><ent r="3" t="115" w="527" /><ent r="3" t="115" w="621" /><ent r="3" t="115" w="621" /><ent r="4" t="121" w="245" /><ent r="4" t="121" w="245" /><ent r="3" t="126" w="220" /><ent r="3" t="126" w="220" /><ent r="7" t="131" w="122" /><ent r="7" t="131" w="122" /><ent r="7" t="131" w="200" /><ent r="7" t="131" w="200" /><ent r="7" t="131" w="265" /><ent r="7" t="131" w="265" /><ent r="7" t="131" w="413" /><ent r="7" t="131" w="413" /><ent r="3" t="138" w="522" /><ent r="3" t="138" w="522" /><ent r="3" t="138" w="556" /><ent r="3" t="138" w="556" /><ent r="3" t="149" w="215" /><ent r="3" t="149" w="215" /><ent r="4" t="157" w="254" /><ent r="4" t="157" w="254" /><ent r="3" t="174" w="215" /><ent r="3" t="174" w="215" /><ent r="6" t="181" w="110" /><ent r="6" t="181" w="110" /><ent r="6" t="181" w="411" /><ent r="6" t="181" w="411" /><ent r="6" t="181" w="473" /><ent r="6" t="181" w="473" /><ent r="4" t="195" w="250" /><ent r="4" t="195" w="250" /><ent r="3" t="200" w="215" /><ent r="3" t="200" w="215" /><ent r="6" t="207" w="105" /><ent r="6" t="207" w="105" /><ent r="6" t="207" w="404" /><ent r="6" t="207" w="404" /><ent r="6" t="207" w="466" /><ent r="6" t="207" w="466" /><ent r="3" t="216" w="368" /><ent r="3" t="216" w="432" /><ent r="4" t="219" w="250" /><ent r="4" t="219" w="250" /><ent r="6" t="234" w="174" /><ent r="7" t="235" w="1281" /><ent r="7" t="235" w="1281" /><ent r="7" t="235" w="1532" /><ent r="7" t="235" w="1532" /><ent r="7" t="235" w="1539" /><ent r="7" t="235" w="1539" /><ent r="7" t="235" w="1723" /><ent r="7" t="235" w="1723" /><ent r="7" t="235" w="2497" /><ent r="7" t="235" w="2497" /><ent r="7" t="235" w="2504" /><ent r="7" t="235" w="2504" /><ent r="5" t="242" w="56" /><ent r="5" t="242" w="56" /><ent r="5" t="244" w="486" /><ent r="5" t="244" w="486" /><ent r="5" t="244" w="1101" /><ent r="5" t="244" w="1101" /><ent r="3" t="249" w="255" /><ent r="3" t="249" w="255" /><ent r="3" t="250" w="145" /><ent r="3" t="250" w="145" /><ent r="5" t="251" w="131" /><ent r="5" t="251" w="131" /><ent r="5" t="259" w="80" /><ent r="5" t="259" w="80" /><ent r="3" t="260" w="27" /><ent r="3" t="260" w="27" /><ent r="3" t="263" w="50" /><ent r="3" t="263" w="50" /><ent r="3" t="265" w="227" /><ent r="3" t="265" w="227" /><ent r="3" t="265" w="470" /><ent r="3" t="265" w="470" /><ent r="3" t="268" w="41" /><ent r="3" t="268" w="41" /><ent r="3" t="269" w="596" /><ent r="3" t="271" w="872" /><ent r="3" t="272" w="139" /><ent r="3" t="272" w="139" /><ent r="7" t="276" w="695" /><ent r="7" t="276" w="1183" /><ent r="3" t="276" w="3222" /><ent r="3" t="276" w="3222" /><ent r="3" t="279" w="304" /><ent r="3" t="288" w="1040" /><ent r="3" t="288" w="1040" /><ent r="3" t="290" w="154" /><ent r="3" t="290" w="180" /><ent r="3" t="306" w="22" /><ent r="3" t="314" w="580" /><ent r="5" t="317" w="467" /><ent r="6" t="336" w="188" /><ent r="3" t="373" w="22" /><ent r="3" t="373" w="22" /><ent r="3" t="375" w="25" /><ent r="3" t="375" w="25" /><ent r="3" t="400" w="1117" /><ent r="3" t="400" w="1117" /><ent r="3" t="400" w="1261" /><ent r="3" t="400" w="1456" /><ent r="3" t="400" w="1703" /><ent r="5" t="400" w="2315" /><ent r="4" t="401" w="235" /><ent r="4" t="401" w="235" /><ent r="3" t="404" w="1179" /><ent r="3" t="404" w="1179" /><ent r="3" t="404" w="1328" /><ent r="3" t="404" w="1328" /><ent r="4" t="404" w="1342" /><ent r="4" t="404" w="1342" /><ent r="3" t="404" w="1530" /><ent r="3" t="404" w="1530" /><ent r="5" t="431" w="61" /><ent r="5" t="431" w="61" /><ent r="7" t="431" w="632" /><ent r="7" t="431" w="632" /><ent r="5" t="443" w="65" /><ent r="5" t="443" w="65" /><ent r="7" t="443" w="615" /><ent r="7" t="443" w="615" /><ent r="5" t="451" w="43" /><ent r="5" t="451" w="43" /><ent r="7" t="451" w="229" /><ent r="7" t="451" w="229" /><ent r="3" t="475" w="345" /><ent r="3" t="475" w="345" /><ent r="3" t="477" w="622" /><ent r="3" t="477" w="622" /><ent r="7" t="487" w="220" /><ent r="7" t="487" w="220" /><ent r="7" t="489" w="305" /><ent r="7" t="489" w="305" /><ent r="4" t="499" w="194" /><ent r="4" t="499" w="194" /></phr><phr n="Above"><ent r="3" t="12" w="48" /><ent r="3" t="12" w="48" /><ent r="7" t="430" w="234" /><ent r="7" t="430" w="234" /><ent r="7" t="431" w="322" /><ent r="7" t="431" w="322" /><ent r="7" t="438" w="354" /><ent r="7" t="438" w="354" /><ent r="7" t="443" w="322" /><ent r="7" t="443" w="322" /></phr></stem><stem n="local"><phr n="local"><ent r="3" t="11" w="289" /><ent r="3" t="11" w="289" /><ent r="7" t="235" w="2446" /><ent r="7" t="235" w="2446" /><ent r="7" t="235" w="3213" /><ent r="7" t="235" w="3213" /><ent r="3" t="240" w="935" /><ent r="3" t="240" w="935" /><ent r="5" t="244" w="160" /><ent r="5" t="244" w="160" /><ent r="5" t="244" w="175" /><ent r="5" t="244" w="175" /><ent r="5" t="244" w="190" /><ent r="5" t="244" w="190" /><ent r="5" t="245" w="283" /><ent r="5" t="245" w="283" /><ent r="5" t="245" w="298" /><ent r="5" t="245" w="298" /><ent r="5" t="245" w="313" /><ent r="5" t="245" w="313" /><ent r="3" t="295" w="186" /><ent r="3" t="295" w="186" /><ent r="3" t="297" w="100" /><ent r="3" t="297" w="100" /><ent r="3" t="297" w="180" /><ent r="3" t="297" w="180" /><ent r="5" t="297" w="691" /><ent r="5" t="297" w="691" /><ent r="3" t="307" w="65" /><ent r="3" t="307" w="65" /><ent r="3" t="308" w="37" /><ent r="3" t="308" w="37" /><ent r="5" t="308" w="291" /><ent r="5" t="308" w="291" /><ent r="5" t="308" w="300" /><ent r="5" t="308" w="300" /><ent r="5" t="308" w="308" /><ent r="5" t="308" w="308" /><ent r="5" t="308" w="342" /><ent r="5" t="308" w="342" /><ent r="3" t="315" w="112" /><ent r="3" t="315" w="112" /><ent r="7" t="393" w="291" /><ent r="7" t="393" w="291" /><ent r="7" t="393" w="437" /><ent r="7" t="393" w="437" /><ent r="3" t="404" w="705" /><ent r="3" t="404" w="705" /><ent r="4" t="404" w="1374" /><ent r="4" t="404" w="1374" /><ent r="4" t="404" w="1391" /><ent r="4" t="404" w="1391" /><ent r="7" t="435" w="152" /><ent r="7" t="435" w="152" /><ent r="3" t="441" w="17" /><ent r="3" t="441" w="17" /><ent r="5" t="441" w="26" /><ent r="5" t="441" w="26" /><ent r="5" t="441" w="34" /><ent r="5" t="441" w="34" /><ent r="7" t="441" w="115" /><ent r="7" t="441" w="115" /><ent r="7" t="441" w="134" /><ent r="7" t="441" w="134" /><ent r="7" t="441" w="153" /><ent r="7" t="441" w="153" /><ent r="3" t="442" w="16" /><ent r="3" t="442" w="16" /><ent r="7" t="442" w="181" /><ent r="7" t="442" w="181" /><ent r="7" t="445" w="536" /><ent r="7" t="445" w="536" /><ent r="7" t="455" w="193" /><ent r="7" t="455" w="193" /><ent r="7" t="455" w="203" /><ent r="7" t="455" w="203" /><ent r="3" t="469" w="41" /><ent r="3" t="469" w="41" /><ent r="72" t="484" w="12" /><ent r="72" t="484" w="12" /><ent r="72" t="497" w="17" /><ent r="72" t="497" w="17" /><ent r="3" t="497" w="141" /><ent r="3" t="497" w="141" /></phr><phr n="Local"><ent r="4" t="276" w="401" /><ent r="4" t="276" w="401" /><ent r="4" t="286" w="259" /><ent r="4" t="286" w="259" /><ent r="4" t="288" w="641" /><ent r="4" t="288" w="641" /><ent r="68" t="395" w="179" /><ent r="68" t="395" w="179" /><ent r="7" t="395" w="182" /><ent r="7" t="395" w="182" /><ent r="68" t="395" w="192" /><ent r="68" t="395" w="192" /><ent r="7" t="395" w="195" /><ent r="7" t="395" w="195" /><ent r="4" t="408" w="43" /><ent r="4" t="408" w="43" /><ent r="3" t="409" w="182" /><ent r="3" t="409" w="182" /><ent r="4" t="428" w="68" /><ent r="4" t="428" w="68" /><ent r="1000" t="441" w="3" /><ent r="1000" t="441" w="3" /><ent r="82" t="441" w="9" /><ent r="82" t="441" w="9" /><ent r="72" t="441" w="40" /><ent r="72" t="441" w="40" /><ent r="7" t="441" w="67" /><ent r="7" t="441" w="67" /><ent r="7" t="441" w="87" /><ent r="7" t="441" w="87" /><ent r="7" t="441" w="104" /><ent r="7" t="441" w="104" /><ent r="7" t="441" w="123" /><ent r="7" t="441" w="123" /><ent r="7" t="441" w="142" /><ent r="7" t="441" w="142" /><ent r="1000" t="442" w="3" /><ent r="1000" t="442" w="3" /><ent r="82" t="442" w="9" /><ent r="82" t="442" w="9" /><ent r="72" t="442" w="56" /><ent r="72" t="442" w="56" /><ent r="7" t="442" w="82" /><ent r="7" t="442" w="82" /><ent r="7" t="442" w="102" /><ent r="7" t="442" w="102" /><ent r="7" t="442" w="119" /><ent r="7" t="442" w="119" /><ent r="7" t="442" w="136" /><ent r="7" t="442" w="136" /><ent r="7" t="442" w="145" /><ent r="7" t="442" w="145" /><ent r="7" t="442" w="153" /><ent r="7" t="442" w="153" /><ent r="7" t="442" w="162" /><ent r="7" t="442" w="162" /><ent r="7" t="442" w="170" /><ent r="7" t="442" w="170" /><ent r="7" t="445" w="533" /><ent r="7" t="445" w="533" /><ent r="7" t="455" w="181" /><ent r="7" t="455" w="181" /><ent r="7" t="478" w="55" /><ent r="7" t="478" w="55" /><ent r="7" t="478" w="82" /><ent r="7" t="478" w="82" /><ent r="72" t="490" w="13" /><ent r="72" t="490" w="13" /><ent r="7" t="497" w="83" /><ent r="7" t="497" w="83" /><ent r="7" t="497" w="98" /><ent r="7" t="497" w="98" /></phr><phr n="LOCAL"><ent r="6" t="332" w="327" /><ent r="6" t="332" w="327" /><ent r="6" t="372" w="1541" /><ent r="6" t="372" w="1541" /><ent r="6" t="372" w="1547" /><ent r="6" t="372" w="1547" /></phr></stem></index>