<?xml version="1.0" encoding="utf-8"?><index><!-- saved from url=(0016)http://localhost -->
<stem n="vb"><phr n="VBS"><ent r="4" t="148" w="30" /><ent r="4" t="148" w="30" /><ent r="11" t="150" w="120" /><ent r="7" t="150" w="190" /><ent r="7" t="150" w="190" /><ent r="4" t="161" w="30" /><ent r="4" t="161" w="30" /><ent r="4" t="162" w="33" /><ent r="4" t="162" w="33" /><ent r="11" t="165" w="120" /><ent r="6" t="165" w="206" /><ent r="6" t="165" w="206" /><ent r="6" t="199" w="74" /><ent r="10" t="201" w="82" /><ent r="6" t="224" w="81" /><ent r="10" t="227" w="82" /><ent r="3" t="240" w="296" /><ent r="3" t="240" w="296" /><ent r="8" t="242" w="405" /><ent r="8" t="242" w="405" /><ent r="7" t="242" w="410" /><ent r="7" t="242" w="410" /><ent r="5" t="269" w="104" /><ent r="3" t="276" w="2089" /><ent r="3" t="276" w="2089" /><ent r="4" t="276" w="2114" /><ent r="4" t="276" w="2114" /><ent r="3" t="276" w="2127" /><ent r="3" t="276" w="2127" /><ent r="3" t="276" w="2180" /><ent r="3" t="276" w="2180" /><ent r="8" t="282" w="233" /><ent r="8" t="282" w="233" /><ent r="5" t="282" w="287" /><ent r="5" t="282" w="287" /><ent r="5" t="282" w="295" /><ent r="5" t="282" w="311" /><ent r="5" t="282" w="311" /><ent r="5" t="282" w="331" /><ent r="5" t="282" w="331" /><ent r="8" t="282" w="389" /><ent r="8" t="282" w="389" /><ent r="3" t="282" w="619" /><ent r="3" t="282" w="619" /><ent r="3" t="282" w="638" /><ent r="3" t="282" w="638" /><ent r="4" t="283" w="39" /><ent r="4" t="283" w="39" /><ent r="4" t="283" w="92" /><ent r="4" t="283" w="92" /><ent r="5" t="284" w="87" /><ent r="5" t="284" w="87" /><ent r="5" t="284" w="92" /><ent r="5" t="284" w="92" /><ent r="6" t="284" w="134" /><ent r="6" t="284" w="134" /><ent r="5" t="284" w="138" /><ent r="5" t="284" w="138" /><ent r="5" t="284" w="194" /><ent r="5" t="284" w="194" /><ent r="5" t="284" w="199" /><ent r="5" t="284" w="199" /><ent r="6" t="284" w="241" /><ent r="6" t="284" w="241" /><ent r="5" t="284" w="245" /><ent r="5" t="284" w="245" /><ent r="4" t="284" w="286" /><ent r="4" t="284" w="286" /><ent r="3" t="284" w="293" /><ent r="3" t="284" w="293" /><ent r="4" t="284" w="303" /><ent r="4" t="284" w="303" /><ent r="3" t="284" w="310" /><ent r="3" t="284" w="310" /><ent r="5" t="284" w="814" /><ent r="5" t="284" w="814" /><ent r="5" t="284" w="972" /><ent r="6" t="284" w="1068" /><ent r="6" t="284" w="1068" /><ent r="5" t="284" w="1074" /><ent r="5" t="284" w="1074" /><ent r="6" t="284" w="1099" /><ent r="6" t="284" w="1099" /><ent r="5" t="284" w="1102" /><ent r="5" t="284" w="1102" /><ent r="72" t="284" w="1150" /><ent r="72" t="284" w="1150" /><ent r="3" t="284" w="1162" /><ent r="3" t="284" w="1162" /><ent r="3" t="284" w="1177" /><ent r="3" t="284" w="1177" /><ent r="6" t="357" w="64" /><ent r="6" t="357" w="64" /><ent r="7" t="357" w="88" /><ent r="7" t="357" w="88" /><ent r="3" t="399" w="2896" /><ent r="3" t="399" w="2896" /><ent r="4" t="425" w="36" /><ent r="4" t="425" w="36" /><ent r="7" t="433" w="236" /><ent r="7" t="433" w="236" /><ent r="7" t="438" w="150" /><ent r="7" t="438" w="150" /><ent r="7" t="438" w="214" /><ent r="7" t="439" w="250" /><ent r="7" t="439" w="250" /><ent r="7" t="475" w="133" /><ent r="7" t="475" w="133" /><ent r="9" t="475" w="265" /><ent r="9" t="475" w="265" /><ent r="9" t="475" w="267" /><ent r="9" t="477" w="520" /><ent r="9" t="477" w="520" /><ent r="9" t="477" w="522" /><ent r="7" t="487" w="260" /><ent r="7" t="487" w="260" /><ent r="7" t="489" w="264" /><ent r="7" t="489" w="264" /><ent r="7" t="490" w="208" /><ent r="7" t="490" w="208" /><ent r="7" t="492" w="183" /><ent r="7" t="492" w="183" /><ent r="7" t="493" w="210" /><ent r="7" t="493" w="210" /></phr></stem><stem n="geo-stationari"><phr n="Geo-Stationary"><ent r="4" t="148" w="41" /><ent r="4" t="148" w="41" /><ent r="5" t="161" w="49" /><ent r="5" t="161" w="49" /><ent r="4" t="425" w="47" /><ent r="4" t="425" w="47" /></phr></stem><stem n="geo"><phr n="Geo"><ent r="4" t="148" w="41" /><ent r="5" t="161" w="49" /><ent r="7" t="235" w="1461" /><ent r="7" t="235" w="1461" /><ent r="4" t="425" w="47" /></phr></stem><stem n="mtsat"><phr n="MTSAT"><ent r="4" t="148" w="47" /><ent r="4" t="148" w="47" /><ent r="5" t="161" w="55" /><ent r="5" t="161" w="55" /><ent r="7" t="235" w="2010" /><ent r="7" t="235" w="2010" /><ent r="4" t="425" w="53" /><ent r="4" t="425" w="53" /></phr></stem><stem n="satellite-bas"><phr n="Satellite-Based"><ent r="4" t="148" w="48" /><ent r="4" t="148" w="48" /><ent r="5" t="161" w="56" /><ent r="5" t="161" w="56" /><ent r="7" t="235" w="1132" /><ent r="7" t="235" w="1132" /><ent r="7" t="235" w="2011" /><ent r="7" t="235" w="2011" /><ent r="7" t="235" w="2016" /><ent r="7" t="235" w="2016" /><ent r="7" t="235" w="2941" /><ent r="7" t="235" w="2941" /><ent r="3" t="252" w="325" /><ent r="3" t="252" w="325" /><ent r="3" t="254" w="20" /><ent r="3" t="254" w="20" /><ent r="4" t="425" w="54" /><ent r="4" t="425" w="54" /></phr><phr n="satellite-based"><ent r="7" t="242" w="411" /><ent r="7" t="242" w="411" /><ent r="7" t="242" w="423" /><ent r="7" t="242" w="423" /><ent r="7" t="242" w="435" /><ent r="7" t="242" w="435" /><ent r="7" t="242" w="449" /><ent r="7" t="242" w="449" /></phr></stem><stem n="peer-to-p"><phr n="peer-to-peer"><ent r="6" t="148" w="71" /><ent r="6" t="148" w="71" /><ent r="5" t="161" w="74" /><ent r="5" t="161" w="74" /><ent r="5" t="162" w="59" /><ent r="5" t="162" w="59" /><ent r="6" t="425" w="77" /><ent r="6" t="425" w="77" /></phr></stem><stem n="peer"><phr n="peer"><ent r="6" t="148" w="71" /><ent r="6" t="148" w="73" /><ent r="5" t="161" w="74" /><ent r="5" t="161" w="76" /><ent r="5" t="162" w="59" /><ent r="5" t="162" w="61" /><ent r="6" t="425" w="77" /><ent r="6" t="425" w="79" /></phr></stem><stem n="peer-to"><phr n="peer-to"><ent r="6" t="148" w="71" /><ent r="5" t="161" w="74" /><ent r="5" t="162" w="59" /><ent r="6" t="425" w="77" /></phr></stem><stem n="to-peer"><phr n="to-peer"><ent r="6" t="148" w="72" /><ent r="5" t="161" w="75" /><ent r="5" t="162" w="60" /><ent r="6" t="425" w="78" /></phr></stem><stem n="choic"><phr n="Choice"><ent r="4" t="148" w="80" /><ent r="4" t="148" w="80" /><ent r="4" t="161" w="83" /><ent r="4" t="161" w="83" /><ent r="5" t="162" w="68" /><ent r="5" t="162" w="68" /><ent r="6" t="385" w="181" /><ent r="6" t="385" w="181" /><ent r="6" t="385" w="189" /><ent r="6" t="385" w="189" /><ent r="6" t="385" w="197" /><ent r="6" t="385" w="197" /><ent r="6" t="385" w="205" /><ent r="6" t="385" w="205" /><ent r="6" t="400" w="2200" /><ent r="6" t="400" w="2200" /><ent r="4" t="425" w="86" /><ent r="4" t="425" w="86" /></phr><phr n="choice"><ent r="3" t="422" w="438" /><ent r="3" t="422" w="438" /></phr></stem><stem n="+67"><phr n="+67"><ent r="4" t="148" w="95" /><ent r="4" t="148" w="95" /><ent r="4" t="161" w="98" /><ent r="4" t="161" w="98" /><ent r="5" t="162" w="83" /><ent r="5" t="162" w="83" /><ent r="6" t="166" w="33" /><ent r="6" t="166" w="33" /><ent r="4" t="425" w="101" /><ent r="4" t="425" w="101" /></phr></stem><stem n="+152"><phr n="+152"><ent r="4" t="148" w="100" /><ent r="4" t="148" w="100" /><ent r="4" t="161" w="103" /><ent r="4" t="161" w="103" /><ent r="5" t="162" w="88" /><ent r="5" t="162" w="88" /><ent r="6" t="166" w="38" /><ent r="6" t="166" w="38" /></phr></stem><stem n="over-voltag"><phr n="over-voltage"><ent r="4" t="148" w="117" /><ent r="4" t="148" w="117" /><ent r="6" t="152" w="24" /><ent r="6" t="152" w="24" /><ent r="4" t="161" w="119" /><ent r="4" t="161" w="119" /><ent r="5" t="162" w="104" /><ent r="5" t="162" w="104" /><ent r="6" t="167" w="23" /><ent r="6" t="167" w="23" /><ent r="6" t="229" w="23" /><ent r="6" t="229" w="23" /><ent r="4" t="425" w="122" /><ent r="4" t="425" w="122" /></phr><phr n="Over-voltage"><ent r="6" t="184" w="136" /><ent r="6" t="184" w="136" /><ent r="6" t="210" w="245" /><ent r="6" t="210" w="245" /></phr></stem><stem n="roh"><phr n="RoHS"><ent r="4" t="148" w="136" /><ent r="4" t="148" w="136" /><ent r="6" t="152" w="190" /><ent r="6" t="152" w="190" /><ent r="6" t="152" w="227" /><ent r="6" t="152" w="227" /><ent r="4" t="161" w="138" /><ent r="4" t="161" w="138" /><ent r="5" t="162" w="123" /><ent r="5" t="162" w="123" /><ent r="3" t="404" w="1572" /><ent r="3" t="404" w="1616" /><ent r="3" t="404" w="1616" /><ent r="3" t="404" w="1643" /><ent r="3" t="404" w="1643" /><ent r="4" t="425" w="141" /><ent r="4" t="425" w="141" /></phr></stem><stem n="euro"><phr n="Euro"><ent r="4" t="148" w="152" /><ent r="4" t="148" w="152" /></phr></stem><stem n="dg"><phr n="DG"><ent r="6" t="148" w="258" /><ent r="6" t="199" w="375" /><ent r="7" t="224" w="383" /><ent r="68" t="393" w="347" /><ent r="68" t="393" w="347" /><ent r="1000" t="488" w="5" /><ent r="1000" t="488" w="5" /><ent r="82" t="488" w="11" /><ent r="82" t="488" w="11" /><ent r="3" t="488" w="49" /><ent r="3" t="488" w="49" /><ent r="3" t="488" w="56" /><ent r="3" t="488" w="56" /><ent r="3" t="488" w="75" /><ent r="3" t="488" w="75" /><ent r="72" t="488" w="91" /><ent r="72" t="488" w="91" /></phr></stem><stem n="signal-to-nois"><phr n="Signal-to-Noise"><ent r="9" t="150" w="67" /><ent r="9" t="150" w="67" /><ent r="9" t="165" w="67" /><ent r="9" t="165" w="67" /><ent r="9" t="175" w="134" /><ent r="9" t="175" w="134" /><ent r="9" t="201" w="179" /><ent r="9" t="201" w="179" /><ent r="9" t="227" w="179" /><ent r="9" t="227" w="179" /><ent r="3" t="284" w="1518" /><ent r="3" t="284" w="1518" /></phr><phr n="signal-to-noise"><ent r="7" t="235" w="3002" /><ent r="7" t="235" w="3002" /><ent r="68" t="235" w="3081" /><ent r="68" t="235" w="3081" /><ent r="5" t="244" w="1193" /><ent r="5" t="244" w="1193" /><ent r="3" t="249" w="289" /><ent r="3" t="249" w="289" /><ent r="3" t="281" w="166" /><ent r="3" t="281" w="166" /><ent r="3" t="281" w="187" /><ent r="3" t="281" w="187" /><ent r="7" t="443" w="800" /><ent r="7" t="443" w="800" /><ent r="7" t="443" w="828" /><ent r="7" t="443" w="828" /></phr><phr n="Signal-to-noise"><ent r="5" t="431" w="73" /><ent r="5" t="431" w="73" /><ent r="5" t="431" w="82" /><ent r="5" t="431" w="82" /><ent r="5" t="431" w="91" /><ent r="5" t="431" w="91" /><ent r="7" t="431" w="658" /><ent r="7" t="431" w="658" /><ent r="7" t="431" w="726" /><ent r="7" t="431" w="726" /><ent r="7" t="431" w="795" /><ent r="7" t="431" w="795" /><ent r="5" t="443" w="77" /><ent r="5" t="443" w="77" /><ent r="5" t="443" w="86" /><ent r="5" t="443" w="86" /><ent r="5" t="443" w="95" /><ent r="5" t="443" w="95" /><ent r="7" t="443" w="640" /><ent r="7" t="443" w="640" /><ent r="7" t="443" w="715" /><ent r="7" t="443" w="715" /><ent r="5" t="451" w="55" /><ent r="5" t="451" w="55" /><ent r="5" t="451" w="64" /><ent r="5" t="451" w="64" /><ent r="7" t="451" w="254" /><ent r="7" t="451" w="254" /><ent r="7" t="451" w="297" /><ent r="7" t="451" w="297" /></phr></stem><stem n="signal-to"><phr n="Signal-to"><ent r="9" t="150" w="67" /><ent r="9" t="165" w="67" /><ent r="9" t="175" w="134" /><ent r="9" t="201" w="179" /><ent r="9" t="227" w="179" /><ent r="3" t="284" w="1518" /><ent r="5" t="431" w="73" /><ent r="5" t="431" w="82" /><ent r="5" t="431" w="91" /><ent r="7" t="431" w="658" /><ent r="7" t="431" w="726" /><ent r="7" t="431" w="795" /><ent r="5" t="443" w="77" /><ent r="5" t="443" w="86" /><ent r="5" t="443" w="95" /><ent r="7" t="443" w="640" /><ent r="7" t="443" w="715" /><ent r="5" t="451" w="55" /><ent r="5" t="451" w="64" /><ent r="7" t="451" w="254" /><ent r="7" t="451" w="297" /></phr><phr n="signal-to"><ent r="7" t="235" w="3002" /><ent r="68" t="235" w="3081" /><ent r="5" t="244" w="1193" /><ent r="3" t="249" w="289" /><ent r="3" t="281" w="166" /><ent r="3" t="281" w="187" /><ent r="7" t="443" w="800" /><ent r="7" t="443" w="828" /></phr></stem><stem n="to-nois"><phr n="to-Noise"><ent r="9" t="150" w="68" /><ent r="9" t="165" w="68" /><ent r="9" t="175" w="135" /><ent r="9" t="201" w="180" /><ent r="9" t="227" w="180" /><ent r="3" t="284" w="1519" /></phr><phr n="to-noise"><ent r="7" t="235" w="3003" /><ent r="68" t="235" w="3082" /><ent r="5" t="244" w="1194" /><ent r="3" t="249" w="290" /><ent r="3" t="281" w="167" /><ent r="3" t="281" w="188" /><ent r="5" t="431" w="74" /><ent r="5" t="431" w="83" /><ent r="5" t="431" w="92" /><ent r="7" t="431" w="659" /><ent r="7" t="431" w="727" /><ent r="7" t="431" w="796" /><ent r="5" t="443" w="78" /><ent r="5" t="443" w="87" /><ent r="5" t="443" w="96" /><ent r="7" t="443" w="641" /><ent r="7" t="443" w="716" /><ent r="7" t="443" w="801" /><ent r="7" t="443" w="829" /><ent r="5" t="451" w="56" /><ent r="5" t="451" w="65" /><ent r="7" t="451" w="255" /><ent r="7" t="451" w="298" /></phr></stem><stem n="db-hz"><phr n="dB-Hz"><ent r="9" t="150" w="73" /><ent r="9" t="150" w="73" /><ent r="9" t="175" w="140" /><ent r="9" t="175" w="140" /><ent r="9" t="201" w="185" /><ent r="9" t="201" w="185" /></phr></stem><stem n="l51"><phr n="L51"><ent r="11" t="150" w="87" /><ent r="11" t="150" w="87" /></phr></stem><stem n="a2"><phr n="A2"><ent r="11" t="150" w="102" /><ent r="11" t="165" w="101" /><ent r="5" t="398" w="313" /><ent r="5" t="398" w="313" /><ent r="5" t="398" w="411" /><ent r="5" t="398" w="411" /></phr></stem><stem n="l-band"><phr n="L-Band"><ent r="11" t="150" w="117" /><ent r="11" t="150" w="117" /><ent r="11" t="165" w="117" /><ent r="11" t="165" w="117" /><ent r="6" t="199" w="71" /><ent r="6" t="199" w="71" /><ent r="10" t="201" w="79" /><ent r="10" t="201" w="79" /><ent r="6" t="224" w="78" /><ent r="6" t="224" w="78" /><ent r="10" t="227" w="79" /><ent r="10" t="227" w="79" /><ent r="5" t="282" w="83" /><ent r="5" t="282" w="83" /><ent r="72" t="284" w="1325" /><ent r="72" t="284" w="1325" /><ent r="68" t="395" w="274" /><ent r="68" t="395" w="274" /><ent r="7" t="395" w="279" /><ent r="7" t="395" w="279" /><ent r="67" t="399" w="491" /><ent r="67" t="399" w="491" /><ent r="72" t="399" w="2664" /><ent r="72" t="399" w="2664" /><ent r="1000" t="439" w="3" /><ent r="1000" t="439" w="3" /><ent r="82" t="439" w="10" /><ent r="82" t="439" w="10" /><ent r="72" t="439" w="24" /><ent r="72" t="439" w="24" /></phr><phr n="L-band"><ent r="7" t="235" w="1801" /><ent r="7" t="235" w="1801" /><ent r="7" t="235" w="1819" /><ent r="7" t="235" w="1819" /><ent r="7" t="235" w="1853" /><ent r="7" t="235" w="1853" /><ent r="7" t="393" w="349" /><ent r="7" t="393" w="349" /><ent r="3" t="439" w="19" /><ent r="3" t="439" w="19" /><ent r="7" t="439" w="50" /><ent r="7" t="439" w="50" /><ent r="7" t="439" w="80" /><ent r="7" t="439" w="80" /><ent r="7" t="439" w="277" /><ent r="7" t="439" w="277" /><ent r="72" t="488" w="13" /><ent r="72" t="488" w="13" /><ent r="3" t="488" w="35" /><ent r="3" t="488" w="35" /><ent r="3" t="488" w="73" /><ent r="3" t="488" w="73" /><ent r="7" t="488" w="171" /><ent r="7" t="488" w="171" /><ent r="7" t="488" w="231" /><ent r="7" t="488" w="295" /></phr></stem><stem n="anomali"><phr n="anomalies"><ent r="8" t="150" w="140" /><ent r="8" t="150" w="140" /><ent r="8" t="165" w="157" /><ent r="8" t="165" w="157" /><ent r="8" t="175" w="165" /><ent r="8" t="175" w="165" /><ent r="8" t="201" w="210" /><ent r="8" t="201" w="210" /><ent r="8" t="227" w="202" /><ent r="8" t="227" w="202" /></phr></stem><stem n="±"><phr n="±"><ent r="6" t="150" w="226" /><ent r="6" t="150" w="235" /><ent r="6" t="165" w="246" /><ent r="6" t="175" w="220" /><ent r="6" t="175" w="229" /><ent r="6" t="201" w="267" /><ent r="6" t="201" w="276" /><ent r="6" t="227" w="249" /><ent r="6" t="227" w="258" /><ent r="3" t="263" w="115" /><ent r="3" t="263" w="115" /><ent r="6" t="365" w="162" /><ent r="6" t="365" w="162" /><ent r="6" t="365" w="181" /><ent r="6" t="365" w="181" /></phr></stem><stem n="rm"><phr n="RMS"><ent r="6" t="150" w="232" /><ent r="6" t="150" w="232" /><ent r="6" t="150" w="241" /><ent r="6" t="150" w="241" /><ent r="6" t="165" w="243" /><ent r="6" t="165" w="243" /><ent r="6" t="165" w="252" /><ent r="6" t="165" w="252" /><ent r="6" t="175" w="226" /><ent r="6" t="175" w="226" /><ent r="6" t="175" w="235" /><ent r="6" t="175" w="235" /><ent r="6" t="201" w="273" /><ent r="6" t="201" w="273" /><ent r="6" t="201" w="282" /><ent r="6" t="201" w="282" /><ent r="6" t="227" w="255" /><ent r="6" t="227" w="255" /><ent r="6" t="227" w="264" /><ent r="6" t="227" w="264" /><ent r="6" t="244" w="1036" /><ent r="6" t="244" w="1036" /><ent r="6" t="353" w="628" /><ent r="6" t="353" w="628" /><ent r="7" t="445" w="240" /><ent r="7" t="445" w="240" /><ent r="5" t="446" w="25" /><ent r="5" t="446" w="25" /><ent r="7" t="446" w="116" /><ent r="7" t="446" w="116" /><ent r="7" t="446" w="123" /><ent r="7" t="446" w="123" /><ent r="5" t="449" w="23" /><ent r="5" t="449" w="23" /><ent r="7" t="449" w="140" /><ent r="7" t="449" w="140" /><ent r="7" t="481" w="96" /><ent r="7" t="481" w="96" /><ent r="7" t="485" w="216" /><ent r="7" t="485" w="216" /></phr></stem><stem n="&lt;0"><phr n="&lt;0"><ent r="6" t="150" w="247" /><ent r="6" t="150" w="252" /><ent r="6" t="201" w="288" /><ent r="6" t="201" w="293" /><ent r="6" t="227" w="270" /><ent r="6" t="227" w="275" /></phr></stem><stem n="09°"><phr n="09°"><ent r="6" t="150" w="248" /><ent r="6" t="201" w="289" /><ent r="6" t="227" w="271" /><ent r="8" t="400" w="2135" /><ent r="8" t="400" w="2135" /></phr></stem><stem n="05°"><phr n="05°"><ent r="6" t="150" w="253" /><ent r="6" t="150" w="253" /><ent r="6" t="201" w="294" /><ent r="6" t="201" w="294" /><ent r="6" t="227" w="276" /><ent r="6" t="227" w="276" /><ent r="8" t="400" w="2152" /><ent r="8" t="400" w="2152" /></phr></stem><stem n="106"><phr n="106"><ent r="6" t="151" w="21" /><ent r="6" t="344" w="351" /><ent r="6" t="344" w="351" /><ent r="6" t="345" w="316" /></phr></stem><stem n="±40"><phr n="±40"><ent r="6" t="151" w="50" /><ent r="6" t="151" w="50" /><ent r="6" t="166" w="74" /><ent r="6" t="166" w="74" /><ent r="6" t="176" w="49" /><ent r="6" t="176" w="49" /><ent r="6" t="202" w="50" /><ent r="6" t="202" w="50" /><ent r="6" t="228" w="54" /><ent r="6" t="228" w="54" /></phr></stem><stem n="±75"><phr n="±75"><ent r="6" t="151" w="54" /><ent r="6" t="151" w="54" /><ent r="6" t="166" w="78" /><ent r="6" t="166" w="78" /><ent r="6" t="176" w="53" /><ent r="6" t="176" w="53" /><ent r="6" t="202" w="54" /><ent r="6" t="202" w="54" /><ent r="6" t="228" w="58" /><ent r="6" t="228" w="58" /></phr></stem><stem n="34-pin"><phr n="34-pin"><ent r="6" t="151" w="62" /><ent r="6" t="151" w="62" /><ent r="3" t="156" w="13" /><ent r="3" t="156" w="13" /><ent r="82" t="156" w="23" /><ent r="82" t="156" w="23" /></phr></stem><stem n="ftsh"><phr n="FTSH"><ent r="6" t="151" w="66" /></phr></stem><stem n="ftsh-117"><phr n="FTSH-117"><ent r="6" t="151" w="66" /></phr></stem><stem n="ftsh-117-01"><phr n="FTSH-117-01"><ent r="6" t="151" w="66" /></phr></stem><stem n="ftsh-117-01-l"><phr n="FTSH-117-01-L"><ent r="6" t="151" w="66" /></phr></stem><stem n="ftsh-117-01-l-dv"><phr n="FTSH-117-01-L-DV"><ent r="6" t="151" w="66" /></phr></stem><stem n="ftsh-117-01-l-dv-k"><phr n="FTSH-117-01-L-DV-K"><ent r="6" t="151" w="66" /></phr></stem><stem n="ftsh-117-01-l-dv-k-a"><phr n="FTSH-117-01-L-DV-K-A"><ent r="6" t="151" w="66" /></phr></stem><stem n="ftsh-117-01-l-dv-k-a-p"><phr n="FTSH-117-01-L-DV-K-A-P"><ent r="6" t="151" w="66" /></phr></stem><stem n="ftsh-117-01-l-dv-k-a-p-tr"><phr n="FTSH-117-01-L-DV-K-A-P-TR"><ent r="6" t="151" w="66" /></phr></stem><stem n="117"><phr n="117"><ent r="6" t="151" w="67" /><ent r="6" t="341" w="290" /><ent r="6" t="341" w="290" /></phr></stem><stem n="117-01"><phr n="117-01"><ent r="6" t="151" w="67" /></phr></stem><stem n="117-01-l"><phr n="117-01-L"><ent r="6" t="151" w="67" /></phr></stem><stem n="117-01-l-dv"><phr n="117-01-L-DV"><ent r="6" t="151" w="67" /></phr></stem><stem n="117-01-l-dv-k"><phr n="117-01-L-DV-K"><ent r="6" t="151" w="67" /></phr></stem><stem n="117-01-l-dv-k-a"><phr n="117-01-L-DV-K-A"><ent r="6" t="151" w="67" /></phr></stem><stem n="117-01-l-dv-k-a-p"><phr n="117-01-L-DV-K-A-P"><ent r="6" t="151" w="67" /></phr></stem><stem n="117-01-l-dv-k-a-p-tr"><phr n="117-01-L-DV-K-A-P-TR"><ent r="6" t="151" w="67" /></phr></stem><stem n="01"><phr n="01"><ent r="6" t="151" w="68" /><ent r="6" t="335" w="657" /><ent r="6" t="335" w="657" /><ent r="6" t="335" w="678" /><ent r="6" t="335" w="678" /><ent r="8" t="343" w="327" /><ent r="6" t="362" w="187" /><ent r="6" t="363" w="375" /><ent r="6" t="363" w="375" /><ent r="6" t="363" w="634" /><ent r="6" t="363" w="634" /><ent r="3" t="393" w="64" /><ent r="3" t="393" w="64" /><ent r="5" t="398" w="169" /><ent r="5" t="398" w="169" /><ent r="6" t="398" w="171" /><ent r="6" t="398" w="171" /><ent r="5" t="398" w="174" /><ent r="5" t="398" w="174" /><ent r="5" t="398" w="175" /><ent r="5" t="398" w="175" /><ent r="5" t="398" w="184" /><ent r="5" t="398" w="184" /><ent r="5" t="398" w="185" /><ent r="5" t="398" w="185" /><ent r="5" t="398" w="214" /><ent r="5" t="398" w="214" /><ent r="5" t="398" w="293" /><ent r="5" t="398" w="293" /><ent r="5" t="398" w="333" /><ent r="5" t="398" w="333" /><ent r="5" t="398" w="431" /><ent r="5" t="398" w="431" /><ent r="5" t="398" w="667" /><ent r="5" t="398" w="667" /><ent r="5" t="398" w="818" /><ent r="5" t="398" w="818" /><ent r="5" t="398" w="822" /><ent r="5" t="398" w="822" /><ent r="5" t="398" w="849" /><ent r="5" t="398" w="849" /><ent r="5" t="398" w="1094" /><ent r="5" t="398" w="1094" /><ent r="6" t="398" w="1096" /><ent r="6" t="398" w="1096" /><ent r="5" t="398" w="1099" /><ent r="5" t="398" w="1099" /><ent r="5" t="398" w="1109" /><ent r="5" t="398" w="1109" /><ent r="5" t="398" w="1139" /><ent r="5" t="398" w="1139" /><ent r="5" t="398" w="1209" /><ent r="5" t="398" w="1209" /><ent r="5" t="398" w="1348" /><ent r="5" t="398" w="1348" /><ent r="5" t="398" w="1352" /><ent r="5" t="398" w="1352" /><ent r="5" t="398" w="1359" /><ent r="5" t="398" w="1359" /><ent r="5" t="398" w="1365" /><ent r="5" t="398" w="1365" /><ent r="5" t="398" w="1377" /><ent r="5" t="398" w="1377" /><ent r="5" t="398" w="1433" /><ent r="5" t="398" w="1433" /><ent r="5" t="398" w="1482" /><ent r="5" t="398" w="1482" /><ent r="5" t="398" w="1669" /><ent r="5" t="398" w="1669" /><ent r="6" t="398" w="1671" /><ent r="6" t="398" w="1671" /><ent r="5" t="398" w="1674" /><ent r="5" t="398" w="1674" /><ent r="5" t="398" w="1676" /><ent r="5" t="398" w="1676" /><ent r="5" t="398" w="1694" /><ent r="5" t="398" w="1694" /><ent r="5" t="398" w="1722" /><ent r="5" t="398" w="1722" /><ent r="5" t="398" w="1806" /><ent r="5" t="398" w="1806" /><ent r="5" t="398" w="1876" /><ent r="5" t="398" w="1876" /><ent r="5" t="398" w="2017" /><ent r="5" t="398" w="2017" /><ent r="5" t="398" w="2031" /><ent r="5" t="398" w="2031" /><ent r="5" t="398" w="2110" /><ent r="5" t="398" w="2110" /><ent r="5" t="398" w="2224" /><ent r="5" t="398" w="2224" /><ent r="5" t="398" w="2228" /><ent r="5" t="398" w="2228" /><ent r="5" t="398" w="2235" /><ent r="5" t="398" w="2235" /><ent r="5" t="398" w="2241" /><ent r="5" t="398" w="2241" /><ent r="5" t="398" w="2253" /><ent r="5" t="398" w="2253" /><ent r="5" t="398" w="2309" /><ent r="5" t="398" w="2309" /><ent r="5" t="398" w="2358" /><ent r="5" t="398" w="2358" /><ent r="3" t="398" w="2535" /><ent r="3" t="398" w="2535" /><ent r="3" t="398" w="2558" /><ent r="3" t="398" w="2558" /><ent r="3" t="398" w="2561" /><ent r="3" t="398" w="2561" /><ent r="3" t="398" w="2569" /><ent r="3" t="398" w="2569" /><ent r="3" t="398" w="2573" /><ent r="3" t="398" w="2573" /><ent r="3" t="398" w="2575" /><ent r="3" t="398" w="2575" /><ent r="3" t="398" w="2577" /><ent r="3" t="398" w="2577" /><ent r="3" t="398" w="2782" /><ent r="3" t="398" w="2782" /><ent r="3" t="398" w="2958" /><ent r="3" t="398" w="2958" /><ent r="3" t="398" w="2965" /><ent r="3" t="398" w="2965" /><ent r="5" t="422" w="704" /><ent r="5" t="422" w="704" /><ent r="5" t="422" w="713" /><ent r="5" t="422" w="713" /><ent r="5" t="422" w="845" /><ent r="5" t="422" w="845" /><ent r="5" t="422" w="864" /><ent r="5" t="422" w="919" /><ent r="5" t="422" w="919" /><ent r="5" t="422" w="938" /><ent r="5" t="422" w="1010" /><ent r="5" t="422" w="1010" /><ent r="5" t="422" w="1082" /><ent r="5" t="422" w="1082" /><ent r="7" t="427" w="436" /><ent r="7" t="427" w="436" /><ent r="7" t="427" w="446" /><ent r="7" t="480" w="104" /><ent r="7" t="480" w="104" /><ent r="7" t="497" w="64" /><ent r="7" t="497" w="64" /><ent r="7" t="497" w="73" /><ent r="7" t="497" w="73" /></phr></stem><stem n="01-l"><phr n="01-L"><ent r="6" t="151" w="68" /></phr></stem><stem n="01-l-dv"><phr n="01-L-DV"><ent r="6" t="151" w="68" /></phr></stem><stem n="01-l-dv-k"><phr n="01-L-DV-K"><ent r="6" t="151" w="68" /></phr></stem><stem n="01-l-dv-k-a"><phr n="01-L-DV-K-A"><ent r="6" t="151" w="68" /></phr></stem><stem n="01-l-dv-k-a-p"><phr n="01-L-DV-K-A-P"><ent r="6" t="151" w="68" /></phr></stem><stem n="01-l-dv-k-a-p-tr"><phr n="01-L-DV-K-A-P-TR"><ent r="6" t="151" w="68" /></phr></stem><stem n="l-dv"><phr n="L-DV"><ent r="6" t="151" w="69" /></phr></stem><stem n="l-dv-k"><phr n="L-DV-K"><ent r="6" t="151" w="69" /></phr></stem><stem n="l-dv-k-a"><phr n="L-DV-K-A"><ent r="6" t="151" w="69" /></phr></stem><stem n="l-dv-k-a-p"><phr n="L-DV-K-A-P"><ent r="6" t="151" w="69" /></phr></stem><stem n="l-dv-k-a-p-tr"><phr n="L-DV-K-A-P-TR"><ent r="6" t="151" w="69" /></phr></stem><stem n="dv"><phr n="DV"><ent r="6" t="151" w="70" /></phr></stem><stem n="dv-k"><phr n="DV-K"><ent r="6" t="151" w="70" /></phr></stem><stem n="dv-k-a"><phr n="DV-K-A"><ent r="6" t="151" w="70" /></phr></stem><stem n="dv-k-a-p"><phr n="DV-K-A-P"><ent r="6" t="151" w="70" /></phr></stem><stem n="dv-k-a-p-tr"><phr n="DV-K-A-P-TR"><ent r="6" t="151" w="70" /></phr></stem><stem n="k-a"><phr n="K-A"><ent r="6" t="151" w="71" /></phr></stem><stem n="k-a-p"><phr n="K-A-P"><ent r="6" t="151" w="71" /></phr></stem><stem n="k-a-p-tr"><phr n="K-A-P-TR"><ent r="6" t="151" w="71" /></phr></stem><stem n="a-p"><phr n="A-P"><ent r="6" t="151" w="72" /></phr></stem><stem n="a-p-tr"><phr n="A-P-TR"><ent r="6" t="151" w="72" /></phr></stem><stem n="p-tr"><phr n="P-TR"><ent r="6" t="151" w="73" /></phr></stem><stem n="tr"><phr n="TR"><ent r="6" t="151" w="74" /></phr></stem><stem n="ribbon"><phr n="ribbon"><ent r="6" t="151" w="80" /><ent r="6" t="151" w="80" /></phr></stem><stem n="ffsd"><phr n="FFSD"><ent r="6" t="151" w="83" /></phr></stem><stem n="fle"><phr n="FLE"><ent r="6" t="151" w="88" /></phr></stem><stem n="board-to-board"><phr n="board-to-board"><ent r="6" t="151" w="91" /><ent r="6" t="151" w="91" /></phr></stem><stem n="board-to"><phr n="board-to"><ent r="6" t="151" w="91" /></phr></stem><stem n="to-board"><phr n="to-board"><ent r="6" t="151" w="92" /></phr></stem><stem n="huber-suhn"><phr n="Huber-Suhner"><ent r="6" t="151" w="101" /><ent r="6" t="151" w="101" /><ent r="6" t="176" w="84" /><ent r="6" t="176" w="84" /><ent r="6" t="202" w="83" /><ent r="6" t="202" w="83" /></phr></stem></index>