<?xml version="1.0" encoding="utf-8"?><index><!-- saved from url=(0016)http://localhost -->
<stem n="rang"><phr n="range"><ent r="3" t="7" w="90" /><ent r="3" t="7" w="90" /><ent r="3" t="8" w="84" /><ent r="3" t="8" w="84" /><ent r="3" t="11" w="395" /><ent r="3" t="11" w="395" /><ent r="82" t="11" w="887" /><ent r="82" t="11" w="887" /><ent r="3" t="11" w="890" /><ent r="3" t="11" w="890" /><ent r="3" t="11" w="912" /><ent r="3" t="11" w="935" /><ent r="3" t="11" w="935" /><ent r="3" t="11" w="959" /><ent r="3" t="13" w="20" /><ent r="3" t="13" w="20" /><ent r="7" t="31" w="58" /><ent r="6" t="31" w="122" /><ent r="3" t="44" w="20" /><ent r="3" t="44" w="20" /><ent r="7" t="62" w="58" /><ent r="6" t="62" w="122" /><ent r="3" t="69" w="172" /><ent r="3" t="69" w="172" /><ent r="6" t="78" w="1278" /><ent r="6" t="78" w="1278" /><ent r="6" t="78" w="1306" /><ent r="6" t="78" w="1306" /><ent r="4" t="90" w="61" /><ent r="4" t="90" w="61" /><ent r="7" t="113" w="60" /><ent r="7" t="113" w="126" /><ent r="7" t="136" w="60" /><ent r="7" t="136" w="126" /><ent r="3" t="147" w="20" /><ent r="3" t="147" w="20" /><ent r="4" t="148" w="104" /><ent r="4" t="148" w="104" /><ent r="4" t="148" w="115" /><ent r="8" t="156" w="122" /><ent r="4" t="161" w="107" /><ent r="4" t="161" w="107" /><ent r="4" t="161" w="117" /><ent r="5" t="162" w="92" /><ent r="5" t="162" w="92" /><ent r="5" t="162" w="102" /><ent r="3" t="172" w="20" /><ent r="3" t="172" w="20" /><ent r="7" t="187" w="58" /><ent r="7" t="187" w="183" /><ent r="3" t="198" w="20" /><ent r="3" t="198" w="20" /><ent r="7" t="214" w="58" /><ent r="7" t="214" w="183" /><ent r="7" t="235" w="405" /><ent r="7" t="235" w="405" /><ent r="7" t="235" w="2753" /><ent r="7" t="235" w="2753" /><ent r="3" t="240" w="620" /><ent r="3" t="240" w="620" /><ent r="3" t="288" w="567" /><ent r="3" t="288" w="567" /><ent r="3" t="329" w="333" /><ent r="3" t="329" w="333" /><ent r="3" t="329" w="421" /><ent r="3" t="329" w="421" /><ent r="3" t="335" w="75" /><ent r="3" t="335" w="75" /><ent r="3" t="335" w="88" /><ent r="4" t="336" w="402" /><ent r="4" t="336" w="402" /><ent r="4" t="336" w="413" /><ent r="4" t="336" w="413" /><ent r="3" t="341" w="80" /><ent r="6" t="343" w="483" /><ent r="6" t="343" w="483" /><ent r="7" t="349" w="289" /><ent r="7" t="349" w="289" /><ent r="7" t="350" w="289" /><ent r="7" t="350" w="289" /><ent r="7" t="353" w="1035" /><ent r="7" t="353" w="1035" /><ent r="6" t="363" w="418" /><ent r="6" t="363" w="418" /><ent r="6" t="363" w="449" /><ent r="6" t="363" w="449" /><ent r="6" t="363" w="480" /><ent r="6" t="363" w="480" /><ent r="6" t="363" w="511" /><ent r="6" t="363" w="511" /><ent r="7" t="393" w="251" /><ent r="7" t="393" w="251" /><ent r="7" t="393" w="323" /><ent r="3" t="397" w="488" /><ent r="3" t="397" w="488" /><ent r="3" t="397" w="622" /><ent r="3" t="397" w="622" /><ent r="3" t="399" w="2398" /><ent r="3" t="399" w="2398" /><ent r="3" t="399" w="2454" /><ent r="3" t="399" w="2454" /><ent r="3" t="399" w="2488" /><ent r="3" t="399" w="2510" /><ent r="3" t="399" w="2592" /><ent r="3" t="399" w="2592" /><ent r="3" t="399" w="2652" /><ent r="5" t="400" w="740" /><ent r="5" t="400" w="740" /><ent r="3" t="400" w="798" /><ent r="3" t="400" w="798" /><ent r="3" t="400" w="811" /><ent r="3" t="400" w="811" /><ent r="3" t="400" w="818" /><ent r="3" t="400" w="818" /><ent r="4" t="425" w="110" /><ent r="4" t="425" w="110" /><ent r="4" t="425" w="120" /><ent r="7" t="432" w="467" /><ent r="7" t="432" w="467" /><ent r="7" t="446" w="121" /><ent r="7" t="446" w="121" /><ent r="7" t="446" w="136" /><ent r="7" t="446" w="136" /><ent r="3" t="463" w="44" /><ent r="3" t="463" w="44" /><ent r="7" t="475" w="162" /><ent r="7" t="475" w="162" /><ent r="7" t="475" w="232" /><ent r="7" t="475" w="232" /><ent r="7" t="477" w="399" /><ent r="7" t="477" w="399" /><ent r="7" t="477" w="560" /><ent r="7" t="477" w="560" /><ent r="72" t="479" w="12" /><ent r="72" t="479" w="12" /><ent r="7" t="485" w="224" /><ent r="7" t="485" w="224" /><ent r="72" t="486" w="17" /><ent r="72" t="486" w="17" /><ent r="3" t="499" w="20" /><ent r="3" t="499" w="20" /><ent r="3" t="501" w="343" /><ent r="3" t="501" w="343" /><ent r="3" t="501" w="423" /><ent r="3" t="501" w="439" /><ent r="3" t="501" w="439" /><ent r="3" t="501" w="522" /><ent r="3" t="501" w="573" /></phr><phr n="Range"><ent r="4" t="9" w="110" /><ent r="4" t="9" w="110" /><ent r="6" t="244" w="204" /><ent r="6" t="244" w="204" /><ent r="6" t="245" w="327" /><ent r="6" t="245" w="327" /><ent r="4" t="249" w="413" /><ent r="4" t="249" w="413" /><ent r="6" t="328" w="50" /><ent r="6" t="328" w="50" /><ent r="6" t="328" w="62" /><ent r="6" t="328" w="62" /><ent r="4" t="335" w="520" /><ent r="4" t="335" w="539" /><ent r="4" t="335" w="558" /><ent r="6" t="338" w="597" /><ent r="6" t="338" w="597" /><ent r="6" t="345" w="595" /><ent r="6" t="345" w="595" /><ent r="6" t="346" w="496" /><ent r="6" t="346" w="496" /><ent r="6" t="349" w="552" /><ent r="6" t="350" w="493" /><ent r="6" t="353" w="316" /><ent r="6" t="353" w="316" /><ent r="6" t="353" w="338" /><ent r="6" t="353" w="338" /><ent r="6" t="353" w="360" /><ent r="6" t="353" w="360" /><ent r="6" t="353" w="384" /><ent r="6" t="353" w="384" /><ent r="6" t="353" w="409" /><ent r="6" t="353" w="409" /><ent r="6" t="353" w="434" /><ent r="6" t="353" w="434" /><ent r="6" t="353" w="459" /><ent r="6" t="353" w="459" /><ent r="6" t="353" w="486" /><ent r="6" t="353" w="486" /><ent r="6" t="353" w="509" /><ent r="6" t="353" w="509" /><ent r="6" t="353" w="528" /><ent r="6" t="353" w="528" /><ent r="6" t="353" w="547" /><ent r="6" t="353" w="547" /><ent r="6" t="353" w="567" /><ent r="6" t="353" w="567" /><ent r="6" t="353" w="590" /><ent r="6" t="353" w="590" /><ent r="6" t="353" w="613" /><ent r="6" t="353" w="613" /><ent r="6" t="353" w="635" /><ent r="6" t="353" w="635" /><ent r="6" t="353" w="664" /><ent r="6" t="353" w="664" /><ent r="6" t="353" w="740" /><ent r="6" t="353" w="740" /><ent r="6" t="353" w="800" /><ent r="6" t="353" w="800" /><ent r="6" t="353" w="819" /><ent r="6" t="353" w="819" /><ent r="7" t="377" w="129" /><ent r="6" t="397" w="121" /><ent r="6" t="397" w="121" /><ent r="5" t="432" w="68" /><ent r="5" t="432" w="68" /><ent r="7" t="432" w="279" /><ent r="7" t="432" w="279" /><ent r="7" t="432" w="450" /><ent r="7" t="432" w="450" /><ent r="7" t="445" w="428" /><ent r="7" t="445" w="428" /><ent r="7" t="445" w="440" /><ent r="7" t="445" w="440" /><ent r="7" t="479" w="137" /><ent r="7" t="479" w="137" /><ent r="7" t="486" w="162" /><ent r="7" t="493" w="124" /><ent r="7" t="493" w="124" /><ent r="7" t="493" w="128" /><ent r="4" t="501" w="375" /><ent r="4" t="501" w="375" /><ent r="3" t="501" w="551" /><ent r="3" t="501" w="551" /></phr><phr n="ranging"><ent r="3" t="249" w="425" /><ent r="3" t="249" w="425" /><ent r="6" t="360" w="125" /><ent r="6" t="360" w="125" /><ent r="6" t="362" w="162" /><ent r="6" t="362" w="162" /><ent r="5" t="400" w="2333" /><ent r="5" t="400" w="2333" /><ent r="7" t="488" w="309" /><ent r="7" t="488" w="309" /><ent r="7" t="497" w="62" /><ent r="7" t="497" w="62" /><ent r="7" t="497" w="71" /><ent r="7" t="497" w="71" /><ent r="7" t="497" w="89" /><ent r="7" t="497" w="89" /><ent r="7" t="497" w="104" /><ent r="7" t="497" w="104" /></phr><phr n="RANGE"><ent r="6" t="349" w="517" /><ent r="6" t="350" w="458" /></phr><phr n="ranged"><ent r="7" t="430" w="173" /><ent r="7" t="430" w="173" /><ent r="7" t="431" w="262" /><ent r="7" t="431" w="262" /><ent r="7" t="443" w="246" /><ent r="7" t="443" w="246" /></phr><phr n="ranges"><ent r="3" t="501" w="389" /><ent r="3" t="501" w="389" /></phr></stem><stem n="gener"><phr n="generally"><ent r="3" t="7" w="103" /><ent r="3" t="7" w="103" /><ent r="7" t="235" w="3296" /><ent r="7" t="235" w="3296" /><ent r="3" t="404" w="432" /></phr><phr n="generated"><ent r="3" t="8" w="51" /><ent r="3" t="8" w="51" /><ent r="7" t="235" w="17" /><ent r="7" t="235" w="17" /><ent r="7" t="242" w="904" /><ent r="7" t="242" w="904" /><ent r="3" t="265" w="55" /><ent r="3" t="265" w="55" /><ent r="3" t="265" w="77" /><ent r="3" t="265" w="77" /><ent r="3" t="265" w="98" /><ent r="3" t="265" w="98" /><ent r="5" t="276" w="735" /><ent r="5" t="276" w="735" /><ent r="3" t="288" w="551" /><ent r="3" t="288" w="551" /><ent r="3" t="323" w="134" /><ent r="3" t="323" w="134" /><ent r="6" t="363" w="666" /><ent r="3" t="395" w="66" /><ent r="7" t="445" w="389" /><ent r="7" t="445" w="389" /></phr><phr n="generation"><ent r="3" t="14" w="433" /><ent r="3" t="14" w="433" /><ent r="3" t="124" w="163" /><ent r="3" t="124" w="163" /><ent r="7" t="235" w="269" /><ent r="7" t="235" w="269" /><ent r="7" t="235" w="340" /><ent r="7" t="235" w="340" /><ent r="7" t="235" w="353" /><ent r="7" t="235" w="353" /><ent r="7" t="235" w="2430" /><ent r="7" t="235" w="2430" /><ent r="3" t="249" w="437" /><ent r="3" t="249" w="437" /><ent r="54" t="263" w="198" /><ent r="54" t="263" w="198" /><ent r="54" t="263" w="249" /><ent r="54" t="263" w="249" /><ent r="54" t="264" w="211" /><ent r="54" t="264" w="211" /><ent r="54" t="264" w="278" /><ent r="54" t="264" w="278" /></phr><phr n="General"><ent r="6" t="15" w="88" /><ent r="6" t="15" w="88" /><ent r="6" t="46" w="88" /><ent r="6" t="46" w="88" /><ent r="3" t="91" w="593" /><ent r="3" t="91" w="593" /><ent r="6" t="97" w="88" /><ent r="6" t="97" w="88" /><ent r="6" t="126" w="88" /><ent r="6" t="126" w="88" /><ent r="6" t="149" w="88" /><ent r="6" t="149" w="88" /><ent r="6" t="174" w="88" /><ent r="6" t="174" w="88" /><ent r="6" t="200" w="88" /><ent r="6" t="200" w="88" /><ent r="7" t="235" w="1635" /><ent r="7" t="235" w="1635" /><ent r="1000" t="248" w="2" /><ent r="1000" t="248" w="2" /><ent r="82" t="248" w="6" /><ent r="82" t="248" w="6" /><ent r="1000" t="270" w="3" /><ent r="1000" t="270" w="3" /><ent r="82" t="270" w="7" /><ent r="82" t="270" w="7" /><ent r="3" t="276" w="3057" /><ent r="3" t="276" w="3057" /><ent r="64" t="276" w="3325" /><ent r="6" t="312" w="539" /><ent r="6" t="312" w="539" /><ent r="69" t="360" w="216" /><ent r="69" t="360" w="216" /><ent r="1000" t="363" w="1" /><ent r="1000" t="363" w="1" /><ent r="92" t="363" w="5" /><ent r="92" t="363" w="5" /><ent r="6" t="363" w="80" /><ent r="6" t="363" w="80" /><ent r="3" t="395" w="15" /><ent r="3" t="395" w="15" /><ent r="1000" t="396" w="3" /><ent r="1000" t="396" w="3" /><ent r="82" t="396" w="10" /><ent r="82" t="396" w="10" /><ent r="5" t="398" w="1741" /><ent r="5" t="398" w="1741" /><ent r="3" t="399" w="19" /><ent r="3" t="399" w="19" /><ent r="4" t="401" w="396" /><ent r="4" t="401" w="396" /></phr><phr n="generators"><ent r="4" t="40" w="320" /><ent r="4" t="40" w="320" /><ent r="4" t="66" w="320" /><ent r="4" t="66" w="320" /><ent r="4" t="121" w="322" /><ent r="4" t="121" w="322" /><ent r="4" t="157" w="331" /><ent r="4" t="157" w="331" /><ent r="4" t="195" w="327" /><ent r="4" t="195" w="327" /><ent r="4" t="219" w="327" /><ent r="4" t="219" w="327" /></phr><phr n="generates"><ent r="3" t="91" w="308" /><ent r="5" t="276" w="1245" /><ent r="5" t="276" w="1245" /><ent r="3" t="387" w="28" /><ent r="3" t="387" w="28" /><ent r="3" t="394" w="118" /><ent r="3" t="394" w="118" /></phr><phr n="generic"><ent r="7" t="235" w="2182" /><ent r="7" t="235" w="2709" /><ent r="7" t="235" w="2709" /></phr><phr n="generating"><ent r="3" t="240" w="361" /><ent r="3" t="240" w="361" /><ent r="3" t="240" w="391" /><ent r="3" t="240" w="391" /><ent r="3" t="240" w="469" /><ent r="3" t="240" w="469" /><ent r="3" t="240" w="524" /><ent r="3" t="240" w="524" /><ent r="3" t="240" w="580" /><ent r="3" t="240" w="580" /><ent r="3" t="240" w="669" /><ent r="3" t="240" w="669" /></phr><phr n="general"><ent r="3" t="241" w="12" /><ent r="3" t="241" w="12" /><ent r="3" t="242" w="12" /><ent r="3" t="242" w="12" /><ent r="3" t="242" w="1559" /><ent r="3" t="242" w="1559" /><ent r="5" t="242" w="1738" /><ent r="5" t="242" w="1738" /><ent r="5" t="244" w="928" /><ent r="5" t="244" w="928" /><ent r="3" t="270" w="15" /><ent r="3" t="270" w="15" /><ent r="3" t="315" w="197" /><ent r="3" t="315" w="197" /><ent r="3" t="363" w="10" /><ent r="3" t="363" w="10" /><ent r="3" t="363" w="14" /><ent r="3" t="363" w="14" /><ent r="3" t="363" w="48" /><ent r="3" t="363" w="48" /><ent r="3" t="363" w="605" /><ent r="3" t="363" w="605" /></phr><phr n="generate"><ent r="5" t="242" w="1040" /><ent r="5" t="242" w="1040" /><ent r="3" t="244" w="809" /><ent r="3" t="244" w="809" /><ent r="3" t="245" w="164" /><ent r="3" t="245" w="164" /><ent r="3" t="271" w="27" /><ent r="3" t="271" w="27" /><ent r="5" t="271" w="476" /><ent r="5" t="271" w="476" /><ent r="72" t="401" w="170" /><ent r="72" t="401" w="170" /><ent r="7" t="445" w="368" /><ent r="7" t="445" w="368" /></phr><phr n="Generate"><ent r="6" t="271" w="443" /><ent r="6" t="271" w="443" /></phr><phr n="Generates"><ent r="5" t="271" w="447" /><ent r="5" t="271" w="447" /></phr><phr n="Generator"><ent r="4" t="276" w="1555" /><ent r="4" t="276" w="1555" /></phr><phr n="generations"><ent r="3" t="318" w="57" /><ent r="3" t="318" w="57" /></phr><phr n="GENERATION"><ent r="6" t="343" w="452" /><ent r="6" t="343" w="452" /></phr></stem><stem n="few"><phr n="few"><ent r="3" t="7" w="106" /><ent r="3" t="7" w="106" /><ent r="3" t="11" w="633" /><ent r="3" t="11" w="633" /><ent r="3" t="399" w="596" /><ent r="3" t="399" w="596" /></phr></stem><stem n="second"><phr n="seconds"><ent r="3" t="7" w="107" /><ent r="3" t="8" w="131" /><ent r="3" t="8" w="131" /><ent r="3" t="8" w="175" /><ent r="3" t="8" w="186" /><ent r="3" t="8" w="186" /><ent r="3" t="8" w="213" /><ent r="3" t="11" w="214" /><ent r="3" t="11" w="214" /><ent r="6" t="17" w="65" /><ent r="6" t="17" w="65" /><ent r="6" t="17" w="71" /><ent r="6" t="17" w="71" /><ent r="6" t="17" w="78" /><ent r="6" t="17" w="78" /><ent r="6" t="35" w="253" /><ent r="6" t="35" w="253" /><ent r="3" t="43" w="43" /><ent r="3" t="43" w="43" /><ent r="6" t="47" w="55" /><ent r="6" t="47" w="55" /><ent r="6" t="48" w="65" /><ent r="6" t="48" w="65" /><ent r="6" t="48" w="71" /><ent r="6" t="48" w="71" /><ent r="6" t="48" w="78" /><ent r="6" t="48" w="78" /><ent r="6" t="71" w="55" /><ent r="6" t="71" w="55" /><ent r="6" t="72" w="65" /><ent r="6" t="72" w="65" /><ent r="6" t="72" w="71" /><ent r="6" t="72" w="71" /><ent r="6" t="72" w="78" /><ent r="6" t="72" w="78" /><ent r="6" t="87" w="253" /><ent r="6" t="87" w="253" /><ent r="3" t="94" w="43" /><ent r="3" t="94" w="43" /><ent r="6" t="98" w="55" /><ent r="6" t="98" w="55" /><ent r="6" t="99" w="65" /><ent r="6" t="99" w="65" /><ent r="6" t="99" w="71" /><ent r="6" t="99" w="71" /><ent r="6" t="99" w="78" /><ent r="6" t="99" w="78" /><ent r="6" t="117" w="253" /><ent r="6" t="117" w="253" /><ent r="7" t="140" w="257" /><ent r="7" t="140" w="257" /><ent r="3" t="146" w="43" /><ent r="3" t="146" w="43" /><ent r="6" t="150" w="262" /><ent r="6" t="150" w="262" /><ent r="6" t="165" w="259" /><ent r="6" t="165" w="259" /><ent r="6" t="175" w="244" /><ent r="6" t="175" w="244" /><ent r="6" t="191" w="253" /><ent r="6" t="191" w="253" /><ent r="6" t="201" w="303" /><ent r="6" t="201" w="303" /><ent r="3" t="222" w="43" /><ent r="3" t="222" w="43" /><ent r="6" t="222" w="407" /><ent r="6" t="222" w="407" /><ent r="6" t="222" w="451" /><ent r="6" t="222" w="451" /><ent r="6" t="222" w="525" /><ent r="6" t="222" w="525" /><ent r="6" t="222" w="593" /><ent r="6" t="222" w="593" /><ent r="6" t="222" w="626" /><ent r="6" t="222" w="626" /><ent r="6" t="222" w="679" /><ent r="6" t="222" w="679" /><ent r="6" t="227" w="285" /><ent r="6" t="227" w="285" /><ent r="7" t="235" w="1379" /><ent r="5" t="242" w="42" /><ent r="5" t="242" w="51" /><ent r="5" t="242" w="1002" /><ent r="5" t="242" w="1271" /><ent r="5" t="242" w="1275" /><ent r="5" t="243" w="96" /><ent r="5" t="243" w="96" /><ent r="5" t="244" w="472" /><ent r="5" t="244" w="481" /><ent r="3" t="246" w="78" /><ent r="3" t="246" w="162" /><ent r="3" t="246" w="316" /><ent r="3" t="246" w="316" /><ent r="3" t="248" w="33" /><ent r="3" t="265" w="161" /><ent r="3" t="265" w="187" /><ent r="3" t="265" w="353" /><ent r="3" t="268" w="403" /><ent r="5" t="269" w="472" /><ent r="5" t="269" w="472" /><ent r="3" t="269" w="550" /><ent r="3" t="269" w="550" /><ent r="3" t="276" w="244" /><ent r="3" t="286" w="98" /><ent r="3" t="296" w="204" /><ent r="3" t="296" w="211" /><ent r="3" t="296" w="211" /><ent r="3" t="296" w="479" /><ent r="3" t="296" w="479" /><ent r="6" t="339" w="141" /><ent r="6" t="339" w="141" /><ent r="6" t="340" w="108" /><ent r="6" t="340" w="108" /><ent r="6" t="342" w="158" /><ent r="6" t="342" w="158" /><ent r="6" t="342" w="220" /><ent r="6" t="342" w="220" /><ent r="6" t="343" w="138" /><ent r="6" t="343" w="197" /><ent r="6" t="343" w="259" /><ent r="6" t="343" w="259" /><ent r="6" t="343" w="279" /><ent r="6" t="343" w="279" /><ent r="6" t="353" w="745" /><ent r="6" t="363" w="421" /><ent r="6" t="363" w="421" /><ent r="6" t="363" w="452" /><ent r="6" t="363" w="452" /><ent r="6" t="363" w="483" /><ent r="6" t="363" w="483" /><ent r="6" t="363" w="514" /><ent r="6" t="363" w="514" /><ent r="6" t="372" w="265" /><ent r="6" t="372" w="1422" /><ent r="6" t="372" w="1422" /><ent r="6" t="372" w="1429" /><ent r="6" t="372" w="1429" /><ent r="6" t="372" w="1436" /><ent r="6" t="372" w="1436" /><ent r="6" t="372" w="1443" /><ent r="6" t="372" w="1443" /><ent r="6" t="372" w="1450" /><ent r="6" t="372" w="1450" /><ent r="6" t="372" w="1478" /><ent r="6" t="372" w="1478" /><ent r="7" t="372" w="1969" /><ent r="7" t="372" w="1969" /><ent r="7" t="372" w="1974" /><ent r="7" t="372" w="1974" /><ent r="6" t="372" w="1979" /><ent r="6" t="372" w="1979" /><ent r="6" t="372" w="1984" /><ent r="6" t="372" w="1984" /><ent r="6" t="372" w="1989" /><ent r="6" t="372" w="1989" /><ent r="6" t="372" w="1994" /><ent r="6" t="372" w="1994" /><ent r="6" t="372" w="1999" /><ent r="6" t="372" w="1999" /><ent r="6" t="372" w="2007" /><ent r="6" t="372" w="2007" /><ent r="6" t="372" w="2015" /><ent r="6" t="372" w="2015" /><ent r="6" t="372" w="2023" /><ent r="6" t="372" w="2023" /><ent r="6" t="372" w="2031" /><ent r="6" t="372" w="2031" /><ent r="6" t="372" w="2039" /><ent r="6" t="372" w="2039" /><ent r="6" t="388" w="1100" /><ent r="6" t="388" w="1100" /><ent r="6" t="388" w="1395" /><ent r="6" t="388" w="1395" /><ent r="3" t="390" w="893" /><ent r="9" t="394" w="238" /><ent r="9" t="394" w="238" /><ent r="9" t="394" w="245" /><ent r="9" t="394" w="245" /><ent r="3" t="402" w="1111" /><ent r="3" t="402" w="1111" /><ent r="3" t="402" w="1123" /><ent r="3" t="402" w="1123" /><ent r="3" t="402" w="1252" /><ent r="7" t="445" w="272" /><ent r="5" t="454" w="39" /><ent r="5" t="454" w="39" /><ent r="7" t="454" w="133" /><ent r="7" t="454" w="133" /><ent r="7" t="488" w="308" /><ent r="7" t="488" w="308" /></phr><phr n="second"><ent r="3" t="8" w="22" /><ent r="3" t="8" w="22" /><ent r="3" t="8" w="53" /><ent r="3" t="8" w="53" /><ent r="3" t="11" w="196" /><ent r="3" t="11" w="196" /><ent r="3" t="13" w="168" /><ent r="3" t="13" w="168" /><ent r="6" t="24" w="907" /><ent r="6" t="24" w="907" /><ent r="3" t="25" w="21" /><ent r="3" t="25" w="55" /><ent r="3" t="26" w="17" /><ent r="3" t="26" w="17" /><ent r="4" t="26" w="83" /><ent r="3" t="44" w="168" /><ent r="3" t="44" w="168" /><ent r="6" t="55" w="915" /><ent r="6" t="55" w="915" /><ent r="3" t="56" w="21" /><ent r="3" t="56" w="55" /><ent r="3" t="58" w="17" /><ent r="3" t="58" w="17" /><ent r="4" t="58" w="83" /><ent r="3" t="69" w="320" /><ent r="3" t="69" w="320" /><ent r="6" t="78" w="345" /><ent r="6" t="78" w="345" /><ent r="6" t="78" w="505" /><ent r="6" t="78" w="505" /><ent r="3" t="95" w="231" /><ent r="3" t="95" w="231" /><ent r="6" t="106" w="951" /><ent r="6" t="106" w="951" /><ent r="3" t="107" w="21" /><ent r="3" t="107" w="55" /><ent r="3" t="109" w="17" /><ent r="3" t="109" w="17" /><ent r="4" t="109" w="83" /><ent r="3" t="115" w="30" /><ent r="3" t="115" w="30" /><ent r="3" t="124" w="278" /><ent r="3" t="124" w="278" /><ent r="7" t="131" w="557" /><ent r="7" t="131" w="557" /><ent r="3" t="138" w="31" /><ent r="3" t="138" w="31" /><ent r="3" t="147" w="168" /><ent r="3" t="147" w="168" /><ent r="4" t="148" w="142" /><ent r="4" t="148" w="142" /><ent r="6" t="156" w="202" /><ent r="4" t="161" w="144" /><ent r="4" t="161" w="144" /><ent r="5" t="162" w="129" /><ent r="5" t="162" w="129" /><ent r="3" t="172" w="168" /><ent r="3" t="172" w="168" /><ent r="3" t="182" w="21" /><ent r="3" t="182" w="55" /><ent r="3" t="183" w="17" /><ent r="3" t="183" w="17" /><ent r="4" t="183" w="83" /><ent r="3" t="198" w="168" /><ent r="3" t="198" w="168" /><ent r="4" t="199" w="84" /><ent r="4" t="199" w="84" /><ent r="8" t="201" w="92" /><ent r="8" t="201" w="92" /><ent r="3" t="208" w="21" /><ent r="3" t="208" w="55" /><ent r="3" t="209" w="17" /><ent r="3" t="209" w="17" /><ent r="4" t="209" w="83" /><ent r="4" t="224" w="91" /><ent r="4" t="224" w="91" /><ent r="4" t="226" w="494" /><ent r="4" t="226" w="494" /><ent r="8" t="227" w="92" /><ent r="8" t="227" w="92" /><ent r="7" t="235" w="9" /><ent r="7" t="235" w="268" /><ent r="7" t="235" w="268" /><ent r="7" t="235" w="1353" /><ent r="7" t="235" w="1367" /><ent r="7" t="235" w="1367" /><ent r="7" t="235" w="1384" /><ent r="3" t="240" w="830" /><ent r="3" t="242" w="1223" /><ent r="3" t="242" w="1223" /><ent r="5" t="242" w="1494" /><ent r="5" t="242" w="1509" /><ent r="5" t="242" w="1523" /><ent r="5" t="243" w="88" /><ent r="5" t="243" w="88" /><ent r="3" t="270" w="41" /><ent r="3" t="270" w="41" /><ent r="3" t="270" w="91" /><ent r="3" t="270" w="91" /><ent r="3" t="270" w="105" /><ent r="3" t="270" w="105" /><ent r="3" t="270" w="516" /><ent r="5" t="276" w="299" /><ent r="5" t="276" w="299" /><ent r="3" t="276" w="1983" /><ent r="3" t="276" w="1983" /><ent r="3" t="276" w="2397" /><ent r="3" t="314" w="496" /><ent r="3" t="314" w="496" /><ent r="3" t="314" w="508" /><ent r="3" t="314" w="508" /><ent r="3" t="338" w="111" /><ent r="3" t="338" w="111" /><ent r="6" t="343" w="710" /><ent r="3" t="345" w="112" /><ent r="3" t="345" w="112" /><ent r="7" t="348" w="447" /><ent r="7" t="348" w="447" /><ent r="6" t="351" w="194" /><ent r="6" t="351" w="194" /><ent r="6" t="351" w="210" /><ent r="6" t="351" w="210" /><ent r="6" t="351" w="226" /><ent r="6" t="351" w="226" /><ent r="3" t="361" w="52" /><ent r="3" t="361" w="52" /><ent r="6" t="366" w="200" /><ent r="6" t="366" w="200" /><ent r="6" t="367" w="202" /><ent r="6" t="367" w="202" /><ent r="6" t="368" w="202" /><ent r="6" t="368" w="202" /><ent r="6" t="369" w="201" /><ent r="6" t="369" w="201" /><ent r="6" t="370" w="200" /><ent r="6" t="370" w="200" /><ent r="6" t="371" w="268" /><ent r="6" t="371" w="268" /><ent r="3" t="372" w="28" /><ent r="3" t="372" w="28" /><ent r="6" t="372" w="261" /><ent r="6" t="372" w="261" /><ent r="6" t="372" w="280" /><ent r="6" t="372" w="331" /><ent r="6" t="372" w="331" /><ent r="6" t="372" w="1319" /><ent r="6" t="372" w="1319" /><ent r="6" t="372" w="1964" /><ent r="6" t="372" w="1964" /><ent r="6" t="374" w="349" /><ent r="3" t="401" w="471" /><ent r="3" t="401" w="484" /><ent r="3" t="422" w="359" /><ent r="3" t="422" w="359" /><ent r="5" t="423" w="179" /><ent r="5" t="423" w="179" /><ent r="4" t="425" w="147" /><ent r="4" t="425" w="147" /><ent r="5" t="431" w="88" /><ent r="5" t="431" w="88" /><ent r="7" t="431" w="718" /><ent r="7" t="431" w="718" /><ent r="7" t="431" w="731" /><ent r="7" t="431" w="731" /><ent r="7" t="452" w="183" /><ent r="7" t="452" w="183" /><ent r="5" t="455" w="25" /><ent r="5" t="455" w="25" /><ent r="5" t="455" w="32" /><ent r="5" t="455" w="32" /><ent r="7" t="455" w="140" /><ent r="7" t="455" w="140" /><ent r="7" t="455" w="173" /><ent r="7" t="455" w="173" /><ent r="7" t="455" w="188" /><ent r="7" t="455" w="188" /><ent r="3" t="463" w="278" /><ent r="3" t="463" w="278" /><ent r="6" t="473" w="89" /><ent r="6" t="473" w="89" /><ent r="6" t="473" w="100" /><ent r="6" t="473" w="100" /><ent r="6" t="473" w="219" /><ent r="6" t="473" w="219" /><ent r="6" t="473" w="230" /><ent r="6" t="473" w="230" /><ent r="3" t="479" w="43" /><ent r="7" t="482" w="268" /><ent r="7" t="482" w="268" /></phr><phr n="Second"><ent r="4" t="14" w="353" /><ent r="4" t="14" w="353" /><ent r="6" t="24" w="903" /><ent r="4" t="45" w="353" /><ent r="4" t="45" w="353" /><ent r="6" t="55" w="911" /><ent r="4" t="70" w="412" /><ent r="4" t="70" w="412" /><ent r="6" t="78" w="501" /><ent r="4" t="91" w="1362" /><ent r="4" t="91" w="1362" /><ent r="4" t="96" w="373" /><ent r="4" t="96" w="373" /><ent r="6" t="106" w="947" /><ent r="5" t="125" w="403" /><ent r="5" t="125" w="403" /><ent r="7" t="131" w="553" /><ent r="4" t="173" w="325" /><ent r="4" t="173" w="325" /><ent r="6" t="181" w="172" /><ent r="6" t="181" w="176" /><ent r="6" t="181" w="176" /><ent r="4" t="199" w="416" /><ent r="4" t="199" w="416" /><ent r="6" t="207" w="167" /><ent r="6" t="207" w="171" /><ent r="6" t="207" w="171" /><ent r="4" t="224" w="424" /><ent r="4" t="224" w="424" /><ent r="6" t="243" w="70" /><ent r="6" t="243" w="70" /><ent r="5" t="243" w="75" /><ent r="7" t="450" w="180" /><ent r="7" t="450" w="180" /><ent r="7" t="451" w="213" /><ent r="7" t="451" w="213" /><ent r="6" t="473" w="210" /><ent r="6" t="473" w="210" /><ent r="9" t="477" w="247" /><ent r="9" t="477" w="247" /></phr><phr n="Seconds"><ent r="6" t="242" w="1265" /><ent r="6" t="242" w="1265" /><ent r="6" t="343" w="637" /><ent r="6" t="343" w="637" /><ent r="6" t="343" w="655" /><ent r="6" t="343" w="655" /><ent r="6" t="344" w="178" /><ent r="6" t="344" w="178" /><ent r="6" t="344" w="453" /><ent r="6" t="344" w="453" /><ent r="6" t="344" w="487" /><ent r="6" t="344" w="487" /><ent r="6" t="344" w="513" /><ent r="6" t="344" w="513" /><ent r="6" t="353" w="738" /><ent r="6" t="353" w="738" /><ent r="3" t="402" w="880" /></phr><phr n="SECONDS"><ent r="6" t="343" w="268" /><ent r="6" t="343" w="268" /></phr></stem><stem n="four"><phr n="four"><ent r="3" t="7" w="114" /><ent r="3" t="7" w="114" /><ent r="3" t="95" w="122" /><ent r="3" t="95" w="122" /><ent r="3" t="124" w="203" /><ent r="3" t="124" w="203" /><ent r="3" t="217" w="88" /><ent r="3" t="220" w="211" /><ent r="3" t="220" w="211" /><ent r="3" t="220" w="224" /><ent r="3" t="220" w="224" /><ent r="7" t="235" w="241" /><ent r="7" t="235" w="241" /><ent r="3" t="314" w="291" /><ent r="3" t="314" w="291" /><ent r="3" t="314" w="300" /><ent r="3" t="314" w="300" /><ent r="3" t="314" w="326" /><ent r="3" t="314" w="326" /><ent r="3" t="314" w="420" /><ent r="3" t="314" w="420" /><ent r="3" t="314" w="469" /><ent r="3" t="314" w="469" /><ent r="3" t="314" w="1299" /><ent r="3" t="314" w="1299" /><ent r="6" t="388" w="708" /><ent r="6" t="388" w="708" /><ent r="3" t="390" w="640" /><ent r="3" t="390" w="640" /><ent r="3" t="399" w="674" /><ent r="3" t="399" w="674" /><ent r="3" t="399" w="813" /><ent r="3" t="399" w="813" /><ent r="3" t="399" w="951" /><ent r="3" t="399" w="951" /><ent r="3" t="399" w="1114" /><ent r="3" t="399" w="1114" /><ent r="3" t="407" w="84" /><ent r="3" t="407" w="84" /><ent r="4" t="422" w="650" /><ent r="4" t="422" w="650" /><ent r="4" t="422" w="819" /><ent r="4" t="422" w="819" /><ent r="4" t="422" w="893" /><ent r="4" t="422" w="893" /><ent r="7" t="427" w="426" /><ent r="5" t="501" w="155" /><ent r="5" t="501" w="155" /></phr><phr n="Four"><ent r="4" t="41" w="42" /><ent r="4" t="41" w="42" /><ent r="4" t="67" w="42" /><ent r="4" t="67" w="42" /><ent r="4" t="92" w="92" /><ent r="4" t="92" w="92" /><ent r="4" t="122" w="42" /><ent r="4" t="122" w="42" /><ent r="4" t="144" w="92" /><ent r="4" t="144" w="92" /><ent r="4" t="220" w="45" /><ent r="4" t="220" w="45" /></phr></stem></index>