<?xml version="1.0" encoding="utf-8"?><index><!-- saved from url=(0016)http://localhost -->
<stem n="incom"><phr n="incoming"><ent r="7" t="43" w="128" /><ent r="7" t="43" w="128" /><ent r="7" t="43" w="155" /><ent r="7" t="43" w="155" /><ent r="7" t="43" w="212" /><ent r="7" t="43" w="212" /><ent r="7" t="94" w="128" /><ent r="7" t="94" w="128" /><ent r="7" t="94" w="155" /><ent r="7" t="94" w="155" /><ent r="7" t="94" w="212" /><ent r="7" t="94" w="212" /><ent r="7" t="146" w="128" /><ent r="7" t="146" w="128" /><ent r="7" t="146" w="155" /><ent r="7" t="146" w="155" /><ent r="7" t="146" w="212" /><ent r="7" t="146" w="212" /><ent r="6" t="222" w="128" /><ent r="6" t="222" w="128" /><ent r="6" t="222" w="155" /><ent r="6" t="222" w="155" /><ent r="6" t="222" w="212" /><ent r="6" t="222" w="212" /><ent r="6" t="222" w="424" /><ent r="6" t="222" w="424" /><ent r="6" t="222" w="467" /><ent r="6" t="222" w="467" /><ent r="6" t="222" w="558" /><ent r="6" t="222" w="558" /><ent r="3" t="269" w="29" /><ent r="3" t="269" w="29" /><ent r="3" t="276" w="257" /><ent r="3" t="276" w="257" /><ent r="3" t="325" w="41" /><ent r="3" t="325" w="41" /><ent r="3" t="405" w="248" /><ent r="3" t="405" w="248" /><ent r="5" t="427" w="592" /><ent r="5" t="427" w="592" /></phr></stem><stem n="occur"><phr n="Occurs"><ent r="7" t="43" w="177" /><ent r="7" t="43" w="177" /><ent r="7" t="94" w="177" /><ent r="7" t="94" w="177" /><ent r="7" t="146" w="177" /><ent r="7" t="146" w="177" /><ent r="6" t="222" w="177" /><ent r="6" t="222" w="177" /><ent r="6" t="222" w="492" /><ent r="6" t="222" w="492" /></phr><phr n="occur"><ent r="3" t="91" w="343" /><ent r="3" t="91" w="343" /><ent r="3" t="390" w="78" /></phr><phr n="occurs"><ent r="7" t="235" w="2061" /><ent r="7" t="235" w="2061" /><ent r="3" t="249" w="194" /><ent r="3" t="249" w="194" /><ent r="3" t="282" w="509" /><ent r="3" t="296" w="72" /><ent r="3" t="296" w="220" /><ent r="5" t="315" w="421" /><ent r="3" t="404" w="548" /><ent r="3" t="404" w="548" /><ent r="3" t="404" w="564" /><ent r="3" t="404" w="564" /></phr><phr n="occurred"><ent r="7" t="296" w="336" /><ent r="7" t="296" w="336" /></phr></stem><stem n="search"><phr n="searching"><ent r="7" t="43" w="193" /><ent r="7" t="43" w="193" /><ent r="7" t="94" w="193" /><ent r="7" t="94" w="193" /><ent r="7" t="146" w="193" /><ent r="7" t="146" w="193" /><ent r="6" t="222" w="193" /><ent r="6" t="222" w="193" /><ent r="6" t="222" w="503" /><ent r="6" t="222" w="503" /><ent r="5" t="278" w="568" /><ent r="5" t="278" w="568" /><ent r="7" t="439" w="306" /><ent r="7" t="439" w="306" /></phr><phr n="search"><ent r="5" t="270" w="172" /><ent r="5" t="270" w="172" /><ent r="5" t="270" w="194" /><ent r="5" t="270" w="194" /><ent r="3" t="297" w="408" /><ent r="3" t="297" w="408" /><ent r="3" t="297" w="540" /><ent r="3" t="297" w="540" /><ent r="3" t="307" w="17" /><ent r="3" t="307" w="17" /><ent r="3" t="409" w="17" /><ent r="3" t="409" w="17" /><ent r="3" t="409" w="61" /><ent r="3" t="409" w="61" /><ent r="3" t="409" w="89" /><ent r="3" t="409" w="89" /><ent r="3" t="409" w="120" /><ent r="3" t="409" w="120" /><ent r="3" t="409" w="137" /><ent r="3" t="409" w="170" /><ent r="3" t="409" w="170" /><ent r="3" t="409" w="205" /><ent r="3" t="409" w="205" /><ent r="7" t="439" w="440" /><ent r="7" t="439" w="440" /><ent r="7" t="439" w="466" /><ent r="7" t="439" w="466" /><ent r="7" t="439" w="484" /><ent r="7" t="439" w="484" /><ent r="7" t="439" w="501" /><ent r="7" t="439" w="528" /><ent r="7" t="439" w="554" /><ent r="7" t="488" w="202" /><ent r="3" t="502" w="122" /><ent r="3" t="502" w="122" /></phr><phr n="Searching"><ent r="6" t="278" w="558" /><ent r="6" t="278" w="558" /><ent r="5" t="278" w="682" /><ent r="5" t="278" w="682" /><ent r="5" t="284" w="1407" /><ent r="5" t="284" w="1407" /><ent r="6" t="284" w="1414" /><ent r="6" t="284" w="1414" /><ent r="5" t="284" w="1416" /><ent r="5" t="284" w="1416" /><ent r="7" t="488" w="205" /><ent r="7" t="488" w="205" /></phr><phr n="Search"><ent r="6" t="284" w="1404" /><ent r="6" t="284" w="1404" /><ent r="7" t="438" w="450" /><ent r="7" t="439" w="293" /><ent r="7" t="439" w="293" /><ent r="7" t="439" w="297" /><ent r="7" t="439" w="297" /></phr><phr n="searched"><ent r="3" t="409" w="148" /><ent r="3" t="409" w="148" /></phr></stem><stem n="lost"><phr n="lost"><ent r="7" t="43" w="281" /><ent r="7" t="94" w="281" /><ent r="7" t="146" w="281" /><ent r="6" t="222" w="281" /><ent r="6" t="222" w="654" /><ent r="6" t="234" w="351" /><ent r="6" t="234" w="351" /><ent r="7" t="235" w="82" /><ent r="7" t="235" w="82" /><ent r="6" t="374" w="236" /><ent r="6" t="374" w="236" /><ent r="3" t="382" w="203" /></phr></stem><stem n="briefli"><phr n="briefly"><ent r="7" t="43" w="289" /><ent r="7" t="43" w="289" /><ent r="7" t="94" w="289" /><ent r="7" t="94" w="289" /><ent r="7" t="146" w="289" /><ent r="7" t="146" w="289" /><ent r="6" t="222" w="289" /><ent r="6" t="222" w="289" /><ent r="6" t="222" w="662" /><ent r="6" t="222" w="662" /><ent r="3" t="249" w="196" /><ent r="3" t="249" w="196" /></phr></stem><stem n="winflash"><phr n="WinFlash"><ent r="7" t="43" w="334" /><ent r="7" t="43" w="334" /><ent r="7" t="94" w="334" /><ent r="7" t="94" w="334" /><ent r="7" t="146" w="334" /><ent r="7" t="146" w="334" /><ent r="6" t="222" w="334" /><ent r="6" t="222" w="334" /><ent r="6" t="222" w="717" /><ent r="6" t="222" w="717" /><ent r="6" t="234" w="399" /><ent r="6" t="234" w="399" /><ent r="3" t="236" w="31" /><ent r="3" t="239" w="344" /><ent r="3" t="239" w="344" /><ent r="3" t="297" w="225" /><ent r="3" t="297" w="225" /><ent r="3" t="309" w="292" /><ent r="3" t="309" w="292" /><ent r="4" t="309" w="305" /><ent r="4" t="309" w="305" /><ent r="4" t="309" w="326" /><ent r="4" t="309" w="326" /><ent r="3" t="317" w="37" /><ent r="3" t="317" w="37" /><ent r="82" t="317" w="108" /><ent r="82" t="317" w="108" /><ent r="3" t="317" w="112" /><ent r="3" t="317" w="112" /><ent r="3" t="317" w="153" /><ent r="3" t="317" w="153" /><ent r="3" t="317" w="157" /><ent r="3" t="317" w="157" /><ent r="82" t="317" w="171" /><ent r="82" t="317" w="171" /><ent r="3" t="317" w="178" /><ent r="3" t="317" w="178" /><ent r="3" t="317" w="188" /><ent r="3" t="317" w="188" /><ent r="4" t="317" w="235" /><ent r="4" t="317" w="235" /><ent r="4" t="317" w="244" /><ent r="4" t="317" w="244" /><ent r="3" t="317" w="254" /><ent r="3" t="317" w="254" /><ent r="3" t="317" w="272" /><ent r="3" t="317" w="272" /><ent r="4" t="317" w="282" /><ent r="4" t="317" w="282" /><ent r="1000" t="419" w="2" /><ent r="1000" t="419" w="2" /><ent r="102" t="419" w="6" /><ent r="102" t="419" w="6" /><ent r="6" t="419" w="10" /><ent r="6" t="419" w="10" /><ent r="6" t="419" w="28" /><ent r="6" t="419" w="28" /></phr></stem><stem n="reload"><phr n="reload"><ent r="7" t="43" w="337" /><ent r="7" t="43" w="337" /><ent r="7" t="94" w="337" /><ent r="7" t="94" w="337" /><ent r="7" t="146" w="337" /><ent r="7" t="146" w="337" /><ent r="6" t="222" w="337" /><ent r="6" t="222" w="337" /><ent r="6" t="222" w="720" /><ent r="6" t="222" w="720" /></phr><phr n="Reload"><ent r="6" t="234" w="395" /><ent r="6" t="234" w="395" /></phr></stem><stem n="onto"><phr n="onto"><ent r="7" t="43" w="340" /><ent r="7" t="43" w="340" /><ent r="7" t="94" w="340" /><ent r="7" t="94" w="340" /><ent r="7" t="146" w="340" /><ent r="7" t="146" w="340" /><ent r="6" t="222" w="340" /><ent r="6" t="222" w="340" /><ent r="6" t="222" w="723" /><ent r="6" t="222" w="723" /><ent r="3" t="259" w="21" /><ent r="3" t="259" w="21" /><ent r="5" t="453" w="41" /><ent r="5" t="453" w="41" /><ent r="7" t="453" w="135" /><ent r="7" t="453" w="135" /><ent r="7" t="453" w="170" /><ent r="7" t="453" w="170" /><ent r="7" t="488" w="219" /><ent r="7" t="488" w="219" /></phr></stem><stem n="much"><phr n="much"><ent r="3" t="43" w="369" /><ent r="3" t="43" w="369" /><ent r="6" t="111" w="254" /><ent r="6" t="111" w="254" /><ent r="5" t="115" w="432" /><ent r="5" t="115" w="432" /><ent r="7" t="131" w="343" /><ent r="7" t="131" w="343" /><ent r="7" t="134" w="250" /><ent r="7" t="134" w="250" /><ent r="5" t="138" w="337" /><ent r="5" t="138" w="337" /><ent r="3" t="146" w="365" /><ent r="3" t="146" w="365" /><ent r="3" t="146" w="405" /><ent r="3" t="146" w="405" /><ent r="7" t="235" w="2991" /><ent r="7" t="235" w="2991" /><ent r="3" t="297" w="337" /><ent r="3" t="297" w="337" /><ent r="5" t="400" w="2294" /><ent r="5" t="400" w="2294" /><ent r="3" t="401" w="546" /><ent r="3" t="401" w="546" /></phr></stem><stem n="done"><phr n="done"><ent r="3" t="43" w="384" /><ent r="3" t="43" w="384" /><ent r="6" t="111" w="269" /><ent r="6" t="111" w="269" /><ent r="7" t="131" w="358" /><ent r="7" t="131" w="358" /><ent r="7" t="134" w="265" /><ent r="7" t="134" w="265" /><ent r="3" t="146" w="380" /><ent r="3" t="146" w="380" /><ent r="3" t="146" w="420" /><ent r="3" t="146" w="420" /><ent r="7" t="235" w="931" /><ent r="7" t="235" w="931" /><ent r="3" t="243" w="233" /><ent r="3" t="243" w="233" /><ent r="3" t="243" w="411" /><ent r="3" t="243" w="411" /><ent r="3" t="421" w="378" /><ent r="3" t="421" w="378" /></phr></stem><stem n="strength"><phr n="strength"><ent r="3" t="43" w="396" /><ent r="3" t="43" w="396" /><ent r="6" t="111" w="281" /><ent r="6" t="111" w="281" /><ent r="7" t="131" w="370" /><ent r="7" t="131" w="370" /><ent r="3" t="146" w="432" /><ent r="3" t="146" w="432" /><ent r="7" t="235" w="3010" /><ent r="7" t="235" w="3010" /><ent r="3" t="242" w="1677" /><ent r="3" t="242" w="1677" /><ent r="5" t="242" w="1732" /><ent r="5" t="242" w="1732" /><ent r="5" t="242" w="1748" /><ent r="5" t="242" w="1748" /><ent r="5" t="242" w="1764" /><ent r="5" t="242" w="1764" /><ent r="5" t="242" w="1780" /><ent r="5" t="242" w="1780" /><ent r="3" t="244" w="863" /><ent r="3" t="244" w="863" /><ent r="5" t="244" w="922" /><ent r="5" t="244" w="922" /><ent r="5" t="244" w="938" /><ent r="5" t="244" w="938" /><ent r="5" t="244" w="954" /><ent r="5" t="244" w="954" /><ent r="5" t="244" w="970" /><ent r="5" t="244" w="970" /><ent r="3" t="278" w="238" /><ent r="3" t="278" w="238" /><ent r="3" t="278" w="253" /><ent r="3" t="278" w="253" /><ent r="3" t="281" w="367" /><ent r="3" t="284" w="1512" /><ent r="6" t="349" w="508" /><ent r="6" t="349" w="614" /><ent r="6" t="349" w="614" /><ent r="6" t="350" w="449" /><ent r="6" t="350" w="547" /><ent r="6" t="350" w="547" /><ent r="7" t="393" w="355" /><ent r="7" t="393" w="355" /><ent r="72" t="488" w="19" /><ent r="72" t="488" w="19" /><ent r="3" t="488" w="40" /><ent r="3" t="488" w="40" /><ent r="7" t="488" w="107" /><ent r="7" t="488" w="107" /><ent r="3" t="502" w="150" /></phr><phr n="Strength"><ent r="4" t="278" w="230" /><ent r="4" t="278" w="230" /></phr></stem><stem n="-80"><phr n="-80"><ent r="3" t="43" w="399" /><ent r="3" t="146" w="435" /></phr></stem><stem n="dbm"><phr n="dBm"><ent r="3" t="43" w="400" /><ent r="3" t="43" w="400" /><ent r="3" t="91" w="1715" /><ent r="6" t="111" w="285" /><ent r="6" t="111" w="285" /><ent r="6" t="111" w="291" /><ent r="7" t="128" w="52" /><ent r="7" t="128" w="52" /><ent r="7" t="131" w="374" /><ent r="7" t="131" w="374" /><ent r="7" t="131" w="380" /><ent r="3" t="146" w="436" /><ent r="3" t="146" w="436" /><ent r="3" t="278" w="245" /></phr></stem><stem n="-80."><phr n="-80."><ent r="3" t="43" w="405" /><ent r="3" t="146" w="441" /></phr></stem><stem n="l2e"><phr n="L2E"><ent r="6" t="45" w="30" /><ent r="6" t="70" w="32" /><ent r="6" t="96" w="30" /><ent r="6" t="125" w="34" /><ent r="6" t="173" w="22" /><ent r="10" t="175" w="29" /><ent r="6" t="199" w="24" /><ent r="6" t="199" w="96" /><ent r="10" t="201" w="29" /><ent r="10" t="201" w="104" /><ent r="6" t="224" w="31" /><ent r="6" t="224" w="103" /><ent r="10" t="227" w="29" /><ent r="10" t="227" w="104" /><ent r="3" t="240" w="86" /></phr></stem><stem n="l2c"><phr n="L2C"><ent r="6" t="45" w="31" /><ent r="6" t="45" w="31" /><ent r="6" t="45" w="49" /><ent r="6" t="45" w="49" /><ent r="6" t="70" w="33" /><ent r="6" t="70" w="33" /><ent r="6" t="70" w="51" /><ent r="6" t="70" w="51" /><ent r="6" t="96" w="31" /><ent r="6" t="96" w="59" /><ent r="6" t="125" w="35" /><ent r="6" t="125" w="63" /><ent r="4" t="148" w="18" /><ent r="11" t="150" w="84" /><ent r="4" t="161" w="18" /><ent r="4" t="162" w="21" /><ent r="11" t="165" w="83" /><ent r="6" t="173" w="23" /><ent r="6" t="173" w="69" /><ent r="10" t="175" w="30" /><ent r="10" t="175" w="76" /><ent r="6" t="199" w="25" /><ent r="6" t="199" w="68" /><ent r="6" t="199" w="97" /><ent r="6" t="199" w="97" /><ent r="10" t="201" w="30" /><ent r="10" t="201" w="76" /><ent r="10" t="201" w="105" /><ent r="10" t="201" w="105" /><ent r="6" t="224" w="32" /><ent r="6" t="224" w="75" /><ent r="6" t="224" w="104" /><ent r="6" t="224" w="104" /><ent r="10" t="227" w="30" /><ent r="10" t="227" w="76" /><ent r="10" t="227" w="105" /><ent r="10" t="227" w="105" /><ent r="7" t="235" w="1833" /><ent r="7" t="235" w="1833" /><ent r="4" t="240" w="88" /><ent r="4" t="240" w="88" /><ent r="6" t="335" w="686" /><ent r="6" t="335" w="686" /><ent r="8" t="345" w="151" /><ent r="8" t="345" w="151" /><ent r="4" t="425" w="24" /><ent r="8" t="430" w="483" /><ent r="8" t="430" w="483" /><ent r="8" t="431" w="574" /><ent r="8" t="431" w="574" /><ent r="8" t="431" w="763" /><ent r="8" t="431" w="763" /><ent r="7" t="443" w="581" /><ent r="7" t="443" w="581" /><ent r="7" t="443" w="761" /><ent r="7" t="443" w="761" /></phr><phr n="L2CS"><ent r="3" t="240" w="108" /><ent r="7" t="267" w="75" /><ent r="7" t="267" w="75" /><ent r="7" t="267" w="111" /><ent r="7" t="267" w="111" /><ent r="7" t="267" w="159" /><ent r="7" t="267" w="159" /><ent r="7" t="267" w="186" /><ent r="7" t="267" w="186" /><ent r="3" t="334" w="536" /><ent r="3" t="334" w="536" /></phr></stem><stem n="&lt;10"><phr n="&lt;10"><ent r="6" t="47" w="54" /><ent r="6" t="47" w="54" /><ent r="6" t="71" w="54" /><ent r="6" t="71" w="54" /><ent r="6" t="98" w="54" /><ent r="6" t="98" w="54" /></phr></stem><stem n="usb_otg_id"><phr n="USB_OTG_ID"><ent r="6" t="55" w="407" /><ent r="6" t="55" w="407" /><ent r="6" t="106" w="407" /><ent r="6" t="106" w="407" /><ent r="3" t="115" w="112" /><ent r="3" t="115" w="112" /><ent r="3" t="115" w="368" /><ent r="3" t="115" w="368" /><ent r="3" t="115" w="550" /><ent r="3" t="115" w="550" /><ent r="3" t="115" w="561" /><ent r="3" t="115" w="561" /><ent r="3" t="138" w="545" /><ent r="3" t="138" w="545" /><ent r="3" t="216" w="196" /><ent r="3" t="216" w="196" /><ent r="3" t="216" w="381" /><ent r="3" t="216" w="381" /></phr></stem><stem n="id"><phr n="ID"><ent r="6" t="55" w="410" /><ent r="6" t="55" w="410" /><ent r="6" t="78" w="540" /><ent r="6" t="78" w="540" /><ent r="3" t="84" w="95" /><ent r="3" t="91" w="118" /><ent r="3" t="91" w="134" /><ent r="7" t="91" w="1426" /><ent r="7" t="91" w="1499" /><ent r="7" t="91" w="1510" /><ent r="6" t="106" w="410" /><ent r="6" t="106" w="410" /><ent r="3" t="115" w="190" /><ent r="3" t="115" w="190" /><ent r="3" t="115" w="225" /><ent r="3" t="115" w="225" /><ent r="3" t="115" w="270" /><ent r="3" t="115" w="270" /><ent r="3" t="115" w="290" /><ent r="3" t="115" w="290" /><ent r="3" t="115" w="513" /><ent r="3" t="115" w="513" /><ent r="7" t="131" w="592" /><ent r="7" t="131" w="592" /><ent r="3" t="138" w="206" /><ent r="3" t="138" w="206" /><ent r="3" t="138" w="226" /><ent r="3" t="138" w="226" /><ent r="3" t="138" w="507" /><ent r="3" t="138" w="507" /><ent r="6" t="207" w="757" /><ent r="6" t="207" w="757" /><ent r="6" t="207" w="761" /><ent r="6" t="207" w="761" /><ent r="3" t="216" w="98" /><ent r="3" t="216" w="98" /><ent r="3" t="216" w="123" /><ent r="3" t="216" w="123" /><ent r="3" t="216" w="329" /><ent r="3" t="216" w="329" /><ent r="6" t="233" w="232" /><ent r="6" t="233" w="232" /><ent r="3" t="244" w="987" /><ent r="3" t="244" w="987" /><ent r="4" t="250" w="42" /><ent r="4" t="250" w="42" /><ent r="3" t="252" w="382" /><ent r="3" t="254" w="97" /><ent r="4" t="256" w="40" /><ent r="4" t="256" w="40" /><ent r="3" t="259" w="71" /><ent r="4" t="263" w="145" /><ent r="4" t="263" w="145" /><ent r="4" t="263" w="395" /><ent r="4" t="263" w="395" /><ent r="4" t="263" w="416" /><ent r="4" t="263" w="416" /><ent r="4" t="263" w="435" /><ent r="4" t="263" w="435" /><ent r="3" t="265" w="23" /><ent r="3" t="265" w="23" /><ent r="4" t="265" w="46" /><ent r="4" t="265" w="46" /><ent r="3" t="265" w="51" /><ent r="3" t="265" w="51" /><ent r="4" t="265" w="66" /><ent r="4" t="265" w="66" /><ent r="3" t="265" w="71" /><ent r="3" t="265" w="71" /><ent r="4" t="265" w="88" /><ent r="4" t="265" w="88" /><ent r="3" t="265" w="93" /><ent r="3" t="265" w="93" /><ent r="3" t="269" w="237" /><ent r="3" t="269" w="237" /><ent r="3" t="269" w="243" /><ent r="3" t="269" w="243" /><ent r="3" t="269" w="269" /><ent r="3" t="269" w="269" /><ent r="3" t="269" w="275" /><ent r="3" t="269" w="275" /><ent r="5" t="269" w="507" /><ent r="5" t="269" w="507" /><ent r="3" t="269" w="557" /><ent r="3" t="269" w="557" /><ent r="6" t="276" w="729" /><ent r="6" t="276" w="729" /><ent r="5" t="276" w="733" /><ent r="5" t="276" w="733" /><ent r="6" t="276" w="1241" /><ent r="6" t="276" w="1241" /><ent r="5" t="276" w="1248" /><ent r="3" t="276" w="2692" /><ent r="3" t="276" w="2692" /><ent r="4" t="278" w="384" /><ent r="4" t="278" w="384" /><ent r="3" t="278" w="388" /><ent r="3" t="278" w="388" /><ent r="3" t="278" w="406" /><ent r="3" t="278" w="406" /><ent r="5" t="279" w="216" /><ent r="3" t="282" w="484" /><ent r="4" t="284" w="253" /><ent r="4" t="284" w="253" /><ent r="3" t="284" w="260" /><ent r="3" t="284" w="260" /><ent r="4" t="284" w="289" /><ent r="4" t="284" w="289" /><ent r="3" t="284" w="295" /><ent r="3" t="284" w="295" /><ent r="4" t="284" w="1464" /><ent r="4" t="284" w="1464" /><ent r="3" t="284" w="1466" /><ent r="3" t="284" w="1466" /><ent r="4" t="296" w="354" /><ent r="4" t="296" w="354" /><ent r="7" t="353" w="1109" /><ent r="6" t="353" w="1159" /><ent r="6" t="353" w="1159" /><ent r="6" t="365" w="214" /><ent r="6" t="365" w="214" /><ent r="6" t="365" w="224" /><ent r="6" t="365" w="224" /><ent r="6" t="365" w="244" /><ent r="6" t="365" w="244" /><ent r="6" t="365" w="307" /><ent r="6" t="365" w="307" /><ent r="6" t="365" w="309" /><ent r="6" t="365" w="341" /><ent r="6" t="365" w="341" /><ent r="6" t="365" w="357" /><ent r="6" t="365" w="357" /><ent r="6" t="365" w="575" /><ent r="6" t="365" w="575" /><ent r="6" t="365" w="585" /><ent r="6" t="365" w="585" /><ent r="6" t="372" w="1238" /><ent r="6" t="372" w="1238" /><ent r="6" t="372" w="1243" /><ent r="6" t="372" w="1243" /><ent r="6" t="379" w="233" /><ent r="6" t="379" w="233" /><ent r="6" t="385" w="92" /><ent r="6" t="385" w="92" /><ent r="68" t="385" w="100" /><ent r="68" t="385" w="100" /><ent r="6" t="385" w="107" /><ent r="82" t="385" w="138" /><ent r="82" t="385" w="138" /><ent r="3" t="385" w="149" /><ent r="3" t="385" w="149" /><ent r="6" t="388" w="918" /><ent r="6" t="388" w="918" /><ent r="5" t="394" w="21" /><ent r="5" t="394" w="21" /><ent r="5" t="394" w="34" /><ent r="5" t="394" w="34" /><ent r="3" t="394" w="75" /><ent r="3" t="394" w="75" /><ent r="5" t="398" w="259" /><ent r="5" t="398" w="259" /><ent r="5" t="398" w="541" /><ent r="5" t="398" w="546" /><ent r="5" t="398" w="553" /><ent r="5" t="398" w="553" /><ent r="5" t="398" w="559" /><ent r="5" t="398" w="634" /><ent r="3" t="402" w="356" /><ent r="3" t="402" w="356" /><ent r="3" t="405" w="95" /><ent r="7" t="441" w="89" /><ent r="7" t="441" w="89" /><ent r="5" t="447" w="34" /><ent r="5" t="447" w="34" /><ent r="7" t="447" w="178" /><ent r="7" t="447" w="178" /><ent r="7" t="447" w="183" /><ent r="7" t="447" w="183" /><ent r="6" t="473" w="63" /><ent r="6" t="473" w="63" /><ent r="6" t="473" w="167" /><ent r="6" t="473" w="167" /><ent r="7" t="474" w="56" /><ent r="7" t="474" w="56" /><ent r="7" t="474" w="115" /><ent r="7" t="474" w="115" /><ent r="7" t="475" w="71" /><ent r="7" t="475" w="71" /><ent r="7" t="475" w="231" /><ent r="7" t="475" w="242" /><ent r="7" t="475" w="242" /><ent r="9" t="475" w="260" /><ent r="9" t="475" w="260" /><ent r="7" t="476" w="55" /><ent r="7" t="476" w="55" /><ent r="3" t="477" w="27" /><ent r="3" t="477" w="27" /><ent r="3" t="477" w="44" /><ent r="3" t="477" w="44" /><ent r="7" t="477" w="118" /><ent r="7" t="477" w="118" /><ent r="7" t="477" w="124" /><ent r="7" t="477" w="124" /><ent r="7" t="477" w="483" /><ent r="7" t="477" w="483" /><ent r="7" t="477" w="504" /><ent r="7" t="477" w="504" /><ent r="9" t="477" w="515" /><ent r="9" t="477" w="515" /><ent r="7" t="477" w="567" /><ent r="7" t="477" w="567" /><ent r="7" t="477" w="581" /><ent r="7" t="477" w="581" /><ent r="7" t="479" w="96" /><ent r="7" t="479" w="96" /><ent r="7" t="480" w="74" /><ent r="7" t="480" w="74" /><ent r="3" t="481" w="45" /><ent r="3" t="481" w="45" /><ent r="7" t="481" w="84" /><ent r="7" t="481" w="84" /><ent r="7" t="482" w="198" /><ent r="7" t="482" w="198" /><ent r="7" t="483" w="64" /><ent r="7" t="483" w="64" /><ent r="7" t="484" w="46" /><ent r="7" t="484" w="46" /><ent r="7" t="486" w="120" /><ent r="7" t="486" w="120" /><ent r="7" t="487" w="98" /><ent r="7" t="487" w="98" /><ent r="7" t="488" w="102" /><ent r="7" t="488" w="102" /><ent r="7" t="489" w="61" /><ent r="7" t="489" w="61" /><ent r="7" t="489" w="67" /><ent r="7" t="489" w="67" /><ent r="7" t="490" w="80" /><ent r="7" t="490" w="80" /><ent r="7" t="491" w="48" /><ent r="7" t="491" w="48" /><ent r="7" t="492" w="56" /><ent r="7" t="492" w="56" /><ent r="7" t="493" w="82" /><ent r="7" t="493" w="82" /><ent r="7" t="494" w="78" /><ent r="7" t="494" w="78" /><ent r="7" t="495" w="69" /><ent r="7" t="495" w="69" /><ent r="7" t="496" w="80" /><ent r="7" t="496" w="80" /><ent r="7" t="497" w="52" /><ent r="7" t="497" w="52" /></phr><phr n="IDs"><ent r="3" t="241" w="66" /><ent r="3" t="241" w="66" /></phr></stem><stem n="tell"><phr n="tells"><ent r="6" t="55" w="412" /><ent r="6" t="55" w="412" /><ent r="6" t="106" w="412" /><ent r="6" t="106" w="412" /><ent r="3" t="288" w="772" /><ent r="3" t="288" w="772" /></phr><phr n="telling"><ent r="3" t="284" w="649" /><ent r="3" t="284" w="649" /></phr></stem><stem n="1kohm"><phr n="1kOhm"><ent r="6" t="55" w="440" /><ent r="6" t="55" w="440" /><ent r="6" t="106" w="440" /><ent r="6" t="106" w="440" /></phr></stem><stem n="pull"><phr n="pull"><ent r="6" t="55" w="441" /><ent r="6" t="55" w="441" /><ent r="6" t="106" w="441" /><ent r="6" t="106" w="441" /><ent r="3" t="115" w="137" /><ent r="3" t="115" w="137" /><ent r="3" t="115" w="205" /><ent r="3" t="115" w="205" /><ent r="3" t="115" w="213" /><ent r="3" t="115" w="213" /><ent r="3" t="115" w="560" /><ent r="3" t="115" w="560" /><ent r="3" t="115" w="566" /><ent r="3" t="115" w="566" /><ent r="3" t="115" w="570" /><ent r="3" t="115" w="570" /><ent r="3" t="138" w="149" /><ent r="3" t="138" w="149" /><ent r="3" t="216" w="112" /><ent r="3" t="216" w="395" /></phr><phr n="Pull"><ent r="6" t="78" w="562" /><ent r="7" t="131" w="614" /><ent r="6" t="207" w="783" /></phr></stem><stem n="20n"><phr n="20nS"><ent r="6" t="55" w="943" /><ent r="7" t="78" w="535" /><ent r="6" t="106" w="979" /></phr></stem><stem n="mamp"><phr n="mAmps"><ent r="6" t="59" w="53" /><ent r="6" t="110" w="53" /><ent r="6" t="133" w="52" /></phr></stem><stem n="140"><phr n="140"><ent r="6" t="61" w="36" /><ent r="6" t="61" w="36" /><ent r="6" t="82" w="36" /><ent r="6" t="82" w="36" /><ent r="7" t="112" w="36" /><ent r="7" t="112" w="36" /><ent r="7" t="135" w="36" /><ent r="7" t="135" w="36" /><ent r="6" t="166" w="21" /><ent r="6" t="166" w="21" /><ent r="6" t="186" w="131" /><ent r="6" t="186" w="131" /><ent r="6" t="213" w="131" /><ent r="6" t="213" w="131" /><ent r="6" t="228" w="21" /><ent r="6" t="228" w="21" /><ent r="6" t="344" w="413" /><ent r="6" t="371" w="550" /><ent r="6" t="371" w="550" /><ent r="3" t="496" w="56" /></phr></stem><stem n="+28"><phr n="+28"><ent r="3" t="65" w="58" /><ent r="3" t="120" w="58" /><ent r="3" t="143" w="58" /></phr></stem><stem n="+31"><phr n="+31"><ent r="6" t="65" w="116" /><ent r="6" t="65" w="116" /><ent r="7" t="120" w="120" /><ent r="7" t="120" w="120" /><ent r="7" t="143" w="120" /><ent r="7" t="143" w="120" /><ent r="3" t="404" w="1691" /><ent r="3" t="404" w="1691" /></phr></stem><stem n="+41"><phr n="+41"><ent r="6" t="65" w="118" /><ent r="6" t="65" w="118" /><ent r="7" t="120" w="122" /><ent r="7" t="120" w="122" /><ent r="7" t="143" w="122" /><ent r="7" t="143" w="122" /></phr></stem><stem n="packag"><phr n="package"><ent r="3" t="69" w="31" /></phr><phr n="packaged"><ent r="3" t="160" w="115" /><ent r="3" t="160" w="115" /></phr></stem><stem n="wireless"><phr n="wireless"><ent r="3" t="69" w="34" /><ent r="3" t="69" w="34" /><ent r="4" t="70" w="103" /><ent r="4" t="70" w="103" /><ent r="4" t="70" w="124" /><ent r="4" t="70" w="124" /><ent r="3" t="91" w="447" /><ent r="3" t="91" w="447" /><ent r="3" t="91" w="485" /><ent r="3" t="91" w="485" /><ent r="3" t="91" w="511" /><ent r="3" t="91" w="511" /><ent r="3" t="91" w="523" /><ent r="3" t="91" w="523" /><ent r="3" t="91" w="554" /><ent r="3" t="91" w="554" /><ent r="3" t="124" w="40" /><ent r="3" t="124" w="40" /><ent r="7" t="235" w="518" /><ent r="7" t="235" w="518" /><ent r="7" t="235" w="561" /><ent r="7" t="235" w="561" /><ent r="3" t="278" w="433" /><ent r="3" t="278" w="433" /><ent r="3" t="295" w="190" /><ent r="3" t="402" w="394" /><ent r="3" t="402" w="394" /><ent r="3" t="500" w="73" /><ent r="3" t="500" w="73" /><ent r="3" t="500" w="83" /><ent r="3" t="500" w="83" /><ent r="3" t="501" w="139" /><ent r="3" t="501" w="139" /><ent r="3" t="502" w="303" /><ent r="3" t="502" w="303" /></phr><phr n="Wireless"><ent r="6" t="390" w="481" /><ent r="6" t="390" w="481" /><ent r="3" t="390" w="1253" /><ent r="3" t="390" w="1253" /></phr></stem><stem n="task"><phr n="task"><ent r="3" t="69" w="41" /><ent r="3" t="69" w="41" /><ent r="3" t="124" w="47" /><ent r="3" t="124" w="47" /><ent r="7" t="235" w="3314" /><ent r="7" t="235" w="3314" /></phr></stem><stem n="greatli"><phr n="greatly"><ent r="3" t="69" w="52" /><ent r="3" t="69" w="52" /><ent r="3" t="124" w="53" /><ent r="3" t="124" w="53" /></phr></stem><stem n="simplifi"><phr n="simplified"><ent r="3" t="69" w="53" /><ent r="3" t="124" w="54" /><ent r="3" t="124" w="54" /><ent r="5" t="273" w="68" /><ent r="3" t="276" w="713" /><ent r="3" t="276" w="713" /><ent r="3" t="276" w="1204" /><ent r="3" t="276" w="1204" /><ent r="3" t="319" w="103" /><ent r="3" t="319" w="103" /><ent r="3" t="475" w="364" /><ent r="3" t="475" w="364" /><ent r="3" t="477" w="641" /><ent r="3" t="477" w="641" /></phr></stem></index>