<?xml version="1.0" encoding="utf-8"?><index><!-- saved from url=(0016)http://localhost -->
<stem n="bd930"><phr n="BD930"><ent r="5" t="0" w="41" /><ent r="5" t="0" w="41" /><ent r="5" t="0" w="42" /><ent r="1000" t="95" w="3" /><ent r="1000" t="95" w="3" /><ent r="92" t="95" w="9" /><ent r="92" t="95" w="9" /><ent r="3" t="95" w="15" /><ent r="3" t="95" w="15" /><ent r="3" t="95" w="43" /><ent r="3" t="95" w="43" /><ent r="3" t="95" w="76" /><ent r="3" t="95" w="76" /><ent r="3" t="95" w="138" /><ent r="3" t="95" w="138" /><ent r="3" t="95" w="156" /><ent r="3" t="95" w="156" /><ent r="1000" t="96" w="1" /><ent r="1000" t="96" w="1" /><ent r="92" t="96" w="4" /><ent r="92" t="96" w="4" /><ent r="1000" t="103" w="1" /><ent r="1000" t="103" w="1" /><ent r="92" t="103" w="6" /><ent r="92" t="103" w="6" /><ent r="1000" t="104" w="1" /><ent r="1000" t="104" w="1" /><ent r="92" t="104" w="7" /><ent r="92" t="104" w="7" /><ent r="1000" t="105" w="1" /><ent r="1000" t="105" w="1" /><ent r="92" t="105" w="6" /><ent r="92" t="105" w="6" /><ent r="3" t="105" w="41" /><ent r="3" t="105" w="41" /><ent r="3" t="115" w="9" /><ent r="3" t="115" w="9" /><ent r="3" t="115" w="52" /><ent r="3" t="115" w="52" /><ent r="3" t="115" w="78" /><ent r="3" t="115" w="78" /><ent r="3" t="115" w="117" /><ent r="3" t="115" w="117" /><ent r="3" t="115" w="198" /><ent r="3" t="115" w="198" /><ent r="3" t="115" w="232" /><ent r="3" t="115" w="232" /><ent r="3" t="115" w="278" /><ent r="3" t="115" w="297" /><ent r="3" t="115" w="371" /><ent r="3" t="115" w="371" /><ent r="3" t="115" w="520" /><ent r="3" t="115" w="605" /><ent r="3" t="115" w="605" /><ent r="3" t="115" w="644" /><ent r="3" t="115" w="644" /><ent r="3" t="119" w="11" /><ent r="3" t="119" w="11" /><ent r="3" t="121" w="158" /><ent r="3" t="121" w="159" /><ent r="8" t="122" w="117" /><ent r="8" t="122" w="117" /><ent r="1000" t="124" w="3" /><ent r="92" t="124" w="10" /><ent r="3" t="124" w="17" /><ent r="3" t="124" w="97" /><ent r="3" t="124" w="132" /><ent r="3" t="124" w="158" /><ent r="3" t="124" w="219" /><ent r="3" t="124" w="238" /><ent r="1000" t="125" w="1" /><ent r="92" t="125" w="5" /><ent r="92" t="125" w="5" /><ent r="1000" t="129" w="1" /><ent r="92" t="129" w="7" /><ent r="1000" t="130" w="1" /><ent r="92" t="130" w="8" /><ent r="7" t="131" w="866" /><ent r="7" t="131" w="877" /><ent r="3" t="138" w="9" /><ent r="3" t="138" w="53" /><ent r="3" t="138" w="80" /><ent r="3" t="138" w="126" /><ent r="3" t="138" w="144" /><ent r="3" t="138" w="214" /><ent r="3" t="138" w="233" /><ent r="3" t="138" w="451" /><ent r="3" t="138" w="474" /><ent r="3" t="138" w="514" /><ent r="3" t="138" w="579" /><ent r="3" t="142" w="11" /><ent r="8" t="144" w="119" /><ent r="66" t="403" w="34" /><ent r="66" t="403" w="34" /><ent r="66" t="403" w="39" /><ent r="3" t="404" w="136" /><ent r="3" t="404" w="1445" /><ent r="3" t="404" w="1446" /><ent r="67" t="411" w="23" /><ent r="67" t="411" w="23" /><ent r="67" t="411" w="28" /><ent r="67" t="411" w="53" /><ent r="67" t="411" w="53" /><ent r="67" t="411" w="59" /><ent r="67" t="411" w="76" /><ent r="67" t="411" w="76" /><ent r="68" t="414" w="26" /><ent r="68" t="414" w="26" /><ent r="68" t="414" w="32" /><ent r="68" t="414" w="78" /><ent r="68" t="414" w="78" /><ent r="68" t="414" w="81" /><ent r="55" t="414" w="166" /><ent r="55" t="414" w="166" /><ent r="55" t="414" w="168" /></phr></stem><stem n="bd930-uhf"><phr n="BD930-UHF"><ent r="5" t="0" w="42" /><ent r="5" t="0" w="42" /><ent r="3" t="115" w="278" /><ent r="3" t="115" w="278" /><ent r="3" t="115" w="297" /><ent r="3" t="115" w="297" /><ent r="3" t="121" w="159" /><ent r="3" t="121" w="159" /><ent r="1000" t="124" w="3" /><ent r="1000" t="124" w="3" /><ent r="92" t="124" w="10" /><ent r="92" t="124" w="10" /><ent r="3" t="124" w="17" /><ent r="3" t="124" w="17" /><ent r="3" t="124" w="97" /><ent r="3" t="124" w="97" /><ent r="3" t="124" w="132" /><ent r="3" t="124" w="132" /><ent r="3" t="124" w="158" /><ent r="3" t="124" w="158" /><ent r="3" t="124" w="219" /><ent r="3" t="124" w="219" /><ent r="3" t="124" w="238" /><ent r="3" t="124" w="238" /><ent r="1000" t="125" w="1" /><ent r="1000" t="125" w="1" /><ent r="1000" t="129" w="1" /><ent r="1000" t="129" w="1" /><ent r="92" t="129" w="7" /><ent r="92" t="129" w="7" /><ent r="1000" t="130" w="1" /><ent r="1000" t="130" w="1" /><ent r="92" t="130" w="8" /><ent r="92" t="130" w="8" /><ent r="7" t="131" w="866" /><ent r="7" t="131" w="877" /><ent r="7" t="131" w="877" /><ent r="3" t="138" w="9" /><ent r="3" t="138" w="9" /><ent r="3" t="138" w="53" /><ent r="3" t="138" w="53" /><ent r="3" t="138" w="80" /><ent r="3" t="138" w="80" /><ent r="3" t="138" w="126" /><ent r="3" t="138" w="126" /><ent r="3" t="138" w="144" /><ent r="3" t="138" w="144" /><ent r="3" t="138" w="214" /><ent r="3" t="138" w="214" /><ent r="3" t="138" w="233" /><ent r="3" t="138" w="233" /><ent r="3" t="138" w="451" /><ent r="3" t="138" w="451" /><ent r="3" t="138" w="474" /><ent r="3" t="138" w="474" /><ent r="3" t="138" w="514" /><ent r="3" t="138" w="579" /><ent r="3" t="138" w="579" /><ent r="3" t="142" w="11" /><ent r="3" t="142" w="11" /><ent r="8" t="144" w="119" /><ent r="8" t="144" w="119" /><ent r="66" t="403" w="39" /><ent r="66" t="403" w="39" /><ent r="3" t="404" w="1446" /><ent r="67" t="411" w="28" /><ent r="67" t="411" w="28" /><ent r="67" t="411" w="59" /><ent r="67" t="411" w="59" /><ent r="68" t="414" w="32" /><ent r="68" t="414" w="32" /><ent r="68" t="414" w="81" /><ent r="68" t="414" w="81" /><ent r="55" t="414" w="168" /><ent r="55" t="414" w="168" /></phr></stem><stem n="uhf"><phr n="UHF"><ent r="5" t="0" w="43" /><ent r="3" t="115" w="279" /><ent r="3" t="115" w="298" /><ent r="54" t="115" w="373" /><ent r="54" t="115" w="373" /><ent r="3" t="121" w="160" /><ent r="1000" t="124" w="4" /><ent r="92" t="124" w="11" /><ent r="3" t="124" w="18" /><ent r="3" t="124" w="36" /><ent r="3" t="124" w="36" /><ent r="3" t="124" w="98" /><ent r="3" t="124" w="133" /><ent r="3" t="124" w="159" /><ent r="3" t="124" w="165" /><ent r="3" t="124" w="165" /><ent r="3" t="124" w="220" /><ent r="3" t="124" w="239" /><ent r="1000" t="125" w="2" /><ent r="143" t="125" w="7" /><ent r="143" t="125" w="7" /><ent r="4" t="125" w="247" /><ent r="4" t="125" w="247" /><ent r="1000" t="129" w="2" /><ent r="92" t="129" w="8" /><ent r="1000" t="130" w="2" /><ent r="92" t="130" w="9" /><ent r="7" t="131" w="867" /><ent r="7" t="131" w="878" /><ent r="3" t="138" w="10" /><ent r="3" t="138" w="54" /><ent r="3" t="138" w="81" /><ent r="3" t="138" w="127" /><ent r="3" t="138" w="145" /><ent r="3" t="138" w="215" /><ent r="3" t="138" w="234" /><ent r="3" t="138" w="452" /><ent r="3" t="138" w="475" /><ent r="3" t="138" w="515" /><ent r="3" t="138" w="580" /><ent r="3" t="142" w="12" /><ent r="8" t="144" w="120" /><ent r="3" t="402" w="52" /><ent r="3" t="402" w="52" /><ent r="66" t="403" w="40" /><ent r="3" t="404" w="1447" /><ent r="67" t="411" w="29" /><ent r="67" t="411" w="60" /><ent r="68" t="414" w="33" /><ent r="68" t="414" w="82" /><ent r="55" t="414" w="169" /></phr></stem><stem n="bd960"><phr n="BD960"><ent r="5" t="0" w="44" /><ent r="5" t="0" w="44" /><ent r="1000" t="147" w="3" /><ent r="1000" t="147" w="3" /><ent r="92" t="147" w="9" /><ent r="92" t="147" w="9" /><ent r="1000" t="148" w="1" /><ent r="1000" t="148" w="1" /><ent r="92" t="148" w="4" /><ent r="92" t="148" w="4" /><ent r="1000" t="155" w="3" /><ent r="143" t="155" w="8" /><ent r="3" t="155" w="18" /><ent r="3" t="155" w="18" /><ent r="1000" t="156" w="1" /><ent r="1000" t="156" w="1" /><ent r="92" t="156" w="5" /><ent r="92" t="156" w="5" /><ent r="3" t="157" w="154" /><ent r="3" t="157" w="154" /><ent r="1000" t="158" w="5" /><ent r="143" t="158" w="12" /><ent r="8" t="158" w="49" /><ent r="8" t="158" w="49" /><ent r="8" t="159" w="165" /><ent r="8" t="159" w="165" /><ent r="65" t="160" w="141" /><ent r="65" t="160" w="141" /><ent r="3" t="163" w="18" /><ent r="3" t="163" w="18" /><ent r="3" t="163" w="86" /><ent r="3" t="163" w="86" /><ent r="4" t="164" w="23" /><ent r="4" t="164" w="23" /><ent r="6" t="164" w="334" /><ent r="6" t="164" w="334" /><ent r="65" t="164" w="549" /><ent r="65" t="164" w="549" /><ent r="5" t="196" w="63" /><ent r="3" t="276" w="1655" /><ent r="3" t="276" w="1655" /><ent r="3" t="280" w="7" /><ent r="6" t="361" w="245" /><ent r="6" t="361" w="245" /><ent r="66" t="403" w="45" /><ent r="66" t="403" w="45" /><ent r="3" t="404" w="1448" /><ent r="67" t="413" w="58" /><ent r="68" t="414" w="39" /><ent r="68" t="414" w="39" /><ent r="68" t="414" w="85" /><ent r="68" t="414" w="85" /><ent r="55" t="414" w="171" /><ent r="55" t="414" w="171" /><ent r="55" t="414" w="189" /><ent r="55" t="414" w="189" /><ent r="67" t="417" w="155" /><ent r="67" t="417" w="173" /><ent r="67" t="417" w="173" /><ent r="92" t="463" w="21" /><ent r="92" t="463" w="21" /><ent r="54" t="475" w="397" /><ent r="54" t="475" w="397" /><ent r="54" t="477" w="674" /><ent r="54" t="477" w="674" /></phr></stem><stem n="bd970"><phr n="BD970"><ent r="5" t="0" w="45" /><ent r="5" t="0" w="45" /><ent r="1000" t="172" w="3" /><ent r="1000" t="172" w="3" /><ent r="92" t="172" w="9" /><ent r="92" t="172" w="9" /><ent r="1000" t="173" w="1" /><ent r="1000" t="173" w="1" /><ent r="92" t="173" w="4" /><ent r="92" t="173" w="4" /><ent r="1000" t="180" w="3" /><ent r="143" t="180" w="8" /><ent r="3" t="180" w="18" /><ent r="3" t="180" w="18" /><ent r="1000" t="181" w="1" /><ent r="1000" t="181" w="1" /><ent r="92" t="181" w="5" /><ent r="92" t="181" w="5" /><ent r="1000" t="184" w="3" /><ent r="143" t="184" w="8" /><ent r="3" t="195" w="154" /><ent r="3" t="195" w="154" /><ent r="1000" t="196" w="5" /><ent r="143" t="196" w="12" /><ent r="5" t="196" w="66" /><ent r="5" t="196" w="66" /><ent r="8" t="196" w="165" /><ent r="8" t="196" w="165" /><ent r="8" t="197" w="165" /><ent r="8" t="197" w="165" /><ent r="5" t="220" w="65" /><ent r="5" t="220" w="65" /><ent r="3" t="276" w="1657" /><ent r="3" t="276" w="1657" /><ent r="6" t="361" w="252" /><ent r="6" t="361" w="252" /><ent r="6" t="376" w="161" /><ent r="6" t="376" w="161" /><ent r="72" t="401" w="107" /><ent r="66" t="403" w="50" /><ent r="66" t="403" w="50" /><ent r="3" t="404" w="137" /><ent r="3" t="404" w="1449" /><ent r="67" t="412" w="205" /><ent r="67" t="412" w="205" /><ent r="67" t="412" w="221" /><ent r="67" t="413" w="64" /><ent r="68" t="414" w="45" /><ent r="68" t="414" w="45" /><ent r="68" t="414" w="88" /><ent r="68" t="414" w="88" /><ent r="55" t="414" w="173" /><ent r="55" t="414" w="173" /><ent r="55" t="414" w="191" /><ent r="55" t="414" w="191" /><ent r="67" t="417" w="159" /><ent r="92" t="463" w="27" /><ent r="92" t="463" w="27" /><ent r="54" t="475" w="405" /><ent r="54" t="475" w="405" /><ent r="54" t="477" w="682" /><ent r="54" t="477" w="682" /></phr></stem><stem n="bd982"><phr n="BD982"><ent r="5" t="0" w="46" /><ent r="3" t="10" w="90" /><ent r="3" t="10" w="90" /><ent r="7" t="188" w="175" /><ent r="7" t="188" w="175" /><ent r="5" t="196" w="64" /><ent r="5" t="196" w="64" /><ent r="1000" t="198" w="3" /><ent r="1000" t="198" w="3" /><ent r="92" t="198" w="9" /><ent r="92" t="198" w="9" /><ent r="1000" t="199" w="1" /><ent r="1000" t="199" w="1" /><ent r="92" t="199" w="4" /><ent r="92" t="199" w="4" /><ent r="1000" t="206" w="3" /><ent r="143" t="206" w="8" /><ent r="3" t="206" w="18" /><ent r="3" t="206" w="18" /><ent r="1000" t="207" w="1" /><ent r="1000" t="207" w="1" /><ent r="92" t="207" w="5" /><ent r="92" t="207" w="5" /><ent r="7" t="215" w="175" /><ent r="7" t="215" w="175" /><ent r="3" t="219" w="154" /><ent r="3" t="219" w="154" /><ent r="1000" t="220" w="5" /><ent r="143" t="220" w="12" /><ent r="5" t="220" w="67" /><ent r="5" t="220" w="67" /><ent r="8" t="220" w="169" /><ent r="8" t="220" w="169" /><ent r="3" t="220" w="200" /><ent r="3" t="220" w="200" /><ent r="8" t="221" w="165" /><ent r="8" t="221" w="165" /><ent r="65" t="223" w="112" /><ent r="65" t="223" w="112" /><ent r="3" t="225" w="16" /><ent r="3" t="225" w="16" /><ent r="3" t="225" w="83" /><ent r="3" t="225" w="83" /><ent r="4" t="226" w="17" /><ent r="4" t="226" w="17" /><ent r="6" t="226" w="300" /><ent r="6" t="226" w="300" /><ent r="5" t="226" w="421" /><ent r="5" t="226" w="421" /><ent r="65" t="226" w="590" /><ent r="65" t="226" w="590" /><ent r="6" t="233" w="31" /><ent r="6" t="233" w="31" /><ent r="6" t="233" w="42" /><ent r="6" t="233" w="42" /><ent r="7" t="234" w="369" /><ent r="7" t="234" w="369" /><ent r="54" t="244" w="93" /><ent r="54" t="244" w="93" /><ent r="54" t="244" w="135" /><ent r="54" t="244" w="135" /><ent r="54" t="244" w="231" /><ent r="54" t="244" w="231" /><ent r="54" t="244" w="351" /><ent r="54" t="244" w="351" /><ent r="56" t="244" w="606" /><ent r="56" t="244" w="606" /><ent r="56" t="244" w="628" /><ent r="56" t="244" w="628" /><ent r="54" t="244" w="835" /><ent r="54" t="244" w="835" /><ent r="54" t="245" w="109" /><ent r="54" t="245" w="109" /><ent r="54" t="264" w="36" /><ent r="54" t="264" w="36" /><ent r="54" t="264" w="60" /><ent r="54" t="264" w="60" /><ent r="54" t="264" w="66" /><ent r="54" t="264" w="66" /><ent r="54" t="266" w="23" /><ent r="54" t="266" w="23" /><ent r="3" t="276" w="1696" /><ent r="3" t="276" w="1696" /><ent r="3" t="280" w="8" /><ent r="6" t="361" w="273" /><ent r="6" t="361" w="273" /><ent r="6" t="376" w="163" /><ent r="3" t="378" w="25" /><ent r="3" t="400" w="537" /><ent r="3" t="400" w="537" /><ent r="72" t="400" w="610" /><ent r="72" t="400" w="610" /><ent r="3" t="400" w="622" /><ent r="3" t="400" w="622" /><ent r="72" t="400" w="848" /><ent r="72" t="400" w="848" /><ent r="3" t="400" w="861" /><ent r="3" t="400" w="861" /><ent r="6" t="400" w="1929" /><ent r="6" t="400" w="1929" /><ent r="8" t="400" w="2126" /><ent r="8" t="400" w="2126" /><ent r="8" t="400" w="2143" /><ent r="8" t="400" w="2143" /><ent r="8" t="400" w="2160" /><ent r="8" t="400" w="2160" /><ent r="66" t="403" w="55" /><ent r="66" t="403" w="55" /><ent r="3" t="404" w="138" /><ent r="3" t="404" w="1450" /><ent r="67" t="412" w="247" /><ent r="67" t="412" w="247" /><ent r="67" t="413" w="70" /><ent r="68" t="414" w="51" /><ent r="68" t="414" w="51" /><ent r="68" t="414" w="91" /><ent r="68" t="414" w="91" /><ent r="55" t="414" w="175" /><ent r="55" t="414" w="175" /><ent r="55" t="414" w="193" /><ent r="55" t="414" w="193" /><ent r="67" t="417" w="163" /><ent r="92" t="463" w="33" /><ent r="92" t="463" w="33" /><ent r="54" t="475" w="407" /><ent r="54" t="475" w="407" /><ent r="54" t="477" w="684" /><ent r="54" t="477" w="684" /><ent r="54" t="486" w="45" /><ent r="54" t="486" w="45" /></phr></stem><stem n="bx9xx"><phr n="BX9xx"><ent r="5" t="0" w="49" /><ent r="5" t="0" w="49" /></phr></stem><stem n="enclosur"><phr n="enclosures"><ent r="5" t="0" w="52" /><ent r="5" t="0" w="52" /><ent r="5" t="0" w="69" /><ent r="5" t="0" w="69" /></phr><phr n="enclosure"><ent r="3" t="160" w="20" /><ent r="3" t="160" w="20" /><ent r="3" t="163" w="14" /><ent r="3" t="163" w="14" /><ent r="3" t="163" w="83" /><ent r="3" t="163" w="83" /><ent r="3" t="163" w="164" /><ent r="3" t="164" w="544" /><ent r="3" t="223" w="14" /><ent r="3" t="223" w="14" /><ent r="3" t="225" w="12" /><ent r="3" t="225" w="12" /><ent r="3" t="226" w="585" /></phr></stem><stem n="hous"><phr n="housed"><ent r="5" t="0" w="66" /><ent r="5" t="0" w="66" /></phr><phr n="housing"><ent r="8" t="74" w="27" /><ent r="4" t="161" w="171" /><ent r="4" t="161" w="171" /><ent r="5" t="162" w="160" /><ent r="5" t="162" w="160" /><ent r="4" t="425" w="156" /><ent r="4" t="425" w="156" /></phr><phr n="housings"><ent r="3" t="155" w="32" /><ent r="3" t="155" w="32" /><ent r="3" t="169" w="32" /><ent r="3" t="169" w="32" /><ent r="3" t="180" w="32" /><ent r="3" t="180" w="32" /><ent r="3" t="206" w="32" /><ent r="3" t="206" w="32" /><ent r="3" t="232" w="32" /><ent r="3" t="232" w="32" /><ent r="4" t="411" w="104" /><ent r="4" t="411" w="104" /></phr></stem><stem n="rug"><phr n="rugged"><ent r="5" t="0" w="68" /><ent r="5" t="0" w="68" /></phr><phr n="Rugged"><ent r="6" t="152" w="147" /><ent r="6" t="152" w="147" /><ent r="6" t="152" w="200" /><ent r="6" t="152" w="200" /><ent r="4" t="161" w="166" /><ent r="4" t="161" w="166" /><ent r="5" t="162" w="155" /><ent r="5" t="162" w="155" /><ent r="4" t="425" w="151" /><ent r="4" t="425" w="151" /></phr></stem><stem n="bx960"><phr n="BX960"><ent r="5" t="0" w="70" /><ent r="5" t="0" w="70" /><ent r="5" t="0" w="71" /><ent r="1000" t="160" w="3" /><ent r="1000" t="160" w="3" /><ent r="1000" t="160" w="5" /><ent r="92" t="160" w="11" /><ent r="92" t="160" w="11" /><ent r="92" t="160" w="13" /><ent r="3" t="160" w="18" /><ent r="3" t="160" w="18" /><ent r="3" t="160" w="39" /><ent r="3" t="160" w="39" /><ent r="3" t="160" w="55" /><ent r="3" t="160" w="71" /><ent r="3" t="160" w="71" /><ent r="1000" t="161" w="1" /><ent r="1000" t="161" w="1" /><ent r="92" t="161" w="4" /><ent r="92" t="161" w="4" /><ent r="1000" t="162" w="1" /><ent r="92" t="162" w="5" /><ent r="82" t="163" w="7" /><ent r="82" t="163" w="7" /><ent r="3" t="163" w="10" /><ent r="3" t="163" w="10" /><ent r="82" t="163" w="55" /><ent r="3" t="163" w="80" /><ent r="3" t="163" w="162" /><ent r="1000" t="164" w="3" /><ent r="1000" t="164" w="3" /><ent r="1000" t="164" w="5" /><ent r="92" t="164" w="11" /><ent r="92" t="164" w="11" /><ent r="92" t="164" w="13" /><ent r="65" t="164" w="54" /><ent r="65" t="164" w="54" /><ent r="65" t="164" w="61" /><ent r="82" t="164" w="68" /><ent r="82" t="164" w="68" /><ent r="82" t="164" w="100" /><ent r="82" t="164" w="156" /><ent r="82" t="164" w="156" /><ent r="82" t="164" w="254" /><ent r="82" t="164" w="254" /><ent r="82" t="164" w="256" /><ent r="82" t="164" w="413" /><ent r="3" t="164" w="541" /><ent r="8" t="165" w="126" /><ent r="6" t="166" w="93" /><ent r="6" t="166" w="108" /><ent r="6" t="167" w="34" /><ent r="8" t="168" w="53" /><ent r="8" t="168" w="53" /><ent r="8" t="168" w="60" /><ent r="1000" t="169" w="3" /><ent r="143" t="169" w="8" /><ent r="3" t="169" w="18" /><ent r="3" t="169" w="18" /><ent r="1000" t="170" w="1" /><ent r="1000" t="170" w="1" /><ent r="92" t="170" w="6" /><ent r="92" t="170" w="6" /><ent r="1000" t="171" w="1" /><ent r="92" t="171" w="7" /><ent r="3" t="280" w="9" /><ent r="66" t="403" w="60" /><ent r="66" t="403" w="60" /><ent r="66" t="403" w="62" /><ent r="3" t="404" w="1451" /><ent r="3" t="404" w="1452" /><ent r="68" t="414" w="57" /><ent r="68" t="414" w="57" /><ent r="68" t="414" w="59" /><ent r="68" t="414" w="94" /><ent r="68" t="414" w="94" /><ent r="68" t="414" w="97" /><ent r="68" t="414" w="106" /><ent r="68" t="414" w="106" /><ent r="68" t="414" w="108" /><ent r="67" t="417" w="167" /><ent r="67" t="417" w="177" /><ent r="67" t="417" w="177" /><ent r="67" t="417" w="182" /><ent r="1000" t="425" w="1" /><ent r="1000" t="425" w="1" /><ent r="1000" t="425" w="3" /><ent r="102" t="425" w="7" /><ent r="102" t="425" w="7" /><ent r="102" t="425" w="9" /><ent r="92" t="425" w="158" /><ent r="92" t="425" w="158" /><ent r="92" t="425" w="180" /></phr></stem><stem n="bx960-2"><phr n="BX960-2"><ent r="5" t="0" w="71" /><ent r="5" t="0" w="71" /><ent r="1000" t="160" w="5" /><ent r="1000" t="160" w="5" /><ent r="92" t="160" w="13" /><ent r="92" t="160" w="13" /><ent r="3" t="160" w="55" /><ent r="1000" t="162" w="1" /><ent r="1000" t="162" w="1" /><ent r="92" t="162" w="5" /><ent r="92" t="162" w="5" /><ent r="82" t="163" w="55" /><ent r="82" t="163" w="55" /><ent r="3" t="163" w="80" /><ent r="3" t="163" w="80" /><ent r="3" t="163" w="162" /><ent r="3" t="163" w="162" /><ent r="1000" t="164" w="5" /><ent r="1000" t="164" w="5" /><ent r="92" t="164" w="13" /><ent r="92" t="164" w="13" /><ent r="65" t="164" w="61" /><ent r="65" t="164" w="61" /><ent r="82" t="164" w="100" /><ent r="82" t="164" w="100" /><ent r="82" t="164" w="256" /><ent r="82" t="164" w="256" /><ent r="82" t="164" w="413" /><ent r="82" t="164" w="413" /><ent r="3" t="164" w="541" /><ent r="3" t="164" w="541" /><ent r="8" t="165" w="126" /><ent r="8" t="165" w="126" /><ent r="6" t="166" w="93" /><ent r="6" t="166" w="93" /><ent r="6" t="166" w="108" /><ent r="6" t="166" w="108" /><ent r="6" t="167" w="34" /><ent r="8" t="168" w="60" /><ent r="8" t="168" w="60" /><ent r="1000" t="171" w="1" /><ent r="1000" t="171" w="1" /><ent r="92" t="171" w="7" /><ent r="92" t="171" w="7" /><ent r="66" t="403" w="62" /><ent r="66" t="403" w="62" /><ent r="3" t="404" w="1452" /><ent r="68" t="414" w="59" /><ent r="68" t="414" w="59" /><ent r="68" t="414" w="97" /><ent r="68" t="414" w="97" /><ent r="68" t="414" w="108" /><ent r="68" t="414" w="108" /><ent r="67" t="417" w="182" /><ent r="67" t="417" w="182" /><ent r="1000" t="425" w="3" /><ent r="1000" t="425" w="3" /><ent r="102" t="425" w="9" /><ent r="102" t="425" w="9" /><ent r="92" t="425" w="180" /><ent r="92" t="425" w="180" /></phr></stem><stem n="2"><phr n="2"><ent r="5" t="0" w="72" /><ent r="3" t="8" w="130" /><ent r="3" t="8" w="130" /><ent r="4" t="14" w="189" /><ent r="4" t="14" w="189" /><ent r="4" t="14" w="225" /><ent r="4" t="14" w="227" /><ent r="4" t="14" w="228" /><ent r="4" t="14" w="229" /><ent r="3" t="16" w="21" /><ent r="3" t="16" w="21" /><ent r="8" t="17" w="93" /><ent r="8" t="17" w="93" /><ent r="8" t="17" w="136" /><ent r="8" t="17" w="136" /><ent r="7" t="18" w="126" /><ent r="7" t="18" w="126" /><ent r="7" t="19" w="36" /><ent r="7" t="19" w="36" /><ent r="6" t="20" w="57" /><ent r="6" t="20" w="68" /><ent r="6" t="20" w="68" /><ent r="6" t="20" w="87" /><ent r="6" t="20" w="89" /><ent r="6" t="20" w="105" /><ent r="6" t="20" w="110" /><ent r="6" t="20" w="113" /><ent r="6" t="20" w="115" /><ent r="8" t="22" w="82" /><ent r="8" t="22" w="82" /><ent r="6" t="24" w="61" /><ent r="6" t="24" w="61" /><ent r="6" t="24" w="226" /><ent r="6" t="24" w="319" /><ent r="6" t="24" w="392" /><ent r="6" t="24" w="643" /><ent r="6" t="24" w="643" /><ent r="6" t="24" w="675" /><ent r="6" t="24" w="675" /><ent r="6" t="24" w="708" /><ent r="6" t="24" w="708" /><ent r="6" t="24" w="731" /><ent r="6" t="24" w="731" /><ent r="6" t="24" w="741" /><ent r="6" t="24" w="741" /><ent r="5" t="25" w="219" /><ent r="5" t="25" w="219" /><ent r="5" t="26" w="109" /><ent r="5" t="26" w="109" /><ent r="7" t="29" w="101" /><ent r="6" t="31" w="74" /><ent r="6" t="31" w="74" /><ent r="6" t="32" w="102" /><ent r="6" t="32" w="102" /><ent r="7" t="32" w="110" /><ent r="7" t="32" w="110" /><ent r="7" t="32" w="181" /><ent r="7" t="32" w="181" /><ent r="3" t="33" w="16" /><ent r="3" t="33" w="37" /><ent r="3" t="34" w="68" /><ent r="3" t="34" w="68" /><ent r="6" t="35" w="83" /><ent r="6" t="35" w="83" /><ent r="6" t="35" w="88" /><ent r="6" t="35" w="196" /><ent r="6" t="35" w="196" /><ent r="6" t="35" w="221" /><ent r="6" t="35" w="221" /><ent r="3" t="37" w="24" /><ent r="3" t="37" w="24" /><ent r="6" t="38" w="92" /><ent r="4" t="41" w="88" /><ent r="4" t="41" w="88" /><ent r="4" t="45" w="189" /><ent r="4" t="45" w="189" /><ent r="4" t="45" w="225" /><ent r="4" t="45" w="227" /><ent r="4" t="45" w="228" /><ent r="4" t="45" w="229" /><ent r="3" t="47" w="21" /><ent r="3" t="47" w="21" /><ent r="8" t="48" w="93" /><ent r="8" t="48" w="93" /><ent r="8" t="48" w="136" /><ent r="8" t="48" w="136" /><ent r="7" t="49" w="129" /><ent r="7" t="49" w="129" /><ent r="7" t="50" w="36" /><ent r="7" t="50" w="36" /><ent r="6" t="51" w="57" /><ent r="6" t="51" w="68" /><ent r="6" t="51" w="68" /><ent r="6" t="51" w="87" /><ent r="6" t="51" w="89" /><ent r="6" t="51" w="105" /><ent r="6" t="51" w="110" /><ent r="6" t="51" w="113" /><ent r="6" t="51" w="115" /><ent r="8" t="53" w="80" /><ent r="8" t="53" w="80" /><ent r="6" t="55" w="61" /><ent r="6" t="55" w="61" /><ent r="6" t="55" w="226" /><ent r="6" t="55" w="319" /><ent r="6" t="55" w="392" /><ent r="6" t="55" w="651" /><ent r="6" t="55" w="651" /><ent r="6" t="55" w="683" /><ent r="6" t="55" w="683" /><ent r="6" t="55" w="716" /><ent r="6" t="55" w="716" /><ent r="6" t="55" w="739" /><ent r="6" t="55" w="739" /><ent r="6" t="55" w="749" /><ent r="6" t="55" w="749" /><ent r="5" t="56" w="219" /><ent r="5" t="56" w="219" /><ent r="5" t="58" w="109" /><ent r="5" t="58" w="109" /><ent r="7" t="60" w="101" /><ent r="6" t="62" w="74" /><ent r="6" t="62" w="74" /><ent r="7" t="63" w="102" /><ent r="7" t="63" w="102" /><ent r="7" t="63" w="110" /><ent r="7" t="63" w="110" /><ent r="7" t="63" w="181" /><ent r="7" t="63" w="181" /><ent r="3" t="64" w="16" /><ent r="3" t="64" w="37" /><ent r="6" t="65" w="92" /><ent r="4" t="67" w="76" /><ent r="4" t="67" w="76" /><ent r="4" t="70" w="116" /><ent r="4" t="70" w="246" /><ent r="4" t="70" w="246" /><ent r="4" t="70" w="282" /><ent r="4" t="70" w="284" /><ent r="4" t="70" w="285" /><ent r="4" t="70" w="286" /><ent r="3" t="71" w="21" /><ent r="3" t="71" w="21" /><ent r="8" t="72" w="93" /><ent r="8" t="72" w="93" /><ent r="8" t="72" w="136" /><ent r="8" t="72" w="136" /><ent r="7" t="73" w="47" /><ent r="7" t="73" w="55" /><ent r="7" t="73" w="181" /><ent r="7" t="73" w="181" /><ent r="7" t="74" w="56" /><ent r="7" t="74" w="56" /><ent r="6" t="75" w="66" /><ent r="6" t="75" w="88" /><ent r="6" t="75" w="99" /><ent r="6" t="75" w="99" /><ent r="6" t="75" w="118" /><ent r="6" t="75" w="120" /><ent r="6" t="75" w="136" /><ent r="6" t="75" w="141" /><ent r="6" t="75" w="144" /><ent r="6" t="75" w="146" /><ent r="8" t="77" w="50" /><ent r="8" t="77" w="50" /><ent r="6" t="78" w="49" /><ent r="6" t="78" w="49" /><ent r="6" t="78" w="122" /><ent r="6" t="78" w="198" /><ent r="6" t="78" w="261" /><ent r="6" t="78" w="335" /><ent r="6" t="78" w="335" /><ent r="6" t="78" w="386" /><ent r="8" t="79" w="52" /><ent r="8" t="79" w="60" /><ent r="7" t="81" w="101" /><ent r="3" t="84" w="16" /><ent r="3" t="84" w="37" /><ent r="3" t="86" w="68" /><ent r="3" t="86" w="68" /><ent r="6" t="87" w="83" /><ent r="6" t="87" w="83" /><ent r="6" t="87" w="88" /><ent r="6" t="87" w="196" /><ent r="6" t="87" w="196" /><ent r="6" t="87" w="221" /><ent r="6" t="87" w="221" /><ent r="3" t="89" w="23" /><ent r="3" t="89" w="23" /><ent r="3" t="91" w="444" /><ent r="7" t="91" w="763" /><ent r="3" t="91" w="1336" /><ent r="3" t="91" w="1336" /><ent r="7" t="91" w="1462" /><ent r="7" t="91" w="1545" /><ent r="3" t="91" w="1718" /><ent r="4" t="92" w="76" /><ent r="4" t="92" w="76" /><ent r="3" t="95" w="64" /><ent r="3" t="95" w="64" /><ent r="4" t="96" w="132" /><ent r="5" t="96" w="247" /><ent r="5" t="96" w="249" /><ent r="5" t="96" w="250" /><ent r="5" t="96" w="251" /><ent r="3" t="98" w="21" /><ent r="3" t="98" w="21" /><ent r="8" t="99" w="93" /><ent r="8" t="99" w="93" /><ent r="8" t="99" w="136" /><ent r="8" t="99" w="136" /><ent r="7" t="100" w="53" /><ent r="7" t="100" w="54" /><ent r="7" t="100" w="54" /><ent r="7" t="100" w="142" /><ent r="7" t="100" w="142" /><ent r="7" t="101" w="36" /><ent r="7" t="101" w="36" /><ent r="7" t="102" w="57" /><ent r="7" t="102" w="68" /><ent r="7" t="102" w="68" /><ent r="7" t="102" w="87" /><ent r="7" t="102" w="89" /><ent r="7" t="102" w="105" /><ent r="7" t="102" w="110" /><ent r="7" t="102" w="113" /><ent r="7" t="102" w="115" /><ent r="8" t="104" w="84" /><ent r="8" t="104" w="84" /><ent r="6" t="106" w="61" /><ent r="6" t="106" w="61" /><ent r="6" t="106" w="226" /><ent r="6" t="106" w="319" /><ent r="6" t="106" w="392" /><ent r="6" t="106" w="651" /><ent r="6" t="106" w="651" /><ent r="6" t="106" w="683" /><ent r="6" t="106" w="683" /><ent r="6" t="106" w="716" /><ent r="6" t="106" w="716" /><ent r="6" t="106" w="739" /><ent r="6" t="106" w="739" /><ent r="6" t="106" w="749" /><ent r="6" t="106" w="749" /><ent r="5" t="107" w="219" /><ent r="5" t="107" w="219" /><ent r="9" t="108" w="70" /><ent r="9" t="108" w="71" /><ent r="9" t="108" w="71" /><ent r="5" t="109" w="109" /><ent r="5" t="109" w="109" /><ent r="7" t="111" w="104" /><ent r="7" t="113" w="76" /><ent r="7" t="113" w="76" /><ent r="7" t="114" w="103" /><ent r="7" t="114" w="103" /><ent r="7" t="114" w="111" /><ent r="7" t="114" w="111" /><ent r="7" t="114" w="183" /><ent r="7" t="114" w="183" /><ent r="3" t="115" w="19" /><ent r="3" t="115" w="93" /><ent r="3" t="115" w="312" /><ent r="3" t="116" w="69" /><ent r="3" t="116" w="69" /><ent r="6" t="117" w="83" /><ent r="6" t="117" w="83" /><ent r="6" t="117" w="88" /><ent r="6" t="117" w="196" /><ent r="6" t="117" w="196" /><ent r="6" t="117" w="221" /><ent r="6" t="117" w="221" /><ent r="3" t="118" w="87" /><ent r="3" t="118" w="87" /><ent r="7" t="118" w="104" /><ent r="7" t="118" w="104" /><ent r="3" t="119" w="23" /><ent r="3" t="119" w="23" /><ent r="7" t="120" w="96" /><ent r="4" t="122" w="76" /><ent r="4" t="122" w="76" /><ent r="3" t="124" w="120" /><ent r="3" t="124" w="120" /><ent r="5" t="125" w="136" /><ent r="5" t="125" w="277" /><ent r="5" t="125" w="279" /><ent r="5" t="125" w="280" /><ent r="5" t="125" w="281" /><ent r="7" t="127" w="41" /><ent r="7" t="127" w="53" /><ent r="7" t="127" w="160" /><ent r="7" t="127" w="160" /><ent r="8" t="130" w="47" /><ent r="8" t="130" w="47" /><ent r="7" t="131" w="49" /><ent r="7" t="131" w="49" /><ent r="7" t="131" w="123" /><ent r="7" t="131" w="201" /><ent r="7" t="131" w="266" /><ent r="7" t="131" w="414" /><ent r="7" t="131" w="662" /><ent r="7" t="131" w="662" /><ent r="7" t="131" w="686" /><ent r="7" t="131" w="686" /><ent r="7" t="131" w="698" /><ent r="7" t="131" w="761" /><ent r="7" t="131" w="761" /><ent r="7" t="131" w="784" /><ent r="7" t="131" w="784" /><ent r="7" t="132" w="35" /><ent r="8" t="132" w="56" /><ent r="8" t="132" w="70" /><ent r="7" t="134" w="104" /><ent r="7" t="136" w="76" /><ent r="7" t="136" w="76" /><ent r="7" t="137" w="103" /><ent r="7" t="137" w="103" /><ent r="7" t="137" w="111" /><ent r="7" t="137" w="111" /><ent r="7" t="137" w="182" /><ent r="7" t="137" w="182" /><ent r="3" t="138" w="20" /><ent r="3" t="138" w="96" /><ent r="3" t="138" w="248" /><ent r="3" t="139" w="69" /><ent r="3" t="139" w="69" /><ent r="7" t="140" w="84" /><ent r="7" t="140" w="84" /><ent r="7" t="140" w="89" /><ent r="7" t="140" w="89" /><ent r="7" t="140" w="202" /><ent r="7" t="140" w="202" /><ent r="7" t="140" w="227" /><ent r="7" t="140" w="227" /><ent r="3" t="141" w="87" /><ent r="3" t="141" w="87" /><ent r="7" t="141" w="104" /><ent r="7" t="141" w="104" /><ent r="3" t="142" w="24" /><ent r="3" t="142" w="24" /><ent r="7" t="143" w="96" /><ent r="4" t="144" w="76" /><ent r="4" t="144" w="76" /><ent r="4" t="148" w="167" /><ent r="4" t="148" w="169" /><ent r="4" t="148" w="170" /><ent r="4" t="148" w="171" /><ent r="8" t="150" w="164" /><ent r="8" t="150" w="164" /><ent r="6" t="150" w="244" /><ent r="6" t="150" w="244" /><ent r="6" t="151" w="36" /><ent r="6" t="151" w="36" /><ent r="6" t="151" w="117" /><ent r="6" t="151" w="126" /><ent r="6" t="151" w="131" /><ent r="6" t="152" w="32" /><ent r="6" t="152" w="180" /><ent r="6" t="152" w="180" /><ent r="6" t="152" w="189" /><ent r="6" t="152" w="189" /><ent r="6" t="152" w="199" /><ent r="6" t="152" w="199" /><ent r="6" t="152" w="217" /><ent r="6" t="152" w="217" /><ent r="6" t="152" w="226" /><ent r="6" t="152" w="226" /><ent r="7" t="153" w="36" /><ent r="7" t="153" w="36" /><ent r="6" t="154" w="62" /><ent r="6" t="154" w="62" /><ent r="6" t="154" w="81" /><ent r="6" t="154" w="83" /><ent r="6" t="154" w="99" /><ent r="6" t="154" w="104" /><ent r="6" t="154" w="107" /><ent r="6" t="154" w="109" /><ent r="6" t="156" w="41" /><ent r="6" t="156" w="41" /><ent r="8" t="156" w="117" /><ent r="8" t="156" w="119" /><ent r="6" t="156" w="153" /><ent r="6" t="156" w="335" /><ent r="6" t="156" w="335" /><ent r="6" t="156" w="349" /><ent r="6" t="156" w="349" /><ent r="6" t="156" w="363" /><ent r="6" t="156" w="363" /><ent r="6" t="156" w="379" /><ent r="6" t="156" w="379" /><ent r="1000" t="160" w="6" /><ent r="92" t="160" w="14" /><ent r="3" t="160" w="56" /><ent r="1000" t="162" w="2" /><ent r="92" t="162" w="6" /><ent r="5" t="162" w="144" /><ent r="5" t="162" w="144" /><ent r="5" t="162" w="149" /><ent r="5" t="162" w="149" /><ent r="82" t="163" w="56" /><ent r="3" t="163" w="81" /><ent r="3" t="163" w="163" /><ent r="1000" t="164" w="6" /><ent r="92" t="164" w="14" /><ent r="65" t="164" w="62" /><ent r="6" t="164" w="93" /><ent r="6" t="164" w="93" /><ent r="82" t="164" w="101" /><ent r="6" t="164" w="132" /><ent r="6" t="164" w="132" /><ent r="6" t="164" w="144" /><ent r="6" t="164" w="144" /><ent r="4" t="164" w="250" /><ent r="82" t="164" w="257" /><ent r="4" t="164" w="409" /><ent r="82" t="164" w="414" /><ent r="5" t="164" w="479" /><ent r="5" t="164" w="479" /><ent r="4" t="164" w="523" /><ent r="3" t="164" w="542" /><ent r="8" t="165" w="127" /><ent r="8" t="165" w="181" /><ent r="8" t="165" w="181" /><ent r="6" t="166" w="60" /><ent r="6" t="166" w="60" /><ent r="6" t="166" w="94" /><ent r="6" t="166" w="109" /><ent r="6" t="167" w="35" /><ent r="8" t="168" w="61" /><ent r="6" t="168" w="75" /><ent r="6" t="168" w="75" /><ent r="6" t="168" w="94" /><ent r="6" t="168" w="96" /><ent r="6" t="168" w="110" /><ent r="6" t="168" w="115" /><ent r="6" t="168" w="118" /><ent r="6" t="168" w="120" /><ent r="6" t="170" w="33" /><ent r="6" t="170" w="33" /><ent r="6" t="170" w="42" /><ent r="6" t="170" w="53" /><ent r="6" t="170" w="105" /><ent r="6" t="170" w="105" /><ent r="6" t="170" w="198" /><ent r="1000" t="171" w="2" /><ent r="92" t="171" w="8" /><ent r="6" t="171" w="35" /><ent r="6" t="171" w="35" /><ent r="6" t="171" w="44" /><ent r="6" t="171" w="55" /><ent r="6" t="171" w="106" /><ent r="6" t="171" w="106" /><ent r="6" t="171" w="115" /><ent r="6" t="171" w="126" /><ent r="6" t="171" w="178" /><ent r="6" t="171" w="178" /><ent r="6" t="171" w="271" /><ent r="4" t="173" w="179" /><ent r="4" t="173" w="179" /><ent r="4" t="173" w="213" /><ent r="4" t="173" w="215" /><ent r="4" t="173" w="216" /><ent r="4" t="173" w="217" /><ent r="8" t="175" w="189" /><ent r="8" t="175" w="189" /><ent r="6" t="176" w="35" /><ent r="6" t="176" w="35" /><ent r="6" t="176" w="104" /><ent r="6" t="176" w="113" /><ent r="6" t="176" w="118" /><ent r="7" t="177" w="44" /><ent r="7" t="177" w="89" /><ent r="7" t="177" w="89" /><ent r="7" t="178" w="36" /><ent r="7" t="178" w="36" /><ent r="6" t="179" w="57" /><ent r="6" t="179" w="68" /><ent r="6" t="179" w="68" /><ent r="6" t="179" w="89" /><ent r="6" t="179" w="91" /><ent r="6" t="179" w="107" /><ent r="6" t="179" w="112" /><ent r="6" t="179" w="115" /><ent r="6" t="179" w="117" /><ent r="6" t="181" w="50" /><ent r="6" t="181" w="50" /><ent r="6" t="181" w="111" /><ent r="6" t="181" w="412" /><ent r="6" t="181" w="474" /><ent r="6" t="181" w="534" /><ent r="6" t="181" w="534" /><ent r="6" t="181" w="546" /><ent r="6" t="181" w="546" /><ent r="6" t="181" w="563" /><ent r="6" t="181" w="563" /><ent r="6" t="181" w="593" /><ent r="6" t="181" w="593" /><ent r="6" t="181" w="797" /><ent r="6" t="181" w="797" /><ent r="5" t="182" w="219" /><ent r="5" t="182" w="219" /><ent r="5" t="183" w="109" /><ent r="5" t="183" w="109" /><ent r="7" t="184" w="50" /><ent r="6" t="184" w="158" /><ent r="6" t="184" w="158" /><ent r="6" t="187" w="74" /><ent r="6" t="187" w="74" /><ent r="6" t="187" w="77" /><ent r="6" t="187" w="77" /><ent r="6" t="187" w="97" /><ent r="6" t="187" w="97" /><ent r="7" t="187" w="130" /><ent r="7" t="187" w="140" /><ent r="7" t="187" w="140" /><ent r="7" t="188" w="54" /><ent r="7" t="188" w="54" /><ent r="7" t="188" w="62" /><ent r="7" t="188" w="62" /><ent r="7" t="188" w="132" /><ent r="7" t="188" w="132" /><ent r="7" t="188" w="169" /><ent r="7" t="188" w="283" /><ent r="3" t="189" w="16" /><ent r="3" t="189" w="37" /><ent r="6" t="191" w="83" /><ent r="6" t="191" w="83" /><ent r="6" t="191" w="88" /><ent r="6" t="191" w="196" /><ent r="6" t="191" w="196" /><ent r="6" t="191" w="221" /><ent r="6" t="191" w="221" /><ent r="3" t="193" w="21" /><ent r="3" t="193" w="21" /><ent r="3" t="194" w="27" /><ent r="3" t="194" w="120" /><ent r="4" t="199" w="252" /><ent r="4" t="199" w="252" /><ent r="4" t="199" w="289" /><ent r="4" t="199" w="291" /><ent r="4" t="199" w="292" /><ent r="4" t="199" w="293" /><ent r="8" t="201" w="244" /><ent r="8" t="201" w="244" /><ent r="6" t="201" w="285" /><ent r="6" t="201" w="285" /><ent r="6" t="202" w="36" /><ent r="6" t="202" w="36" /><ent r="6" t="202" w="79" /><ent r="6" t="202" w="79" /><ent r="6" t="202" w="103" /><ent r="6" t="202" w="112" /><ent r="6" t="202" w="117" /><ent r="6" t="203" w="24" /><ent r="7" t="203" w="32" /><ent r="7" t="203" w="33" /><ent r="7" t="203" w="33" /><ent r="7" t="203" w="109" /><ent r="7" t="203" w="109" /><ent r="7" t="204" w="36" /><ent r="7" t="204" w="36" /><ent r="6" t="205" w="57" /><ent r="6" t="205" w="68" /><ent r="6" t="205" w="68" /><ent r="6" t="205" w="89" /><ent r="6" t="205" w="91" /><ent r="6" t="205" w="107" /><ent r="6" t="205" w="112" /><ent r="6" t="205" w="115" /><ent r="6" t="205" w="117" /><ent r="6" t="207" w="45" /><ent r="6" t="207" w="45" /><ent r="6" t="207" w="106" /><ent r="6" t="207" w="405" /><ent r="6" t="207" w="467" /><ent r="6" t="207" w="527" /><ent r="6" t="207" w="527" /><ent r="6" t="207" w="539" /><ent r="6" t="207" w="539" /><ent r="6" t="207" w="556" /><ent r="6" t="207" w="556" /><ent r="6" t="207" w="586" /><ent r="6" t="207" w="586" /><ent r="5" t="208" w="219" /><ent r="5" t="208" w="219" /><ent r="5" t="209" w="109" /><ent r="5" t="209" w="109" /><ent r="7" t="210" w="33" /><ent r="7" t="210" w="33" /><ent r="8" t="210" w="93" /><ent r="8" t="210" w="142" /><ent r="8" t="210" w="150" /><ent r="8" t="210" w="159" /><ent r="8" t="210" w="169" /><ent r="8" t="210" w="180" /><ent r="6" t="210" w="267" /><ent r="6" t="210" w="267" /><ent r="7" t="212" w="101" /><ent r="6" t="214" w="74" /><ent r="6" t="214" w="74" /><ent r="6" t="214" w="77" /><ent r="6" t="214" w="77" /><ent r="6" t="214" w="97" /><ent r="6" t="214" w="97" /><ent r="7" t="214" w="130" /><ent r="7" t="214" w="140" /><ent r="7" t="214" w="140" /><ent r="7" t="215" w="54" /><ent r="7" t="215" w="54" /><ent r="7" t="215" w="62" /><ent r="7" t="215" w="62" /><ent r="7" t="215" w="132" /><ent r="7" t="215" w="132" /><ent r="7" t="215" w="169" /><ent r="7" t="215" w="283" /><ent r="3" t="216" w="18" /><ent r="3" t="216" w="141" /><ent r="3" t="217" w="55" /><ent r="3" t="217" w="55" /><ent r="3" t="218" w="27" /><ent r="3" t="218" w="120" /><ent r="4" t="224" w="260" /><ent r="4" t="224" w="260" /><ent r="4" t="224" w="297" /><ent r="4" t="224" w="299" /><ent r="4" t="224" w="300" /><ent r="4" t="224" w="301" /><ent r="6" t="226" w="75" /><ent r="6" t="226" w="75" /><ent r="4" t="226" w="196" /><ent r="4" t="226" w="196" /><ent r="5" t="226" w="240" /><ent r="4" t="226" w="378" /><ent r="8" t="227" w="226" /><ent r="8" t="227" w="226" /><ent r="6" t="227" w="267" /><ent r="6" t="227" w="267" /><ent r="6" t="228" w="40" /><ent r="6" t="228" w="40" /><ent r="7" t="230" w="36" /><ent r="7" t="230" w="36" /><ent r="6" t="231" w="57" /><ent r="6" t="231" w="68" /><ent r="6" t="231" w="68" /><ent r="6" t="231" w="89" /><ent r="6" t="231" w="91" /><ent r="6" t="231" w="107" /><ent r="6" t="231" w="112" /><ent r="6" t="231" w="115" /><ent r="6" t="231" w="117" /><ent r="6" t="233" w="24" /><ent r="6" t="233" w="24" /><ent r="6" t="233" w="87" /><ent r="6" t="233" w="87" /><ent r="6" t="233" w="138" /><ent r="6" t="233" w="138" /><ent r="6" t="233" w="167" /><ent r="6" t="233" w="167" /><ent r="6" t="233" w="177" /><ent r="6" t="233" w="177" /><ent r="6" t="233" w="254" /><ent r="7" t="235" w="277" /><ent r="7" t="235" w="321" /><ent r="7" t="235" w="1935" /><ent r="7" t="235" w="1935" /><ent r="7" t="235" w="2862" /><ent r="7" t="235" w="2862" /><ent r="7" t="235" w="2877" /><ent r="7" t="235" w="2911" /><ent r="3" t="240" w="496" /><ent r="3" t="240" w="526" /><ent r="3" t="240" w="559" /><ent r="3" t="240" w="582" /><ent r="3" t="242" w="1228" /><ent r="5" t="243" w="315" /><ent r="5" t="243" w="349" /><ent r="3" t="245" w="61" /><ent r="3" t="245" w="61" /><ent r="3" t="245" w="87" /><ent r="3" t="245" w="87" /><ent r="3" t="249" w="323" /><ent r="3" t="249" w="323" /><ent r="4" t="263" w="393" /><ent r="4" t="265" w="64" /><ent r="3" t="265" w="74" /><ent r="4" t="268" w="240" /><ent r="4" t="268" w="240" /><ent r="3" t="268" w="250" /><ent r="3" t="268" w="250" /><ent r="5" t="269" w="190" /><ent r="5" t="269" w="190" /><ent r="3" t="269" w="542" /><ent r="3" t="269" w="542" /><ent r="4" t="270" w="83" /><ent r="4" t="270" w="83" /><ent r="4" t="270" w="100" /><ent r="4" t="270" w="100" /><ent r="5" t="270" w="222" /><ent r="6" t="275" w="65" /><ent r="6" t="275" w="85" /><ent r="6" t="275" w="104" /><ent r="66" t="276" w="61" /><ent r="66" t="276" w="61" /><ent r="3" t="276" w="518" /><ent r="3" t="276" w="518" /><ent r="3" t="276" w="1275" /><ent r="3" t="276" w="1678" /><ent r="3" t="276" w="1678" /><ent r="3" t="276" w="2245" /><ent r="3" t="276" w="2283" /><ent r="3" t="276" w="2290" /><ent r="3" t="276" w="2333" /><ent r="4" t="276" w="2532" /><ent r="4" t="276" w="2532" /><ent r="3" t="276" w="2553" /><ent r="3" t="276" w="2553" /><ent r="6" t="288" w="419" /><ent r="6" t="288" w="429" /><ent r="5" t="288" w="454" /><ent r="5" t="288" w="456" /><ent r="5" t="288" w="456" /><ent r="5" t="288" w="464" /><ent r="5" t="288" w="464" /><ent r="3" t="288" w="569" /><ent r="3" t="288" w="573" /><ent r="3" t="296" w="480" /><ent r="3" t="296" w="480" /><ent r="5" t="308" w="126" /><ent r="5" t="308" w="127" /><ent r="5" t="308" w="144" /><ent r="5" t="308" w="145" /><ent r="5" t="308" w="145" /><ent r="5" t="308" w="165" /><ent r="3" t="323" w="278" /><ent r="6" t="324" w="58" /><ent r="6" t="324" w="58" /><ent r="6" t="325" w="95" /><ent r="6" t="325" w="95" /><ent r="3" t="327" w="45" /><ent r="4" t="329" w="58" /><ent r="4" t="329" w="58" /><ent r="5" t="329" w="121" /><ent r="5" t="329" w="164" /><ent r="6" t="329" w="172" /><ent r="6" t="329" w="172" /><ent r="7" t="329" w="174" /><ent r="7" t="329" w="174" /><ent r="6" t="329" w="177" /><ent r="6" t="329" w="177" /><ent r="3" t="329" w="429" /><ent r="6" t="331" w="85" /><ent r="6" t="331" w="85" /><ent r="6" t="332" w="97" /><ent r="6" t="332" w="97" /><ent r="6" t="332" w="249" /><ent r="6" t="332" w="249" /><ent r="6" t="332" w="270" /><ent r="6" t="332" w="270" /><ent r="6" t="332" w="290" /><ent r="6" t="332" w="290" /><ent r="6" t="332" w="372" /><ent r="6" t="332" w="372" /><ent r="6" t="332" w="390" /><ent r="6" t="332" w="390" /><ent r="6" t="333" w="104" /><ent r="6" t="333" w="104" /><ent r="6" t="334" w="109" /><ent r="6" t="334" w="109" /><ent r="6" t="334" w="166" /><ent r="7" t="334" w="175" /><ent r="7" t="334" w="175" /><ent r="6" t="334" w="193" /><ent r="6" t="334" w="193" /><ent r="6" t="334" w="201" /><ent r="6" t="334" w="201" /><ent r="6" t="334" w="209" /><ent r="6" t="334" w="209" /><ent r="6" t="334" w="325" /><ent r="6" t="334" w="325" /><ent r="6" t="334" w="377" /><ent r="6" t="334" w="377" /><ent r="3" t="334" w="436" /><ent r="6" t="335" w="151" /><ent r="6" t="335" w="151" /><ent r="7" t="335" w="255" /><ent r="4" t="335" w="633" /><ent r="4" t="335" w="633" /><ent r="4" t="335" w="758" /><ent r="4" t="335" w="799" /><ent r="6" t="336" w="122" /><ent r="6" t="336" w="122" /><ent r="7" t="336" w="242" /><ent r="6" t="336" w="343" /><ent r="6" t="336" w="343" /><ent r="4" t="337" w="331" /><ent r="4" t="337" w="372" /><ent r="6" t="338" w="137" /><ent r="6" t="338" w="137" /><ent r="6" t="338" w="153" /><ent r="6" t="338" w="153" /><ent r="6" t="338" w="529" /><ent r="6" t="338" w="529" /><ent r="6" t="338" w="586" /><ent r="3" t="339" w="42" /><ent r="6" t="339" w="94" /><ent r="6" t="339" w="154" /><ent r="6" t="339" w="154" /><ent r="7" t="339" w="343" /><ent r="6" t="340" w="121" /><ent r="6" t="340" w="121" /><ent r="6" t="340" w="195" /><ent r="6" t="340" w="195" /><ent r="7" t="340" w="221" /><ent r="6" t="341" w="152" /><ent r="6" t="341" w="152" /><ent r="6" t="341" w="204" /><ent r="6" t="341" w="204" /><ent r="6" t="342" w="95" /><ent r="6" t="342" w="95" /><ent r="6" t="343" w="109" /><ent r="6" t="343" w="109" /><ent r="6" t="343" w="155" /><ent r="6" t="343" w="155" /><ent r="6" t="343" w="224" /><ent r="6" t="343" w="224" /><ent r="8" t="343" w="313" /><ent r="8" t="343" w="468" /><ent r="6" t="344" w="114" /><ent r="6" t="344" w="123" /><ent r="6" t="344" w="123" /><ent r="6" t="344" w="159" /><ent r="6" t="344" w="159" /><ent r="6" t="344" w="418" /><ent r="6" t="344" w="418" /><ent r="7" t="344" w="477" /><ent r="7" t="344" w="477" /><ent r="6" t="344" w="502" /><ent r="6" t="344" w="518" /><ent r="6" t="344" w="518" /><ent r="8" t="345" w="150" /><ent r="6" t="345" w="162" /><ent r="6" t="345" w="162" /><ent r="6" t="345" w="174" /><ent r="6" t="345" w="174" /><ent r="6" t="345" w="518" /><ent r="6" t="345" w="518" /><ent r="6" t="345" w="584" /><ent r="6" t="346" w="128" /><ent r="6" t="346" w="128" /><ent r="6" t="346" w="140" /><ent r="6" t="346" w="140" /><ent r="6" t="346" w="428" /><ent r="6" t="346" w="428" /><ent r="6" t="346" w="485" /><ent r="6" t="347" w="166" /><ent r="6" t="347" w="166" /><ent r="8" t="347" w="314" /><ent r="8" t="347" w="314" /><ent r="8" t="347" w="364" /><ent r="6" t="348" w="283" /><ent r="6" t="348" w="283" /><ent r="8" t="348" w="355" /><ent r="6" t="348" w="404" /><ent r="6" t="348" w="404" /><ent r="8" t="348" w="562" /><ent r="8" t="348" w="562" /><ent r="8" t="348" w="571" /><ent r="70" t="348" w="647" /><ent r="6" t="348" w="770" /><ent r="6" t="348" w="770" /><ent r="7" t="349" w="253" /><ent r="7" t="349" w="253" /><ent r="7" t="349" w="372" /><ent r="7" t="349" w="372" /><ent r="6" t="349" w="462" /><ent r="6" t="349" w="462" /><ent r="6" t="349" w="475" /><ent r="6" t="349" w="475" /><ent r="6" t="349" w="666" /><ent r="6" t="349" w="666" /><ent r="7" t="350" w="253" /><ent r="7" t="350" w="253" /><ent r="7" t="350" w="372" /><ent r="7" t="350" w="372" /><ent r="6" t="350" w="414" /><ent r="6" t="350" w="414" /><ent r="6" t="350" w="599" /><ent r="6" t="350" w="599" /><ent r="3" t="351" w="52" /><ent r="6" t="351" w="345" /><ent r="6" t="351" w="345" /><ent r="7" t="351" w="386" /><ent r="7" t="351" w="387" /><ent r="7" t="351" w="399" /><ent r="1000" t="352" w="4" /><ent r="92" t="352" w="14" /><ent r="6" t="352" w="50" /><ent r="7" t="352" w="84" /><ent r="7" t="352" w="122" /><ent r="7" t="352" w="129" /><ent r="7" t="352" w="129" /><ent r="6" t="352" w="147" /><ent r="6" t="352" w="147" /><ent r="6" t="352" w="180" /><ent r="6" t="352" w="180" /><ent r="6" t="353" w="116" /><ent r="6" t="353" w="116" /><ent r="6" t="353" w="504" /><ent r="6" t="353" w="504" /><ent r="6" t="353" w="523" /><ent r="6" t="353" w="523" /><ent r="6" t="353" w="542" /><ent r="6" t="353" w="542" /><ent r="6" t="353" w="562" /><ent r="6" t="353" w="562" /><ent r="6" t="353" w="585" /><ent r="6" t="353" w="585" /><ent r="6" t="353" w="608" /><ent r="6" t="353" w="608" /><ent r="6" t="353" w="630" /><ent r="6" t="353" w="630" /><ent r="6" t="353" w="654" /><ent r="6" t="353" w="654" /><ent r="6" t="353" w="735" /><ent r="6" t="353" w="735" /><ent r="6" t="353" w="842" /><ent r="6" t="353" w="842" /><ent r="7" t="353" w="1051" /><ent r="7" t="353" w="1051" /><ent r="7" t="353" w="1076" /><ent r="7" t="353" w="1098" /><ent r="7" t="353" w="1098" /><ent r="7" t="353" w="1193" /><ent r="7" t="353" w="1236" /><ent r="6" t="354" w="45" /><ent r="6" t="354" w="45" /><ent r="6" t="355" w="47" /><ent r="6" t="355" w="47" /><ent r="6" t="356" w="52" /><ent r="6" t="356" w="52" /><ent r="7" t="357" w="48" /><ent r="7" t="357" w="71" /><ent r="6" t="358" w="64" /><ent r="6" t="358" w="64" /><ent r="6" t="360" w="78" /><ent r="6" t="360" w="78" /><ent r="6" t="362" w="116" /><ent r="6" t="363" w="105" /><ent r="6" t="363" w="105" /><ent r="6" t="363" w="400" /><ent r="6" t="363" w="400" /><ent r="6" t="363" w="431" /><ent r="6" t="363" w="431" /><ent r="6" t="363" w="462" /><ent r="6" t="363" w="462" /><ent r="6" t="363" w="493" /><ent r="6" t="363" w="493" /><ent r="6" t="363" w="588" /><ent r="6" t="363" w="642" /><ent r="6" t="363" w="642" /><ent r="6" t="364" w="116" /><ent r="6" t="364" w="116" /><ent r="6" t="364" w="261" /><ent r="6" t="364" w="261" /><ent r="6" t="364" w="378" /><ent r="6" t="364" w="378" /><ent r="6" t="365" w="100" /><ent r="6" t="365" w="100" /><ent r="6" t="365" w="164" /><ent r="6" t="365" w="216" /><ent r="6" t="365" w="216" /><ent r="6" t="365" w="577" /><ent r="6" t="365" w="577" /><ent r="6" t="366" w="157" /><ent r="6" t="366" w="257" /><ent r="6" t="366" w="257" /><ent r="6" t="367" w="158" /><ent r="6" t="367" w="260" /><ent r="6" t="367" w="260" /><ent r="6" t="368" w="158" /><ent r="6" t="368" w="260" /><ent r="6" t="368" w="260" /><ent r="6" t="369" w="158" /><ent r="6" t="369" w="259" /><ent r="6" t="369" w="259" /><ent r="6" t="370" w="157" /><ent r="6" t="370" w="258" /><ent r="6" t="370" w="258" /><ent r="6" t="371" w="159" /><ent r="6" t="371" w="159" /><ent r="6" t="371" w="324" /><ent r="6" t="371" w="324" /><ent r="6" t="371" w="375" /><ent r="6" t="371" w="375" /><ent r="6" t="371" w="534" /><ent r="6" t="372" w="152" /><ent r="6" t="372" w="152" /><ent r="7" t="372" w="389" /><ent r="6" t="372" w="420" /><ent r="6" t="372" w="420" /><ent r="6" t="372" w="516" /><ent r="6" t="372" w="516" /><ent r="7" t="372" w="575" /><ent r="6" t="372" w="673" /><ent r="6" t="372" w="673" /><ent r="7" t="372" w="691" /><ent r="6" t="372" w="822" /><ent r="6" t="372" w="822" /><ent r="68" t="372" w="833" /><ent r="68" t="372" w="833" /><ent r="6" t="372" w="840" /><ent r="6" t="372" w="847" /><ent r="6" t="372" w="847" /><ent r="7" t="372" w="896" /><ent r="7" t="372" w="902" /><ent r="7" t="372" w="902" /><ent r="6" t="372" w="916" /><ent r="6" t="372" w="916" /><ent r="6" t="372" w="1042" /><ent r="6" t="372" w="1042" /><ent r="6" t="372" w="1257" /><ent r="6" t="372" w="1257" /><ent r="6" t="372" w="1263" /><ent r="6" t="372" w="1263" /><ent r="6" t="372" w="1267" /><ent r="6" t="372" w="1267" /><ent r="6" t="372" w="1403" /><ent r="6" t="372" w="1403" /><ent r="6" t="372" w="1421" /><ent r="6" t="372" w="1421" /><ent r="6" t="372" w="1470" /><ent r="6" t="372" w="1470" /><ent r="6" t="372" w="1528" /><ent r="6" t="372" w="1528" /><ent r="6" t="372" w="1702" /><ent r="6" t="372" w="1702" /><ent r="82" t="372" w="1755" /><ent r="82" t="372" w="1755" /><ent r="6" t="372" w="1785" /><ent r="6" t="372" w="1785" /><ent r="6" t="372" w="1860" /><ent r="6" t="372" w="1860" /><ent r="7" t="372" w="1883" /><ent r="7" t="372" w="1883" /><ent r="7" t="372" w="1920" /><ent r="7" t="372" w="1920" /><ent r="6" t="372" w="1961" /><ent r="6" t="372" w="1961" /><ent r="7" t="372" w="1968" /><ent r="7" t="372" w="1968" /><ent r="6" t="373" w="93" /><ent r="6" t="373" w="117" /><ent r="6" t="373" w="117" /><ent r="6" t="373" w="238" /><ent r="6" t="373" w="238" /><ent r="6" t="373" w="247" /><ent r="6" t="373" w="247" /><ent r="6" t="374" w="124" /><ent r="6" t="374" w="124" /><ent r="6" t="374" w="175" /><ent r="6" t="374" w="175" /><ent r="6" t="374" w="275" /><ent r="6" t="374" w="275" /><ent r="6" t="374" w="341" /><ent r="6" t="374" w="341" /><ent r="6" t="375" w="97" /><ent r="6" t="375" w="97" /><ent r="6" t="375" w="163" /><ent r="6" t="376" w="94" /><ent r="6" t="376" w="94" /><ent r="6" t="376" w="155" /><ent r="6" t="376" w="155" /><ent r="6" t="376" w="168" /><ent r="6" t="376" w="168" /><ent r="6" t="377" w="89" /><ent r="6" t="377" w="89" /><ent r="6" t="377" w="163" /><ent r="6" t="377" w="163" /><ent r="6" t="377" w="264" /><ent r="6" t="377" w="264" /><ent r="6" t="377" w="273" /><ent r="6" t="377" w="273" /><ent r="6" t="378" w="97" /><ent r="6" t="378" w="184" /><ent r="6" t="378" w="184" /><ent r="6" t="379" w="187" /><ent r="6" t="379" w="187" /><ent r="6" t="379" w="225" /><ent r="6" t="379" w="225" /><ent r="6" t="381" w="90" /><ent r="6" t="381" w="98" /><ent r="6" t="381" w="98" /><ent r="3" t="382" w="160" /><ent r="3" t="382" w="163" /><ent r="3" t="382" w="164" /><ent r="3" t="382" w="164" /><ent r="3" t="382" w="166" /><ent r="6" t="382" w="263" /><ent r="6" t="382" w="263" /><ent r="6" t="382" w="393" /><ent r="6" t="382" w="393" /><ent r="6" t="382" w="548" /><ent r="6" t="382" w="548" /><ent r="6" t="382" w="653" /><ent r="6" t="383" w="84" /><ent r="6" t="383" w="84" /><ent r="6" t="383" w="118" /><ent r="6" t="383" w="118" /><ent r="6" t="384" w="135" /><ent r="6" t="384" w="135" /><ent r="6" t="384" w="169" /><ent r="6" t="384" w="169" /><ent r="6" t="385" w="62" /><ent r="6" t="385" w="62" /><ent r="6" t="385" w="190" /><ent r="6" t="385" w="190" /><ent r="7" t="385" w="234" /><ent r="6" t="386" w="120" /><ent r="6" t="386" w="120" /><ent r="6" t="387" w="98" /><ent r="6" t="387" w="98" /><ent r="6" t="388" w="81" /><ent r="6" t="388" w="81" /><ent r="66" t="388" w="300" /><ent r="6" t="388" w="613" /><ent r="7" t="388" w="762" /><ent r="7" t="388" w="762" /><ent r="6" t="388" w="1055" /><ent r="6" t="388" w="1055" /><ent r="6" t="388" w="1180" /><ent r="6" t="388" w="1180" /><ent r="6" t="388" w="1350" /><ent r="6" t="388" w="1350" /><ent r="6" t="388" w="1475" /><ent r="6" t="388" w="1475" /><ent r="6" t="389" w="98" /><ent r="6" t="389" w="98" /><ent r="6" t="390" w="213" /><ent r="6" t="390" w="213" /><ent r="6" t="391" w="144" /><ent r="6" t="391" w="144" /><ent r="3" t="391" w="291" /><ent r="3" t="391" w="291" /><ent r="6" t="391" w="348" /><ent r="6" t="391" w="348" /><ent r="3" t="394" w="95" /><ent r="3" t="394" w="98" /><ent r="3" t="394" w="105" /><ent r="7" t="396" w="57" /><ent r="7" t="396" w="57" /><ent r="3" t="396" w="271" /><ent r="7" t="396" w="328" /><ent r="7" t="396" w="328" /><ent r="3" t="397" w="53" /><ent r="3" t="397" w="216" /><ent r="3" t="397" w="279" /><ent r="3" t="397" w="322" /><ent r="3" t="397" w="330" /><ent r="3" t="397" w="331" /><ent r="3" t="397" w="333" /><ent r="3" t="397" w="630" /><ent r="5" t="398" w="542" /><ent r="5" t="398" w="542" /><ent r="5" t="398" w="722" /><ent r="5" t="398" w="859" /><ent r="5" t="398" w="859" /><ent r="5" t="398" w="861" /><ent r="5" t="398" w="878" /><ent r="5" t="398" w="935" /><ent r="5" t="398" w="935" /><ent r="5" t="398" w="964" /><ent r="5" t="398" w="1387" /><ent r="5" t="398" w="1387" /><ent r="5" t="398" w="1389" /><ent r="5" t="398" w="1406" /><ent r="5" t="398" w="1465" /><ent r="5" t="398" w="1514" /><ent r="5" t="398" w="1755" /><ent r="5" t="398" w="1755" /><ent r="5" t="398" w="2058" /><ent r="5" t="398" w="2058" /><ent r="5" t="398" w="2060" /><ent r="5" t="398" w="2074" /><ent r="5" t="398" w="2074" /><ent r="5" t="398" w="2137" /><ent r="5" t="398" w="2137" /><ent r="5" t="398" w="2145" /><ent r="5" t="398" w="2145" /><ent r="5" t="398" w="2173" /><ent r="5" t="398" w="2263" /><ent r="5" t="398" w="2263" /><ent r="5" t="398" w="2265" /><ent r="5" t="398" w="2282" /><ent r="5" t="398" w="2341" /><ent r="5" t="398" w="2390" /><ent r="3" t="398" w="2600" /><ent r="3" t="398" w="2622" /><ent r="3" t="398" w="2644" /><ent r="3" t="398" w="2666" /><ent r="3" t="398" w="2690" /><ent r="3" t="399" w="1077" /><ent r="3" t="399" w="1077" /><ent r="3" t="399" w="1348" /><ent r="3" t="399" w="1348" /><ent r="3" t="399" w="1975" /><ent r="3" t="399" w="1975" /><ent r="3" t="399" w="2108" /><ent r="3" t="399" w="2108" /><ent r="3" t="399" w="2153" /><ent r="3" t="399" w="2153" /><ent r="3" t="399" w="2206" /><ent r="3" t="399" w="2206" /><ent r="3" t="399" w="2211" /><ent r="3" t="399" w="2211" /><ent r="3" t="399" w="3199" /><ent r="3" t="399" w="3199" /><ent r="6" t="400" w="701" /><ent r="6" t="400" w="955" /><ent r="6" t="400" w="1346" /><ent r="6" t="400" w="1546" /><ent r="6" t="400" w="1813" /><ent r="6" t="400" w="1856" /><ent r="7" t="400" w="1973" /><ent r="5" t="400" w="2101" /><ent r="5" t="400" w="2101" /><ent r="8" t="400" w="2130" /><ent r="8" t="400" w="2130" /><ent r="4" t="401" w="79" /><ent r="4" t="401" w="79" /><ent r="4" t="401" w="146" /><ent r="4" t="401" w="229" /><ent r="4" t="401" w="292" /><ent r="4" t="401" w="302" /><ent r="4" t="401" w="302" /><ent r="4" t="401" w="316" /><ent r="4" t="401" w="316" /><ent r="4" t="401" w="323" /><ent r="4" t="401" w="323" /><ent r="72" t="401" w="358" /><ent r="72" t="401" w="358" /><ent r="3" t="401" w="367" /><ent r="3" t="401" w="372" /><ent r="3" t="401" w="478" /><ent r="3" t="401" w="478" /><ent r="3" t="401" w="489" /><ent r="3" t="401" w="489" /><ent r="3" t="401" w="490" /><ent r="3" t="401" w="551" /><ent r="3" t="401" w="551" /><ent r="3" t="401" w="552" /><ent r="3" t="402" w="133" /><ent r="3" t="402" w="138" /><ent r="3" t="402" w="141" /><ent r="3" t="402" w="143" /><ent r="3" t="402" w="879" /><ent r="3" t="402" w="879" /><ent r="3" t="402" w="1116" /><ent r="3" t="402" w="1116" /><ent r="3" t="402" w="1239" /><ent r="3" t="402" w="1239" /><ent r="3" t="402" w="1426" /><ent r="66" t="403" w="63" /><ent r="3" t="404" w="545" /><ent r="3" t="404" w="1453" /><ent r="3" t="405" w="110" /><ent r="68" t="414" w="60" /><ent r="68" t="414" w="98" /><ent r="68" t="414" w="109" /><ent r="67" t="417" w="183" /><ent r="3" t="421" w="465" /><ent r="3" t="421" w="467" /><ent r="5" t="422" w="196" /><ent r="5" t="422" w="196" /><ent r="5" t="422" w="700" /><ent r="5" t="422" w="707" /><ent r="5" t="422" w="719" /><ent r="5" t="422" w="726" /><ent r="5" t="422" w="947" /><ent r="1000" t="425" w="4" /><ent r="102" t="425" w="10" /><ent r="92" t="425" w="181" /><ent r="4" t="425" w="196" /><ent r="4" t="425" w="196" /><ent r="4" t="425" w="201" /><ent r="4" t="425" w="201" /><ent r="7" t="430" w="103" /><ent r="7" t="430" w="103" /><ent r="7" t="430" w="200" /><ent r="7" t="430" w="250" /><ent r="7" t="430" w="250" /><ent r="7" t="430" w="311" /><ent r="7" t="430" w="311" /><ent r="7" t="430" w="317" /><ent r="7" t="430" w="317" /><ent r="8" t="430" w="350" /><ent r="8" t="430" w="350" /><ent r="8" t="430" w="395" /><ent r="8" t="430" w="395" /><ent r="8" t="430" w="436" /><ent r="8" t="430" w="436" /><ent r="8" t="430" w="474" /><ent r="8" t="430" w="474" /><ent r="8" t="430" w="515" /><ent r="8" t="430" w="515" /><ent r="7" t="431" w="194" /><ent r="7" t="431" w="194" /><ent r="7" t="431" w="289" /><ent r="7" t="431" w="338" /><ent r="7" t="431" w="338" /><ent r="7" t="431" w="404" /><ent r="7" t="431" w="404" /><ent r="8" t="431" w="441" /><ent r="8" t="431" w="441" /><ent r="8" t="431" w="486" /><ent r="8" t="431" w="486" /><ent r="8" t="431" w="527" /><ent r="8" t="431" w="527" /><ent r="8" t="431" w="565" /><ent r="8" t="431" w="565" /><ent r="8" t="431" w="606" /><ent r="8" t="431" w="606" /><ent r="7" t="432" w="141" /><ent r="7" t="432" w="320" /><ent r="7" t="432" w="320" /><ent r="7" t="432" w="341" /><ent r="7" t="432" w="341" /><ent r="8" t="432" w="362" /><ent r="8" t="432" w="362" /><ent r="8" t="432" w="384" /><ent r="8" t="432" w="384" /><ent r="8" t="432" w="408" /><ent r="8" t="432" w="408" /><ent r="8" t="432" w="432" /><ent r="8" t="432" w="432" /><ent r="8" t="432" w="457" /><ent r="8" t="432" w="457" /><ent r="7" t="433" w="102" /><ent r="7" t="433" w="231" /><ent r="7" t="434" w="74" /><ent r="7" t="435" w="71" /><ent r="7" t="435" w="71" /><ent r="7" t="435" w="81" /><ent r="7" t="435" w="81" /><ent r="7" t="435" w="112" /><ent r="7" t="435" w="112" /><ent r="7" t="436" w="80" /><ent r="7" t="437" w="89" /><ent r="7" t="438" w="43" /><ent r="7" t="438" w="43" /><ent r="72" t="438" w="102" /><ent r="7" t="438" w="157" /><ent r="7" t="438" w="157" /><ent r="7" t="438" w="333" /><ent r="7" t="438" w="377" /><ent r="7" t="438" w="377" /><ent r="72" t="438" w="461" /><ent r="7" t="438" w="497" /><ent r="7" t="438" w="531" /><ent r="7" t="438" w="531" /><ent r="7" t="438" w="615" /><ent r="7" t="439" w="67" /><ent r="7" t="439" w="67" /><ent r="7" t="439" w="213" /><ent r="7" t="439" w="288" /><ent r="7" t="439" w="333" /><ent r="72" t="440" w="40" /><ent r="72" t="440" w="40" /><ent r="7" t="440" w="83" /><ent r="7" t="441" w="84" /><ent r="7" t="442" w="99" /><ent r="7" t="443" w="159" /><ent r="7" t="443" w="159" /><ent r="7" t="443" w="203" /><ent r="7" t="443" w="276" /><ent r="7" t="443" w="338" /><ent r="7" t="443" w="338" /><ent r="7" t="443" w="404" /><ent r="7" t="443" w="404" /><ent r="7" t="443" w="443" /><ent r="7" t="443" w="443" /><ent r="7" t="443" w="471" /><ent r="7" t="443" w="471" /><ent r="7" t="443" w="496" /><ent r="7" t="443" w="527" /><ent r="7" t="443" w="527" /><ent r="7" t="443" w="572" /><ent r="7" t="443" w="572" /><ent r="7" t="444" w="72" /><ent r="7" t="445" w="104" /><ent r="7" t="445" w="161" /><ent r="7" t="445" w="218" /><ent r="7" t="445" w="313" /><ent r="7" t="445" w="330" /><ent r="7" t="445" w="351" /><ent r="7" t="445" w="374" /><ent r="7" t="445" w="548" /><ent r="7" t="446" w="112" /><ent r="7" t="447" w="93" /><ent r="7" t="447" w="93" /><ent r="7" t="447" w="111" /><ent r="7" t="448" w="64" /><ent r="7" t="449" w="136" /><ent r="7" t="450" w="86" /><ent r="7" t="450" w="86" /><ent r="7" t="450" w="168" /><ent r="7" t="450" w="168" /><ent r="68" t="450" w="176" /><ent r="7" t="451" w="123" /><ent r="68" t="451" w="209" /><ent r="7" t="452" w="84" /><ent r="7" t="452" w="170" /><ent r="7" t="452" w="170" /><ent r="68" t="452" w="178" /><ent r="7" t="453" w="114" /><ent r="7" t="454" w="79" /><ent r="7" t="455" w="113" /><ent r="7" t="455" w="113" /><ent r="6" t="473" w="72" /><ent r="6" t="473" w="72" /><ent r="6" t="473" w="176" /><ent r="6" t="473" w="176" /><ent r="7" t="474" w="68" /><ent r="7" t="474" w="68" /><ent r="3" t="475" w="36" /><ent r="3" t="475" w="39" /><ent r="3" t="475" w="46" /><ent r="7" t="475" w="81" /><ent r="7" t="475" w="81" /><ent r="7" t="475" w="128" /><ent r="7" t="476" w="71" /><ent r="7" t="476" w="71" /><ent r="7" t="477" w="193" /><ent r="7" t="477" w="193" /><ent r="7" t="478" w="80" /><ent r="7" t="478" w="80" /><ent r="3" t="479" w="74" /><ent r="3" t="479" w="78" /><ent r="7" t="479" w="107" /><ent r="7" t="479" w="107" /><ent r="3" t="480" w="36" /><ent r="3" t="480" w="38" /><ent r="3" t="480" w="56" /><ent r="7" t="480" w="86" /><ent r="7" t="480" w="86" /><ent r="7" t="480" w="89" /><ent r="7" t="480" w="95" /><ent r="7" t="480" w="95" /><ent r="7" t="481" w="94" /><ent r="7" t="481" w="94" /><ent r="3" t="482" w="63" /><ent r="7" t="482" w="213" /><ent r="7" t="482" w="213" /><ent r="7" t="483" w="73" /><ent r="7" t="483" w="73" /><ent r="7" t="484" w="58" /><ent r="7" t="484" w="58" /><ent r="7" t="484" w="106" /><ent r="7" t="484" w="106" /><ent r="7" t="485" w="110" /><ent r="7" t="485" w="110" /><ent r="7" t="486" w="131" /><ent r="7" t="486" w="131" /><ent r="7" t="486" w="184" /><ent r="7" t="487" w="104" /><ent r="7" t="487" w="104" /><ent r="7" t="487" w="255" /><ent r="3" t="488" w="85" /><ent r="7" t="488" w="109" /><ent r="7" t="488" w="109" /><ent r="7" t="488" w="178" /><ent r="7" t="488" w="178" /><ent r="7" t="488" w="204" /><ent r="7" t="489" w="70" /><ent r="7" t="489" w="70" /><ent r="7" t="489" w="195" /><ent r="3" t="490" w="61" /><ent r="7" t="490" w="91" /><ent r="7" t="490" w="91" /><ent r="7" t="490" w="147" /><ent r="7" t="491" w="62" /><ent r="7" t="491" w="62" /><ent r="7" t="492" w="70" /><ent r="7" t="492" w="70" /><ent r="7" t="492" w="122" /><ent r="3" t="493" w="65" /><ent r="7" t="493" w="96" /><ent r="7" t="493" w="96" /><ent r="7" t="493" w="149" /><ent r="7" t="494" w="88" /><ent r="7" t="494" w="88" /><ent r="7" t="495" w="85" /><ent r="7" t="495" w="85" /><ent r="7" t="496" w="91" /><ent r="7" t="496" w="91" /><ent r="7" t="497" w="59" /><ent r="7" t="497" w="59" /></phr></stem></index>