<?xml version="1.0" encoding="utf-8"?><index><!-- saved from url=(0016)http://localhost -->
<stem n="eras"><phr n="Erase"><ent r="5" t="15" w="306" /><ent r="5" t="15" w="306" /><ent r="5" t="15" w="313" /><ent r="5" t="15" w="313" /><ent r="5" t="46" w="306" /><ent r="5" t="46" w="306" /><ent r="5" t="46" w="313" /><ent r="5" t="46" w="313" /><ent r="5" t="97" w="306" /><ent r="5" t="97" w="306" /><ent r="5" t="97" w="313" /><ent r="5" t="97" w="313" /><ent r="5" t="126" w="311" /><ent r="5" t="126" w="311" /><ent r="5" t="126" w="318" /><ent r="5" t="126" w="318" /><ent r="5" t="149" w="306" /><ent r="5" t="149" w="306" /><ent r="5" t="149" w="313" /><ent r="5" t="149" w="313" /><ent r="5" t="174" w="306" /><ent r="5" t="174" w="306" /><ent r="5" t="174" w="313" /><ent r="5" t="174" w="313" /><ent r="5" t="200" w="306" /><ent r="5" t="200" w="306" /><ent r="5" t="200" w="313" /><ent r="5" t="200" w="313" /><ent r="5" t="313" w="81" /><ent r="5" t="313" w="81" /><ent r="5" t="313" w="88" /><ent r="5" t="313" w="88" /></phr><phr n="Erasable"><ent r="3" t="320" w="114" /></phr></stem><stem n="battery-back"><phr n="Battery-Backed"><ent r="5" t="15" w="307" /><ent r="5" t="15" w="307" /><ent r="5" t="46" w="307" /><ent r="5" t="46" w="307" /><ent r="5" t="97" w="307" /><ent r="5" t="97" w="307" /><ent r="5" t="126" w="312" /><ent r="5" t="126" w="312" /><ent r="5" t="149" w="307" /><ent r="5" t="149" w="307" /><ent r="5" t="174" w="307" /><ent r="5" t="174" w="307" /><ent r="5" t="200" w="307" /><ent r="5" t="200" w="307" /></phr><phr n="Battery-backed"><ent r="5" t="313" w="82" /><ent r="5" t="313" w="82" /></phr></stem><stem n="batteri"><phr n="Battery"><ent r="5" t="15" w="307" /><ent r="5" t="46" w="307" /><ent r="5" t="97" w="307" /><ent r="5" t="126" w="312" /><ent r="5" t="149" w="307" /><ent r="5" t="174" w="307" /><ent r="5" t="200" w="307" /><ent r="5" t="313" w="82" /><ent r="68" t="395" w="90" /><ent r="7" t="434" w="77" /><ent r="7" t="434" w="77" /></phr><phr n="battery"><ent r="7" t="235" w="854" /><ent r="7" t="235" w="854" /><ent r="6" t="325" w="88" /><ent r="6" t="325" w="88" /><ent r="7" t="395" w="95" /><ent r="7" t="395" w="95" /><ent r="7" t="396" w="321" /><ent r="7" t="396" w="321" /><ent r="3" t="434" w="19" /><ent r="3" t="434" w="19" /><ent r="5" t="434" w="29" /><ent r="5" t="434" w="29" /><ent r="7" t="434" w="86" /><ent r="7" t="434" w="86" /></phr><phr n="batteries"><ent r="3" t="404" w="964" /></phr></stem><stem n="ram"><phr n="RAM"><ent r="5" t="15" w="309" /><ent r="5" t="15" w="309" /><ent r="5" t="46" w="309" /><ent r="5" t="46" w="309" /><ent r="5" t="97" w="309" /><ent r="5" t="97" w="309" /><ent r="5" t="126" w="314" /><ent r="5" t="126" w="314" /><ent r="5" t="149" w="309" /><ent r="5" t="149" w="309" /><ent r="5" t="174" w="309" /><ent r="5" t="174" w="309" /><ent r="5" t="200" w="309" /><ent r="5" t="200" w="309" /><ent r="5" t="271" w="419" /><ent r="5" t="271" w="419" /><ent r="5" t="313" w="84" /><ent r="5" t="313" w="84" /><ent r="6" t="391" w="353" /><ent r="6" t="391" w="377" /></phr></stem><stem n="sigma"><phr n="sigma"><ent r="3" t="16" w="14" /><ent r="3" t="16" w="14" /><ent r="8" t="17" w="86" /><ent r="8" t="17" w="86" /><ent r="3" t="47" w="14" /><ent r="3" t="47" w="14" /><ent r="8" t="48" w="86" /><ent r="8" t="48" w="86" /><ent r="3" t="71" w="14" /><ent r="3" t="71" w="14" /><ent r="8" t="72" w="86" /><ent r="8" t="72" w="86" /><ent r="3" t="98" w="14" /><ent r="3" t="98" w="14" /><ent r="8" t="99" w="86" /><ent r="8" t="99" w="86" /><ent r="3" t="240" w="647" /><ent r="3" t="284" w="472" /><ent r="3" t="284" w="513" /><ent r="7" t="395" w="203" /><ent r="7" t="395" w="203" /><ent r="7" t="439" w="345" /><ent r="7" t="439" w="356" /><ent r="7" t="439" w="364" /><ent r="7" t="439" w="375" /><ent r="7" t="445" w="128" /><ent r="7" t="449" w="118" /><ent r="7" t="449" w="118" /><ent r="7" t="481" w="124" /><ent r="7" t="481" w="124" /><ent r="7" t="481" w="137" /><ent r="7" t="481" w="137" /><ent r="7" t="481" w="156" /><ent r="7" t="481" w="156" /><ent r="7" t="481" w="165" /><ent r="7" t="481" w="165" /><ent r="7" t="481" w="174" /><ent r="7" t="481" w="174" /></phr><phr n="Sigma"><ent r="4" t="242" w="1566" /><ent r="4" t="244" w="574" /><ent r="68" t="395" w="200" /><ent r="68" t="395" w="200" /><ent r="3" t="449" w="14" /><ent r="3" t="449" w="14" /><ent r="5" t="449" w="25" /><ent r="5" t="449" w="25" /><ent r="5" t="449" w="30" /><ent r="5" t="449" w="30" /><ent r="5" t="449" w="35" /><ent r="5" t="449" w="35" /><ent r="72" t="449" w="92" /><ent r="72" t="449" w="92" /><ent r="7" t="449" w="159" /><ent r="7" t="449" w="159" /><ent r="7" t="449" w="169" /><ent r="7" t="449" w="169" /><ent r="7" t="449" w="195" /><ent r="7" t="449" w="195" /></phr><phr n="SIGMA"><ent r="6" t="372" w="1586" /><ent r="6" t="372" w="1586" /><ent r="1000" t="449" w="3" /><ent r="1000" t="449" w="3" /><ent r="82" t="449" w="7" /><ent r="82" t="449" w="7" /></phr></stem><stem n="zephyr"><phr n="Zephyr"><ent r="3" t="16" w="20" /><ent r="3" t="16" w="20" /><ent r="8" t="17" w="92" /><ent r="8" t="17" w="92" /><ent r="7" t="18" w="124" /><ent r="7" t="18" w="124" /><ent r="8" t="41" w="140" /><ent r="8" t="41" w="140" /><ent r="3" t="47" w="20" /><ent r="3" t="47" w="20" /><ent r="8" t="48" w="92" /><ent r="8" t="48" w="92" /><ent r="7" t="49" w="127" /><ent r="7" t="49" w="127" /><ent r="8" t="67" w="128" /><ent r="8" t="67" w="128" /><ent r="3" t="71" w="20" /><ent r="3" t="71" w="20" /><ent r="8" t="72" w="92" /><ent r="8" t="72" w="92" /><ent r="7" t="73" w="179" /><ent r="7" t="73" w="179" /><ent r="8" t="92" w="132" /><ent r="8" t="92" w="132" /><ent r="3" t="98" w="20" /><ent r="3" t="98" w="20" /><ent r="8" t="99" w="92" /><ent r="8" t="99" w="92" /><ent r="7" t="100" w="140" /><ent r="7" t="100" w="140" /><ent r="8" t="122" w="128" /><ent r="8" t="122" w="128" /><ent r="7" t="127" w="158" /><ent r="7" t="127" w="158" /><ent r="8" t="144" w="131" /><ent r="8" t="144" w="131" /><ent r="6" t="152" w="171" /><ent r="6" t="152" w="171" /><ent r="6" t="152" w="178" /><ent r="6" t="152" w="178" /><ent r="6" t="152" w="187" /><ent r="6" t="152" w="187" /><ent r="6" t="152" w="197" /><ent r="6" t="152" w="197" /><ent r="6" t="152" w="207" /><ent r="6" t="152" w="207" /><ent r="6" t="152" w="215" /><ent r="6" t="152" w="215" /><ent r="6" t="152" w="224" /><ent r="6" t="152" w="224" /><ent r="8" t="158" w="60" /><ent r="8" t="158" w="60" /><ent r="7" t="177" w="87" /><ent r="7" t="177" w="87" /><ent r="8" t="196" w="176" /><ent r="8" t="196" w="176" /><ent r="7" t="203" w="107" /><ent r="7" t="203" w="107" /><ent r="8" t="220" w="180" /><ent r="8" t="220" w="180" /><ent r="6" t="332" w="258" /><ent r="6" t="332" w="258" /><ent r="6" t="332" w="262" /><ent r="6" t="332" w="262" /><ent r="6" t="373" w="221" /><ent r="6" t="373" w="221" /><ent r="6" t="373" w="228" /><ent r="6" t="373" w="228" /><ent r="6" t="373" w="236" /><ent r="6" t="373" w="236" /><ent r="6" t="373" w="245" /><ent r="6" t="373" w="245" /><ent r="6" t="377" w="247" /><ent r="6" t="377" w="247" /><ent r="6" t="377" w="254" /><ent r="6" t="377" w="254" /><ent r="6" t="377" w="262" /><ent r="6" t="377" w="262" /><ent r="6" t="377" w="271" /><ent r="6" t="377" w="271" /><ent r="5" t="400" w="2100" /><ent r="5" t="400" w="2100" /><ent r="3" t="404" w="73" /><ent r="3" t="404" w="73" /></phr></stem><stem n="ensur"><phr n="ensure"><ent r="3" t="16" w="42" /><ent r="3" t="16" w="42" /><ent r="8" t="17" w="114" /><ent r="8" t="17" w="114" /><ent r="7" t="29" w="133" /><ent r="7" t="29" w="133" /><ent r="3" t="33" w="51" /><ent r="3" t="33" w="51" /><ent r="3" t="40" w="142" /><ent r="3" t="40" w="142" /><ent r="3" t="47" w="42" /><ent r="3" t="47" w="42" /><ent r="8" t="48" w="114" /><ent r="8" t="48" w="114" /><ent r="7" t="60" w="133" /><ent r="7" t="60" w="133" /><ent r="3" t="64" w="51" /><ent r="3" t="64" w="51" /><ent r="3" t="66" w="142" /><ent r="3" t="66" w="142" /><ent r="3" t="71" w="42" /><ent r="3" t="71" w="42" /><ent r="8" t="72" w="114" /><ent r="8" t="72" w="114" /><ent r="7" t="81" w="133" /><ent r="7" t="81" w="133" /><ent r="3" t="84" w="51" /><ent r="3" t="84" w="51" /><ent r="3" t="98" w="42" /><ent r="3" t="98" w="42" /><ent r="8" t="99" w="114" /><ent r="8" t="99" w="114" /><ent r="7" t="111" w="137" /><ent r="7" t="111" w="137" /><ent r="3" t="115" w="107" /><ent r="3" t="115" w="107" /><ent r="3" t="115" w="334" /><ent r="3" t="115" w="334" /><ent r="3" t="115" w="387" /><ent r="3" t="115" w="387" /><ent r="3" t="121" w="142" /><ent r="3" t="121" w="142" /><ent r="7" t="134" w="137" /><ent r="7" t="134" w="137" /><ent r="3" t="138" w="110" /><ent r="3" t="138" w="110" /><ent r="3" t="138" w="270" /><ent r="3" t="138" w="270" /><ent r="3" t="138" w="292" /><ent r="3" t="138" w="292" /><ent r="8" t="150" w="286" /><ent r="8" t="150" w="286" /><ent r="3" t="157" w="138" /><ent r="3" t="157" w="138" /><ent r="4" t="164" w="373" /><ent r="4" t="164" w="373" /><ent r="8" t="165" w="283" /><ent r="8" t="165" w="283" /><ent r="8" t="175" w="268" /><ent r="8" t="175" w="268" /><ent r="7" t="186" w="53" /><ent r="7" t="186" w="53" /><ent r="3" t="189" w="51" /><ent r="3" t="189" w="51" /><ent r="3" t="195" w="138" /><ent r="3" t="195" w="138" /><ent r="8" t="201" w="327" /><ent r="8" t="201" w="327" /><ent r="7" t="212" w="133" /><ent r="7" t="212" w="133" /><ent r="7" t="213" w="53" /><ent r="7" t="213" w="53" /><ent r="3" t="216" w="152" /><ent r="3" t="216" w="152" /><ent r="3" t="216" w="213" /><ent r="3" t="216" w="213" /><ent r="3" t="219" w="138" /><ent r="3" t="219" w="138" /><ent r="4" t="226" w="340" /><ent r="4" t="226" w="340" /><ent r="8" t="227" w="309" /><ent r="8" t="227" w="309" /><ent r="3" t="276" w="1935" /><ent r="3" t="276" w="1935" /><ent r="3" t="304" w="54" /><ent r="3" t="304" w="54" /><ent r="5" t="308" w="332" /><ent r="5" t="308" w="332" /><ent r="6" t="348" w="497" /><ent r="6" t="348" w="497" /><ent r="7" t="431" w="175" /><ent r="7" t="431" w="175" /></phr><phr n="ensures"><ent r="3" t="69" w="134" /><ent r="3" t="69" w="134" /><ent r="3" t="217" w="100" /><ent r="3" t="217" w="100" /><ent r="3" t="501" w="488" /><ent r="3" t="501" w="488" /></phr></stem><stem n="highest"><phr n="highest"><ent r="3" t="16" w="43" /><ent r="3" t="16" w="43" /><ent r="8" t="17" w="115" /><ent r="8" t="17" w="115" /><ent r="3" t="47" w="43" /><ent r="3" t="47" w="43" /><ent r="8" t="48" w="115" /><ent r="8" t="48" w="115" /><ent r="3" t="71" w="43" /><ent r="3" t="71" w="43" /><ent r="8" t="72" w="115" /><ent r="8" t="72" w="115" /><ent r="3" t="98" w="43" /><ent r="3" t="98" w="43" /><ent r="8" t="99" w="115" /><ent r="8" t="99" w="115" /><ent r="8" t="150" w="287" /><ent r="8" t="150" w="287" /><ent r="8" t="165" w="284" /><ent r="8" t="165" w="284" /><ent r="8" t="175" w="269" /><ent r="8" t="175" w="269" /><ent r="8" t="201" w="328" /><ent r="8" t="201" w="328" /><ent r="8" t="227" w="310" /><ent r="8" t="227" w="310" /><ent r="5" t="266" w="368" /><ent r="5" t="266" w="368" /><ent r="3" t="266" w="386" /><ent r="3" t="266" w="386" /><ent r="5" t="268" w="152" /><ent r="5" t="268" w="152" /><ent r="5" t="309" w="458" /><ent r="5" t="309" w="458" /><ent r="6" t="388" w="842" /><ent r="6" t="388" w="842" /></phr></stem><stem n="minut"><phr n="minute"><ent r="6" t="16" w="55" /><ent r="6" t="16" w="55" /><ent r="4" t="26" w="81" /><ent r="4" t="58" w="81" /><ent r="4" t="109" w="81" /><ent r="4" t="183" w="81" /><ent r="4" t="209" w="81" /><ent r="7" t="235" w="1370" /><ent r="5" t="422" w="728" /><ent r="5" t="422" w="728" /><ent r="4" t="422" w="807" /><ent r="4" t="422" w="807" /><ent r="5" t="422" w="949" /><ent r="5" t="422" w="949" /><ent r="4" t="422" w="974" /><ent r="4" t="422" w="974" /><ent r="5" t="422" w="1112" /><ent r="5" t="422" w="1112" /><ent r="7" t="427" w="463" /><ent r="7" t="427" w="463" /></phr><phr n="minutes"><ent r="3" t="34" w="69" /><ent r="3" t="86" w="69" /><ent r="3" t="116" w="70" /><ent r="3" t="139" w="70" /><ent r="7" t="235" w="3236" /><ent r="7" t="235" w="3236" /><ent r="5" t="242" w="40" /><ent r="5" t="242" w="49" /><ent r="5" t="244" w="470" /><ent r="5" t="244" w="479" /><ent r="3" t="265" w="160" /><ent r="3" t="265" w="186" /><ent r="3" t="279" w="512" /><ent r="3" t="279" w="512" /><ent r="4" t="288" w="849" /><ent r="4" t="288" w="866" /><ent r="3" t="296" w="202" /><ent r="3" t="296" w="481" /><ent r="3" t="296" w="522" /><ent r="3" t="296" w="527" /><ent r="3" t="296" w="527" /><ent r="8" t="343" w="336" /><ent r="8" t="343" w="336" /><ent r="6" t="372" w="1457" /><ent r="6" t="372" w="1457" /><ent r="6" t="372" w="1464" /><ent r="6" t="372" w="1464" /><ent r="6" t="372" w="2002" /><ent r="6" t="372" w="2002" /><ent r="6" t="372" w="2010" /><ent r="6" t="372" w="2010" /><ent r="6" t="372" w="2018" /><ent r="6" t="372" w="2018" /><ent r="6" t="372" w="2026" /><ent r="6" t="372" w="2026" /><ent r="6" t="372" w="2034" /><ent r="6" t="372" w="2034" /><ent r="6" t="372" w="2042" /><ent r="6" t="372" w="2042" /><ent r="9" t="394" w="164" /><ent r="9" t="394" w="164" /><ent r="9" t="394" w="169" /><ent r="9" t="394" w="169" /><ent r="9" t="394" w="232" /><ent r="9" t="394" w="232" /><ent r="3" t="422" w="291" /><ent r="3" t="427" w="184" /><ent r="7" t="478" w="93" /><ent r="7" t="478" w="93" /><ent r="7" t="478" w="112" /><ent r="7" t="478" w="112" /><ent r="7" t="487" w="166" /><ent r="7" t="487" w="166" /><ent r="7" t="487" w="189" /><ent r="7" t="487" w="189" /><ent r="7" t="489" w="132" /><ent r="7" t="489" w="132" /><ent r="7" t="489" w="155" /><ent r="7" t="489" w="155" /><ent r="7" t="495" w="78" /><ent r="7" t="497" w="109" /><ent r="7" t="497" w="109" /><ent r="3" t="497" w="148" /><ent r="3" t="497" w="148" /><ent r="3" t="500" w="146" /><ent r="3" t="500" w="146" /><ent r="3" t="500" w="161" /><ent r="3" t="501" w="356" /><ent r="3" t="501" w="356" /><ent r="3" t="501" w="371" /></phr><phr n="MINUTES"><ent r="6" t="362" w="240" /><ent r="6" t="362" w="240" /><ent r="6" t="382" w="523" /><ent r="6" t="382" w="523" /></phr><phr n="Minutes"><ent r="6" t="362" w="250" /><ent r="6" t="362" w="250" /><ent r="6" t="382" w="531" /><ent r="6" t="382" w="531" /><ent r="7" t="445" w="580" /><ent r="7" t="445" w="580" /></phr></stem><stem n="&gt;99"><phr n="&gt;99"><ent r="6" t="16" w="60" /><ent r="6" t="47" w="60" /><ent r="6" t="71" w="60" /><ent r="6" t="98" w="60" /><ent r="6" t="150" w="291" /><ent r="6" t="165" w="288" /><ent r="6" t="175" w="273" /><ent r="6" t="201" w="332" /><ent r="6" t="227" w="314" /></phr></stem><stem n="9"><phr n="9"><ent r="6" t="16" w="61" /><ent r="6" t="24" w="405" /><ent r="6" t="24" w="405" /><ent r="4" t="26" w="149" /><ent r="4" t="26" w="149" /><ent r="4" t="26" w="159" /><ent r="6" t="34" w="120" /><ent r="6" t="34" w="120" /><ent r="6" t="36" w="135" /><ent r="6" t="36" w="135" /><ent r="6" t="47" w="61" /><ent r="6" t="55" w="405" /><ent r="6" t="55" w="405" /><ent r="4" t="58" w="149" /><ent r="4" t="58" w="149" /><ent r="4" t="58" w="159" /><ent r="6" t="71" w="61" /><ent r="6" t="78" w="423" /><ent r="6" t="78" w="423" /><ent r="6" t="86" w="120" /><ent r="6" t="86" w="120" /><ent r="6" t="88" w="135" /><ent r="6" t="88" w="135" /><ent r="6" t="98" w="61" /><ent r="6" t="106" w="405" /><ent r="6" t="106" w="405" /><ent r="6" t="106" w="849" /><ent r="6" t="106" w="906" /><ent r="4" t="109" w="149" /><ent r="4" t="109" w="149" /><ent r="4" t="109" w="159" /><ent r="6" t="116" w="121" /><ent r="6" t="116" w="121" /><ent r="7" t="118" w="138" /><ent r="7" t="118" w="138" /><ent r="7" t="131" w="475" /><ent r="7" t="131" w="475" /><ent r="6" t="139" w="121" /><ent r="6" t="139" w="121" /><ent r="7" t="141" w="138" /><ent r="7" t="141" w="138" /><ent r="4" t="148" w="107" /><ent r="4" t="148" w="107" /><ent r="6" t="150" w="292" /><ent r="6" t="152" w="14" /><ent r="6" t="152" w="14" /><ent r="6" t="156" w="169" /><ent r="6" t="156" w="169" /><ent r="4" t="161" w="109" /><ent r="4" t="161" w="109" /><ent r="5" t="162" w="94" /><ent r="5" t="162" w="94" /><ent r="6" t="165" w="289" /><ent r="6" t="167" w="13" /><ent r="6" t="167" w="13" /><ent r="6" t="170" w="77" /><ent r="6" t="170" w="77" /><ent r="6" t="170" w="139" /><ent r="6" t="170" w="139" /><ent r="6" t="170" w="239" /><ent r="6" t="170" w="239" /><ent r="6" t="171" w="79" /><ent r="6" t="171" w="79" /><ent r="6" t="171" w="150" /><ent r="6" t="171" w="150" /><ent r="6" t="171" w="212" /><ent r="6" t="171" w="212" /><ent r="6" t="171" w="312" /><ent r="6" t="171" w="312" /><ent r="6" t="175" w="274" /><ent r="6" t="181" w="340" /><ent r="6" t="181" w="340" /><ent r="4" t="183" w="149" /><ent r="4" t="183" w="149" /><ent r="4" t="183" w="159" /><ent r="6" t="190" w="110" /><ent r="6" t="190" w="110" /><ent r="6" t="192" w="156" /><ent r="6" t="192" w="156" /><ent r="6" t="192" w="163" /><ent r="6" t="192" w="163" /><ent r="6" t="192" w="170" /><ent r="6" t="192" w="170" /><ent r="6" t="192" w="177" /><ent r="6" t="192" w="177" /><ent r="6" t="192" w="184" /><ent r="6" t="192" w="184" /><ent r="6" t="192" w="191" /><ent r="6" t="192" w="191" /><ent r="6" t="192" w="198" /><ent r="6" t="192" w="198" /><ent r="6" t="192" w="205" /><ent r="6" t="192" w="205" /><ent r="6" t="201" w="333" /><ent r="6" t="202" w="22" /><ent r="6" t="202" w="22" /><ent r="6" t="207" w="333" /><ent r="6" t="207" w="333" /><ent r="4" t="209" w="149" /><ent r="4" t="209" w="149" /><ent r="4" t="209" w="159" /><ent r="6" t="227" w="315" /><ent r="6" t="229" w="13" /><ent r="6" t="229" w="13" /><ent r="6" t="233" w="70" /><ent r="6" t="233" w="70" /><ent r="6" t="233" w="120" /><ent r="6" t="233" w="120" /><ent r="6" t="233" w="182" /><ent r="6" t="233" w="182" /><ent r="6" t="233" w="298" /><ent r="6" t="233" w="298" /><ent r="3" t="243" w="218" /><ent r="3" t="243" w="218" /><ent r="4" t="276" w="2575" /><ent r="4" t="276" w="2575" /><ent r="3" t="276" w="2599" /><ent r="3" t="276" w="2599" /><ent r="4" t="310" w="32" /><ent r="4" t="310" w="32" /><ent r="7" t="314" w="645" /><ent r="6" t="334" w="197" /><ent r="6" t="334" w="197" /><ent r="3" t="334" w="472" /><ent r="7" t="335" w="292" /><ent r="7" t="336" w="284" /><ent r="6" t="337" w="444" /><ent r="6" t="337" w="444" /><ent r="6" t="338" w="149" /><ent r="6" t="338" w="149" /><ent r="6" t="338" w="564" /><ent r="6" t="338" w="564" /><ent r="6" t="339" w="125" /><ent r="6" t="339" w="125" /><ent r="6" t="340" w="96" /><ent r="6" t="340" w="96" /><ent r="7" t="340" w="199" /><ent r="7" t="340" w="199" /><ent r="6" t="342" w="125" /><ent r="3" t="343" w="45" /><ent r="6" t="343" w="84" /><ent r="6" t="343" w="757" /><ent r="6" t="343" w="757" /><ent r="6" t="344" w="144" /><ent r="6" t="345" w="157" /><ent r="6" t="345" w="157" /><ent r="6" t="345" w="562" /><ent r="6" t="345" w="562" /><ent r="6" t="346" w="136" /><ent r="6" t="346" w="136" /><ent r="6" t="346" w="463" /><ent r="6" t="346" w="463" /><ent r="6" t="352" w="98" /><ent r="6" t="352" w="98" /><ent r="6" t="353" w="110" /><ent r="6" t="353" w="323" /><ent r="6" t="356" w="94" /><ent r="6" t="356" w="94" /><ent r="7" t="357" w="94" /><ent r="6" t="361" w="126" /><ent r="6" t="361" w="126" /><ent r="6" t="362" w="117" /><ent r="6" t="362" w="117" /><ent r="6" t="363" w="227" /><ent r="6" t="363" w="227" /><ent r="6" t="364" w="315" /><ent r="6" t="364" w="315" /><ent r="6" t="371" w="440" /><ent r="6" t="371" w="440" /><ent r="6" t="372" w="415" /><ent r="6" t="372" w="415" /><ent r="6" t="372" w="511" /><ent r="6" t="372" w="511" /><ent r="6" t="372" w="843" /><ent r="6" t="372" w="843" /><ent r="6" t="372" w="1075" /><ent r="6" t="372" w="1075" /><ent r="6" t="372" w="1452" /><ent r="6" t="372" w="1452" /><ent r="6" t="372" w="1567" /><ent r="6" t="372" w="1567" /><ent r="6" t="372" w="1868" /><ent r="6" t="372" w="1996" /><ent r="6" t="372" w="1996" /><ent r="6" t="373" w="94" /><ent r="6" t="373" w="94" /><ent r="6" t="382" w="387" /><ent r="6" t="382" w="387" /><ent r="7" t="385" w="276" /><ent r="6" t="388" w="527" /><ent r="6" t="388" w="527" /><ent r="6" t="388" w="654" /><ent r="6" t="388" w="654" /><ent r="6" t="388" w="1070" /><ent r="6" t="388" w="1070" /><ent r="6" t="388" w="1365" /><ent r="6" t="388" w="1365" /><ent r="3" t="393" w="155" /><ent r="5" t="398" w="1746" /><ent r="5" t="398" w="1746" /><ent r="3" t="399" w="71" /><ent r="3" t="399" w="1747" /><ent r="3" t="399" w="1747" /><ent r="3" t="399" w="3263" /><ent r="3" t="399" w="3263" /><ent r="5" t="422" w="669" /><ent r="5" t="422" w="669" /><ent r="4" t="425" w="112" /><ent r="4" t="425" w="112" /><ent r="7" t="432" w="211" /><ent r="7" t="432" w="211" /><ent r="7" t="436" w="81" /><ent r="7" t="436" w="81" /><ent r="7" t="437" w="90" /><ent r="7" t="437" w="90" /><ent r="7" t="439" w="266" /><ent r="7" t="439" w="266" /><ent r="7" t="440" w="84" /><ent r="7" t="440" w="84" /><ent r="7" t="441" w="85" /><ent r="7" t="441" w="85" /><ent r="7" t="442" w="100" /><ent r="7" t="442" w="100" /><ent r="7" t="443" w="293" /><ent r="72" t="444" w="31" /><ent r="72" t="444" w="31" /><ent r="7" t="444" w="85" /><ent r="7" t="444" w="85" /><ent r="7" t="446" w="151" /><ent r="7" t="446" w="151" /><ent r="7" t="449" w="157" /><ent r="7" t="449" w="157" /><ent r="7" t="451" w="124" /><ent r="7" t="451" w="124" /><ent r="7" t="452" w="141" /><ent r="7" t="452" w="141" /><ent r="7" t="453" w="115" /><ent r="7" t="453" w="115" /><ent r="7" t="454" w="126" /><ent r="7" t="454" w="126" /><ent r="7" t="474" w="157" /><ent r="7" t="474" w="157" /><ent r="7" t="475" w="173" /><ent r="7" t="475" w="173" /><ent r="7" t="475" w="218" /><ent r="3" t="477" w="82" /><ent r="7" t="477" w="428" /><ent r="7" t="477" w="428" /><ent r="7" t="478" w="160" /><ent r="7" t="478" w="160" /><ent r="7" t="480" w="125" /><ent r="7" t="480" w="125" /><ent r="7" t="480" w="134" /><ent r="7" t="480" w="134" /><ent r="7" t="480" w="143" /><ent r="7" t="480" w="143" /><ent r="7" t="481" w="179" /><ent r="7" t="481" w="179" /><ent r="7" t="484" w="123" /><ent r="7" t="484" w="123" /><ent r="3" t="485" w="78" /><ent r="7" t="485" w="160" /><ent r="7" t="485" w="162" /><ent r="7" t="485" w="162" /><ent r="7" t="486" w="166" /><ent r="7" t="486" w="166" /><ent r="7" t="487" w="227" /><ent r="7" t="487" w="227" /><ent r="3" t="489" w="43" /><ent r="7" t="489" w="249" /><ent r="7" t="489" w="280" /><ent r="7" t="489" w="280" /><ent r="7" t="490" w="193" /><ent r="7" t="490" w="231" /><ent r="7" t="490" w="231" /><ent r="7" t="492" w="168" /><ent r="7" t="492" w="213" /><ent r="7" t="492" w="213" /><ent r="7" t="493" w="131" /><ent r="7" t="493" w="131" /><ent r="7" t="493" w="195" /><ent r="7" t="494" w="133" /><ent r="7" t="494" w="133" /><ent r="7" t="496" w="159" /><ent r="7" t="496" w="159" /></phr></stem><stem n="max"><phr n="max"><ent r="6" t="16" w="69" /><ent r="6" t="24" w="916" /><ent r="6" t="24" w="916" /><ent r="7" t="29" w="75" /><ent r="7" t="29" w="75" /><ent r="7" t="29" w="91" /><ent r="7" t="29" w="91" /><ent r="6" t="34" w="105" /><ent r="6" t="34" w="117" /><ent r="6" t="34" w="125" /><ent r="6" t="35" w="85" /><ent r="7" t="35" w="96" /><ent r="6" t="35" w="227" /><ent r="6" t="35" w="238" /><ent r="6" t="38" w="94" /><ent r="6" t="38" w="207" /><ent r="6" t="47" w="69" /><ent r="6" t="55" w="924" /><ent r="6" t="55" w="924" /><ent r="7" t="60" w="75" /><ent r="7" t="60" w="75" /><ent r="7" t="60" w="91" /><ent r="7" t="60" w="91" /><ent r="6" t="65" w="94" /><ent r="6" t="65" w="207" /><ent r="6" t="71" w="69" /><ent r="7" t="81" w="75" /><ent r="7" t="81" w="75" /><ent r="7" t="81" w="91" /><ent r="7" t="81" w="91" /><ent r="6" t="86" w="105" /><ent r="6" t="86" w="117" /><ent r="6" t="86" w="125" /><ent r="6" t="87" w="85" /><ent r="7" t="87" w="96" /><ent r="6" t="87" w="227" /><ent r="6" t="87" w="238" /><ent r="6" t="98" w="69" /><ent r="6" t="106" w="960" /><ent r="6" t="106" w="960" /><ent r="7" t="111" w="77" /><ent r="7" t="111" w="77" /><ent r="7" t="111" w="94" /><ent r="7" t="111" w="94" /><ent r="6" t="116" w="106" /><ent r="6" t="116" w="118" /><ent r="6" t="116" w="126" /><ent r="6" t="117" w="85" /><ent r="7" t="117" w="96" /><ent r="6" t="117" w="227" /><ent r="6" t="117" w="238" /><ent r="7" t="120" w="98" /><ent r="7" t="120" w="211" /><ent r="7" t="134" w="77" /><ent r="7" t="134" w="77" /><ent r="7" t="134" w="94" /><ent r="7" t="134" w="94" /><ent r="6" t="139" w="106" /><ent r="6" t="139" w="118" /><ent r="6" t="139" w="126" /><ent r="7" t="140" w="86" /><ent r="8" t="140" w="98" /><ent r="7" t="140" w="233" /><ent r="7" t="140" w="243" /><ent r="7" t="143" w="98" /><ent r="7" t="143" w="210" /><ent r="6" t="181" w="186" /><ent r="6" t="181" w="186" /><ent r="6" t="190" w="95" /><ent r="6" t="190" w="107" /><ent r="6" t="190" w="115" /><ent r="6" t="191" w="85" /><ent r="7" t="191" w="96" /><ent r="6" t="191" w="227" /><ent r="6" t="191" w="238" /><ent r="6" t="207" w="181" /><ent r="6" t="207" w="181" /><ent r="6" t="207" w="828" /><ent r="7" t="212" w="75" /><ent r="7" t="212" w="75" /><ent r="7" t="212" w="91" /><ent r="7" t="212" w="91" /><ent r="4" t="276" w="2530" /><ent r="4" t="276" w="2530" /><ent r="4" t="276" w="2572" /><ent r="4" t="276" w="2572" /></phr><phr n="Max"><ent r="7" t="131" w="974" /><ent r="7" t="131" w="974" /><ent r="4" t="288" w="846" /><ent r="4" t="288" w="846" /><ent r="4" t="288" w="863" /><ent r="4" t="288" w="863" /><ent r="3" t="399" w="3591" /><ent r="3" t="399" w="3591" /><ent r="3" t="399" w="3665" /><ent r="3" t="399" w="3665" /><ent r="4" t="401" w="159" /><ent r="4" t="401" w="159" /><ent r="4" t="409" w="53" /></phr><phr n="MAX"><ent r="7" t="396" w="133" /><ent r="7" t="396" w="133" /></phr></stem><stem n="&lt;5"><phr n="&lt;5"><ent r="6" t="16" w="79" /><ent r="6" t="16" w="79" /><ent r="6" t="24" w="353" /><ent r="6" t="24" w="353" /><ent r="6" t="55" w="353" /><ent r="6" t="55" w="353" /><ent r="6" t="78" w="222" /><ent r="6" t="78" w="222" /><ent r="6" t="106" w="353" /><ent r="6" t="106" w="353" /><ent r="7" t="131" w="226" /><ent r="7" t="131" w="226" /><ent r="7" t="165" w="199" /><ent r="7" t="165" w="199" /><ent r="6" t="181" w="435" /><ent r="6" t="181" w="435" /><ent r="6" t="201" w="255" /><ent r="6" t="201" w="255" /><ent r="6" t="207" w="428" /><ent r="6" t="207" w="428" /><ent r="6" t="227" w="237" /><ent r="6" t="227" w="237" /></phr></stem></index>