<?xml version="1.0" encoding="utf-8"?><index><!-- saved from url=(0016)http://localhost -->
<stem n="add"><phr n="add"><ent r="3" t="12" w="389" /><ent r="3" t="12" w="389" /><ent r="3" t="12" w="460" /><ent r="3" t="12" w="460" /><ent r="3" t="12" w="518" /><ent r="3" t="12" w="518" /><ent r="3" t="194" w="61" /><ent r="3" t="194" w="61" /><ent r="3" t="218" w="61" /><ent r="3" t="218" w="61" /><ent r="3" t="269" w="343" /><ent r="3" t="269" w="343" /><ent r="3" t="276" w="104" /><ent r="3" t="276" w="104" /><ent r="3" t="276" w="374" /><ent r="3" t="276" w="374" /><ent r="3" t="289" w="27" /><ent r="3" t="289" w="27" /><ent r="5" t="308" w="177" /><ent r="5" t="308" w="177" /><ent r="3" t="359" w="279" /><ent r="3" t="359" w="279" /><ent r="4" t="401" w="255" /><ent r="4" t="401" w="255" /><ent r="3" t="498" w="49" /><ent r="3" t="498" w="49" /></phr><phr n="adds"><ent r="5" t="25" w="214" /><ent r="5" t="25" w="214" /><ent r="5" t="56" w="214" /><ent r="5" t="56" w="214" /><ent r="5" t="107" w="214" /><ent r="5" t="107" w="214" /><ent r="5" t="182" w="214" /><ent r="5" t="182" w="214" /><ent r="5" t="208" w="214" /><ent r="5" t="208" w="214" /><ent r="7" t="242" w="210" /><ent r="7" t="242" w="210" /><ent r="3" t="271" w="128" /><ent r="3" t="271" w="128" /></phr><phr n="Add"><ent r="3" t="269" w="336" /><ent r="3" t="269" w="336" /><ent r="3" t="269" w="352" /><ent r="3" t="269" w="352" /><ent r="3" t="269" w="429" /><ent r="3" t="269" w="429" /><ent r="66" t="276" w="40" /><ent r="66" t="276" w="40" /><ent r="72" t="276" w="363" /><ent r="72" t="276" w="363" /><ent r="4" t="276" w="417" /><ent r="4" t="276" w="417" /><ent r="4" t="301" w="141" /><ent r="4" t="301" w="141" /><ent r="4" t="301" w="172" /><ent r="4" t="301" w="172" /><ent r="6" t="311" w="154" /><ent r="6" t="311" w="154" /><ent r="6" t="312" w="93" /><ent r="6" t="312" w="93" /><ent r="6" t="312" w="108" /><ent r="6" t="312" w="108" /><ent r="5" t="393" w="481" /><ent r="5" t="393" w="481" /><ent r="4" t="409" w="124" /><ent r="4" t="409" w="124" /></phr></stem><stem n="select"><phr n="select"><ent r="3" t="12" w="397" /><ent r="3" t="12" w="397" /><ent r="3" t="12" w="404" /><ent r="3" t="12" w="404" /><ent r="3" t="12" w="469" /><ent r="3" t="12" w="469" /><ent r="4" t="15" w="255" /><ent r="4" t="15" w="255" /><ent r="4" t="15" w="297" /><ent r="4" t="15" w="297" /><ent r="6" t="20" w="108" /><ent r="6" t="20" w="108" /><ent r="3" t="40" w="210" /><ent r="3" t="40" w="210" /><ent r="4" t="46" w="255" /><ent r="4" t="46" w="255" /><ent r="4" t="46" w="297" /><ent r="4" t="46" w="297" /><ent r="6" t="51" w="108" /><ent r="6" t="51" w="108" /><ent r="3" t="66" w="210" /><ent r="3" t="66" w="210" /><ent r="6" t="75" w="139" /><ent r="6" t="75" w="139" /><ent r="4" t="97" w="255" /><ent r="4" t="97" w="255" /><ent r="4" t="97" w="297" /><ent r="4" t="97" w="297" /><ent r="7" t="102" w="108" /><ent r="7" t="102" w="108" /><ent r="3" t="121" w="212" /><ent r="3" t="121" w="212" /><ent r="4" t="126" w="260" /><ent r="4" t="126" w="260" /><ent r="4" t="126" w="302" /><ent r="4" t="126" w="302" /><ent r="4" t="149" w="255" /><ent r="4" t="149" w="255" /><ent r="4" t="149" w="297" /><ent r="4" t="149" w="297" /><ent r="6" t="154" w="102" /><ent r="6" t="154" w="102" /><ent r="3" t="157" w="221" /><ent r="3" t="157" w="221" /><ent r="6" t="168" w="113" /><ent r="6" t="168" w="113" /><ent r="4" t="174" w="255" /><ent r="4" t="174" w="255" /><ent r="4" t="174" w="297" /><ent r="4" t="174" w="297" /><ent r="6" t="179" w="110" /><ent r="6" t="179" w="110" /><ent r="3" t="195" w="217" /><ent r="3" t="195" w="217" /><ent r="4" t="200" w="255" /><ent r="4" t="200" w="255" /><ent r="4" t="200" w="297" /><ent r="4" t="200" w="297" /><ent r="6" t="205" w="110" /><ent r="6" t="205" w="110" /><ent r="3" t="219" w="217" /><ent r="3" t="219" w="217" /><ent r="6" t="231" w="110" /><ent r="6" t="231" w="110" /><ent r="7" t="235" w="440" /><ent r="3" t="237" w="83" /><ent r="3" t="237" w="83" /><ent r="3" t="250" w="87" /><ent r="3" t="250" w="87" /><ent r="3" t="252" w="369" /><ent r="3" t="252" w="369" /><ent r="3" t="254" w="64" /><ent r="3" t="254" w="64" /><ent r="3" t="256" w="152" /><ent r="3" t="256" w="152" /><ent r="3" t="257" w="159" /><ent r="3" t="257" w="159" /><ent r="3" t="260" w="136" /><ent r="3" t="260" w="136" /><ent r="3" t="261" w="120" /><ent r="3" t="261" w="120" /><ent r="3" t="261" w="166" /><ent r="3" t="261" w="166" /><ent r="3" t="268" w="258" /><ent r="3" t="268" w="258" /><ent r="3" t="269" w="292" /><ent r="3" t="269" w="292" /><ent r="3" t="269" w="326" /><ent r="3" t="269" w="326" /><ent r="3" t="269" w="376" /><ent r="3" t="269" w="376" /><ent r="3" t="269" w="393" /><ent r="3" t="269" w="393" /><ent r="3" t="269" w="442" /><ent r="3" t="269" w="442" /><ent r="3" t="269" w="577" /><ent r="3" t="269" w="577" /><ent r="5" t="270" w="366" /><ent r="5" t="270" w="366" /><ent r="5" t="271" w="453" /><ent r="5" t="271" w="453" /><ent r="5" t="271" w="551" /><ent r="5" t="271" w="551" /><ent r="3" t="273" w="15" /><ent r="3" t="273" w="15" /><ent r="3" t="276" w="330" /><ent r="3" t="276" w="330" /><ent r="3" t="276" w="436" /><ent r="3" t="276" w="436" /><ent r="5" t="276" w="775" /><ent r="5" t="276" w="775" /><ent r="3" t="276" w="915" /><ent r="3" t="276" w="915" /><ent r="3" t="276" w="1732" /><ent r="3" t="276" w="1732" /><ent r="3" t="276" w="1804" /><ent r="3" t="276" w="1804" /><ent r="3" t="276" w="1880" /><ent r="3" t="276" w="1880" /><ent r="3" t="276" w="1907" /><ent r="3" t="276" w="1907" /><ent r="3" t="276" w="2100" /><ent r="3" t="276" w="2100" /><ent r="3" t="276" w="2202" /><ent r="3" t="276" w="2202" /><ent r="3" t="276" w="2440" /><ent r="3" t="276" w="2440" /><ent r="3" t="276" w="2764" /><ent r="3" t="276" w="2764" /><ent r="3" t="276" w="3009" /><ent r="3" t="276" w="3009" /><ent r="3" t="276" w="3055" /><ent r="3" t="276" w="3055" /><ent r="3" t="276" w="3272" /><ent r="3" t="276" w="3272" /><ent r="5" t="279" w="106" /><ent r="5" t="279" w="106" /><ent r="5" t="279" w="161" /><ent r="5" t="279" w="161" /><ent r="3" t="282" w="420" /><ent r="3" t="282" w="420" /><ent r="3" t="282" w="452" /><ent r="3" t="282" w="452" /><ent r="3" t="282" w="517" /><ent r="3" t="282" w="517" /><ent r="3" t="282" w="526" /><ent r="3" t="282" w="526" /><ent r="3" t="287" w="340" /><ent r="3" t="287" w="340" /><ent r="3" t="288" w="213" /><ent r="3" t="288" w="213" /><ent r="3" t="288" w="260" /><ent r="3" t="288" w="260" /><ent r="3" t="288" w="330" /><ent r="3" t="288" w="330" /><ent r="3" t="288" w="482" /><ent r="3" t="288" w="482" /><ent r="3" t="288" w="520" /><ent r="3" t="288" w="520" /><ent r="3" t="293" w="54" /><ent r="3" t="293" w="54" /><ent r="3" t="296" w="576" /><ent r="3" t="296" w="576" /><ent r="3" t="297" w="478" /><ent r="3" t="297" w="478" /><ent r="3" t="297" w="530" /><ent r="3" t="297" w="530" /><ent r="3" t="301" w="160" /><ent r="3" t="301" w="160" /><ent r="3" t="304" w="99" /><ent r="3" t="304" w="99" /><ent r="3" t="305" w="95" /><ent r="3" t="305" w="95" /><ent r="5" t="308" w="199" /><ent r="5" t="308" w="199" /><ent r="5" t="309" w="336" /><ent r="5" t="309" w="336" /><ent r="5" t="309" w="349" /><ent r="5" t="309" w="349" /><ent r="5" t="309" w="367" /><ent r="5" t="309" w="367" /><ent r="5" t="309" w="420" /><ent r="5" t="309" w="420" /><ent r="5" t="311" w="257" /><ent r="5" t="311" w="257" /><ent r="5" t="311" w="367" /><ent r="5" t="311" w="367" /><ent r="6" t="312" w="124" /><ent r="6" t="312" w="124" /><ent r="5" t="312" w="165" /><ent r="5" t="312" w="165" /><ent r="5" t="312" w="205" /><ent r="5" t="312" w="205" /><ent r="5" t="312" w="226" /><ent r="5" t="312" w="226" /><ent r="5" t="312" w="270" /><ent r="5" t="312" w="270" /><ent r="5" t="312" w="338" /><ent r="5" t="312" w="338" /><ent r="5" t="312" w="383" /><ent r="5" t="312" w="383" /><ent r="5" t="312" w="489" /><ent r="5" t="312" w="489" /><ent r="5" t="312" w="536" /><ent r="5" t="312" w="536" /><ent r="5" t="312" w="598" /><ent r="5" t="312" w="598" /><ent r="5" t="312" w="616" /><ent r="5" t="312" w="616" /><ent r="5" t="312" w="811" /><ent r="5" t="312" w="811" /><ent r="5" t="312" w="817" /><ent r="5" t="312" w="817" /><ent r="5" t="312" w="898" /><ent r="5" t="312" w="898" /><ent r="4" t="313" w="44" /><ent r="4" t="313" w="44" /><ent r="4" t="313" w="50" /><ent r="4" t="313" w="50" /><ent r="4" t="313" w="66" /><ent r="4" t="313" w="66" /><ent r="4" t="313" w="72" /><ent r="4" t="313" w="72" /><ent r="3" t="314" w="629" /><ent r="3" t="314" w="629" /><ent r="6" t="314" w="715" /><ent r="6" t="314" w="715" /><ent r="6" t="314" w="723" /><ent r="6" t="314" w="723" /><ent r="6" t="314" w="993" /><ent r="6" t="314" w="993" /><ent r="3" t="314" w="1293" /><ent r="3" t="314" w="1293" /><ent r="3" t="314" w="1351" /><ent r="3" t="314" w="1351" /><ent r="4" t="315" w="278" /><ent r="4" t="315" w="278" /><ent r="5" t="315" w="397" /><ent r="5" t="315" w="397" /><ent r="5" t="315" w="422" /><ent r="5" t="315" w="422" /><ent r="5" t="315" w="459" /><ent r="5" t="315" w="459" /><ent r="4" t="315" w="506" /><ent r="4" t="315" w="506" /><ent r="4" t="317" w="299" /><ent r="4" t="317" w="299" /><ent r="4" t="317" w="311" /><ent r="4" t="317" w="311" /><ent r="5" t="317" w="394" /><ent r="5" t="317" w="394" /><ent r="5" t="317" w="413" /><ent r="5" t="317" w="413" /><ent r="5" t="317" w="517" /><ent r="5" t="317" w="517" /><ent r="3" t="401" w="428" /><ent r="3" t="401" w="428" /><ent r="3" t="402" w="136" /><ent r="3" t="402" w="136" /><ent r="3" t="402" w="1590" /><ent r="3" t="402" w="1590" /><ent r="3" t="402" w="1612" /><ent r="3" t="402" w="1612" /><ent r="3" t="402" w="1634" /><ent r="3" t="402" w="1634" /><ent r="3" t="402" w="1738" /><ent r="3" t="402" w="1738" /><ent r="3" t="402" w="1760" /><ent r="3" t="402" w="1760" /><ent r="3" t="402" w="1782" /><ent r="3" t="402" w="1782" /><ent r="3" t="421" w="143" /><ent r="3" t="421" w="143" /><ent r="3" t="421" w="148" /><ent r="3" t="421" w="148" /><ent r="3" t="422" w="228" /><ent r="3" t="422" w="228" /><ent r="3" t="422" w="256" /><ent r="3" t="422" w="256" /><ent r="3" t="423" w="135" /><ent r="3" t="423" w="135" /><ent r="3" t="423" w="332" /><ent r="3" t="423" w="332" /><ent r="5" t="427" w="541" /><ent r="5" t="427" w="541" /><ent r="4" t="427" w="746" /><ent r="4" t="427" w="746" /></phr><phr n="selected"><ent r="3" t="12" w="513" /><ent r="3" t="25" w="39" /><ent r="3" t="26" w="31" /><ent r="3" t="56" w="39" /><ent r="3" t="58" w="31" /><ent r="3" t="107" w="39" /><ent r="3" t="109" w="31" /><ent r="3" t="152" w="59" /><ent r="3" t="182" w="39" /><ent r="3" t="183" w="31" /><ent r="7" t="187" w="142" /><ent r="3" t="208" w="39" /><ent r="3" t="209" w="31" /><ent r="7" t="214" w="142" /><ent r="3" t="243" w="19" /><ent r="3" t="243" w="19" /><ent r="5" t="243" w="283" /><ent r="5" t="243" w="283" /><ent r="3" t="248" w="105" /><ent r="3" t="248" w="105" /><ent r="3" t="250" w="126" /><ent r="3" t="250" w="126" /><ent r="3" t="252" w="89" /><ent r="3" t="252" w="137" /><ent r="3" t="252" w="204" /><ent r="3" t="252" w="204" /><ent r="5" t="252" w="439" /><ent r="5" t="252" w="439" /><ent r="5" t="252" w="485" /><ent r="5" t="252" w="485" /><ent r="3" t="253" w="105" /><ent r="3" t="253" w="146" /><ent r="3" t="253" w="157" /><ent r="3" t="253" w="228" /><ent r="3" t="253" w="228" /><ent r="5" t="254" w="154" /><ent r="5" t="254" w="154" /><ent r="5" t="254" w="198" /><ent r="5" t="254" w="198" /><ent r="5" t="259" w="78" /><ent r="5" t="259" w="78" /><ent r="3" t="260" w="32" /><ent r="3" t="260" w="32" /><ent r="3" t="260" w="37" /><ent r="3" t="260" w="37" /><ent r="3" t="260" w="183" /><ent r="3" t="261" w="206" /><ent r="3" t="263" w="152" /><ent r="3" t="263" w="152" /><ent r="3" t="263" w="165" /><ent r="3" t="263" w="165" /><ent r="3" t="264" w="313" /><ent r="3" t="264" w="313" /><ent r="3" t="264" w="325" /><ent r="3" t="264" w="325" /><ent r="3" t="265" w="310" /><ent r="3" t="265" w="310" /><ent r="3" t="265" w="322" /><ent r="3" t="265" w="322" /><ent r="5" t="266" w="111" /><ent r="7" t="267" w="215" /><ent r="7" t="267" w="360" /><ent r="3" t="269" w="420" /><ent r="3" t="269" w="420" /><ent r="5" t="269" w="475" /><ent r="5" t="269" w="475" /><ent r="5" t="271" w="245" /><ent r="5" t="271" w="245" /><ent r="5" t="271" w="348" /><ent r="5" t="271" w="348" /><ent r="5" t="271" w="568" /><ent r="5" t="271" w="568" /><ent r="3" t="271" w="715" /><ent r="3" t="271" w="715" /><ent r="3" t="271" w="743" /><ent r="3" t="271" w="743" /><ent r="3" t="276" w="2167" /><ent r="3" t="276" w="2167" /><ent r="3" t="276" w="2373" /><ent r="5" t="279" w="119" /><ent r="5" t="279" w="137" /><ent r="5" t="279" w="137" /><ent r="5" t="279" w="153" /><ent r="3" t="279" w="193" /><ent r="3" t="279" w="352" /><ent r="3" t="279" w="354" /><ent r="3" t="281" w="74" /><ent r="3" t="281" w="74" /><ent r="3" t="287" w="382" /><ent r="3" t="287" w="585" /><ent r="3" t="287" w="585" /><ent r="3" t="288" w="277" /><ent r="3" t="288" w="353" /><ent r="3" t="288" w="703" /><ent r="3" t="288" w="707" /><ent r="3" t="288" w="729" /><ent r="3" t="288" w="733" /><ent r="3" t="288" w="812" /><ent r="3" t="288" w="844" /><ent r="3" t="297" w="307" /><ent r="3" t="315" w="139" /><ent r="3" t="315" w="139" /><ent r="5" t="315" w="480" /><ent r="5" t="315" w="480" /><ent r="5" t="317" w="351" /><ent r="5" t="317" w="351" /><ent r="5" t="317" w="357" /><ent r="5" t="317" w="357" /><ent r="5" t="317" w="450" /><ent r="5" t="317" w="450" /><ent r="3" t="383" w="32" /><ent r="3" t="383" w="32" /><ent r="3" t="393" w="45" /><ent r="3" t="393" w="45" /><ent r="5" t="398" w="753" /><ent r="5" t="398" w="1293" /><ent r="5" t="398" w="1960" /><ent r="3" t="402" w="1644" /><ent r="3" t="402" w="1792" /><ent r="3" t="402" w="1792" /><ent r="3" t="421" w="237" /><ent r="3" t="421" w="237" /><ent r="5" t="422" w="83" /><ent r="5" t="422" w="469" /><ent r="5" t="422" w="469" /><ent r="3" t="423" w="282" /><ent r="3" t="423" w="309" /><ent r="5" t="427" w="276" /><ent r="5" t="427" w="276" /><ent r="5" t="427" w="401" /><ent r="5" t="427" w="401" /><ent r="9" t="439" w="114" /><ent r="9" t="439" w="114" /><ent r="7" t="475" w="244" /><ent r="7" t="475" w="244" /><ent r="3" t="501" w="255" /></phr><phr n="Select"><ent r="4" t="15" w="302" /><ent r="4" t="15" w="302" /><ent r="8" t="22" w="105" /><ent r="8" t="22" w="105" /><ent r="4" t="46" w="302" /><ent r="4" t="46" w="302" /><ent r="8" t="53" w="103" /><ent r="8" t="53" w="103" /><ent r="4" t="97" w="302" /><ent r="4" t="97" w="302" /><ent r="8" t="104" w="78" /><ent r="8" t="104" w="78" /><ent r="4" t="126" w="307" /><ent r="4" t="126" w="307" /><ent r="4" t="149" w="302" /><ent r="4" t="149" w="302" /><ent r="7" t="164" w="211" /><ent r="7" t="164" w="211" /><ent r="4" t="174" w="302" /><ent r="4" t="174" w="302" /><ent r="4" t="200" w="302" /><ent r="4" t="200" w="302" /><ent r="7" t="226" w="157" /><ent r="7" t="226" w="157" /><ent r="3" t="256" w="42" /><ent r="3" t="256" w="42" /><ent r="3" t="256" w="109" /><ent r="3" t="256" w="109" /><ent r="4" t="256" w="129" /><ent r="4" t="256" w="129" /><ent r="3" t="257" w="49" /><ent r="3" t="257" w="49" /><ent r="3" t="257" w="92" /><ent r="3" t="257" w="92" /><ent r="3" t="257" w="118" /><ent r="3" t="257" w="118" /><ent r="4" t="257" w="134" /><ent r="4" t="257" w="134" /><ent r="3" t="259" w="58" /><ent r="3" t="259" w="58" /><ent r="3" t="260" w="43" /><ent r="3" t="260" w="43" /><ent r="3" t="260" w="94" /><ent r="3" t="260" w="94" /><ent r="4" t="260" w="111" /><ent r="4" t="260" w="111" /><ent r="3" t="261" w="12" /><ent r="3" t="261" w="12" /><ent r="3" t="261" w="29" /><ent r="3" t="261" w="29" /><ent r="3" t="261" w="80" /><ent r="3" t="261" w="80" /><ent r="4" t="261" w="155" /><ent r="4" t="261" w="155" /><ent r="3" t="261" w="161" /><ent r="3" t="261" w="161" /><ent r="3" t="263" w="19" /><ent r="3" t="263" w="19" /><ent r="3" t="263" w="178" /><ent r="3" t="263" w="178" /><ent r="3" t="264" w="103" /><ent r="3" t="264" w="103" /><ent r="3" t="264" w="191" /><ent r="3" t="264" w="191" /><ent r="3" t="265" w="35" /><ent r="3" t="265" w="35" /><ent r="3" t="265" w="294" /><ent r="3" t="265" w="294" /><ent r="3" t="265" w="343" /><ent r="3" t="265" w="343" /><ent r="5" t="266" w="73" /><ent r="5" t="266" w="73" /><ent r="7" t="267" w="369" /><ent r="7" t="267" w="369" /><ent r="3" t="268" w="19" /><ent r="3" t="268" w="19" /><ent r="3" t="269" w="11" /><ent r="3" t="269" w="11" /><ent r="3" t="269" w="221" /><ent r="3" t="269" w="221" /><ent r="3" t="269" w="253" /><ent r="3" t="269" w="253" /><ent r="3" t="271" w="207" /><ent r="3" t="271" w="207" /><ent r="5" t="271" w="216" /><ent r="5" t="271" w="216" /><ent r="5" t="271" w="629" /><ent r="5" t="271" w="629" /><ent r="3" t="271" w="719" /><ent r="3" t="271" w="719" /><ent r="5" t="271" w="753" /><ent r="5" t="271" w="753" /><ent r="5" t="271" w="785" /><ent r="5" t="271" w="785" /><ent r="3" t="271" w="822" /><ent r="3" t="271" w="822" /><ent r="3" t="272" w="12" /><ent r="3" t="272" w="12" /><ent r="3" t="272" w="31" /><ent r="3" t="272" w="31" /><ent r="3" t="272" w="83" /><ent r="3" t="272" w="83" /><ent r="3" t="272" w="128" /><ent r="3" t="272" w="128" /><ent r="3" t="273" w="49" /><ent r="3" t="273" w="49" /><ent r="3" t="276" w="25" /><ent r="3" t="276" w="25" /><ent r="3" t="276" w="112" /><ent r="3" t="276" w="112" /><ent r="3" t="276" w="162" /><ent r="3" t="276" w="162" /><ent r="3" t="276" w="218" /><ent r="3" t="276" w="218" /><ent r="3" t="276" w="250" /><ent r="3" t="276" w="250" /><ent r="3" t="276" w="370" /><ent r="3" t="276" w="370" /><ent r="3" t="276" w="387" /><ent r="3" t="276" w="387" /><ent r="3" t="276" w="404" /><ent r="3" t="276" w="404" /><ent r="3" t="276" w="699" /><ent r="3" t="276" w="699" /><ent r="3" t="276" w="1187" /><ent r="3" t="276" w="1187" /><ent r="4" t="276" w="1408" /><ent r="4" t="276" w="1408" /><ent r="3" t="276" w="1470" /><ent r="3" t="276" w="1470" /><ent r="4" t="276" w="1613" /><ent r="4" t="276" w="1613" /><ent r="3" t="276" w="1921" /><ent r="3" t="276" w="1921" /><ent r="3" t="276" w="1997" /><ent r="3" t="276" w="1997" /><ent r="3" t="276" w="2118" /><ent r="3" t="276" w="2118" /><ent r="3" t="276" w="2217" /><ent r="3" t="276" w="2217" /><ent r="3" t="276" w="2231" /><ent r="3" t="276" w="2231" /><ent r="3" t="276" w="2419" /><ent r="3" t="276" w="2419" /><ent r="3" t="276" w="2455" /><ent r="3" t="276" w="2455" /><ent r="3" t="276" w="2468" /><ent r="3" t="276" w="2468" /><ent r="3" t="276" w="2808" /><ent r="3" t="276" w="2808" /><ent r="3" t="276" w="2819" /><ent r="3" t="276" w="2819" /><ent r="3" t="276" w="2830" /><ent r="3" t="276" w="2830" /><ent r="3" t="276" w="2854" /><ent r="3" t="276" w="2854" /><ent r="3" t="276" w="2869" /><ent r="3" t="276" w="2869" /><ent r="3" t="276" w="2886" /><ent r="3" t="276" w="2886" /><ent r="3" t="276" w="2904" /><ent r="3" t="276" w="2904" /><ent r="3" t="276" w="2936" /><ent r="3" t="276" w="2936" /><ent r="3" t="276" w="3024" /><ent r="3" t="276" w="3024" /><ent r="3" t="276" w="3075" /><ent r="3" t="276" w="3075" /><ent r="3" t="279" w="48" /><ent r="3" t="279" w="48" /><ent r="3" t="282" w="46" /><ent r="3" t="282" w="46" /><ent r="3" t="282" w="397" /><ent r="3" t="282" w="397" /><ent r="3" t="282" w="535" /><ent r="3" t="282" w="535" /><ent r="3" t="288" w="65" /><ent r="3" t="288" w="65" /><ent r="3" t="288" w="88" /><ent r="3" t="288" w="88" /><ent r="5" t="288" w="185" /><ent r="5" t="288" w="185" /><ent r="3" t="288" w="629" /><ent r="3" t="288" w="629" /><ent r="3" t="290" w="57" /><ent r="3" t="290" w="57" /><ent r="3" t="291" w="49" /><ent r="3" t="291" w="49" /><ent r="3" t="291" w="84" /><ent r="3" t="291" w="84" /><ent r="3" t="294" w="26" /><ent r="3" t="294" w="26" /><ent r="3" t="295" w="94" /><ent r="3" t="295" w="94" /><ent r="3" t="295" w="128" /><ent r="3" t="295" w="128" /><ent r="3" t="296" w="343" /><ent r="3" t="296" w="343" /><ent r="3" t="296" w="356" /><ent r="3" t="296" w="356" /><ent r="3" t="296" w="564" /><ent r="3" t="296" w="564" /><ent r="3" t="297" w="673" /><ent r="3" t="297" w="673" /><ent r="3" t="300" w="15" /><ent r="3" t="300" w="15" /><ent r="5" t="311" w="75" /><ent r="5" t="311" w="75" /><ent r="5" t="311" w="88" /><ent r="5" t="311" w="88" /><ent r="5" t="311" w="101" /><ent r="5" t="311" w="101" /><ent r="5" t="311" w="127" /><ent r="5" t="311" w="127" /><ent r="4" t="311" w="141" /><ent r="4" t="311" w="141" /><ent r="5" t="311" w="152" /><ent r="5" t="311" w="152" /><ent r="5" t="311" w="264" /><ent r="5" t="311" w="264" /><ent r="5" t="311" w="372" /><ent r="5" t="311" w="372" /><ent r="5" t="312" w="83" /><ent r="5" t="312" w="83" /><ent r="5" t="312" w="114" /><ent r="5" t="312" w="114" /><ent r="5" t="312" w="139" /><ent r="5" t="312" w="139" /><ent r="5" t="312" w="156" /><ent r="5" t="312" w="156" /><ent r="5" t="312" w="248" /><ent r="5" t="312" w="248" /><ent r="5" t="312" w="349" /><ent r="5" t="312" w="349" /><ent r="5" t="312" w="388" /><ent r="5" t="312" w="388" /><ent r="5" t="312" w="506" /><ent r="5" t="312" w="506" /><ent r="4" t="313" w="78" /><ent r="4" t="313" w="78" /><ent r="3" t="314" w="54" /><ent r="3" t="314" w="54" /><ent r="3" t="315" w="57" /><ent r="3" t="315" w="57" /><ent r="4" t="315" w="294" /><ent r="4" t="315" w="294" /><ent r="5" t="315" w="320" /><ent r="5" t="315" w="320" /><ent r="4" t="315" w="371" /><ent r="4" t="315" w="371" /><ent r="4" t="317" w="216" /><ent r="4" t="317" w="216" /><ent r="5" t="317" w="368" /><ent r="5" t="317" w="368" /><ent r="3" t="402" w="1035" /><ent r="3" t="402" w="1035" /><ent r="3" t="402" w="1797" /><ent r="3" t="402" w="1797" /><ent r="3" t="409" w="226" /><ent r="3" t="409" w="226" /><ent r="4" t="421" w="163" /><ent r="4" t="421" w="163" /><ent r="3" t="422" w="39" /><ent r="3" t="422" w="39" /><ent r="3" t="422" w="234" /><ent r="3" t="422" w="234" /><ent r="3" t="422" w="300" /><ent r="3" t="422" w="300" /><ent r="3" t="422" w="312" /><ent r="3" t="422" w="312" /><ent r="3" t="422" w="332" /><ent r="3" t="422" w="332" /><ent r="3" t="422" w="366" /><ent r="3" t="422" w="366" /><ent r="3" t="422" w="422" /><ent r="3" t="422" w="422" /><ent r="3" t="422" w="445" /><ent r="3" t="422" w="445" /><ent r="3" t="422" w="626" /><ent r="3" t="422" w="626" /><ent r="3" t="423" w="450" /><ent r="3" t="423" w="450" /><ent r="3" t="427" w="252" /><ent r="3" t="427" w="252" /><ent r="3" t="427" w="385" /><ent r="3" t="427" w="385" /><ent r="3" t="498" w="64" /><ent r="3" t="498" w="64" /><ent r="3" t="501" w="40" /><ent r="3" t="501" w="40" /><ent r="3" t="501" w="231" /><ent r="3" t="501" w="231" /><ent r="3" t="501" w="256" /><ent r="3" t="501" w="256" /><ent r="3" t="501" w="279" /><ent r="3" t="501" w="279" /><ent r="3" t="501" w="313" /><ent r="3" t="501" w="313" /><ent r="3" t="502" w="75" /><ent r="3" t="502" w="75" /><ent r="3" t="502" w="162" /><ent r="3" t="502" w="162" /></phr><phr n="selection"><ent r="82" t="34" w="73" /><ent r="82" t="34" w="73" /><ent r="82" t="86" w="73" /><ent r="82" t="86" w="73" /><ent r="82" t="116" w="74" /><ent r="82" t="116" w="74" /><ent r="82" t="139" w="74" /><ent r="82" t="139" w="74" /><ent r="7" t="187" w="134" /><ent r="7" t="187" w="134" /><ent r="82" t="190" w="63" /><ent r="82" t="190" w="63" /><ent r="7" t="214" w="134" /><ent r="7" t="214" w="134" /><ent r="7" t="242" w="582" /><ent r="7" t="242" w="582" /><ent r="5" t="256" w="53" /><ent r="5" t="256" w="53" /><ent r="3" t="264" w="133" /><ent r="3" t="264" w="133" /><ent r="3" t="268" w="303" /><ent r="3" t="268" w="303" /><ent r="3" t="269" w="149" /><ent r="3" t="269" w="149" /><ent r="5" t="276" w="805" /><ent r="3" t="276" w="943" /><ent r="4" t="276" w="2506" /><ent r="5" t="282" w="196" /><ent r="5" t="282" w="196" /><ent r="3" t="319" w="202" /><ent r="3" t="319" w="202" /><ent r="68" t="363" w="215" /><ent r="68" t="363" w="215" /><ent r="82" t="363" w="611" /><ent r="82" t="363" w="611" /><ent r="6" t="364" w="195" /><ent r="3" t="366" w="26" /><ent r="3" t="366" w="26" /><ent r="3" t="367" w="26" /><ent r="3" t="367" w="26" /><ent r="3" t="368" w="26" /><ent r="3" t="368" w="26" /><ent r="3" t="369" w="26" /><ent r="3" t="369" w="26" /><ent r="3" t="370" w="26" /><ent r="3" t="370" w="26" /><ent r="3" t="371" w="26" /><ent r="3" t="371" w="26" /><ent r="5" t="400" w="2205" /><ent r="5" t="400" w="2205" /><ent r="3" t="502" w="140" /></phr><phr n="Selects"><ent r="6" t="106" w="1954" /><ent r="6" t="106" w="1954" /><ent r="6" t="314" w="1041" /><ent r="6" t="314" w="1041" /><ent r="6" t="333" w="148" /><ent r="6" t="333" w="148" /><ent r="3" t="405" w="301" /><ent r="3" t="405" w="301" /></phr><phr n="Selection"><ent r="7" t="188" w="266" /><ent r="3" t="194" w="104" /><ent r="7" t="215" w="266" /><ent r="3" t="218" w="104" /><ent r="4" t="276" w="276" /><ent r="4" t="276" w="276" /><ent r="4" t="291" w="81" /><ent r="4" t="291" w="81" /><ent r="6" t="309" w="364" /><ent r="6" t="309" w="364" /><ent r="6" t="317" w="334" /><ent r="6" t="317" w="334" /><ent r="6" t="317" w="385" /><ent r="6" t="317" w="385" /></phr><phr n="selecting"><ent r="3" t="250" w="70" /><ent r="3" t="250" w="70" /><ent r="3" t="279" w="66" /><ent r="3" t="279" w="66" /><ent r="5" t="282" w="336" /><ent r="5" t="282" w="336" /><ent r="3" t="314" w="1092" /><ent r="3" t="314" w="1092" /><ent r="3" t="314" w="1330" /><ent r="3" t="314" w="1330" /><ent r="3" t="359" w="230" /></phr><phr n="Selecting"><ent r="3" t="266" w="384" /><ent r="3" t="266" w="384" /><ent r="3" t="276" w="1199" /><ent r="3" t="276" w="1199" /><ent r="3" t="279" w="319" /><ent r="3" t="279" w="319" /><ent r="6" t="282" w="185" /><ent r="6" t="282" w="185" /><ent r="5" t="282" w="205" /><ent r="5" t="282" w="205" /><ent r="6" t="282" w="342" /><ent r="6" t="282" w="342" /><ent r="5" t="282" w="360" /><ent r="5" t="282" w="360" /></phr><phr n="Selected"><ent r="6" t="312" w="159" /><ent r="6" t="312" w="159" /><ent r="68" t="376" w="105" /><ent r="68" t="376" w="105" /><ent r="82" t="376" w="135" /><ent r="82" t="376" w="135" /><ent r="4" t="421" w="179" /><ent r="4" t="421" w="179" /></phr><phr n="selections"><ent r="3" t="314" w="1405" /><ent r="3" t="314" w="1405" /><ent r="3" t="314" w="1422" /><ent r="3" t="314" w="1422" /><ent r="3" t="314" w="1449" /><ent r="3" t="314" w="1449" /><ent r="5" t="317" w="465" /><ent r="5" t="317" w="465" /></phr><phr n="SELECTION"><ent r="6" t="363" w="206" /><ent r="6" t="363" w="206" /><ent r="5" t="398" w="1787" /></phr><phr n="selects"><ent r="3" t="372" w="13" /><ent r="3" t="372" w="13" /></phr><phr n="SELECTED"><ent r="6" t="376" w="96" /><ent r="6" t="376" w="96" /></phr><phr n="Selective"><ent r="7" t="477" w="333" /><ent r="7" t="477" w="333" /></phr></stem></index>