<?xml version="1.0" encoding="utf-8"?><index><!-- saved from url=(0016)http://localhost -->
<stem n="often"><phr n="often"><ent r="3" t="4" w="288" /><ent r="3" t="4" w="288" /><ent r="7" t="235" w="791" /><ent r="7" t="235" w="791" /><ent r="7" t="235" w="807" /><ent r="7" t="235" w="807" /><ent r="7" t="235" w="2500" /><ent r="7" t="235" w="2500" /><ent r="3" t="240" w="82" /><ent r="3" t="240" w="82" /><ent r="7" t="271" w="256" /><ent r="7" t="271" w="256" /><ent r="3" t="296" w="126" /><ent r="3" t="296" w="126" /></phr><phr n="Often"><ent r="3" t="11" w="901" /><ent r="3" t="11" w="901" /></phr></stem><stem n="slightli"><phr n="slightly"><ent r="3" t="4" w="295" /><ent r="3" t="4" w="295" /><ent r="3" t="8" w="244" /><ent r="3" t="8" w="244" /><ent r="3" t="12" w="310" /><ent r="3" t="12" w="310" /><ent r="5" t="268" w="176" /><ent r="5" t="268" w="176" /><ent r="3" t="402" w="1169" /><ent r="3" t="402" w="1169" /><ent r="54" t="475" w="427" /><ent r="54" t="475" w="427" /><ent r="54" t="477" w="704" /><ent r="54" t="477" w="704" /></phr></stem><stem n="larger"><phr n="larger"><ent r="3" t="4" w="296" /><ent r="3" t="4" w="296" /><ent r="7" t="235" w="2081" /><ent r="7" t="235" w="2081" /><ent r="5" t="243" w="327" /><ent r="5" t="243" w="327" /><ent r="3" t="445" w="59" /><ent r="3" t="445" w="59" /></phr></stem><stem n="on"><phr n="ones"><ent r="3" t="4" w="299" /><ent r="3" t="4" w="299" /><ent r="3" t="399" w="309" /><ent r="3" t="399" w="309" /></phr><phr n="one"><ent r="3" t="6" w="29" /><ent r="3" t="6" w="29" /><ent r="3" t="11" w="145" /><ent r="3" t="11" w="145" /><ent r="3" t="11" w="502" /><ent r="3" t="11" w="502" /><ent r="3" t="13" w="165" /><ent r="3" t="13" w="165" /><ent r="3" t="22" w="232" /><ent r="3" t="22" w="232" /><ent r="3" t="35" w="54" /><ent r="3" t="35" w="54" /><ent r="3" t="39" w="46" /><ent r="3" t="39" w="46" /><ent r="3" t="44" w="165" /><ent r="3" t="44" w="165" /><ent r="3" t="53" w="230" /><ent r="3" t="53" w="230" /><ent r="3" t="69" w="317" /><ent r="3" t="69" w="317" /><ent r="3" t="87" w="54" /><ent r="3" t="87" w="54" /><ent r="3" t="91" w="382" /><ent r="3" t="91" w="382" /><ent r="3" t="95" w="228" /><ent r="3" t="95" w="228" /><ent r="3" t="104" w="216" /><ent r="3" t="104" w="216" /><ent r="3" t="117" w="54" /><ent r="3" t="117" w="54" /><ent r="3" t="124" w="275" /><ent r="3" t="124" w="275" /><ent r="3" t="138" w="121" /><ent r="3" t="138" w="121" /><ent r="3" t="140" w="54" /><ent r="3" t="140" w="54" /><ent r="3" t="147" w="165" /><ent r="3" t="147" w="165" /><ent r="4" t="164" w="190" /><ent r="4" t="164" w="190" /><ent r="3" t="172" w="165" /><ent r="3" t="172" w="165" /><ent r="3" t="191" w="54" /><ent r="3" t="191" w="54" /><ent r="3" t="198" w="165" /><ent r="3" t="198" w="165" /><ent r="4" t="226" w="136" /><ent r="4" t="226" w="136" /><ent r="7" t="235" w="450" /><ent r="7" t="235" w="450" /><ent r="7" t="235" w="1352" /><ent r="7" t="235" w="1352" /><ent r="7" t="235" w="1366" /><ent r="7" t="235" w="1366" /><ent r="7" t="235" w="1369" /><ent r="7" t="235" w="1369" /><ent r="7" t="235" w="3120" /><ent r="7" t="235" w="3120" /><ent r="3" t="240" w="858" /><ent r="3" t="240" w="858" /><ent r="3" t="243" w="415" /><ent r="3" t="243" w="415" /><ent r="5" t="266" w="105" /><ent r="5" t="266" w="105" /><ent r="5" t="266" w="135" /><ent r="5" t="266" w="135" /><ent r="3" t="269" w="41" /><ent r="3" t="269" w="41" /><ent r="3" t="269" w="64" /><ent r="3" t="269" w="64" /><ent r="3" t="269" w="143" /><ent r="3" t="269" w="143" /><ent r="3" t="270" w="513" /><ent r="3" t="270" w="513" /><ent r="3" t="271" w="208" /><ent r="3" t="271" w="208" /><ent r="3" t="276" w="26" /><ent r="3" t="276" w="26" /><ent r="7" t="276" w="691" /><ent r="7" t="276" w="691" /><ent r="7" t="276" w="1179" /><ent r="7" t="276" w="1179" /><ent r="4" t="276" w="1614" /><ent r="4" t="276" w="1614" /><ent r="3" t="276" w="2277" /><ent r="3" t="276" w="2277" /><ent r="5" t="279" w="158" /><ent r="5" t="279" w="158" /><ent r="5" t="279" w="169" /><ent r="5" t="279" w="169" /><ent r="3" t="282" w="143" /><ent r="3" t="282" w="143" /><ent r="5" t="282" w="172" /><ent r="5" t="282" w="172" /><ent r="5" t="282" w="206" /><ent r="5" t="282" w="206" /><ent r="5" t="282" w="361" /><ent r="5" t="282" w="361" /><ent r="3" t="288" w="755" /><ent r="3" t="288" w="755" /><ent r="3" t="288" w="821" /><ent r="3" t="288" w="821" /><ent r="3" t="291" w="75" /><ent r="3" t="291" w="75" /><ent r="3" t="296" w="228" /><ent r="3" t="296" w="228" /><ent r="3" t="297" w="674" /><ent r="3" t="297" w="674" /><ent r="5" t="311" w="297" /><ent r="5" t="311" w="297" /><ent r="5" t="312" w="373" /><ent r="5" t="312" w="373" /><ent r="5" t="312" w="418" /><ent r="5" t="312" w="731" /><ent r="5" t="312" w="731" /><ent r="5" t="312" w="970" /><ent r="5" t="312" w="970" /><ent r="3" t="314" w="123" /><ent r="3" t="314" w="123" /><ent r="3" t="314" w="132" /><ent r="3" t="314" w="132" /><ent r="3" t="314" w="541" /><ent r="3" t="314" w="541" /><ent r="3" t="314" w="1244" /><ent r="3" t="314" w="1244" /><ent r="3" t="319" w="215" /><ent r="3" t="319" w="215" /><ent r="3" t="326" w="96" /><ent r="3" t="326" w="96" /><ent r="6" t="332" w="417" /><ent r="6" t="332" w="417" /><ent r="7" t="335" w="207" /><ent r="7" t="335" w="207" /><ent r="7" t="335" w="359" /><ent r="7" t="335" w="359" /><ent r="3" t="336" w="65" /><ent r="3" t="336" w="65" /><ent r="7" t="336" w="202" /><ent r="7" t="336" w="202" /><ent r="3" t="336" w="391" /><ent r="3" t="336" w="391" /><ent r="3" t="337" w="32" /><ent r="3" t="337" w="32" /><ent r="6" t="337" w="253" /><ent r="6" t="337" w="253" /><ent r="6" t="337" w="470" /><ent r="6" t="337" w="470" /><ent r="6" t="337" w="593" /><ent r="6" t="337" w="619" /><ent r="6" t="337" w="647" /><ent r="3" t="338" w="27" /><ent r="3" t="338" w="27" /><ent r="3" t="338" w="41" /><ent r="3" t="338" w="41" /><ent r="3" t="339" w="25" /><ent r="3" t="339" w="25" /><ent r="3" t="340" w="27" /><ent r="3" t="340" w="27" /><ent r="3" t="342" w="28" /><ent r="3" t="342" w="28" /><ent r="3" t="343" w="28" /><ent r="3" t="343" w="28" /><ent r="3" t="344" w="28" /><ent r="3" t="344" w="28" /><ent r="3" t="345" w="28" /><ent r="3" t="345" w="28" /><ent r="3" t="346" w="27" /><ent r="3" t="346" w="27" /><ent r="3" t="346" w="42" /><ent r="3" t="348" w="141" /><ent r="3" t="348" w="141" /><ent r="6" t="348" w="484" /><ent r="6" t="348" w="484" /><ent r="7" t="348" w="578" /><ent r="7" t="348" w="578" /><ent r="6" t="364" w="185" /><ent r="6" t="364" w="185" /><ent r="3" t="382" w="99" /><ent r="3" t="382" w="99" /><ent r="3" t="384" w="22" /><ent r="3" t="384" w="22" /><ent r="6" t="388" w="541" /><ent r="6" t="388" w="541" /><ent r="6" t="388" w="668" /><ent r="6" t="388" w="668" /><ent r="3" t="390" w="630" /><ent r="3" t="390" w="630" /><ent r="3" t="393" w="453" /><ent r="3" t="393" w="453" /><ent r="7" t="396" w="148" /><ent r="7" t="396" w="148" /><ent r="7" t="396" w="199" /><ent r="7" t="396" w="199" /><ent r="3" t="399" w="305" /><ent r="3" t="399" w="305" /><ent r="3" t="399" w="3103" /><ent r="3" t="399" w="3103" /><ent r="3" t="399" w="3166" /><ent r="3" t="399" w="3166" /><ent r="3" t="399" w="3906" /><ent r="3" t="399" w="3906" /><ent r="3" t="400" w="813" /><ent r="3" t="400" w="813" /><ent r="3" t="400" w="1275" /><ent r="3" t="400" w="1275" /><ent r="3" t="404" w="237" /><ent r="3" t="404" w="237" /><ent r="3" t="421" w="87" /><ent r="3" t="421" w="87" /><ent r="3" t="421" w="396" /><ent r="3" t="421" w="396" /><ent r="3" t="422" w="446" /><ent r="3" t="422" w="446" /><ent r="3" t="423" w="87" /><ent r="3" t="423" w="87" /><ent r="5" t="423" w="172" /><ent r="5" t="423" w="172" /><ent r="3" t="427" w="253" /><ent r="3" t="427" w="253" /><ent r="3" t="427" w="386" /><ent r="3" t="427" w="386" /><ent r="3" t="433" w="41" /><ent r="3" t="433" w="41" /><ent r="3" t="463" w="275" /><ent r="3" t="463" w="275" /><ent r="3" t="477" w="49" /><ent r="3" t="477" w="49" /><ent r="7" t="477" w="140" /><ent r="7" t="477" w="140" /><ent r="7" t="477" w="162" /><ent r="7" t="477" w="162" /><ent r="7" t="477" w="179" /><ent r="7" t="477" w="179" /><ent r="9" t="477" w="234" /><ent r="9" t="477" w="234" /><ent r="7" t="477" w="266" /><ent r="7" t="477" w="266" /><ent r="3" t="479" w="42" /><ent r="3" t="487" w="44" /><ent r="3" t="487" w="44" /><ent r="7" t="488" w="151" /><ent r="7" t="488" w="151" /><ent r="3" t="501" w="385" /><ent r="3" t="501" w="385" /><ent r="3" t="502" w="25" /><ent r="3" t="502" w="25" /></phr><phr n="One"><ent r="3" t="11" w="195" /><ent r="3" t="11" w="195" /><ent r="4" t="41" w="91" /><ent r="4" t="41" w="91" /><ent r="4" t="67" w="79" /><ent r="4" t="67" w="79" /><ent r="4" t="92" w="79" /><ent r="4" t="92" w="79" /><ent r="3" t="115" w="15" /><ent r="3" t="115" w="15" /><ent r="4" t="122" w="79" /><ent r="4" t="122" w="79" /><ent r="3" t="138" w="16" /><ent r="3" t="138" w="16" /><ent r="4" t="144" w="79" /><ent r="4" t="144" w="79" /><ent r="3" t="276" w="314" /><ent r="3" t="276" w="314" /><ent r="3" t="276" w="424" /><ent r="3" t="276" w="424" /><ent r="3" t="276" w="1720" /><ent r="3" t="276" w="1720" /><ent r="3" t="276" w="1792" /><ent r="3" t="276" w="1792" /><ent r="3" t="276" w="1868" /><ent r="3" t="276" w="1868" /><ent r="5" t="284" w="864" /><ent r="5" t="284" w="864" /><ent r="3" t="314" w="461" /><ent r="3" t="314" w="461" /><ent r="7" t="353" w="940" /><ent r="7" t="353" w="940" /><ent r="7" t="353" w="992" /><ent r="7" t="353" w="992" /><ent r="6" t="396" w="153" /><ent r="6" t="396" w="153" /></phr></stem><stem n="specifi"><phr n="specified"><ent r="3" t="4" w="300" /><ent r="3" t="4" w="300" /><ent r="3" t="11" w="193" /><ent r="3" t="11" w="193" /><ent r="3" t="91" w="1397" /><ent r="3" t="91" w="1397" /><ent r="7" t="235" w="2306" /><ent r="7" t="235" w="2306" /><ent r="3" t="239" w="334" /><ent r="3" t="239" w="334" /><ent r="3" t="241" w="47" /><ent r="3" t="241" w="47" /><ent r="3" t="269" w="414" /><ent r="3" t="269" w="414" /><ent r="5" t="269" w="469" /><ent r="5" t="269" w="509" /><ent r="3" t="287" w="110" /><ent r="3" t="287" w="110" /><ent r="3" t="288" w="777" /><ent r="3" t="288" w="777" /><ent r="3" t="291" w="26" /><ent r="3" t="291" w="26" /><ent r="3" t="338" w="97" /><ent r="3" t="338" w="97" /><ent r="3" t="339" w="67" /><ent r="3" t="339" w="67" /><ent r="3" t="340" w="54" /><ent r="3" t="340" w="54" /><ent r="3" t="345" w="100" /><ent r="3" t="345" w="100" /><ent r="3" t="346" w="98" /><ent r="3" t="346" w="98" /><ent r="6" t="361" w="354" /><ent r="6" t="361" w="354" /><ent r="3" t="372" w="18" /><ent r="3" t="372" w="18" /><ent r="6" t="372" w="439" /><ent r="6" t="372" w="439" /><ent r="6" t="372" w="535" /><ent r="6" t="372" w="535" /><ent r="3" t="383" w="25" /><ent r="3" t="383" w="25" /><ent r="3" t="384" w="38" /><ent r="3" t="384" w="38" /><ent r="3" t="398" w="2491" /><ent r="4" t="401" w="156" /><ent r="4" t="401" w="156" /><ent r="3" t="404" w="246" /><ent r="3" t="404" w="886" /><ent r="3" t="404" w="886" /><ent r="3" t="409" w="70" /><ent r="3" t="422" w="67" /><ent r="3" t="422" w="67" /><ent r="5" t="422" w="122" /><ent r="5" t="422" w="122" /><ent r="5" t="422" w="136" /><ent r="5" t="422" w="136" /><ent r="5" t="422" w="144" /><ent r="5" t="422" w="144" /><ent r="5" t="422" w="155" /><ent r="5" t="422" w="155" /><ent r="5" t="422" w="161" /><ent r="5" t="422" w="161" /><ent r="3" t="427" w="28" /><ent r="3" t="499" w="18" /><ent r="3" t="499" w="18" /></phr><phr n="specify"><ent r="3" t="11" w="943" /><ent r="3" t="11" w="943" /><ent r="3" t="269" w="450" /><ent r="3" t="269" w="450" /><ent r="3" t="296" w="490" /><ent r="3" t="296" w="490" /><ent r="3" t="347" w="41" /><ent r="3" t="347" w="41" /></phr><phr n="specifies"><ent r="7" t="235" w="310" /><ent r="7" t="235" w="310" /><ent r="6" t="388" w="882" /><ent r="6" t="388" w="882" /><ent r="7" t="447" w="124" /><ent r="7" t="447" w="124" /></phr><phr n="Specify"><ent r="4" t="315" w="306" /><ent r="4" t="315" w="306" /><ent r="4" t="335" w="636" /><ent r="4" t="335" w="636" /><ent r="7" t="447" w="112" /><ent r="7" t="447" w="112" /></phr><phr n="Specifies"><ent r="3" t="335" w="729" /><ent r="3" t="335" w="729" /><ent r="3" t="337" w="302" /><ent r="3" t="337" w="302" /><ent r="3" t="422" w="285" /><ent r="3" t="422" w="285" /></phr><phr n="specifying"><ent r="3" t="383" w="34" /><ent r="3" t="383" w="34" /></phr></stem><stem n="respect"><phr n="respective"><ent r="3" t="4" w="303" /><ent r="3" t="4" w="303" /><ent r="7" t="235" w="679" /><ent r="7" t="235" w="679" /><ent r="3" t="404" w="114" /><ent r="3" t="404" w="114" /></phr><phr n="respect"><ent r="3" t="12" w="453" /><ent r="3" t="12" w="453" /><ent r="3" t="242" w="1683" /><ent r="3" t="242" w="1683" /><ent r="3" t="244" w="869" /><ent r="3" t="244" w="869" /><ent r="5" t="266" w="326" /><ent r="5" t="266" w="326" /><ent r="3" t="400" w="392" /><ent r="3" t="400" w="392" /><ent r="3" t="400" w="529" /><ent r="3" t="400" w="529" /></phr><phr n="respectively"><ent r="4" t="41" w="89" /><ent r="4" t="67" w="77" /><ent r="4" t="92" w="77" /><ent r="4" t="122" w="77" /><ent r="4" t="144" w="77" /><ent r="7" t="235" w="1062" /><ent r="3" t="314" w="1469" /><ent r="7" t="335" w="230" /><ent r="7" t="335" w="385" /><ent r="8" t="343" w="337" /></phr><phr n="respects"><ent r="3" t="404" w="1583" /><ent r="3" t="404" w="1583" /></phr></stem><stem n="depend"><phr n="depend"><ent r="3" t="4" w="309" /><ent r="3" t="4" w="309" /><ent r="3" t="10" w="129" /><ent r="3" t="10" w="129" /><ent r="3" t="237" w="131" /><ent r="3" t="237" w="131" /></phr><phr n="depends"><ent r="3" t="7" w="137" /><ent r="3" t="7" w="137" /><ent r="6" t="14" w="245" /><ent r="6" t="14" w="245" /><ent r="8" t="16" w="135" /><ent r="8" t="16" w="135" /><ent r="3" t="39" w="51" /><ent r="3" t="39" w="51" /><ent r="6" t="45" w="245" /><ent r="6" t="45" w="245" /><ent r="8" t="47" w="135" /><ent r="8" t="47" w="135" /><ent r="6" t="70" w="304" /><ent r="6" t="70" w="304" /><ent r="8" t="71" w="135" /><ent r="8" t="71" w="135" /><ent r="7" t="96" w="270" /><ent r="7" t="96" w="270" /><ent r="8" t="98" w="135" /><ent r="8" t="98" w="135" /><ent r="8" t="125" w="300" /><ent r="8" t="125" w="300" /><ent r="6" t="148" w="187" /><ent r="6" t="148" w="187" /><ent r="6" t="173" w="233" /><ent r="6" t="173" w="233" /><ent r="6" t="199" w="309" /><ent r="6" t="199" w="309" /><ent r="6" t="224" w="317" /><ent r="6" t="224" w="317" /><ent r="3" t="240" w="850" /><ent r="3" t="240" w="850" /><ent r="3" t="241" w="44" /><ent r="3" t="241" w="44" /><ent r="5" t="243" w="135" /><ent r="5" t="243" w="135" /><ent r="5" t="268" w="140" /><ent r="5" t="268" w="140" /><ent r="6" t="338" w="649" /><ent r="6" t="338" w="649" /><ent r="6" t="338" w="669" /><ent r="6" t="338" w="669" /><ent r="6" t="345" w="652" /><ent r="6" t="345" w="652" /><ent r="6" t="345" w="672" /><ent r="6" t="345" w="672" /><ent r="6" t="346" w="548" /><ent r="6" t="346" w="548" /><ent r="6" t="346" w="568" /><ent r="6" t="346" w="568" /><ent r="3" t="400" w="440" /><ent r="3" t="400" w="440" /></phr><phr n="dependent"><ent r="3" t="12" w="340" /><ent r="3" t="12" w="494" /><ent r="3" t="372" w="61" /><ent r="3" t="372" w="61" /><ent r="6" t="372" w="143" /><ent r="6" t="372" w="143" /></phr><phr n="depending"><ent r="4" t="14" w="202" /><ent r="4" t="14" w="202" /><ent r="4" t="45" w="202" /><ent r="4" t="45" w="202" /><ent r="4" t="70" w="259" /><ent r="4" t="70" w="259" /><ent r="6" t="78" w="440" /><ent r="6" t="78" w="440" /><ent r="6" t="78" w="478" /><ent r="6" t="78" w="478" /><ent r="7" t="131" w="492" /><ent r="7" t="131" w="492" /><ent r="7" t="131" w="530" /><ent r="7" t="131" w="530" /><ent r="3" t="152" w="55" /><ent r="3" t="152" w="55" /><ent r="4" t="173" w="190" /><ent r="4" t="173" w="190" /><ent r="4" t="199" w="266" /><ent r="4" t="199" w="266" /><ent r="4" t="224" w="274" /><ent r="4" t="224" w="274" /><ent r="5" t="226" w="244" /><ent r="5" t="226" w="244" /><ent r="3" t="239" w="251" /><ent r="3" t="239" w="251" /><ent r="5" t="266" w="317" /><ent r="5" t="266" w="317" /><ent r="3" t="276" w="324" /><ent r="3" t="276" w="324" /><ent r="3" t="276" w="430" /><ent r="3" t="276" w="430" /><ent r="3" t="276" w="1726" /><ent r="3" t="276" w="1726" /><ent r="3" t="276" w="1798" /><ent r="3" t="276" w="1798" /><ent r="3" t="276" w="1874" /><ent r="3" t="276" w="1874" /><ent r="3" t="314" w="425" /><ent r="3" t="314" w="425" /><ent r="3" t="382" w="62" /><ent r="3" t="382" w="62" /><ent r="5" t="394" w="49" /><ent r="5" t="394" w="49" /><ent r="7" t="396" w="187" /><ent r="7" t="396" w="187" /><ent r="5" t="400" w="1084" /><ent r="5" t="400" w="1084" /><ent r="6" t="400" w="1906" /><ent r="6" t="400" w="1906" /><ent r="6" t="400" w="1946" /><ent r="6" t="400" w="1946" /><ent r="3" t="404" w="780" /><ent r="3" t="404" w="780" /><ent r="3" t="423" w="420" /><ent r="3" t="423" w="420" /><ent r="3" t="481" w="51" /><ent r="3" t="481" w="51" /></phr><phr n="Depends"><ent r="8" t="150" w="166" /><ent r="8" t="150" w="166" /><ent r="8" t="165" w="183" /><ent r="8" t="165" w="183" /><ent r="8" t="175" w="191" /><ent r="8" t="175" w="191" /><ent r="8" t="201" w="246" /><ent r="8" t="201" w="246" /><ent r="8" t="227" w="228" /><ent r="8" t="227" w="228" /></phr><phr n="Depending"><ent r="7" t="235" w="2242" /><ent r="7" t="235" w="2242" /><ent r="3" t="274" w="27" /><ent r="3" t="274" w="27" /><ent r="3" t="423" w="459" /><ent r="3" t="423" w="459" /></phr></stem><stem n="exampl"><phr n="example"><ent r="3" t="4" w="315" /><ent r="3" t="8" w="144" /><ent r="3" t="12" w="152" /><ent r="3" t="12" w="152" /><ent r="3" t="36" w="33" /><ent r="3" t="36" w="33" /><ent r="5" t="42" w="101" /><ent r="5" t="68" w="101" /><ent r="3" t="88" w="33" /><ent r="3" t="88" w="33" /><ent r="5" t="93" w="101" /><ent r="3" t="118" w="33" /><ent r="3" t="118" w="33" /><ent r="5" t="123" w="101" /><ent r="3" t="141" w="33" /><ent r="3" t="141" w="33" /><ent r="5" t="145" w="101" /><ent r="5" t="159" w="101" /><ent r="3" t="192" w="33" /><ent r="3" t="192" w="33" /><ent r="5" t="197" w="101" /><ent r="3" t="217" w="28" /><ent r="3" t="217" w="28" /><ent r="5" t="221" w="101" /><ent r="7" t="235" w="786" /><ent r="7" t="235" w="1372" /><ent r="7" t="235" w="1709" /><ent r="7" t="235" w="2351" /><ent r="7" t="235" w="2390" /><ent r="5" t="244" w="1090" /><ent r="3" t="246" w="261" /><ent r="3" t="246" w="261" /><ent r="7" t="266" w="191" /><ent r="3" t="269" w="539" /><ent r="3" t="271" w="197" /><ent r="5" t="271" w="264" /><ent r="3" t="271" w="695" /><ent r="3" t="276" w="1499" /><ent r="3" t="276" w="1499" /><ent r="3" t="283" w="127" /><ent r="4" t="283" w="151" /><ent r="3" t="287" w="228" /><ent r="5" t="288" w="412" /><ent r="3" t="295" w="152" /><ent r="3" t="296" w="365" /><ent r="3" t="296" w="439" /><ent r="3" t="306" w="57" /><ent r="3" t="308" w="93" /><ent r="3" t="308" w="93" /><ent r="3" t="314" w="1117" /><ent r="3" t="314" w="1182" /><ent r="3" t="314" w="1290" /><ent r="3" t="314" w="1359" /><ent r="4" t="317" w="134" /><ent r="5" t="317" w="483" /><ent r="4" t="320" w="41" /><ent r="4" t="326" w="113" /><ent r="5" t="329" w="167" /><ent r="5" t="329" w="266" /><ent r="6" t="334" w="241" /><ent r="3" t="347" w="437" /><ent r="6" t="348" w="401" /><ent r="7" t="348" w="442" /><ent r="4" t="353" w="67" /><ent r="3" t="359" w="168" /><ent r="4" t="390" w="98" /><ent r="3" t="390" w="551" /><ent r="3" t="390" w="551" /><ent r="3" t="390" w="616" /><ent r="3" t="390" w="616" /><ent r="3" t="390" w="689" /><ent r="3" t="390" w="1037" /><ent r="3" t="390" w="1037" /><ent r="3" t="390" w="1161" /><ent r="5" t="394" w="31" /><ent r="3" t="394" w="67" /><ent r="3" t="394" w="67" /><ent r="7" t="396" w="168" /><ent r="3" t="397" w="325" /><ent r="3" t="397" w="420" /><ent r="5" t="398" w="743" /><ent r="5" t="398" w="1283" /><ent r="5" t="398" w="1950" /><ent r="3" t="398" w="2530" /><ent r="3" t="398" w="2777" /><ent r="3" t="398" w="2924" /><ent r="3" t="398" w="2924" /><ent r="3" t="400" w="228" /><ent r="3" t="400" w="228" /><ent r="3" t="400" w="282" /><ent r="3" t="400" w="282" /><ent r="3" t="400" w="517" /><ent r="82" t="401" w="114" /><ent r="82" t="401" w="114" /><ent r="3" t="401" w="120" /><ent r="3" t="401" w="120" /><ent r="4" t="401" w="200" /><ent r="4" t="401" w="296" /><ent r="3" t="401" w="437" /><ent r="3" t="401" w="437" /><ent r="3" t="402" w="1371" /><ent r="3" t="402" w="1371" /><ent r="3" t="402" w="1420" /><ent r="3" t="402" w="1420" /><ent r="5" t="422" w="195" /><ent r="5" t="422" w="768" /><ent r="3" t="427" w="81" /><ent r="5" t="427" w="503" /><ent r="3" t="448" w="96" /><ent r="3" t="473" w="36" /><ent r="3" t="473" w="36" /><ent r="3" t="473" w="126" /><ent r="3" t="473" w="126" /><ent r="3" t="474" w="19" /><ent r="3" t="474" w="19" /><ent r="3" t="475" w="19" /><ent r="3" t="475" w="19" /><ent r="3" t="476" w="23" /><ent r="3" t="476" w="23" /><ent r="3" t="477" w="57" /><ent r="3" t="477" w="57" /><ent r="3" t="478" w="24" /><ent r="3" t="478" w="24" /><ent r="3" t="479" w="59" /><ent r="3" t="479" w="59" /><ent r="3" t="480" w="18" /><ent r="3" t="480" w="18" /><ent r="3" t="481" w="16" /><ent r="3" t="481" w="16" /><ent r="3" t="483" w="37" /><ent r="3" t="483" w="37" /><ent r="3" t="484" w="18" /><ent r="3" t="484" w="18" /><ent r="3" t="485" w="40" /><ent r="3" t="485" w="40" /><ent r="3" t="486" w="64" /><ent r="3" t="486" w="64" /><ent r="3" t="487" w="61" /><ent r="3" t="487" w="61" /><ent r="7" t="487" w="125" /><ent r="7" t="487" w="152" /><ent r="3" t="489" w="20" /><ent r="3" t="489" w="20" /><ent r="7" t="489" w="91" /><ent r="7" t="489" w="118" /><ent r="3" t="489" w="377" /><ent r="3" t="491" w="17" /><ent r="3" t="491" w="17" /><ent r="3" t="492" w="17" /><ent r="3" t="492" w="17" /><ent r="3" t="493" w="37" /><ent r="3" t="493" w="37" /><ent r="3" t="495" w="45" /><ent r="3" t="495" w="45" /><ent r="3" t="496" w="47" /><ent r="3" t="496" w="47" /><ent r="3" t="497" w="23" /><ent r="3" t="497" w="23" /><ent r="3" t="497" w="130" /><ent r="5" t="501" w="193" /><ent r="3" t="502" w="152" /></phr><phr n="examples"><ent r="3" t="236" w="85" /><ent r="3" t="236" w="85" /><ent r="3" t="401" w="187" /><ent r="3" t="401" w="187" /><ent r="3" t="490" w="19" /><ent r="3" t="490" w="19" /></phr><phr n="Examples"><ent r="3" t="278" w="223" /><ent r="3" t="278" w="223" /><ent r="3" t="488" w="45" /><ent r="3" t="488" w="45" /></phr><phr n="Example"><ent r="4" t="309" w="157" /><ent r="4" t="309" w="157" /><ent r="4" t="309" w="172" /><ent r="4" t="309" w="172" /><ent r="3" t="427" w="245" /><ent r="4" t="427" w="700" /><ent r="4" t="427" w="700" /><ent r="3" t="482" w="33" /><ent r="3" t="482" w="33" /></phr></stem><stem n="situat"><phr n="situated"><ent r="3" t="4" w="318" /><ent r="3" t="4" w="318" /><ent r="3" t="4" w="346" /><ent r="3" t="4" w="346" /><ent r="3" t="4" w="358" /><ent r="3" t="4" w="358" /><ent r="3" t="40" w="59" /><ent r="3" t="40" w="59" /><ent r="3" t="66" w="59" /><ent r="3" t="66" w="59" /><ent r="3" t="121" w="59" /><ent r="3" t="121" w="59" /><ent r="3" t="157" w="55" /><ent r="3" t="157" w="55" /><ent r="3" t="195" w="55" /><ent r="3" t="195" w="55" /><ent r="3" t="219" w="55" /><ent r="3" t="219" w="55" /></phr><phr n="situations"><ent r="3" t="91" w="530" /><ent r="3" t="91" w="530" /><ent r="7" t="235" w="1686" /><ent r="7" t="235" w="1686" /><ent r="7" t="235" w="2555" /><ent r="7" t="235" w="2555" /><ent r="3" t="400" w="352" /><ent r="3" t="400" w="352" /><ent r="5" t="427" w="581" /><ent r="5" t="427" w="581" /></phr><phr n="situation"><ent r="3" t="404" w="1542" /><ent r="3" t="404" w="1542" /><ent r="4" t="499" w="206" /><ent r="4" t="499" w="206" /></phr></stem><stem n="zone"><phr n="zones"><ent r="3" t="4" w="323" /><ent r="3" t="4" w="323" /></phr><phr n="zone"><ent r="7" t="242" w="206" /><ent r="7" t="393" w="439" /><ent r="7" t="393" w="439" /><ent r="7" t="395" w="183" /><ent r="7" t="395" w="183" /><ent r="7" t="442" w="83" /><ent r="7" t="442" w="83" /><ent r="7" t="442" w="120" /><ent r="7" t="442" w="120" /><ent r="7" t="442" w="131" /><ent r="7" t="442" w="131" /><ent r="7" t="442" w="137" /><ent r="7" t="442" w="137" /><ent r="7" t="442" w="146" /><ent r="7" t="442" w="146" /><ent r="7" t="442" w="154" /><ent r="7" t="442" w="154" /><ent r="7" t="442" w="163" /><ent r="7" t="442" w="163" /><ent r="72" t="497" w="19" /><ent r="72" t="497" w="19" /><ent r="7" t="497" w="85" /><ent r="7" t="497" w="85" /><ent r="7" t="497" w="100" /><ent r="7" t="497" w="100" /></phr><phr n="ZONE"><ent r="6" t="372" w="1548" /><ent r="6" t="372" w="1548" /></phr><phr n="Zone"><ent r="1000" t="442" w="4" /><ent r="1000" t="442" w="4" /><ent r="82" t="442" w="10" /><ent r="82" t="442" w="10" /><ent r="3" t="491" w="31" /><ent r="3" t="491" w="31" /></phr></stem><stem n="latitud"><phr n="latitudes"><ent r="3" t="4" w="330" /><ent r="3" t="4" w="330" /></phr><phr n="latitude"><ent r="3" t="11" w="198" /><ent r="3" t="11" w="198" /><ent r="3" t="11" w="209" /><ent r="3" t="11" w="209" /><ent r="3" t="11" w="239" /><ent r="3" t="11" w="239" /><ent r="7" t="235" w="1056" /><ent r="7" t="235" w="1056" /><ent r="3" t="256" w="184" /><ent r="3" t="256" w="184" /><ent r="3" t="257" w="190" /><ent r="3" t="257" w="190" /><ent r="3" t="260" w="103" /><ent r="3" t="260" w="167" /><ent r="3" t="260" w="167" /><ent r="3" t="261" w="89" /><ent r="3" t="261" w="151" /><ent r="3" t="261" w="151" /><ent r="3" t="261" w="179" /><ent r="3" t="261" w="179" /><ent r="3" t="263" w="369" /><ent r="3" t="265" w="153" /><ent r="3" t="265" w="153" /><ent r="3" t="265" w="280" /><ent r="3" t="314" w="1187" /><ent r="7" t="351" w="381" /><ent r="5" t="400" w="707" /><ent r="3" t="400" w="773" /><ent r="5" t="400" w="961" /><ent r="7" t="433" w="151" /><ent r="3" t="440" w="12" /><ent r="5" t="440" w="24" /><ent r="5" t="440" w="24" /><ent r="5" t="441" w="28" /><ent r="5" t="441" w="28" /><ent r="7" t="441" w="106" /><ent r="7" t="441" w="106" /><ent r="5" t="447" w="37" /><ent r="7" t="447" w="217" /><ent r="7" t="447" w="217" /><ent r="7" t="447" w="226" /><ent r="7" t="447" w="226" /><ent r="7" t="474" w="73" /><ent r="7" t="475" w="89" /><ent r="7" t="476" w="75" /><ent r="7" t="476" w="75" /><ent r="7" t="477" w="201" /><ent r="7" t="487" w="174" /><ent r="7" t="489" w="140" /><ent r="3" t="490" w="316" /></phr><phr n="Latitude"><ent r="6" t="15" w="168" /><ent r="6" t="15" w="168" /><ent r="6" t="46" w="168" /><ent r="6" t="46" w="168" /><ent r="6" t="97" w="168" /><ent r="6" t="97" w="168" /><ent r="6" t="126" w="168" /><ent r="6" t="126" w="168" /><ent r="6" t="149" w="168" /><ent r="6" t="149" w="168" /><ent r="6" t="174" w="168" /><ent r="6" t="174" w="168" /><ent r="6" t="200" w="168" /><ent r="6" t="200" w="168" /><ent r="5" t="242" w="37" /><ent r="5" t="242" w="37" /><ent r="5" t="244" w="467" /><ent r="5" t="244" w="467" /><ent r="4" t="263" w="362" /><ent r="4" t="263" w="362" /><ent r="4" t="265" w="149" /><ent r="4" t="265" w="149" /><ent r="6" t="351" w="196" /><ent r="6" t="351" w="196" /><ent r="3" t="365" w="22" /><ent r="6" t="365" w="158" /><ent r="6" t="365" w="158" /><ent r="7" t="394" w="128" /><ent r="7" t="394" w="128" /><ent r="7" t="394" w="132" /><ent r="7" t="394" w="132" /><ent r="7" t="395" w="175" /><ent r="5" t="398" w="520" /><ent r="5" t="398" w="520" /><ent r="67" t="399" w="544" /><ent r="72" t="399" w="1325" /><ent r="7" t="433" w="142" /><ent r="7" t="433" w="142" /><ent r="72" t="440" w="36" /><ent r="7" t="440" w="63" /><ent r="7" t="440" w="86" /><ent r="7" t="440" w="86" /><ent r="7" t="440" w="92" /><ent r="7" t="440" w="92" /><ent r="7" t="441" w="112" /><ent r="7" t="441" w="112" /><ent r="6" t="473" w="74" /><ent r="6" t="473" w="74" /><ent r="7" t="475" w="83" /><ent r="7" t="475" w="83" /><ent r="7" t="476" w="60" /><ent r="7" t="476" w="60" /><ent r="7" t="477" w="195" /><ent r="7" t="477" w="195" /><ent r="7" t="478" w="90" /><ent r="7" t="478" w="90" /><ent r="7" t="478" w="99" /><ent r="7" t="478" w="99" /><ent r="7" t="481" w="154" /><ent r="7" t="481" w="154" /><ent r="7" t="485" w="120" /><ent r="7" t="485" w="120" /><ent r="7" t="485" w="134" /><ent r="7" t="485" w="134" /><ent r="7" t="487" w="161" /><ent r="7" t="489" w="127" /><ent r="7" t="494" w="99" /><ent r="7" t="494" w="99" /></phr><phr n="LATITUDE"><ent r="6" t="351" w="92" /><ent r="6" t="351" w="92" /><ent r="6" t="351" w="186" /><ent r="6" t="351" w="186" /><ent r="6" t="353" w="309" /><ent r="6" t="353" w="309" /><ent r="6" t="365" w="151" /><ent r="6" t="365" w="151" /></phr></stem></index>