<?xml version="1.0" encoding="utf-8"?><index><!-- saved from url=(0016)http://localhost -->
<stem n="singl"><phr n="single"><ent r="3" t="4" w="93" /><ent r="3" t="4" w="93" /><ent r="3" t="5" w="26" /><ent r="3" t="5" w="26" /><ent r="6" t="14" w="111" /><ent r="6" t="14" w="111" /><ent r="8" t="20" w="30" /><ent r="8" t="20" w="30" /><ent r="3" t="34" w="154" /><ent r="3" t="34" w="154" /><ent r="3" t="35" w="27" /><ent r="3" t="35" w="27" /><ent r="3" t="37" w="93" /><ent r="3" t="37" w="93" /><ent r="3" t="43" w="72" /><ent r="3" t="43" w="72" /><ent r="6" t="45" w="111" /><ent r="6" t="45" w="111" /><ent r="8" t="51" w="30" /><ent r="8" t="51" w="30" /><ent r="6" t="70" w="163" /><ent r="6" t="70" w="163" /><ent r="8" t="75" w="30" /><ent r="8" t="75" w="30" /><ent r="3" t="86" w="154" /><ent r="3" t="86" w="154" /><ent r="3" t="87" w="27" /><ent r="3" t="87" w="27" /><ent r="3" t="89" w="92" /><ent r="3" t="89" w="92" /><ent r="3" t="94" w="72" /><ent r="3" t="94" w="72" /><ent r="6" t="96" w="157" /><ent r="6" t="96" w="157" /><ent r="9" t="102" w="30" /><ent r="9" t="102" w="30" /><ent r="5" t="115" w="459" /><ent r="5" t="115" w="459" /><ent r="3" t="116" w="155" /><ent r="3" t="116" w="155" /><ent r="3" t="117" w="27" /><ent r="3" t="117" w="27" /><ent r="3" t="119" w="92" /><ent r="3" t="119" w="92" /><ent r="7" t="125" w="161" /><ent r="7" t="125" w="161" /><ent r="5" t="138" w="364" /><ent r="5" t="138" w="364" /><ent r="3" t="139" w="155" /><ent r="3" t="139" w="155" /><ent r="3" t="140" w="27" /><ent r="3" t="140" w="27" /><ent r="3" t="142" w="93" /><ent r="3" t="142" w="93" /><ent r="3" t="146" w="72" /><ent r="3" t="146" w="72" /><ent r="8" t="154" w="30" /><ent r="8" t="154" w="30" /><ent r="3" t="160" w="37" /><ent r="3" t="163" w="17" /><ent r="3" t="163" w="17" /><ent r="8" t="168" w="30" /><ent r="8" t="168" w="30" /><ent r="8" t="179" w="30" /><ent r="8" t="179" w="30" /><ent r="3" t="190" w="144" /><ent r="3" t="190" w="144" /><ent r="3" t="191" w="27" /><ent r="3" t="191" w="27" /><ent r="3" t="193" w="90" /><ent r="3" t="193" w="90" /><ent r="6" t="199" w="174" /><ent r="6" t="199" w="174" /><ent r="8" t="205" w="30" /><ent r="8" t="205" w="30" /><ent r="4" t="216" w="271" /><ent r="3" t="222" w="72" /><ent r="3" t="222" w="72" /><ent r="6" t="224" w="182" /><ent r="6" t="224" w="182" /><ent r="3" t="225" w="15" /><ent r="3" t="225" w="15" /><ent r="3" t="225" w="82" /><ent r="3" t="225" w="82" /><ent r="8" t="231" w="30" /><ent r="8" t="231" w="30" /><ent r="7" t="235" w="761" /><ent r="7" t="235" w="761" /><ent r="7" t="235" w="1943" /><ent r="7" t="235" w="1943" /><ent r="7" t="235" w="2233" /><ent r="7" t="235" w="2233" /><ent r="7" t="235" w="2398" /><ent r="7" t="235" w="2398" /><ent r="7" t="235" w="2721" /><ent r="7" t="235" w="2865" /><ent r="7" t="235" w="3319" /><ent r="7" t="235" w="3439" /><ent r="7" t="235" w="3439" /><ent r="3" t="240" w="51" /><ent r="7" t="242" w="361" /><ent r="3" t="245" w="132" /><ent r="3" t="245" w="132" /><ent r="3" t="269" w="231" /><ent r="3" t="269" w="231" /><ent r="3" t="269" w="263" /><ent r="3" t="269" w="263" /><ent r="5" t="275" w="118" /><ent r="5" t="275" w="118" /><ent r="3" t="276" w="1588" /><ent r="3" t="276" w="1588" /><ent r="3" t="319" w="149" /><ent r="3" t="319" w="149" /><ent r="3" t="329" w="290" /><ent r="3" t="329" w="335" /><ent r="3" t="329" w="423" /><ent r="3" t="329" w="423" /><ent r="6" t="388" w="921" /><ent r="6" t="388" w="921" /><ent r="7" t="394" w="183" /><ent r="7" t="394" w="183" /><ent r="3" t="397" w="445" /><ent r="3" t="397" w="490" /><ent r="3" t="397" w="624" /><ent r="3" t="397" w="624" /><ent r="3" t="398" w="2746" /><ent r="3" t="398" w="2746" /><ent r="65" t="400" w="67" /><ent r="65" t="400" w="67" /><ent r="3" t="400" w="621" /><ent r="3" t="400" w="621" /><ent r="82" t="400" w="1217" /><ent r="82" t="400" w="1217" /><ent r="5" t="400" w="1775" /><ent r="5" t="400" w="1775" /><ent r="3" t="421" w="381" /><ent r="3" t="421" w="381" /><ent r="5" t="422" w="85" /><ent r="5" t="422" w="85" /><ent r="5" t="422" w="125" /><ent r="5" t="422" w="125" /><ent r="3" t="422" w="437" /><ent r="3" t="422" w="437" /><ent r="4" t="423" w="79" /><ent r="4" t="427" w="295" /><ent r="4" t="427" w="295" /></phr><phr n="Single"><ent r="6" t="16" w="76" /><ent r="6" t="16" w="76" /><ent r="6" t="47" w="76" /><ent r="6" t="47" w="76" /><ent r="6" t="71" w="76" /><ent r="6" t="71" w="76" /><ent r="6" t="98" w="76" /><ent r="6" t="98" w="76" /><ent r="8" t="242" w="956" /><ent r="8" t="242" w="956" /><ent r="7" t="242" w="960" /><ent r="7" t="242" w="960" /><ent r="6" t="324" w="74" /><ent r="6" t="324" w="74" /></phr><phr n="SINGLE"><ent r="3" t="329" w="20" /><ent r="3" t="329" w="20" /><ent r="3" t="397" w="178" /><ent r="3" t="397" w="178" /></phr></stem><stem n="point"><phr n="point"><ent r="3" t="4" w="94" /><ent r="3" t="4" w="94" /><ent r="3" t="12" w="33" /><ent r="3" t="12" w="33" /><ent r="3" t="12" w="37" /><ent r="3" t="12" w="37" /><ent r="3" t="12" w="52" /><ent r="3" t="12" w="52" /><ent r="3" t="12" w="63" /><ent r="3" t="12" w="63" /><ent r="3" t="12" w="159" /><ent r="3" t="12" w="368" /><ent r="3" t="12" w="368" /><ent r="3" t="12" w="429" /><ent r="3" t="12" w="429" /><ent r="6" t="75" w="81" /><ent r="6" t="75" w="81" /><ent r="6" t="78" w="334" /><ent r="6" t="94" w="381" /><ent r="6" t="94" w="391" /><ent r="6" t="94" w="391" /><ent r="3" t="163" w="66" /><ent r="3" t="163" w="66" /><ent r="3" t="225" w="61" /><ent r="3" t="225" w="61" /><ent r="7" t="235" w="129" /><ent r="7" t="235" w="129" /><ent r="7" t="235" w="708" /><ent r="7" t="235" w="708" /><ent r="7" t="235" w="848" /><ent r="3" t="243" w="430" /><ent r="3" t="243" w="430" /><ent r="3" t="246" w="149" /><ent r="3" t="246" w="149" /><ent r="3" t="258" w="27" /><ent r="3" t="258" w="27" /><ent r="3" t="263" w="236" /><ent r="3" t="264" w="262" /><ent r="3" t="264" w="262" /><ent r="7" t="276" w="1127" /><ent r="7" t="276" w="1127" /><ent r="5" t="284" w="943" /><ent r="5" t="284" w="943" /><ent r="3" t="284" w="1303" /><ent r="3" t="284" w="1303" /><ent r="3" t="297" w="561" /><ent r="3" t="297" w="561" /><ent r="3" t="308" w="15" /><ent r="3" t="308" w="15" /><ent r="1000" t="329" w="2" /><ent r="1000" t="329" w="2" /><ent r="92" t="329" w="7" /><ent r="92" t="329" w="7" /><ent r="3" t="329" w="12" /><ent r="3" t="329" w="43" /><ent r="5" t="329" w="79" /><ent r="5" t="329" w="157" /><ent r="5" t="329" w="238" /><ent r="3" t="329" w="358" /><ent r="3" t="329" w="446" /><ent r="7" t="349" w="269" /><ent r="7" t="349" w="269" /><ent r="7" t="349" w="281" /><ent r="7" t="350" w="269" /><ent r="7" t="350" w="269" /><ent r="7" t="350" w="281" /><ent r="6" t="365" w="308" /><ent r="6" t="365" w="308" /><ent r="6" t="365" w="339" /><ent r="6" t="365" w="406" /><ent r="3" t="397" w="170" /><ent r="3" t="397" w="201" /><ent r="3" t="397" w="237" /><ent r="3" t="397" w="315" /><ent r="3" t="397" w="392" /><ent r="3" t="397" w="508" /><ent r="3" t="397" w="642" /><ent r="5" t="398" w="241" /><ent r="5" t="398" w="241" /><ent r="5" t="398" w="582" /><ent r="5" t="398" w="582" /><ent r="5" t="398" w="1166" /><ent r="5" t="398" w="1166" /><ent r="5" t="398" w="1833" /><ent r="5" t="398" w="1833" /><ent r="3" t="399" w="3898" /><ent r="67" t="418" w="18" /><ent r="67" t="418" w="18" /><ent r="7" t="453" w="211" /><ent r="3" t="500" w="15" /><ent r="3" t="500" w="15" /><ent r="3" t="500" w="85" /><ent r="3" t="500" w="187" /><ent r="3" t="500" w="187" /><ent r="3" t="500" w="227" /><ent r="3" t="500" w="227" /><ent r="3" t="501" w="50" /><ent r="3" t="501" w="71" /><ent r="3" t="501" w="71" /><ent r="3" t="501" w="124" /><ent r="3" t="502" w="27" /><ent r="3" t="502" w="27" /><ent r="5" t="502" w="57" /><ent r="5" t="502" w="57" /><ent r="3" t="502" w="143" /><ent r="3" t="502" w="143" /><ent r="3" t="502" w="165" /><ent r="3" t="502" w="165" /><ent r="3" t="502" w="288" /></phr><phr n="points"><ent r="3" t="12" w="18" /><ent r="3" t="12" w="18" /><ent r="3" t="12" w="89" /><ent r="3" t="12" w="89" /><ent r="5" t="42" w="96" /><ent r="5" t="42" w="96" /><ent r="5" t="68" w="96" /><ent r="5" t="68" w="96" /><ent r="5" t="93" w="96" /><ent r="5" t="93" w="96" /><ent r="5" t="123" w="96" /><ent r="5" t="123" w="96" /><ent r="5" t="145" w="96" /><ent r="5" t="145" w="96" /><ent r="5" t="159" w="96" /><ent r="5" t="159" w="96" /><ent r="5" t="197" w="96" /><ent r="5" t="197" w="96" /><ent r="5" t="221" w="96" /><ent r="5" t="221" w="96" /><ent r="7" t="235" w="1435" /><ent r="3" t="243" w="434" /><ent r="3" t="243" w="434" /><ent r="3" t="243" w="446" /><ent r="3" t="243" w="446" /><ent r="3" t="400" w="1482" /><ent r="3" t="400" w="1482" /><ent r="3" t="400" w="1729" /><ent r="3" t="400" w="1729" /><ent r="3" t="502" w="135" /><ent r="3" t="502" w="135" /></phr><phr n="Point"><ent r="4" t="70" w="110" /><ent r="4" t="70" w="110" /><ent r="6" t="78" w="343" /><ent r="4" t="276" w="895" /><ent r="4" t="276" w="895" /><ent r="4" t="276" w="1302" /><ent r="4" t="276" w="1302" /><ent r="4" t="276" w="1514" /><ent r="4" t="276" w="1514" /><ent r="4" t="276" w="1593" /><ent r="4" t="276" w="1593" /><ent r="3" t="278" w="456" /><ent r="3" t="278" w="458" /><ent r="6" t="279" w="203" /><ent r="6" t="279" w="203" /><ent r="3" t="288" w="17" /><ent r="3" t="288" w="19" /><ent r="4" t="288" w="541" /><ent r="4" t="288" w="541" /><ent r="4" t="329" w="51" /><ent r="3" t="397" w="209" /><ent r="5" t="398" w="558" /><ent r="5" t="398" w="558" /><ent r="4" t="405" w="59" /><ent r="4" t="405" w="59" /><ent r="3" t="500" w="58" /><ent r="1000" t="501" w="2" /><ent r="1000" t="501" w="2" /><ent r="82" t="501" w="6" /><ent r="82" t="501" w="6" /><ent r="3" t="501" w="18" /><ent r="3" t="501" w="18" /><ent r="4" t="501" w="38" /><ent r="4" t="501" w="38" /><ent r="3" t="501" w="426" /><ent r="3" t="501" w="426" /><ent r="3" t="501" w="443" /><ent r="3" t="501" w="443" /><ent r="3" t="501" w="492" /><ent r="3" t="501" w="492" /><ent r="3" t="501" w="564" /><ent r="3" t="501" w="564" /><ent r="3" t="502" w="189" /><ent r="3" t="502" w="189" /><ent r="3" t="502" w="214" /><ent r="3" t="502" w="214" /><ent r="3" t="502" w="233" /><ent r="3" t="502" w="233" /><ent r="65" t="502" w="245" /><ent r="65" t="502" w="245" /></phr><phr n="Points"><ent r="3" t="276" w="923" /><ent r="3" t="276" w="923" /><ent r="4" t="276" w="928" /><ent r="4" t="276" w="928" /><ent r="3" t="502" w="101" /><ent r="3" t="502" w="101" /><ent r="3" t="502" w="128" /></phr><phr n="POINT"><ent r="72" t="397" w="165" /></phr></stem><stem n="start"><phr n="starting"><ent r="3" t="4" w="97" /><ent r="3" t="4" w="97" /><ent r="6" t="30" w="61" /><ent r="6" t="30" w="61" /><ent r="6" t="61" w="61" /><ent r="6" t="61" w="61" /><ent r="7" t="112" w="61" /><ent r="7" t="112" w="61" /><ent r="5" t="242" w="1252" /><ent r="5" t="242" w="1252" /><ent r="5" t="242" w="1276" /><ent r="5" t="242" w="1276" /><ent r="3" t="422" w="61" /><ent r="3" t="422" w="61" /><ent r="3" t="423" w="44" /><ent r="3" t="423" w="44" /><ent r="3" t="423" w="193" /><ent r="3" t="423" w="193" /></phr><phr n="start"><ent r="3" t="17" w="19" /><ent r="3" t="17" w="19" /><ent r="3" t="17" w="39" /><ent r="3" t="17" w="39" /><ent r="5" t="42" w="130" /><ent r="5" t="42" w="130" /><ent r="3" t="48" w="19" /><ent r="3" t="48" w="19" /><ent r="3" t="48" w="39" /><ent r="3" t="48" w="39" /><ent r="5" t="68" w="130" /><ent r="5" t="68" w="130" /><ent r="3" t="72" w="19" /><ent r="3" t="72" w="19" /><ent r="3" t="72" w="39" /><ent r="3" t="72" w="39" /><ent r="5" t="93" w="130" /><ent r="5" t="93" w="130" /><ent r="3" t="99" w="19" /><ent r="3" t="99" w="19" /><ent r="3" t="99" w="39" /><ent r="3" t="99" w="39" /><ent r="5" t="123" w="130" /><ent r="5" t="123" w="130" /><ent r="5" t="145" w="130" /><ent r="5" t="145" w="130" /><ent r="5" t="159" w="130" /><ent r="5" t="159" w="130" /><ent r="5" t="197" w="130" /><ent r="5" t="197" w="130" /><ent r="5" t="221" w="130" /><ent r="5" t="221" w="130" /><ent r="7" t="235" w="75" /><ent r="7" t="235" w="75" /><ent r="7" t="235" w="3444" /><ent r="7" t="235" w="3444" /><ent r="5" t="271" w="225" /><ent r="5" t="271" w="225" /><ent r="5" t="271" w="243" /><ent r="5" t="271" w="243" /><ent r="5" t="271" w="275" /><ent r="5" t="271" w="275" /><ent r="3" t="284" w="427" /><ent r="3" t="284" w="427" /><ent r="3" t="284" w="1179" /><ent r="3" t="284" w="1179" /><ent r="4" t="309" w="324" /><ent r="4" t="309" w="324" /><ent r="6" t="339" w="144" /><ent r="6" t="339" w="144" /><ent r="6" t="340" w="111" /><ent r="6" t="340" w="111" /><ent r="6" t="343" w="163" /><ent r="6" t="343" w="163" /><ent r="6" t="343" w="200" /><ent r="6" t="343" w="200" /><ent r="6" t="344" w="139" /><ent r="6" t="344" w="139" /><ent r="3" t="399" w="657" /><ent r="3" t="399" w="657" /><ent r="3" t="399" w="796" /><ent r="3" t="399" w="796" /><ent r="3" t="399" w="934" /><ent r="3" t="399" w="934" /><ent r="3" t="399" w="1097" /><ent r="3" t="399" w="1097" /><ent r="5" t="422" w="200" /><ent r="5" t="422" w="200" /><ent r="3" t="422" w="244" /><ent r="3" t="422" w="244" /><ent r="3" t="422" w="274" /><ent r="5" t="422" w="543" /><ent r="5" t="422" w="543" /><ent r="5" t="422" w="739" /><ent r="5" t="422" w="739" /><ent r="5" t="422" w="751" /><ent r="5" t="422" w="751" /><ent r="3" t="423" w="469" /><ent r="3" t="423" w="469" /><ent r="5" t="427" w="377" /><ent r="5" t="427" w="377" /><ent r="5" t="427" w="474" /><ent r="5" t="427" w="474" /><ent r="5" t="427" w="486" /><ent r="5" t="427" w="486" /><ent r="7" t="454" w="120" /><ent r="7" t="454" w="120" /><ent r="7" t="487" w="223" /><ent r="7" t="487" w="223" /><ent r="7" t="489" w="308" /><ent r="7" t="489" w="308" /></phr><phr n="Start"><ent r="6" t="17" w="62" /><ent r="6" t="17" w="62" /><ent r="6" t="17" w="68" /><ent r="6" t="17" w="68" /><ent r="6" t="48" w="62" /><ent r="6" t="48" w="62" /><ent r="6" t="48" w="68" /><ent r="6" t="48" w="68" /><ent r="6" t="72" w="62" /><ent r="6" t="72" w="62" /><ent r="6" t="72" w="68" /><ent r="6" t="72" w="68" /><ent r="6" t="99" w="62" /><ent r="6" t="99" w="62" /><ent r="6" t="99" w="68" /><ent r="6" t="99" w="68" /><ent r="6" t="271" w="213" /><ent r="6" t="271" w="213" /><ent r="6" t="271" w="431" /><ent r="6" t="271" w="431" /><ent r="4" t="284" w="420" /><ent r="4" t="284" w="1173" /><ent r="5" t="311" w="51" /><ent r="5" t="311" w="51" /><ent r="5" t="312" w="63" /><ent r="5" t="312" w="63" /><ent r="6" t="312" w="324" /><ent r="6" t="312" w="324" /><ent r="6" t="312" w="475" /><ent r="6" t="312" w="475" /><ent r="4" t="315" w="267" /><ent r="4" t="315" w="267" /><ent r="5" t="315" w="275" /><ent r="5" t="315" w="275" /><ent r="4" t="317" w="280" /><ent r="4" t="317" w="280" /><ent r="6" t="324" w="47" /><ent r="6" t="324" w="47" /><ent r="6" t="331" w="65" /><ent r="6" t="331" w="65" /><ent r="6" t="332" w="77" /><ent r="6" t="332" w="77" /><ent r="6" t="333" w="84" /><ent r="6" t="333" w="84" /><ent r="6" t="334" w="87" /><ent r="6" t="334" w="87" /><ent r="6" t="335" w="135" /><ent r="6" t="335" w="135" /><ent r="6" t="336" w="104" /><ent r="6" t="336" w="104" /><ent r="6" t="347" w="150" /><ent r="6" t="347" w="150" /><ent r="6" t="348" w="267" /><ent r="6" t="348" w="267" /><ent r="6" t="360" w="62" /><ent r="6" t="360" w="62" /><ent r="68" t="361" w="138" /><ent r="68" t="361" w="138" /><ent r="82" t="361" w="281" /><ent r="82" t="361" w="281" /><ent r="6" t="379" w="166" /><ent r="6" t="379" w="166" /><ent r="6" t="381" w="77" /><ent r="6" t="381" w="77" /><ent r="6" t="382" w="242" /><ent r="6" t="382" w="242" /><ent r="6" t="383" w="63" /><ent r="6" t="383" w="63" /><ent r="6" t="384" w="114" /><ent r="6" t="384" w="114" /><ent r="6" t="385" w="42" /><ent r="6" t="385" w="42" /><ent r="6" t="386" w="100" /><ent r="6" t="386" w="100" /><ent r="6" t="387" w="78" /><ent r="6" t="387" w="78" /><ent r="6" t="388" w="60" /><ent r="6" t="388" w="60" /><ent r="6" t="389" w="77" /><ent r="6" t="389" w="77" /><ent r="6" t="390" w="192" /><ent r="6" t="390" w="192" /><ent r="6" t="391" w="122" /><ent r="6" t="391" w="122" /><ent r="7" t="396" w="39" /><ent r="7" t="396" w="39" /><ent r="4" t="402" w="464" /><ent r="4" t="402" w="464" /><ent r="4" t="422" w="219" /><ent r="4" t="422" w="219" /><ent r="4" t="422" w="247" /><ent r="4" t="422" w="247" /></phr><phr n="starts"><ent r="3" t="265" w="420" /><ent r="3" t="265" w="420" /><ent r="5" t="270" w="149" /><ent r="5" t="270" w="149" /><ent r="3" t="296" w="213" /><ent r="3" t="296" w="213" /><ent r="3" t="399" w="254" /><ent r="3" t="399" w="254" /><ent r="5" t="422" w="111" /><ent r="5" t="422" w="111" /><ent r="5" t="422" w="133" /><ent r="5" t="422" w="133" /><ent r="5" t="422" w="150" /><ent r="5" t="422" w="150" /><ent r="5" t="422" w="187" /><ent r="5" t="422" w="187" /><ent r="5" t="422" w="761" /><ent r="5" t="422" w="761" /><ent r="5" t="427" w="496" /><ent r="5" t="427" w="496" /><ent r="3" t="490" w="309" /><ent r="3" t="490" w="309" /><ent r="3" t="490" w="339" /><ent r="3" t="490" w="339" /></phr><phr n="START"><ent r="5" t="271" w="270" /><ent r="5" t="271" w="270" /><ent r="6" t="343" w="367" /><ent r="6" t="343" w="367" /><ent r="6" t="361" w="128" /><ent r="6" t="361" w="128" /></phr><phr n="Starts"><ent r="3" t="288" w="1033" /><ent r="3" t="288" w="1033" /><ent r="3" t="405" w="184" /></phr><phr n="started"><ent r="3" t="359" w="195" /><ent r="3" t="359" w="195" /><ent r="5" t="422" w="784" /><ent r="5" t="422" w="784" /><ent r="5" t="427" w="519" /><ent r="5" t="427" w="519" /></phr></stem><stem n="station"><phr n="station"><ent r="3" t="4" w="100" /><ent r="3" t="4" w="143" /><ent r="3" t="4" w="143" /><ent r="3" t="5" w="39" /><ent r="3" t="5" w="39" /><ent r="3" t="6" w="73" /><ent r="3" t="6" w="73" /><ent r="3" t="9" w="41" /><ent r="82" t="11" w="31" /><ent r="82" t="11" w="31" /><ent r="3" t="11" w="46" /><ent r="3" t="11" w="46" /><ent r="82" t="11" w="95" /><ent r="82" t="11" w="95" /><ent r="3" t="11" w="101" /><ent r="3" t="11" w="101" /><ent r="3" t="11" w="123" /><ent r="3" t="11" w="123" /><ent r="3" t="11" w="142" /><ent r="3" t="11" w="142" /><ent r="3" t="11" w="160" /><ent r="3" t="11" w="160" /><ent r="3" t="11" w="237" /><ent r="3" t="11" w="728" /><ent r="3" t="11" w="728" /><ent r="3" t="11" w="799" /><ent r="3" t="11" w="799" /><ent r="3" t="11" w="811" /><ent r="3" t="11" w="811" /><ent r="3" t="11" w="873" /><ent r="3" t="11" w="873" /><ent r="3" t="12" w="218" /><ent r="3" t="12" w="245" /><ent r="3" t="12" w="245" /><ent r="3" t="12" w="278" /><ent r="3" t="13" w="119" /><ent r="3" t="13" w="119" /><ent r="3" t="13" w="124" /><ent r="7" t="43" w="305" /><ent r="7" t="43" w="305" /><ent r="3" t="44" w="119" /><ent r="3" t="44" w="119" /><ent r="3" t="44" w="124" /><ent r="3" t="69" w="271" /><ent r="3" t="69" w="271" /><ent r="3" t="69" w="276" /><ent r="7" t="94" w="305" /><ent r="7" t="94" w="305" /><ent r="3" t="95" w="182" /><ent r="3" t="95" w="182" /><ent r="3" t="95" w="187" /><ent r="7" t="146" w="305" /><ent r="7" t="146" w="305" /><ent r="3" t="147" w="119" /><ent r="3" t="147" w="119" /><ent r="3" t="147" w="124" /><ent r="4" t="148" w="87" /><ent r="4" t="148" w="87" /><ent r="3" t="160" w="46" /><ent r="3" t="160" w="46" /><ent r="4" t="161" w="90" /><ent r="4" t="161" w="90" /><ent r="5" t="162" w="75" /><ent r="5" t="162" w="75" /><ent r="82" t="164" w="161" /><ent r="82" t="164" w="161" /><ent r="7" t="164" w="198" /><ent r="7" t="164" w="198" /><ent r="7" t="164" w="227" /><ent r="7" t="164" w="227" /><ent r="3" t="172" w="119" /><ent r="3" t="172" w="119" /><ent r="3" t="172" w="124" /><ent r="3" t="198" w="119" /><ent r="3" t="198" w="119" /><ent r="3" t="198" w="124" /><ent r="6" t="222" w="305" /><ent r="6" t="222" w="305" /><ent r="6" t="222" w="688" /><ent r="6" t="222" w="688" /><ent r="3" t="223" w="39" /><ent r="3" t="223" w="39" /><ent r="82" t="226" w="107" /><ent r="82" t="226" w="107" /><ent r="7" t="226" w="144" /><ent r="7" t="226" w="144" /><ent r="7" t="226" w="173" /><ent r="7" t="226" w="173" /><ent r="6" t="226" w="546" /><ent r="6" t="234" w="64" /><ent r="6" t="234" w="64" /><ent r="6" t="234" w="158" /><ent r="6" t="234" w="158" /><ent r="6" t="234" w="169" /><ent r="6" t="234" w="169" /><ent r="7" t="235" w="109" /><ent r="7" t="235" w="109" /><ent r="8" t="235" w="115" /><ent r="8" t="235" w="115" /><ent r="7" t="235" w="121" /><ent r="7" t="235" w="121" /><ent r="7" t="235" w="171" /><ent r="7" t="235" w="171" /><ent r="7" t="235" w="181" /><ent r="7" t="235" w="181" /><ent r="68" t="235" w="894" /><ent r="68" t="235" w="894" /><ent r="7" t="235" w="899" /><ent r="7" t="235" w="899" /><ent r="7" t="235" w="913" /><ent r="7" t="235" w="913" /><ent r="7" t="235" w="1759" /><ent r="7" t="235" w="1759" /><ent r="7" t="235" w="2600" /><ent r="7" t="235" w="2660" /><ent r="7" t="235" w="2660" /><ent r="7" t="235" w="2731" /><ent r="7" t="235" w="2731" /><ent r="7" t="235" w="2763" /><ent r="7" t="235" w="3441" /><ent r="7" t="235" w="3463" /><ent r="7" t="235" w="3463" /><ent r="7" t="235" w="3556" /><ent r="7" t="235" w="3556" /><ent r="7" t="242" w="963" /><ent r="3" t="262" w="37" /><ent r="3" t="262" w="37" /><ent r="54" t="262" w="43" /><ent r="54" t="262" w="43" /><ent r="54" t="263" w="195" /><ent r="54" t="263" w="195" /><ent r="54" t="263" w="246" /><ent r="54" t="263" w="246" /><ent r="54" t="263" w="323" /><ent r="54" t="263" w="323" /><ent r="3" t="263" w="359" /><ent r="3" t="263" w="368" /><ent r="3" t="263" w="368" /><ent r="3" t="263" w="378" /><ent r="3" t="263" w="378" /><ent r="3" t="263" w="388" /><ent r="3" t="263" w="388" /><ent r="3" t="263" w="463" /><ent r="54" t="264" w="208" /><ent r="54" t="264" w="208" /><ent r="54" t="264" w="275" /><ent r="54" t="264" w="275" /><ent r="3" t="265" w="50" /><ent r="3" t="265" w="50" /><ent r="3" t="265" w="70" /><ent r="3" t="265" w="70" /><ent r="3" t="265" w="92" /><ent r="3" t="265" w="92" /><ent r="3" t="265" w="115" /><ent r="3" t="265" w="115" /><ent r="3" t="265" w="142" /><ent r="3" t="265" w="142" /><ent r="3" t="265" w="157" /><ent r="3" t="265" w="157" /><ent r="3" t="265" w="183" /><ent r="3" t="265" w="183" /><ent r="3" t="265" w="210" /><ent r="3" t="265" w="210" /><ent r="3" t="265" w="229" /><ent r="3" t="265" w="245" /><ent r="3" t="265" w="245" /><ent r="3" t="265" w="262" /><ent r="3" t="265" w="262" /><ent r="3" t="265" w="395" /><ent r="3" t="265" w="395" /><ent r="5" t="268" w="124" /><ent r="5" t="268" w="124" /><ent r="3" t="268" w="233" /><ent r="3" t="268" w="233" /><ent r="3" t="269" w="234" /><ent r="3" t="269" w="242" /><ent r="3" t="269" w="242" /><ent r="3" t="269" w="266" /><ent r="3" t="269" w="274" /><ent r="3" t="269" w="274" /><ent r="5" t="270" w="320" /><ent r="5" t="270" w="320" /><ent r="5" t="275" w="212" /><ent r="5" t="275" w="212" /><ent r="5" t="275" w="234" /><ent r="5" t="275" w="234" /><ent r="5" t="276" w="763" /><ent r="5" t="276" w="763" /><ent r="5" t="276" w="1227" /><ent r="5" t="276" w="1227" /><ent r="5" t="276" w="1236" /><ent r="5" t="276" w="1236" /><ent r="3" t="276" w="2301" /><ent r="3" t="276" w="2301" /><ent r="3" t="276" w="2344" /><ent r="3" t="276" w="2344" /><ent r="5" t="279" w="226" /><ent r="5" t="279" w="226" /><ent r="3" t="296" w="40" /><ent r="3" t="296" w="40" /><ent r="3" t="296" w="114" /><ent r="3" t="296" w="114" /><ent r="3" t="296" w="141" /><ent r="66" t="296" w="155" /><ent r="66" t="296" w="155" /><ent r="3" t="314" w="596" /><ent r="6" t="325" w="92" /><ent r="6" t="325" w="92" /><ent r="1000" t="365" w="3" /><ent r="1000" t="365" w="3" /><ent r="92" t="365" w="8" /><ent r="92" t="365" w="8" /><ent r="3" t="365" w="13" /><ent r="3" t="365" w="13" /><ent r="3" t="365" w="29" /><ent r="3" t="365" w="29" /><ent r="3" t="365" w="31" /><ent r="3" t="365" w="44" /><ent r="3" t="365" w="44" /><ent r="6" t="365" w="144" /><ent r="6" t="365" w="144" /><ent r="6" t="365" w="161" /><ent r="6" t="365" w="180" /><ent r="6" t="365" w="198" /><ent r="6" t="365" w="345" /><ent r="6" t="365" w="345" /><ent r="6" t="365" w="413" /><ent r="7" t="393" w="339" /><ent r="7" t="393" w="339" /><ent r="7" t="395" w="84" /><ent r="7" t="395" w="84" /><ent r="7" t="396" w="325" /><ent r="7" t="396" w="325" /><ent r="65" t="398" w="35" /><ent r="65" t="398" w="35" /><ent r="82" t="398" w="99" /><ent r="82" t="398" w="99" /><ent r="3" t="398" w="107" /><ent r="5" t="398" w="261" /><ent r="5" t="398" w="261" /><ent r="5" t="398" w="272" /><ent r="5" t="398" w="1017" /><ent r="5" t="398" w="1017" /><ent r="5" t="398" w="1586" /><ent r="3" t="400" w="377" /><ent r="3" t="400" w="377" /><ent r="72" t="400" w="617" /><ent r="72" t="400" w="617" /><ent r="3" t="400" w="628" /><ent r="3" t="400" w="628" /><ent r="72" t="400" w="855" /><ent r="72" t="400" w="855" /><ent r="3" t="400" w="876" /><ent r="3" t="400" w="876" /><ent r="3" t="400" w="903" /><ent r="3" t="400" w="903" /><ent r="5" t="400" w="984" /><ent r="5" t="400" w="984" /><ent r="5" t="400" w="1009" /><ent r="5" t="400" w="1009" /><ent r="3" t="400" w="1133" /><ent r="3" t="400" w="1133" /><ent r="3" t="400" w="1183" /><ent r="3" t="400" w="1183" /><ent r="3" t="400" w="1199" /><ent r="3" t="400" w="1199" /><ent r="3" t="402" w="22" /><ent r="3" t="402" w="22" /><ent r="66" t="402" w="79" /><ent r="66" t="402" w="79" /><ent r="82" t="402" w="106" /><ent r="82" t="402" w="106" /><ent r="3" t="402" w="116" /><ent r="3" t="402" w="116" /><ent r="3" t="402" w="156" /><ent r="3" t="402" w="351" /><ent r="3" t="402" w="351" /><ent r="3" t="402" w="360" /><ent r="3" t="402" w="367" /><ent r="3" t="402" w="367" /><ent r="4" t="402" w="478" /><ent r="4" t="402" w="478" /><ent r="4" t="402" w="497" /><ent r="4" t="402" w="538" /><ent r="4" t="402" w="538" /><ent r="4" t="402" w="542" /><ent r="4" t="402" w="542" /><ent r="4" t="402" w="547" /><ent r="4" t="402" w="547" /><ent r="7" t="402" w="589" /><ent r="7" t="402" w="589" /><ent r="7" t="402" w="593" /><ent r="7" t="402" w="593" /><ent r="4" t="402" w="656" /><ent r="7" t="402" w="700" /><ent r="7" t="402" w="700" /><ent r="7" t="402" w="727" /><ent r="7" t="402" w="727" /><ent r="4" t="425" w="93" /><ent r="4" t="425" w="93" /><ent r="5" t="427" w="368" /><ent r="5" t="427" w="368" /><ent r="3" t="433" w="22" /><ent r="3" t="433" w="22" /><ent r="7" t="433" w="216" /><ent r="7" t="433" w="216" /><ent r="7" t="437" w="107" /><ent r="7" t="437" w="107" /><ent r="7" t="437" w="128" /><ent r="7" t="437" w="128" /><ent r="7" t="437" w="149" /><ent r="7" t="437" w="149" /><ent r="7" t="445" w="301" /><ent r="7" t="445" w="301" /><ent r="7" t="453" w="131" /><ent r="7" t="453" w="131" /><ent r="7" t="453" w="147" /><ent r="7" t="453" w="166" /><ent r="7" t="453" w="166" /><ent r="7" t="453" w="182" /><ent r="7" t="453" w="203" /><ent r="7" t="453" w="203" /><ent r="3" t="463" w="229" /><ent r="3" t="463" w="229" /><ent r="3" t="463" w="234" /><ent r="7" t="475" w="230" /><ent r="7" t="475" w="230" /><ent r="7" t="475" w="241" /><ent r="7" t="475" w="241" /><ent r="7" t="477" w="503" /><ent r="7" t="477" w="503" /><ent r="7" t="477" w="580" /><ent r="7" t="477" w="580" /><ent r="72" t="487" w="14" /><ent r="72" t="487" w="14" /><ent r="3" t="487" w="25" /><ent r="3" t="487" w="25" /><ent r="3" t="501" w="84" /></phr><phr n="stations"><ent r="3" t="5" w="30" /><ent r="3" t="12" w="232" /><ent r="3" t="124" w="183" /><ent r="7" t="235" w="2448" /><ent r="7" t="235" w="2448" /><ent r="7" t="235" w="2967" /><ent r="68" t="235" w="3423" /><ent r="68" t="235" w="3423" /><ent r="5" t="276" w="803" /><ent r="5" t="276" w="803" /><ent r="3" t="276" w="941" /><ent r="3" t="276" w="941" /><ent r="3" t="402" w="225" /><ent r="7" t="445" w="216" /></phr><phr n="Station"><ent r="6" t="15" w="134" /><ent r="6" t="15" w="134" /><ent r="6" t="46" w="134" /><ent r="6" t="46" w="134" /><ent r="6" t="97" w="134" /><ent r="6" t="97" w="134" /><ent r="6" t="126" w="134" /><ent r="6" t="126" w="134" /><ent r="6" t="149" w="134" /><ent r="6" t="149" w="134" /><ent r="6" t="174" w="134" /><ent r="6" t="174" w="134" /><ent r="6" t="200" w="134" /><ent r="6" t="200" w="134" /><ent r="7" t="235" w="1740" /><ent r="7" t="235" w="1740" /><ent r="7" t="235" w="3324" /><ent r="7" t="235" w="3324" /><ent r="7" t="235" w="3402" /><ent r="3" t="240" w="765" /><ent r="3" t="240" w="765" /><ent r="4" t="263" w="453" /><ent r="4" t="263" w="453" /><ent r="1000" t="265" w="4" /><ent r="1000" t="265" w="4" /><ent r="82" t="265" w="9" /><ent r="82" t="265" w="9" /><ent r="4" t="265" w="42" /><ent r="4" t="265" w="42" /><ent r="4" t="265" w="106" /><ent r="4" t="265" w="106" /><ent r="3" t="265" w="130" /><ent r="3" t="265" w="130" /><ent r="4" t="265" w="133" /><ent r="4" t="265" w="133" /><ent r="3" t="275" w="170" /><ent r="3" t="275" w="170" /><ent r="5" t="276" w="506" /><ent r="5" t="276" w="506" /><ent r="6" t="365" w="76" /><ent r="6" t="365" w="76" /><ent r="6" t="365" w="223" /><ent r="6" t="365" w="223" /><ent r="6" t="365" w="243" /><ent r="6" t="365" w="243" /><ent r="6" t="365" w="306" /><ent r="6" t="365" w="306" /><ent r="6" t="365" w="584" /><ent r="6" t="365" w="584" /><ent r="5" t="398" w="540" /><ent r="5" t="398" w="540" /><ent r="5" t="398" w="545" /><ent r="5" t="398" w="545" /><ent r="5" t="398" w="552" /><ent r="5" t="398" w="552" /><ent r="5" t="398" w="557" /><ent r="5" t="398" w="557" /><ent r="5" t="398" w="633" /><ent r="5" t="398" w="633" /><ent r="3" t="402" w="1095" /><ent r="3" t="402" w="1095" /><ent r="3" t="402" w="1107" /><ent r="3" t="402" w="1107" /><ent r="3" t="402" w="1119" /><ent r="3" t="402" w="1119" /><ent r="3" t="402" w="1132" /><ent r="3" t="402" w="1132" /><ent r="3" t="402" w="1225" /><ent r="3" t="402" w="1225" /><ent r="3" t="402" w="1260" /><ent r="3" t="402" w="1260" /><ent r="3" t="402" w="1288" /><ent r="3" t="402" w="1288" /><ent r="3" t="402" w="1300" /><ent r="3" t="402" w="1300" /><ent r="3" t="402" w="1311" /><ent r="3" t="402" w="1311" /><ent r="3" t="405" w="321" /><ent r="3" t="405" w="321" /><ent r="4" t="422" w="823" /><ent r="4" t="422" w="823" /><ent r="65" t="422" w="830" /><ent r="65" t="422" w="830" /><ent r="4" t="422" w="897" /><ent r="4" t="422" w="897" /><ent r="65" t="422" w="904" /><ent r="65" t="422" w="904" /><ent r="9" t="475" w="259" /><ent r="9" t="475" w="259" /><ent r="9" t="477" w="514" /><ent r="9" t="477" w="514" /></phr><phr n="STATION"><ent r="6" t="365" w="132" /><ent r="6" t="365" w="132" /><ent r="6" t="365" w="213" /><ent r="6" t="365" w="213" /><ent r="6" t="365" w="234" /><ent r="6" t="365" w="234" /><ent r="6" t="365" w="294" /><ent r="6" t="365" w="294" /><ent r="6" t="365" w="316" /><ent r="6" t="365" w="316" /><ent r="6" t="365" w="356" /><ent r="6" t="365" w="356" /><ent r="6" t="365" w="362" /><ent r="6" t="365" w="362" /><ent r="6" t="365" w="383" /><ent r="6" t="365" w="383" /><ent r="6" t="365" w="574" /><ent r="6" t="365" w="574" /></phr></stem></index>