<?xml version="1.0" encoding="utf-8"?><index><!-- saved from url=(0016)http://localhost -->
<stem n="messag"><phr n="messages"><ent r="3" t="9" w="66" /><ent r="6" t="14" w="262" /><ent r="6" t="15" w="142" /><ent r="6" t="45" w="262" /><ent r="6" t="46" w="142" /><ent r="6" t="70" w="321" /><ent r="7" t="96" w="288" /><ent r="6" t="97" w="142" /><ent r="8" t="125" w="318" /><ent r="6" t="126" w="142" /><ent r="6" t="148" w="204" /><ent r="6" t="149" w="142" /><ent r="4" t="164" w="403" /><ent r="4" t="164" w="403" /><ent r="4" t="164" w="506" /><ent r="4" t="164" w="506" /><ent r="4" t="164" w="519" /><ent r="4" t="164" w="519" /><ent r="6" t="173" w="250" /><ent r="6" t="174" w="142" /><ent r="6" t="199" w="326" /><ent r="6" t="200" w="142" /><ent r="6" t="224" w="334" /><ent r="4" t="226" w="373" /><ent r="4" t="226" w="373" /><ent r="6" t="226" w="524" /><ent r="6" t="226" w="524" /><ent r="6" t="226" w="555" /><ent r="6" t="226" w="555" /><ent r="7" t="235" w="313" /><ent r="7" t="235" w="2218" /><ent r="7" t="235" w="2218" /><ent r="7" t="235" w="2230" /><ent r="7" t="235" w="2230" /><ent r="7" t="235" w="2245" /><ent r="7" t="235" w="2855" /><ent r="7" t="235" w="3281" /><ent r="7" t="235" w="3281" /><ent r="7" t="235" w="3484" /><ent r="7" t="235" w="3484" /><ent r="3" t="240" w="677" /><ent r="5" t="244" w="417" /><ent r="54" t="263" w="201" /><ent r="54" t="263" w="201" /><ent r="54" t="263" w="252" /><ent r="54" t="263" w="252" /><ent r="3" t="263" w="403" /><ent r="3" t="263" w="424" /><ent r="54" t="264" w="214" /><ent r="54" t="264" w="214" /><ent r="54" t="264" w="281" /><ent r="54" t="264" w="281" /><ent r="5" t="266" w="345" /><ent r="5" t="266" w="345" /><ent r="3" t="271" w="169" /><ent r="3" t="271" w="169" /><ent r="3" t="274" w="48" /><ent r="3" t="274" w="48" /><ent r="3" t="276" w="1862" /><ent r="3" t="276" w="1862" /><ent r="3" t="276" w="1934" /><ent r="3" t="276" w="2408" /><ent r="3" t="276" w="2408" /><ent r="3" t="276" w="2458" /><ent r="3" t="276" w="2458" /><ent r="3" t="276" w="2476" /><ent r="4" t="276" w="2481" /><ent r="4" t="276" w="2481" /><ent r="4" t="276" w="2513" /><ent r="4" t="276" w="2513" /><ent r="3" t="276" w="2642" /><ent r="3" t="276" w="2789" /><ent r="3" t="276" w="2789" /><ent r="3" t="276" w="3078" /><ent r="3" t="276" w="3078" /><ent r="3" t="281" w="205" /><ent r="3" t="281" w="205" /><ent r="3" t="281" w="222" /><ent r="3" t="281" w="222" /><ent r="10" t="348" w="687" /><ent r="10" t="348" w="687" /><ent r="3" t="362" w="270" /><ent r="3" t="362" w="270" /><ent r="6" t="390" w="1144" /><ent r="6" t="390" w="1144" /><ent r="3" t="392" w="17" /><ent r="3" t="392" w="21" /><ent r="3" t="392" w="21" /><ent r="3" t="392" w="29" /><ent r="3" t="392" w="38" /><ent r="1000" t="393" w="3" /><ent r="92" t="393" w="8" /><ent r="3" t="393" w="22" /><ent r="3" t="393" w="22" /><ent r="3" t="393" w="40" /><ent r="3" t="393" w="40" /><ent r="3" t="393" w="56" /><ent r="3" t="393" w="56" /><ent r="3" t="393" w="173" /><ent r="3" t="393" w="173" /><ent r="3" t="393" w="451" /><ent r="1000" t="394" w="3" /><ent r="82" t="394" w="10" /><ent r="3" t="394" w="114" /><ent r="3" t="394" w="114" /><ent r="3" t="395" w="20" /><ent r="3" t="395" w="22" /><ent r="3" t="395" w="22" /><ent r="3" t="395" w="51" /><ent r="3" t="395" w="51" /><ent r="3" t="395" w="63" /><ent r="3" t="395" w="63" /><ent r="3" t="395" w="292" /><ent r="3" t="395" w="292" /><ent r="1000" t="396" w="2" /><ent r="82" t="396" w="9" /><ent r="6" t="396" w="157" /><ent r="6" t="396" w="157" /><ent r="1000" t="397" w="2" /><ent r="82" t="397" w="10" /><ent r="5" t="398" w="773" /><ent r="5" t="398" w="773" /><ent r="5" t="398" w="1313" /><ent r="5" t="398" w="1313" /><ent r="5" t="398" w="1327" /><ent r="5" t="398" w="1560" /><ent r="5" t="398" w="1980" /><ent r="5" t="398" w="1980" /><ent r="5" t="398" w="2203" /><ent r="5" t="398" w="2436" /><ent r="3" t="398" w="2885" /><ent r="3" t="398" w="2885" /><ent r="3" t="399" w="2965" /><ent r="3" t="400" w="674" /><ent r="3" t="400" w="674" /><ent r="6" t="400" w="698" /><ent r="6" t="400" w="698" /><ent r="3" t="400" w="933" /><ent r="3" t="400" w="933" /><ent r="6" t="400" w="952" /><ent r="6" t="400" w="952" /><ent r="5" t="400" w="1323" /><ent r="6" t="400" w="1343" /><ent r="6" t="400" w="1343" /><ent r="5" t="400" w="1379" /><ent r="5" t="400" w="1523" /><ent r="6" t="400" w="1543" /><ent r="6" t="400" w="1543" /><ent r="5" t="400" w="1581" /><ent r="5" t="400" w="1595" /><ent r="5" t="400" w="1595" /><ent r="5" t="400" w="1636" /><ent r="5" t="400" w="1650" /><ent r="5" t="400" w="1650" /><ent r="3" t="400" w="1751" /><ent r="3" t="400" w="1751" /><ent r="5" t="400" w="1790" /><ent r="6" t="400" w="1810" /><ent r="6" t="400" w="1810" /><ent r="5" t="400" w="1843" /><ent r="6" t="400" w="1853" /><ent r="6" t="400" w="1853" /><ent r="5" t="400" w="1871" /><ent r="5" t="400" w="1871" /><ent r="7" t="400" w="1970" /><ent r="7" t="400" w="1970" /><ent r="3" t="402" w="260" /><ent r="4" t="402" w="501" /><ent r="4" t="402" w="501" /><ent r="4" t="402" w="559" /><ent r="4" t="402" w="641" /><ent r="4" t="402" w="641" /><ent r="4" t="402" w="660" /><ent r="4" t="402" w="660" /><ent r="7" t="402" w="696" /><ent r="7" t="402" w="696" /><ent r="7" t="402" w="731" /><ent r="7" t="402" w="731" /><ent r="3" t="402" w="1349" /><ent r="3" t="402" w="1349" /><ent r="3" t="422" w="417" /><ent r="7" t="439" w="545" /><ent r="7" t="439" w="545" /><ent r="7" t="439" w="550" /><ent r="7" t="439" w="550" /><ent r="7" t="445" w="320" /><ent r="7" t="445" w="320" /><ent r="7" t="445" w="338" /><ent r="7" t="445" w="338" /><ent r="7" t="445" w="393" /><ent r="3" t="473" w="21" /><ent r="3" t="473" w="21" /><ent r="7" t="477" w="488" /><ent r="7" t="477" w="488" /><ent r="7" t="477" w="572" /><ent r="7" t="477" w="572" /><ent r="7" t="482" w="205" /><ent r="7" t="482" w="205" /><ent r="7" t="488" w="173" /></phr><phr n="message"><ent r="3" t="12" w="225" /><ent r="3" t="12" w="225" /><ent r="3" t="25" w="30" /><ent r="3" t="56" w="30" /><ent r="3" t="107" w="30" /><ent r="3" t="182" w="30" /><ent r="3" t="208" w="30" /><ent r="7" t="235" w="151" /><ent r="7" t="235" w="151" /><ent r="7" t="235" w="577" /><ent r="7" t="235" w="577" /><ent r="7" t="235" w="605" /><ent r="7" t="235" w="605" /><ent r="7" t="235" w="1642" /><ent r="7" t="235" w="1642" /><ent r="7" t="235" w="2300" /><ent r="7" t="235" w="2300" /><ent r="7" t="235" w="2375" /><ent r="7" t="235" w="2375" /><ent r="7" t="235" w="2987" /><ent r="7" t="235" w="2987" /><ent r="3" t="240" w="812" /><ent r="3" t="240" w="812" /><ent r="3" t="263" w="443" /><ent r="3" t="265" w="365" /><ent r="3" t="265" w="365" /><ent r="3" t="271" w="708" /><ent r="3" t="271" w="708" /><ent r="3" t="276" w="2042" /><ent r="3" t="276" w="2236" /><ent r="3" t="276" w="2236" /><ent r="3" t="276" w="2274" /><ent r="3" t="276" w="2424" /><ent r="3" t="276" w="2424" /><ent r="3" t="276" w="2547" /><ent r="3" t="276" w="2547" /><ent r="3" t="276" w="2593" /><ent r="3" t="276" w="2593" /><ent r="3" t="276" w="2653" /><ent r="3" t="276" w="2653" /><ent r="4" t="276" w="2682" /><ent r="4" t="276" w="2682" /><ent r="3" t="276" w="2700" /><ent r="3" t="276" w="2700" /><ent r="3" t="276" w="2839" /><ent r="3" t="276" w="2839" /><ent r="3" t="276" w="3061" /><ent r="3" t="276" w="3061" /><ent r="3" t="279" w="481" /><ent r="3" t="279" w="481" /><ent r="3" t="304" w="89" /><ent r="3" t="304" w="89" /><ent r="5" t="312" w="456" /><ent r="5" t="312" w="456" /><ent r="5" t="312" w="719" /><ent r="5" t="312" w="719" /><ent r="4" t="312" w="744" /><ent r="4" t="312" w="744" /><ent r="4" t="312" w="754" /><ent r="4" t="312" w="754" /><ent r="5" t="315" w="407" /><ent r="5" t="315" w="407" /><ent r="3" t="322" w="48" /><ent r="3" t="322" w="48" /><ent r="3" t="322" w="53" /><ent r="3" t="323" w="256" /><ent r="3" t="323" w="256" /><ent r="3" t="337" w="408" /><ent r="3" t="337" w="408" /><ent r="10" t="348" w="673" /><ent r="10" t="348" w="673" /><ent r="10" t="348" w="731" /><ent r="10" t="348" w="731" /><ent r="69" t="360" w="268" /><ent r="69" t="360" w="268" /><ent r="3" t="365" w="258" /><ent r="1000" t="372" w="2" /><ent r="1000" t="372" w="2" /><ent r="92" t="372" w="6" /><ent r="92" t="372" w="6" /><ent r="3" t="372" w="11" /><ent r="3" t="372" w="11" /><ent r="3" t="372" w="24" /><ent r="3" t="372" w="24" /><ent r="3" t="372" w="52" /><ent r="3" t="372" w="52" /><ent r="3" t="372" w="65" /><ent r="3" t="372" w="65" /><ent r="3" t="372" w="79" /><ent r="3" t="372" w="79" /><ent r="68" t="372" w="164" /><ent r="68" t="372" w="164" /><ent r="6" t="372" w="172" /><ent r="6" t="372" w="172" /><ent r="7" t="372" w="222" /><ent r="7" t="372" w="222" /><ent r="68" t="372" w="311" /><ent r="68" t="372" w="311" /><ent r="6" t="372" w="317" /><ent r="6" t="372" w="317" /><ent r="68" t="372" w="367" /><ent r="68" t="372" w="367" /><ent r="7" t="372" w="372" /><ent r="7" t="372" w="372" /><ent r="68" t="372" w="805" /><ent r="68" t="372" w="805" /><ent r="68" t="372" w="831" /><ent r="68" t="372" w="831" /><ent r="3" t="372" w="984" /><ent r="3" t="372" w="984" /><ent r="82" t="372" w="988" /><ent r="82" t="372" w="988" /><ent r="6" t="372" w="1503" /><ent r="6" t="372" w="1503" /><ent r="82" t="372" w="1514" /><ent r="82" t="372" w="1514" /><ent r="82" t="372" w="1672" /><ent r="82" t="372" w="1672" /><ent r="82" t="372" w="1753" /><ent r="82" t="372" w="1753" /><ent r="3" t="376" w="36" /><ent r="3" t="376" w="36" /><ent r="6" t="376" w="115" /><ent r="6" t="376" w="115" /><ent r="4" t="388" w="239" /><ent r="5" t="388" w="351" /><ent r="5" t="388" w="402" /><ent r="3" t="388" w="768" /><ent r="3" t="388" w="768" /><ent r="3" t="388" w="1577" /><ent r="3" t="388" w="1577" /><ent r="82" t="390" w="546" /><ent r="82" t="390" w="546" /><ent r="3" t="390" w="628" /><ent r="3" t="390" w="628" /><ent r="64" t="392" w="45" /><ent r="64" t="392" w="45" /><ent r="3" t="393" w="118" /><ent r="3" t="393" w="131" /><ent r="3" t="393" w="188" /><ent r="7" t="393" w="300" /><ent r="7" t="393" w="300" /><ent r="1000" t="394" w="5" /><ent r="1000" t="394" w="5" /><ent r="82" t="394" w="12" /><ent r="82" t="394" w="12" /><ent r="3" t="394" w="16" /><ent r="3" t="394" w="16" /><ent r="5" t="394" w="20" /><ent r="5" t="394" w="20" /><ent r="5" t="394" w="28" /><ent r="5" t="394" w="28" /><ent r="5" t="394" w="33" /><ent r="5" t="394" w="33" /><ent r="5" t="394" w="38" /><ent r="5" t="394" w="38" /><ent r="5" t="394" w="52" /><ent r="5" t="394" w="52" /><ent r="3" t="394" w="71" /><ent r="3" t="394" w="71" /><ent r="3" t="394" w="74" /><ent r="3" t="394" w="74" /><ent r="3" t="396" w="250" /><ent r="3" t="396" w="250" /><ent r="1000" t="399" w="2" /><ent r="1000" t="399" w="2" /><ent r="92" t="399" w="8" /><ent r="92" t="399" w="8" /><ent r="3" t="399" w="24" /><ent r="3" t="399" w="24" /><ent r="65" t="399" w="109" /><ent r="65" t="399" w="109" /><ent r="6" t="400" w="725" /><ent r="6" t="400" w="725" /><ent r="6" t="400" w="758" /><ent r="6" t="400" w="758" /><ent r="3" t="400" w="788" /><ent r="3" t="400" w="794" /><ent r="3" t="400" w="794" /><ent r="6" t="400" w="1065" /><ent r="6" t="400" w="1065" /><ent r="5" t="400" w="1070" /><ent r="5" t="400" w="1070" /><ent r="6" t="400" w="1101" /><ent r="6" t="400" w="1101" /><ent r="5" t="400" w="1106" /><ent r="5" t="400" w="1106" /><ent r="6" t="400" w="1389" /><ent r="6" t="400" w="1389" /><ent r="6" t="400" w="1591" /><ent r="6" t="400" w="1591" /><ent r="6" t="400" w="1646" /><ent r="6" t="400" w="1646" /><ent r="7" t="400" w="1888" /><ent r="7" t="400" w="1888" /><ent r="3" t="401" w="510" /><ent r="3" t="401" w="572" /><ent r="3" t="402" w="175" /><ent r="3" t="402" w="175" /><ent r="3" t="402" w="188" /><ent r="3" t="402" w="833" /><ent r="3" t="402" w="833" /><ent r="3" t="402" w="1159" /><ent r="3" t="402" w="1159" /><ent r="3" t="402" w="1167" /><ent r="3" t="402" w="1167" /><ent r="3" t="402" w="1188" /><ent r="3" t="402" w="1188" /><ent r="3" t="402" w="1246" /><ent r="3" t="402" w="1246" /><ent r="3" t="402" w="1857" /><ent r="3" t="402" w="1857" /><ent r="1000" t="430" w="2" /><ent r="82" t="430" w="8" /><ent r="3" t="430" w="14" /><ent r="3" t="430" w="14" /><ent r="1000" t="431" w="2" /><ent r="82" t="431" w="8" /><ent r="3" t="431" w="14" /><ent r="3" t="431" w="14" /><ent r="7" t="431" w="168" /><ent r="7" t="431" w="168" /><ent r="7" t="431" w="192" /><ent r="1000" t="432" w="2" /><ent r="82" t="432" w="6" /><ent r="3" t="432" w="10" /><ent r="3" t="432" w="10" /><ent r="3" t="432" w="87" /><ent r="3" t="432" w="87" /><ent r="1000" t="433" w="2" /><ent r="82" t="433" w="10" /><ent r="3" t="433" w="18" /><ent r="3" t="433" w="18" /><ent r="3" t="433" w="48" /><ent r="1000" t="434" w="2" /><ent r="82" t="434" w="7" /><ent r="3" t="434" w="12" /><ent r="3" t="434" w="12" /><ent r="1000" t="435" w="2" /><ent r="82" t="435" w="7" /><ent r="3" t="435" w="12" /><ent r="3" t="435" w="12" /><ent r="1000" t="436" w="2" /><ent r="82" t="436" w="6" /><ent r="3" t="436" w="10" /><ent r="3" t="436" w="10" /><ent r="1000" t="437" w="2" /><ent r="82" t="437" w="7" /><ent r="3" t="437" w="12" /><ent r="3" t="437" w="12" /><ent r="1000" t="438" w="2" /><ent r="1000" t="438" w="2" /><ent r="82" t="438" w="7" /><ent r="82" t="438" w="7" /><ent r="1000" t="439" w="2" /><ent r="82" t="439" w="9" /><ent r="3" t="439" w="16" /><ent r="3" t="439" w="16" /><ent r="7" t="439" w="557" /><ent r="7" t="439" w="557" /><ent r="1000" t="440" w="2" /><ent r="82" t="440" w="6" /><ent r="3" t="440" w="10" /><ent r="3" t="440" w="10" /><ent r="1000" t="441" w="2" /><ent r="82" t="441" w="8" /><ent r="3" t="441" w="14" /><ent r="3" t="441" w="14" /><ent r="1000" t="442" w="2" /><ent r="82" t="442" w="8" /><ent r="3" t="442" w="14" /><ent r="3" t="442" w="14" /><ent r="3" t="442" w="44" /><ent r="3" t="442" w="44" /><ent r="3" t="442" w="50" /><ent r="3" t="442" w="50" /><ent r="1000" t="443" w="2" /><ent r="82" t="443" w="10" /><ent r="3" t="443" w="18" /><ent r="3" t="443" w="18" /><ent r="7" t="443" w="198" /><ent r="7" t="443" w="198" /><ent r="1000" t="444" w="2" /><ent r="82" t="444" w="6" /><ent r="3" t="444" w="10" /><ent r="3" t="444" w="10" /><ent r="1000" t="445" w="2" /><ent r="82" t="445" w="7" /><ent r="3" t="445" w="12" /><ent r="3" t="445" w="12" /><ent r="7" t="445" w="364" /><ent r="7" t="445" w="364" /><ent r="7" t="445" w="382" /><ent r="7" t="445" w="382" /><ent r="1000" t="446" w="2" /><ent r="82" t="446" w="7" /><ent r="3" t="446" w="12" /><ent r="3" t="446" w="12" /><ent r="3" t="446" w="59" /><ent r="3" t="446" w="59" /><ent r="1000" t="447" w="2" /><ent r="82" t="447" w="8" /><ent r="3" t="447" w="14" /><ent r="3" t="447" w="14" /><ent r="5" t="447" w="28" /><ent r="5" t="447" w="28" /><ent r="7" t="447" w="104" /><ent r="7" t="447" w="118" /><ent r="7" t="447" w="118" /><ent r="1000" t="448" w="2" /><ent r="82" t="448" w="8" /><ent r="3" t="448" w="14" /><ent r="3" t="448" w="14" /><ent r="1000" t="449" w="2" /><ent r="82" t="449" w="6" /><ent r="3" t="449" w="10" /><ent r="3" t="449" w="10" /><ent r="3" t="449" w="85" /><ent r="3" t="449" w="85" /><ent r="1000" t="450" w="2" /><ent r="82" t="450" w="8" /><ent r="3" t="450" w="14" /><ent r="3" t="450" w="14" /><ent r="1000" t="451" w="2" /><ent r="82" t="451" w="8" /><ent r="3" t="451" w="14" /><ent r="3" t="451" w="14" /><ent r="1000" t="452" w="2" /><ent r="82" t="452" w="6" /><ent r="3" t="452" w="10" /><ent r="3" t="452" w="10" /><ent r="1000" t="453" w="2" /><ent r="82" t="453" w="7" /><ent r="3" t="453" w="12" /><ent r="3" t="453" w="12" /><ent r="1000" t="454" w="2" /><ent r="82" t="454" w="6" /><ent r="3" t="454" w="10" /><ent r="3" t="454" w="10" /><ent r="1000" t="455" w="2" /><ent r="82" t="455" w="6" /><ent r="3" t="455" w="10" /><ent r="3" t="455" w="10" /><ent r="3" t="455" w="49" /><ent r="3" t="455" w="49" /><ent r="65" t="455" w="65" /><ent r="1000" t="473" w="3" /><ent r="82" t="473" w="8" /><ent r="72" t="473" w="32" /><ent r="72" t="473" w="32" /><ent r="3" t="473" w="42" /><ent r="3" t="473" w="42" /><ent r="72" t="473" w="122" /><ent r="72" t="473" w="122" /><ent r="3" t="473" w="132" /><ent r="3" t="473" w="132" /><ent r="1000" t="474" w="3" /><ent r="82" t="474" w="8" /><ent r="3" t="474" w="23" /><ent r="3" t="474" w="23" /><ent r="72" t="474" w="46" /><ent r="72" t="474" w="46" /><ent r="1000" t="475" w="3" /><ent r="82" t="475" w="8" /><ent r="3" t="475" w="23" /><ent r="3" t="475" w="23" /><ent r="72" t="475" w="61" /><ent r="72" t="475" w="61" /><ent r="1000" t="476" w="3" /><ent r="82" t="476" w="8" /><ent r="3" t="476" w="27" /><ent r="3" t="476" w="27" /><ent r="72" t="476" w="45" /><ent r="72" t="476" w="45" /><ent r="1000" t="477" w="3" /><ent r="82" t="477" w="8" /><ent r="3" t="477" w="22" /><ent r="3" t="477" w="22" /><ent r="3" t="477" w="36" /><ent r="3" t="477" w="36" /><ent r="3" t="477" w="61" /><ent r="3" t="477" w="61" /><ent r="72" t="477" w="108" /><ent r="72" t="477" w="108" /><ent r="1000" t="478" w="3" /><ent r="82" t="478" w="8" /><ent r="3" t="478" w="17" /><ent r="3" t="478" w="17" /><ent r="3" t="478" w="28" /><ent r="3" t="478" w="28" /><ent r="72" t="478" w="46" /><ent r="72" t="478" w="46" /><ent r="1000" t="479" w="3" /><ent r="82" t="479" w="8" /><ent r="3" t="479" w="17" /><ent r="3" t="479" w="17" /><ent r="3" t="479" w="35" /><ent r="3" t="479" w="35" /><ent r="3" t="479" w="49" /><ent r="3" t="479" w="49" /><ent r="3" t="479" w="63" /><ent r="3" t="479" w="63" /><ent r="72" t="479" w="86" /><ent r="72" t="479" w="86" /><ent r="1000" t="480" w="3" /><ent r="82" t="480" w="8" /><ent r="3" t="480" w="22" /><ent r="3" t="480" w="22" /><ent r="72" t="480" w="64" /><ent r="72" t="480" w="64" /><ent r="1000" t="481" w="3" /><ent r="82" t="481" w="8" /><ent r="3" t="481" w="20" /><ent r="3" t="481" w="20" /><ent r="72" t="481" w="74" /><ent r="72" t="481" w="74" /><ent r="1000" t="482" w="3" /><ent r="82" t="482" w="8" /><ent r="3" t="482" w="16" /><ent r="3" t="482" w="16" /><ent r="3" t="482" w="35" /><ent r="3" t="482" w="35" /><ent r="72" t="482" w="188" /><ent r="72" t="482" w="188" /><ent r="1000" t="483" w="3" /><ent r="82" t="483" w="8" /><ent r="3" t="483" w="21" /><ent r="3" t="483" w="21" /><ent r="72" t="483" w="54" /><ent r="72" t="483" w="54" /><ent r="1000" t="484" w="3" /><ent r="82" t="484" w="8" /><ent r="3" t="484" w="22" /><ent r="3" t="484" w="22" /><ent r="1000" t="485" w="3" /><ent r="82" t="485" w="8" /><ent r="72" t="485" w="14" /><ent r="72" t="485" w="14" /><ent r="3" t="485" w="18" /><ent r="3" t="485" w="18" /><ent r="3" t="485" w="22" /><ent r="3" t="485" w="22" /><ent r="3" t="485" w="44" /><ent r="3" t="485" w="44" /><ent r="72" t="485" w="90" /><ent r="72" t="485" w="90" /><ent r="1000" t="486" w="3" /><ent r="82" t="486" w="9" /><ent r="3" t="486" w="28" /><ent r="3" t="486" w="28" /><ent r="3" t="486" w="69" /><ent r="3" t="486" w="69" /><ent r="72" t="486" w="110" /><ent r="72" t="486" w="110" /><ent r="1000" t="487" w="3" /><ent r="82" t="487" w="9" /><ent r="3" t="487" w="21" /><ent r="3" t="487" w="21" /><ent r="3" t="487" w="51" /><ent r="3" t="487" w="66" /><ent r="3" t="487" w="66" /><ent r="72" t="487" w="88" /><ent r="72" t="487" w="88" /><ent r="1000" t="488" w="3" /><ent r="82" t="488" w="9" /><ent r="3" t="488" w="25" /><ent r="3" t="488" w="31" /><ent r="3" t="488" w="50" /><ent r="3" t="488" w="50" /><ent r="3" t="488" w="57" /><ent r="3" t="488" w="76" /><ent r="72" t="488" w="92" /><ent r="72" t="488" w="92" /><ent r="7" t="488" w="134" /><ent r="7" t="488" w="153" /><ent r="1000" t="489" w="3" /><ent r="82" t="489" w="9" /><ent r="3" t="489" w="25" /><ent r="3" t="489" w="25" /><ent r="72" t="489" w="51" /><ent r="72" t="489" w="51" /><ent r="3" t="489" w="334" /><ent r="3" t="489" w="334" /><ent r="1000" t="490" w="3" /><ent r="82" t="490" w="9" /><ent r="3" t="490" w="24" /><ent r="3" t="490" w="24" /><ent r="72" t="490" w="70" /><ent r="72" t="490" w="70" /><ent r="3" t="490" w="269" /><ent r="3" t="490" w="269" /><ent r="1000" t="491" w="3" /><ent r="82" t="491" w="9" /><ent r="3" t="491" w="22" /><ent r="3" t="491" w="22" /><ent r="72" t="491" w="38" /><ent r="72" t="491" w="38" /><ent r="1000" t="492" w="3" /><ent r="82" t="492" w="9" /><ent r="3" t="492" w="22" /><ent r="3" t="492" w="22" /><ent r="72" t="492" w="46" /><ent r="72" t="492" w="46" /><ent r="1000" t="493" w="3" /><ent r="82" t="493" w="9" /><ent r="3" t="493" w="21" /><ent r="3" t="493" w="21" /><ent r="3" t="493" w="42" /><ent r="3" t="493" w="42" /><ent r="72" t="493" w="72" /><ent r="72" t="493" w="72" /><ent r="1000" t="494" w="3" /><ent r="82" t="494" w="8" /><ent r="3" t="494" w="21" /><ent r="3" t="494" w="21" /><ent r="65" t="494" w="38" /><ent r="72" t="494" w="68" /><ent r="72" t="494" w="68" /><ent r="1000" t="495" w="3" /><ent r="82" t="495" w="8" /><ent r="3" t="495" w="22" /><ent r="3" t="495" w="22" /><ent r="65" t="495" w="39" /><ent r="72" t="495" w="59" /><ent r="72" t="495" w="59" /><ent r="1000" t="496" w="3" /><ent r="82" t="496" w="8" /><ent r="3" t="496" w="24" /><ent r="3" t="496" w="24" /><ent r="65" t="496" w="41" /><ent r="3" t="496" w="51" /><ent r="3" t="496" w="51" /><ent r="72" t="496" w="70" /><ent r="72" t="496" w="70" /><ent r="1000" t="497" w="3" /><ent r="82" t="497" w="8" /><ent r="3" t="497" w="27" /><ent r="3" t="497" w="27" /><ent r="72" t="497" w="42" /><ent r="72" t="497" w="42" /></phr><phr n="Messages"><ent r="4" t="276" w="2453" /><ent r="4" t="276" w="2453" /><ent r="4" t="276" w="3073" /><ent r="4" t="276" w="3073" /><ent r="4" t="281" w="198" /><ent r="4" t="281" w="198" /><ent r="4" t="281" w="214" /><ent r="4" t="281" w="214" /><ent r="3" t="319" w="129" /><ent r="1000" t="392" w="4" /><ent r="1000" t="392" w="4" /><ent r="92" t="392" w="9" /><ent r="92" t="392" w="9" /><ent r="1000" t="395" w="2" /><ent r="92" t="395" w="6" /><ent r="1000" t="467" w="2" /><ent r="1000" t="467" w="2" /><ent r="92" t="467" w="5" /><ent r="92" t="467" w="5" /><ent r="1000" t="468" w="2" /><ent r="1000" t="468" w="2" /><ent r="92" t="468" w="5" /><ent r="92" t="468" w="5" /></phr><phr n="Message"><ent r="6" t="296" w="234" /><ent r="6" t="296" w="234" /><ent r="6" t="324" w="34" /><ent r="6" t="324" w="34" /><ent r="7" t="340" w="225" /><ent r="7" t="340" w="225" /><ent r="6" t="372" w="111" /><ent r="6" t="372" w="111" /><ent r="3" t="372" w="284" /><ent r="3" t="372" w="284" /><ent r="3" t="372" w="339" /><ent r="3" t="372" w="339" /><ent r="3" t="372" w="460" /><ent r="3" t="372" w="460" /><ent r="3" t="372" w="774" /><ent r="3" t="372" w="774" /><ent r="4" t="390" w="154" /><ent r="4" t="390" w="154" /><ent r="3" t="390" w="558" /><ent r="6" t="393" w="190" /><ent r="6" t="393" w="190" /><ent r="82" t="394" w="110" /><ent r="82" t="394" w="110" /><ent r="6" t="395" w="68" /><ent r="6" t="395" w="68" /><ent r="5" t="398" w="926" /><ent r="5" t="398" w="1446" /><ent r="5" t="398" w="1495" /><ent r="5" t="398" w="2128" /><ent r="5" t="398" w="2322" /><ent r="5" t="398" w="2371" /><ent r="6" t="400" w="975" /><ent r="6" t="400" w="975" /><ent r="6" t="400" w="1042" /><ent r="6" t="400" w="1042" /><ent r="7" t="400" w="1919" /><ent r="7" t="400" w="1919" /><ent r="3" t="402" w="1147" /><ent r="3" t="402" w="1147" /><ent r="6" t="473" w="62" /><ent r="6" t="473" w="62" /><ent r="6" t="473" w="68" /><ent r="6" t="473" w="68" /><ent r="6" t="473" w="166" /><ent r="6" t="473" w="166" /><ent r="6" t="473" w="172" /><ent r="6" t="473" w="172" /><ent r="7" t="474" w="55" /><ent r="7" t="474" w="55" /><ent r="7" t="475" w="70" /><ent r="7" t="475" w="70" /><ent r="7" t="476" w="54" /><ent r="7" t="476" w="54" /><ent r="7" t="477" w="117" /><ent r="7" t="477" w="117" /><ent r="7" t="479" w="95" /><ent r="7" t="479" w="95" /><ent r="7" t="480" w="73" /><ent r="7" t="480" w="73" /><ent r="7" t="481" w="83" /><ent r="7" t="481" w="83" /><ent r="7" t="482" w="197" /><ent r="7" t="482" w="197" /><ent r="7" t="482" w="215" /><ent r="7" t="482" w="215" /><ent r="7" t="483" w="63" /><ent r="7" t="483" w="63" /><ent r="7" t="484" w="45" /><ent r="7" t="484" w="45" /><ent r="7" t="486" w="119" /><ent r="7" t="486" w="119" /><ent r="7" t="489" w="66" /><ent r="7" t="489" w="66" /><ent r="7" t="490" w="79" /><ent r="7" t="490" w="79" /><ent r="7" t="491" w="47" /><ent r="7" t="491" w="47" /><ent r="7" t="492" w="55" /><ent r="7" t="492" w="55" /><ent r="7" t="493" w="81" /><ent r="7" t="493" w="81" /><ent r="7" t="494" w="77" /><ent r="7" t="494" w="77" /><ent r="7" t="495" w="68" /><ent r="7" t="495" w="68" /><ent r="7" t="496" w="79" /><ent r="7" t="496" w="79" /><ent r="7" t="497" w="51" /><ent r="7" t="497" w="51" /></phr><phr n="MESSAGES"><ent r="3" t="359" w="171" /><ent r="3" t="359" w="171" /></phr><phr n="MESSAGE"><ent r="6" t="372" w="155" /><ent r="6" t="372" w="155" /><ent r="6" t="372" w="357" /><ent r="6" t="372" w="357" /><ent r="6" t="372" w="794" /><ent r="6" t="372" w="794" /><ent r="6" t="372" w="820" /><ent r="6" t="372" w="820" /><ent r="5" t="398" w="933" /><ent r="5" t="398" w="933" /><ent r="5" t="398" w="1453" /><ent r="5" t="398" w="1453" /><ent r="5" t="398" w="1502" /><ent r="5" t="398" w="1502" /><ent r="5" t="398" w="2135" /><ent r="5" t="398" w="2135" /><ent r="5" t="398" w="2329" /><ent r="5" t="398" w="2329" /><ent r="5" t="398" w="2378" /><ent r="5" t="398" w="2378" /></phr></stem><stem n="design"><phr n="designed"><ent r="3" t="9" w="71" /><ent r="3" t="9" w="71" /><ent r="3" t="11" w="279" /><ent r="3" t="11" w="279" /><ent r="7" t="18" w="119" /><ent r="7" t="18" w="119" /><ent r="3" t="38" w="19" /><ent r="3" t="38" w="19" /><ent r="7" t="49" w="122" /><ent r="7" t="49" w="122" /><ent r="3" t="65" w="19" /><ent r="3" t="65" w="19" /><ent r="3" t="69" w="22" /><ent r="3" t="69" w="22" /><ent r="7" t="73" w="174" /><ent r="7" t="73" w="174" /><ent r="3" t="91" w="144" /><ent r="3" t="91" w="144" /><ent r="3" t="91" w="294" /><ent r="3" t="91" w="294" /><ent r="7" t="100" w="135" /><ent r="7" t="100" w="135" /><ent r="3" t="120" w="19" /><ent r="3" t="120" w="19" /><ent r="7" t="127" w="153" /><ent r="7" t="127" w="153" /><ent r="3" t="143" w="19" /><ent r="3" t="143" w="19" /><ent r="3" t="157" w="10" /><ent r="3" t="157" w="10" /><ent r="7" t="177" w="82" /><ent r="7" t="177" w="82" /><ent r="3" t="195" w="10" /><ent r="3" t="195" w="10" /><ent r="7" t="203" w="102" /><ent r="7" t="203" w="102" /><ent r="3" t="219" w="10" /><ent r="3" t="219" w="10" /><ent r="7" t="235" w="387" /><ent r="7" t="235" w="387" /><ent r="7" t="235" w="693" /><ent r="7" t="235" w="693" /><ent r="3" t="318" w="46" /><ent r="3" t="318" w="46" /><ent r="3" t="399" w="358" /><ent r="3" t="399" w="358" /><ent r="3" t="399" w="679" /><ent r="3" t="399" w="679" /><ent r="3" t="399" w="818" /><ent r="3" t="399" w="818" /><ent r="3" t="399" w="956" /><ent r="3" t="399" w="956" /><ent r="3" t="399" w="1119" /><ent r="3" t="399" w="1119" /><ent r="3" t="423" w="113" /><ent r="3" t="423" w="113" /></phr><phr n="Designed"><ent r="3" t="13" w="181" /><ent r="3" t="13" w="181" /><ent r="3" t="44" w="181" /><ent r="3" t="44" w="181" /><ent r="3" t="69" w="333" /><ent r="3" t="69" w="333" /><ent r="3" t="95" w="244" /><ent r="3" t="95" w="244" /><ent r="3" t="124" w="291" /><ent r="3" t="124" w="291" /><ent r="3" t="147" w="181" /><ent r="3" t="147" w="181" /><ent r="3" t="172" w="181" /><ent r="3" t="172" w="181" /><ent r="3" t="198" w="181" /><ent r="3" t="198" w="181" /><ent r="3" t="463" w="133" /><ent r="3" t="463" w="133" /></phr><phr n="design"><ent r="3" t="23" w="23" /><ent r="3" t="23" w="23" /><ent r="82" t="34" w="144" /><ent r="82" t="34" w="144" /><ent r="66" t="34" w="166" /><ent r="66" t="34" w="166" /><ent r="66" t="34" w="175" /><ent r="66" t="34" w="175" /><ent r="1000" t="35" w="2" /><ent r="1000" t="35" w="2" /><ent r="92" t="35" w="11" /><ent r="92" t="35" w="11" /><ent r="1000" t="36" w="2" /><ent r="1000" t="36" w="2" /><ent r="92" t="36" w="8" /><ent r="92" t="36" w="8" /><ent r="3" t="36" w="29" /><ent r="3" t="36" w="29" /><ent r="3" t="36" w="37" /><ent r="3" t="37" w="45" /><ent r="3" t="54" w="23" /><ent r="3" t="54" w="23" /><ent r="3" t="69" w="133" /><ent r="3" t="69" w="133" /><ent r="8" t="74" w="29" /><ent r="8" t="74" w="29" /><ent r="82" t="86" w="144" /><ent r="82" t="86" w="144" /><ent r="66" t="86" w="166" /><ent r="66" t="86" w="166" /><ent r="66" t="86" w="175" /><ent r="66" t="86" w="175" /><ent r="1000" t="87" w="2" /><ent r="1000" t="87" w="2" /><ent r="92" t="87" w="11" /><ent r="92" t="87" w="11" /><ent r="1000" t="88" w="2" /><ent r="1000" t="88" w="2" /><ent r="92" t="88" w="8" /><ent r="92" t="88" w="8" /><ent r="3" t="88" w="29" /><ent r="3" t="88" w="29" /><ent r="3" t="88" w="37" /><ent r="3" t="89" w="44" /><ent r="3" t="105" w="23" /><ent r="3" t="105" w="23" /><ent r="82" t="115" w="158" /><ent r="82" t="115" w="158" /><ent r="82" t="115" w="492" /><ent r="82" t="115" w="492" /><ent r="3" t="115" w="525" /><ent r="3" t="115" w="525" /><ent r="82" t="115" w="543" /><ent r="82" t="115" w="543" /><ent r="3" t="115" w="619" /><ent r="3" t="115" w="619" /><ent r="82" t="116" w="145" /><ent r="82" t="116" w="145" /><ent r="66" t="116" w="167" /><ent r="66" t="116" w="167" /><ent r="66" t="116" w="176" /><ent r="66" t="116" w="176" /><ent r="1000" t="117" w="2" /><ent r="1000" t="117" w="2" /><ent r="92" t="117" w="11" /><ent r="92" t="117" w="11" /><ent r="1000" t="118" w="2" /><ent r="1000" t="118" w="2" /><ent r="92" t="118" w="8" /><ent r="92" t="118" w="8" /><ent r="3" t="118" w="29" /><ent r="3" t="118" w="29" /><ent r="3" t="118" w="37" /><ent r="3" t="119" w="44" /><ent r="82" t="138" w="174" /><ent r="82" t="138" w="174" /><ent r="3" t="138" w="401" /><ent r="3" t="138" w="401" /><ent r="3" t="138" w="431" /><ent r="3" t="138" w="431" /><ent r="82" t="138" w="486" /><ent r="82" t="138" w="486" /><ent r="3" t="138" w="520" /><ent r="3" t="138" w="520" /><ent r="82" t="138" w="538" /><ent r="82" t="138" w="538" /><ent r="3" t="138" w="554" /><ent r="3" t="138" w="554" /><ent r="82" t="139" w="145" /><ent r="82" t="139" w="145" /><ent r="66" t="139" w="167" /><ent r="66" t="139" w="167" /><ent r="66" t="139" w="176" /><ent r="66" t="139" w="176" /><ent r="1000" t="140" w="2" /><ent r="1000" t="140" w="2" /><ent r="92" t="140" w="11" /><ent r="92" t="140" w="11" /><ent r="1000" t="141" w="2" /><ent r="1000" t="141" w="2" /><ent r="92" t="141" w="8" /><ent r="92" t="141" w="8" /><ent r="3" t="141" w="29" /><ent r="3" t="141" w="29" /><ent r="3" t="141" w="37" /><ent r="3" t="142" w="45" /><ent r="82" t="190" w="134" /><ent r="82" t="190" w="134" /><ent r="66" t="190" w="156" /><ent r="66" t="190" w="156" /><ent r="66" t="190" w="165" /><ent r="66" t="190" w="165" /><ent r="1000" t="191" w="2" /><ent r="1000" t="191" w="2" /><ent r="92" t="191" w="11" /><ent r="92" t="191" w="11" /><ent r="1000" t="192" w="2" /><ent r="1000" t="192" w="2" /><ent r="92" t="192" w="8" /><ent r="92" t="192" w="8" /><ent r="3" t="192" w="29" /><ent r="3" t="192" w="29" /><ent r="3" t="192" w="37" /><ent r="3" t="193" w="42" /><ent r="82" t="216" w="67" /><ent r="82" t="216" w="67" /><ent r="82" t="216" w="306" /><ent r="82" t="216" w="306" /><ent r="82" t="216" w="374" /><ent r="82" t="216" w="374" /><ent r="3" t="217" w="27" /><ent r="3" t="217" w="27" /></phr><phr n="designs"><ent r="7" t="78" w="999" /></phr><phr n="Design"><ent r="3" t="115" w="485" /><ent r="3" t="115" w="485" /><ent r="3" t="138" w="390" /><ent r="3" t="138" w="390" /><ent r="4" t="216" w="298" /><ent r="4" t="216" w="298" /></phr><phr n="designated"><ent r="3" t="335" w="99" /><ent r="3" t="335" w="99" /></phr></stem></index>