<?xml version="1.0" encoding="utf-8"?><index><!-- saved from url=(0016)http://localhost -->
<stem n="horizon"><phr n="horizon"><ent r="3" t="11" w="290" /><ent r="3" t="11" w="290" /><ent r="3" t="11" w="311" /><ent r="3" t="11" w="548" /><ent r="5" t="244" w="1104" /><ent r="3" t="249" w="257" /><ent r="3" t="250" w="147" /><ent r="3" t="250" w="147" /><ent r="7" t="430" w="235" /><ent r="7" t="430" w="235" /><ent r="5" t="431" w="62" /><ent r="7" t="431" w="323" /><ent r="7" t="431" w="323" /><ent r="7" t="431" w="634" /><ent r="7" t="431" w="634" /><ent r="5" t="443" w="66" /><ent r="7" t="443" w="323" /><ent r="7" t="443" w="323" /><ent r="7" t="443" w="617" /><ent r="7" t="443" w="617" /><ent r="5" t="451" w="44" /><ent r="7" t="451" w="231" /><ent r="7" t="451" w="231" /></phr><phr n="Horizon"><ent r="7" t="438" w="355" /><ent r="7" t="438" w="355" /></phr></stem><stem n="dai"><phr n="day"><ent r="3" t="11" w="299" /><ent r="3" t="11" w="322" /><ent r="3" t="11" w="326" /><ent r="3" t="11" w="328" /><ent r="6" t="362" w="229" /><ent r="6" t="362" w="229" /><ent r="3" t="390" w="1020" /><ent r="7" t="393" w="432" /><ent r="5" t="422" w="152" /><ent r="5" t="422" w="152" /><ent r="5" t="422" w="169" /><ent r="5" t="422" w="217" /><ent r="3" t="422" w="268" /><ent r="3" t="422" w="268" /><ent r="5" t="422" w="709" /><ent r="5" t="422" w="715" /><ent r="5" t="422" w="715" /><ent r="5" t="422" w="1018" /><ent r="5" t="422" w="1030" /><ent r="5" t="422" w="1090" /><ent r="5" t="422" w="1102" /><ent r="7" t="427" w="442" /><ent r="7" t="427" w="448" /><ent r="7" t="427" w="448" /><ent r="72" t="497" w="12" /></phr><phr n="days"><ent r="3" t="296" w="198" /><ent r="3" t="296" w="529" /><ent r="6" t="343" w="399" /><ent r="6" t="343" w="399" /></phr><phr n="DAY"><ent r="6" t="342" w="92" /><ent r="6" t="342" w="92" /><ent r="6" t="343" w="221" /><ent r="6" t="343" w="221" /><ent r="6" t="362" w="192" /><ent r="6" t="362" w="192" /><ent r="6" t="382" w="482" /><ent r="6" t="382" w="482" /></phr><phr n="Day"><ent r="6" t="342" w="98" /><ent r="6" t="342" w="98" /><ent r="6" t="362" w="202" /><ent r="6" t="362" w="202" /><ent r="6" t="382" w="490" /><ent r="6" t="382" w="490" /><ent r="3" t="422" w="239" /><ent r="3" t="422" w="239" /><ent r="5" t="422" w="840" /><ent r="5" t="422" w="840" /><ent r="5" t="422" w="914" /><ent r="5" t="422" w="914" /><ent r="7" t="487" w="142" /><ent r="7" t="487" w="142" /><ent r="7" t="489" w="108" /><ent r="7" t="489" w="108" /><ent r="7" t="497" w="61" /></phr><phr n="Days"><ent r="6" t="343" w="227" /><ent r="6" t="343" w="227" /></phr></stem><stem n="8"><phr n="8"><ent r="3" t="11" w="303" /><ent r="3" t="11" w="303" /><ent r="6" t="15" w="122" /><ent r="7" t="19" w="41" /><ent r="7" t="19" w="41" /><ent r="6" t="24" w="344" /><ent r="6" t="24" w="344" /><ent r="3" t="25" w="150" /><ent r="3" t="25" w="150" /><ent r="6" t="34" w="100" /><ent r="6" t="34" w="100" /><ent r="6" t="35" w="161" /><ent r="6" t="35" w="161" /><ent r="3" t="36" w="68" /><ent r="6" t="36" w="117" /><ent r="6" t="46" w="122" /><ent r="7" t="50" w="41" /><ent r="7" t="50" w="41" /><ent r="6" t="55" w="344" /><ent r="6" t="55" w="344" /><ent r="3" t="56" w="150" /><ent r="3" t="56" w="150" /><ent r="7" t="74" w="61" /><ent r="7" t="74" w="61" /><ent r="6" t="78" w="411" /><ent r="6" t="78" w="411" /><ent r="7" t="83" w="31" /><ent r="7" t="83" w="31" /><ent r="7" t="83" w="73" /><ent r="7" t="83" w="73" /><ent r="6" t="86" w="100" /><ent r="6" t="86" w="100" /><ent r="6" t="87" w="161" /><ent r="6" t="87" w="161" /><ent r="3" t="88" w="68" /><ent r="6" t="88" w="117" /><ent r="6" t="97" w="122" /><ent r="7" t="101" w="41" /><ent r="7" t="101" w="41" /><ent r="6" t="106" w="344" /><ent r="6" t="106" w="344" /><ent r="3" t="107" w="150" /><ent r="3" t="107" w="150" /><ent r="7" t="108" w="36" /><ent r="7" t="108" w="36" /><ent r="6" t="116" w="101" /><ent r="6" t="116" w="101" /><ent r="6" t="117" w="161" /><ent r="6" t="117" w="161" /><ent r="3" t="118" w="68" /><ent r="7" t="118" w="120" /><ent r="6" t="126" w="122" /><ent r="7" t="131" w="451" /><ent r="7" t="131" w="451" /><ent r="6" t="139" w="101" /><ent r="6" t="139" w="101" /><ent r="7" t="140" w="166" /><ent r="7" t="140" w="166" /><ent r="3" t="141" w="68" /><ent r="7" t="141" w="120" /><ent r="6" t="149" w="122" /><ent r="6" t="150" w="227" /><ent r="6" t="150" w="227" /><ent r="6" t="151" w="41" /><ent r="6" t="151" w="41" /><ent r="7" t="153" w="41" /><ent r="7" t="153" w="41" /><ent r="8" t="156" w="120" /><ent r="8" t="156" w="120" /><ent r="6" t="156" w="158" /><ent r="6" t="156" w="158" /><ent r="6" t="166" w="65" /><ent r="6" t="166" w="65" /><ent r="6" t="167" w="31" /><ent r="6" t="167" w="32" /><ent r="6" t="167" w="32" /><ent r="6" t="170" w="73" /><ent r="6" t="170" w="73" /><ent r="6" t="170" w="134" /><ent r="6" t="170" w="134" /><ent r="6" t="171" w="75" /><ent r="6" t="171" w="75" /><ent r="6" t="171" w="146" /><ent r="6" t="171" w="146" /><ent r="6" t="171" w="207" /><ent r="6" t="171" w="207" /><ent r="6" t="174" w="122" /><ent r="6" t="175" w="221" /><ent r="6" t="175" w="221" /><ent r="6" t="176" w="40" /><ent r="6" t="176" w="40" /><ent r="7" t="178" w="41" /><ent r="7" t="178" w="41" /><ent r="6" t="181" w="324" /><ent r="6" t="181" w="324" /><ent r="3" t="182" w="150" /><ent r="3" t="182" w="150" /><ent r="6" t="187" w="13" /><ent r="6" t="187" w="13" /><ent r="7" t="188" w="31" /><ent r="7" t="188" w="31" /><ent r="6" t="190" w="90" /><ent r="6" t="190" w="90" /><ent r="6" t="191" w="161" /><ent r="6" t="191" w="161" /><ent r="3" t="192" w="68" /><ent r="6" t="192" w="118" /><ent r="6" t="200" w="122" /><ent r="6" t="201" w="268" /><ent r="6" t="201" w="268" /><ent r="6" t="202" w="41" /><ent r="6" t="202" w="41" /><ent r="7" t="204" w="41" /><ent r="7" t="204" w="41" /><ent r="6" t="207" w="317" /><ent r="6" t="207" w="317" /><ent r="3" t="208" w="150" /><ent r="3" t="208" w="150" /><ent r="6" t="214" w="13" /><ent r="6" t="214" w="13" /><ent r="7" t="215" w="31" /><ent r="7" t="215" w="31" /><ent r="6" t="215" w="306" /><ent r="6" t="215" w="306" /><ent r="3" t="217" w="40" /><ent r="6" t="227" w="250" /><ent r="6" t="227" w="250" /><ent r="6" t="228" w="45" /><ent r="6" t="228" w="45" /><ent r="7" t="230" w="41" /><ent r="7" t="230" w="41" /><ent r="6" t="233" w="65" /><ent r="6" t="233" w="65" /><ent r="6" t="233" w="115" /><ent r="6" t="233" w="115" /><ent r="6" t="233" w="172" /><ent r="6" t="233" w="172" /><ent r="6" t="233" w="227" /><ent r="7" t="242" w="174" /><ent r="7" t="242" w="174" /><ent r="3" t="288" w="937" /><ent r="3" t="288" w="937" /><ent r="5" t="311" w="224" /><ent r="3" t="320" w="62" /><ent r="3" t="320" w="88" /><ent r="3" t="320" w="88" /><ent r="3" t="327" w="38" /><ent r="6" t="328" w="71" /><ent r="6" t="328" w="71" /><ent r="3" t="329" w="308" /><ent r="3" t="329" w="308" /><ent r="3" t="329" w="438" /><ent r="3" t="329" w="438" /><ent r="6" t="332" w="133" /><ent r="6" t="332" w="133" /><ent r="7" t="332" w="157" /><ent r="7" t="332" w="157" /><ent r="6" t="332" w="181" /><ent r="6" t="332" w="181" /><ent r="6" t="332" w="240" /><ent r="6" t="332" w="240" /><ent r="3" t="332" w="483" /><ent r="3" t="332" w="502" /><ent r="3" t="332" w="502" /><ent r="6" t="334" w="196" /><ent r="3" t="334" w="467" /><ent r="7" t="335" w="288" /><ent r="7" t="336" w="279" /><ent r="6" t="337" w="125" /><ent r="6" t="337" w="125" /><ent r="6" t="338" w="148" /><ent r="6" t="338" w="223" /><ent r="6" t="338" w="223" /><ent r="6" t="338" w="235" /><ent r="6" t="338" w="235" /><ent r="6" t="338" w="247" /><ent r="6" t="338" w="247" /><ent r="6" t="338" w="259" /><ent r="6" t="338" w="259" /><ent r="6" t="338" w="271" /><ent r="6" t="338" w="271" /><ent r="6" t="338" w="284" /><ent r="6" t="338" w="284" /><ent r="6" t="338" w="298" /><ent r="6" t="338" w="298" /><ent r="6" t="338" w="310" /><ent r="6" t="338" w="310" /><ent r="6" t="338" w="326" /><ent r="6" t="338" w="326" /><ent r="6" t="338" w="338" /><ent r="6" t="338" w="338" /><ent r="6" t="338" w="355" /><ent r="6" t="338" w="355" /><ent r="6" t="338" w="367" /><ent r="6" t="338" w="367" /><ent r="6" t="338" w="385" /><ent r="6" t="338" w="385" /><ent r="6" t="338" w="397" /><ent r="6" t="338" w="397" /><ent r="6" t="338" w="415" /><ent r="6" t="338" w="415" /><ent r="6" t="338" w="427" /><ent r="6" t="338" w="427" /><ent r="6" t="338" w="439" /><ent r="6" t="338" w="439" /><ent r="6" t="338" w="452" /><ent r="6" t="338" w="452" /><ent r="6" t="338" w="465" /><ent r="6" t="338" w="465" /><ent r="6" t="339" w="179" /><ent r="6" t="339" w="179" /><ent r="6" t="339" w="191" /><ent r="6" t="339" w="191" /><ent r="6" t="339" w="203" /><ent r="6" t="339" w="203" /><ent r="6" t="339" w="215" /><ent r="6" t="339" w="215" /><ent r="6" t="339" w="227" /><ent r="6" t="339" w="227" /><ent r="6" t="339" w="239" /><ent r="6" t="339" w="239" /><ent r="6" t="339" w="251" /><ent r="6" t="339" w="251" /><ent r="6" t="339" w="275" /><ent r="6" t="339" w="275" /><ent r="6" t="339" w="293" /><ent r="6" t="339" w="293" /><ent r="6" t="340" w="138" /><ent r="6" t="340" w="138" /><ent r="6" t="340" w="146" /><ent r="6" t="340" w="146" /><ent r="6" t="340" w="154" /><ent r="6" t="340" w="154" /><ent r="6" t="340" w="162" /><ent r="6" t="340" w="162" /><ent r="6" t="340" w="170" /><ent r="6" t="340" w="170" /><ent r="6" t="340" w="178" /><ent r="6" t="340" w="178" /><ent r="6" t="340" w="186" /><ent r="6" t="340" w="186" /><ent r="7" t="340" w="208" /><ent r="6" t="340" w="238" /><ent r="6" t="340" w="238" /><ent r="6" t="340" w="246" /><ent r="6" t="340" w="246" /><ent r="6" t="341" w="128" /><ent r="6" t="341" w="128" /><ent r="6" t="341" w="141" /><ent r="6" t="341" w="141" /><ent r="6" t="341" w="154" /><ent r="6" t="341" w="154" /><ent r="6" t="341" w="167" /><ent r="6" t="341" w="167" /><ent r="6" t="341" w="180" /><ent r="6" t="341" w="180" /><ent r="6" t="341" w="193" /><ent r="6" t="341" w="193" /><ent r="6" t="341" w="206" /><ent r="6" t="341" w="206" /><ent r="6" t="341" w="219" /><ent r="6" t="341" w="219" /><ent r="6" t="341" w="234" /><ent r="6" t="341" w="234" /><ent r="6" t="341" w="246" /><ent r="6" t="341" w="246" /><ent r="6" t="341" w="258" /><ent r="6" t="341" w="258" /><ent r="6" t="341" w="270" /><ent r="6" t="341" w="270" /><ent r="6" t="341" w="282" /><ent r="6" t="341" w="282" /><ent r="6" t="341" w="294" /><ent r="6" t="341" w="294" /><ent r="3" t="342" w="47" /><ent r="6" t="342" w="75" /><ent r="6" t="342" w="107" /><ent r="6" t="342" w="107" /><ent r="6" t="342" w="130" /><ent r="6" t="342" w="130" /><ent r="6" t="342" w="140" /><ent r="6" t="342" w="140" /><ent r="6" t="342" w="155" /><ent r="6" t="342" w="155" /><ent r="6" t="342" w="167" /><ent r="6" t="342" w="167" /><ent r="6" t="342" w="178" /><ent r="6" t="342" w="178" /><ent r="6" t="342" w="195" /><ent r="6" t="342" w="195" /><ent r="6" t="342" w="203" /><ent r="6" t="342" w="203" /><ent r="6" t="342" w="217" /><ent r="6" t="342" w="217" /><ent r="6" t="342" w="239" /><ent r="6" t="342" w="239" /><ent r="6" t="343" w="121" /><ent r="6" t="343" w="531" /><ent r="6" t="343" w="531" /><ent r="6" t="343" w="542" /><ent r="6" t="343" w="542" /><ent r="6" t="343" w="554" /><ent r="6" t="343" w="554" /><ent r="6" t="343" w="565" /><ent r="6" t="343" w="565" /><ent r="6" t="343" w="576" /><ent r="6" t="343" w="576" /><ent r="6" t="343" w="588" /><ent r="6" t="343" w="588" /><ent r="6" t="343" w="599" /><ent r="6" t="343" w="599" /><ent r="6" t="343" w="610" /><ent r="6" t="343" w="610" /><ent r="6" t="343" w="622" /><ent r="6" t="343" w="622" /><ent r="6" t="343" w="634" /><ent r="6" t="343" w="634" /><ent r="6" t="343" w="652" /><ent r="6" t="343" w="652" /><ent r="6" t="343" w="677" /><ent r="6" t="343" w="677" /><ent r="6" t="343" w="700" /><ent r="6" t="343" w="700" /><ent r="6" t="343" w="746" /><ent r="6" t="343" w="746" /><ent r="6" t="344" w="118" /><ent r="6" t="344" w="118" /><ent r="6" t="344" w="185" /><ent r="6" t="344" w="185" /><ent r="6" t="344" w="196" /><ent r="6" t="344" w="196" /><ent r="6" t="344" w="208" /><ent r="6" t="344" w="208" /><ent r="6" t="344" w="220" /><ent r="6" t="344" w="220" /><ent r="6" t="344" w="245" /><ent r="6" t="344" w="245" /><ent r="6" t="344" w="256" /><ent r="6" t="344" w="256" /><ent r="6" t="344" w="281" /><ent r="6" t="344" w="281" /><ent r="6" t="344" w="293" /><ent r="6" t="344" w="293" /><ent r="6" t="344" w="318" /><ent r="6" t="344" w="318" /><ent r="6" t="344" w="330" /><ent r="6" t="344" w="330" /><ent r="6" t="344" w="355" /><ent r="6" t="344" w="355" /><ent r="6" t="344" w="366" /><ent r="6" t="344" w="366" /><ent r="6" t="344" w="376" /><ent r="6" t="344" w="376" /><ent r="6" t="344" w="387" /><ent r="6" t="344" w="387" /><ent r="6" t="344" w="399" /><ent r="6" t="344" w="399" /><ent r="6" t="344" w="450" /><ent r="6" t="344" w="450" /><ent r="6" t="344" w="460" /><ent r="6" t="344" w="460" /><ent r="6" t="344" w="471" /><ent r="6" t="344" w="471" /><ent r="6" t="344" w="484" /><ent r="6" t="344" w="484" /><ent r="6" t="344" w="510" /><ent r="6" t="344" w="510" /><ent r="6" t="345" w="156" /><ent r="6" t="345" w="220" /><ent r="6" t="345" w="220" /><ent r="6" t="345" w="228" /><ent r="6" t="345" w="228" /><ent r="6" t="345" w="236" /><ent r="6" t="345" w="236" /><ent r="6" t="345" w="244" /><ent r="6" t="345" w="244" /><ent r="6" t="345" w="252" /><ent r="6" t="345" w="252" /><ent r="6" t="345" w="261" /><ent r="6" t="345" w="261" /><ent r="6" t="345" w="271" /><ent r="6" t="345" w="271" /><ent r="6" t="345" w="280" /><ent r="6" t="345" w="280" /><ent r="6" t="345" w="296" /><ent r="6" t="345" w="296" /><ent r="6" t="345" w="305" /><ent r="6" t="345" w="305" /><ent r="6" t="345" w="321" /><ent r="6" t="345" w="321" /><ent r="6" t="345" w="330" /><ent r="6" t="345" w="330" /><ent r="6" t="345" w="348" /><ent r="6" t="345" w="348" /><ent r="6" t="345" w="357" /><ent r="6" t="345" w="357" /><ent r="6" t="345" w="375" /><ent r="6" t="345" w="375" /><ent r="6" t="345" w="383" /><ent r="6" t="345" w="383" /><ent r="6" t="345" w="391" /><ent r="6" t="345" w="391" /><ent r="6" t="345" w="399" /><ent r="6" t="345" w="399" /><ent r="6" t="345" w="407" /><ent r="6" t="345" w="407" /><ent r="6" t="346" w="135" /><ent r="6" t="346" w="186" /><ent r="6" t="346" w="186" /><ent r="6" t="346" w="194" /><ent r="6" t="346" w="194" /><ent r="6" t="346" w="202" /><ent r="6" t="346" w="202" /><ent r="6" t="346" w="210" /><ent r="6" t="346" w="210" /><ent r="6" t="346" w="218" /><ent r="6" t="346" w="218" /><ent r="6" t="346" w="227" /><ent r="6" t="346" w="227" /><ent r="6" t="346" w="237" /><ent r="6" t="346" w="237" /><ent r="6" t="346" w="245" /><ent r="6" t="346" w="245" /><ent r="6" t="346" w="261" /><ent r="6" t="346" w="261" /><ent r="6" t="346" w="269" /><ent r="6" t="346" w="269" /><ent r="6" t="346" w="286" /><ent r="6" t="346" w="286" /><ent r="6" t="346" w="294" /><ent r="6" t="346" w="294" /><ent r="6" t="346" w="312" /><ent r="6" t="346" w="312" /><ent r="6" t="346" w="320" /><ent r="6" t="346" w="320" /><ent r="6" t="346" w="338" /><ent r="6" t="346" w="338" /><ent r="6" t="346" w="346" /><ent r="6" t="346" w="346" /><ent r="6" t="346" w="354" /><ent r="6" t="346" w="354" /><ent r="6" t="346" w="363" /><ent r="6" t="346" w="363" /><ent r="6" t="346" w="372" /><ent r="6" t="346" w="372" /><ent r="6" t="347" w="407" /><ent r="6" t="347" w="407" /><ent r="6" t="349" w="101" /><ent r="6" t="349" w="107" /><ent r="6" t="349" w="107" /><ent r="6" t="349" w="132" /><ent r="6" t="349" w="132" /><ent r="8" t="349" w="194" /><ent r="8" t="349" w="194" /><ent r="6" t="349" w="499" /><ent r="6" t="349" w="499" /><ent r="6" t="349" w="519" /><ent r="6" t="349" w="519" /><ent r="6" t="349" w="543" /><ent r="6" t="349" w="543" /><ent r="6" t="349" w="573" /><ent r="6" t="349" w="573" /><ent r="6" t="349" w="584" /><ent r="6" t="349" w="584" /><ent r="6" t="349" w="605" /><ent r="6" t="349" w="605" /><ent r="6" t="349" w="620" /><ent r="6" t="349" w="620" /><ent r="6" t="349" w="649" /><ent r="6" t="349" w="649" /><ent r="6" t="349" w="804" /><ent r="6" t="349" w="804" /><ent r="6" t="350" w="101" /><ent r="6" t="350" w="107" /><ent r="6" t="350" w="107" /><ent r="6" t="350" w="132" /><ent r="6" t="350" w="132" /><ent r="6" t="350" w="460" /><ent r="6" t="350" w="460" /><ent r="6" t="350" w="484" /><ent r="6" t="350" w="484" /><ent r="6" t="350" w="553" /><ent r="6" t="350" w="553" /><ent r="6" t="351" w="89" /><ent r="6" t="351" w="94" /><ent r="6" t="351" w="94" /><ent r="6" t="351" w="113" /><ent r="6" t="351" w="113" /><ent r="6" t="351" w="132" /><ent r="6" t="351" w="132" /><ent r="6" t="351" w="145" /><ent r="6" t="351" w="145" /><ent r="6" t="351" w="159" /><ent r="6" t="351" w="159" /><ent r="6" t="351" w="177" /><ent r="6" t="351" w="177" /><ent r="6" t="351" w="189" /><ent r="6" t="351" w="189" /><ent r="6" t="351" w="205" /><ent r="6" t="351" w="205" /><ent r="6" t="351" w="221" /><ent r="6" t="351" w="221" /><ent r="6" t="352" w="66" /><ent r="6" t="352" w="66" /><ent r="6" t="352" w="165" /><ent r="6" t="352" w="165" /><ent r="6" t="353" w="88" /><ent r="6" t="353" w="88" /><ent r="6" t="353" w="468" /><ent r="6" t="353" w="468" /><ent r="7" t="353" w="1070" /><ent r="7" t="353" w="1070" /><ent r="6" t="356" w="88" /><ent r="6" t="356" w="88" /><ent r="7" t="357" w="92" /><ent r="6" t="361" w="96" /><ent r="6" t="361" w="96" /><ent r="6" t="362" w="123" /><ent r="6" t="362" w="123" /><ent r="6" t="363" w="202" /><ent r="6" t="363" w="202" /><ent r="6" t="364" w="308" /><ent r="6" t="364" w="308" /><ent r="6" t="365" w="135" /><ent r="6" t="365" w="135" /><ent r="6" t="365" w="153" /><ent r="6" t="365" w="153" /><ent r="6" t="365" w="172" /><ent r="6" t="365" w="172" /><ent r="6" t="365" w="190" /><ent r="6" t="365" w="190" /><ent r="6" t="371" w="436" /><ent r="6" t="371" w="436" /><ent r="6" t="371" w="473" /><ent r="6" t="371" w="473" /><ent r="6" t="372" w="414" /><ent r="6" t="372" w="510" /><ent r="6" t="372" w="842" /><ent r="6" t="372" w="1071" /><ent r="6" t="372" w="1071" /><ent r="6" t="372" w="1445" /><ent r="6" t="372" w="1445" /><ent r="6" t="372" w="1562" /><ent r="6" t="372" w="1562" /><ent r="6" t="372" w="1991" /><ent r="6" t="372" w="1991" /><ent r="6" t="373" w="99" /><ent r="6" t="373" w="99" /><ent r="6" t="377" w="118" /><ent r="6" t="377" w="118" /><ent r="6" t="378" w="163" /><ent r="6" t="378" w="163" /><ent r="3" t="382" w="86" /><ent r="6" t="382" w="386" /><ent r="6" t="382" w="418" /><ent r="6" t="382" w="418" /><ent r="6" t="382" w="428" /><ent r="6" t="382" w="428" /><ent r="7" t="385" w="270" /><ent r="6" t="388" w="1050" /><ent r="6" t="388" w="1050" /><ent r="6" t="388" w="1345" /><ent r="6" t="388" w="1345" /><ent r="4" t="390" w="139" /><ent r="4" t="390" w="139" /><ent r="4" t="390" w="569" /><ent r="3" t="390" w="811" /><ent r="3" t="390" w="886" /><ent r="3" t="390" w="909" /><ent r="4" t="390" w="930" /><ent r="3" t="393" w="123" /><ent r="3" t="397" w="46" /><ent r="7" t="397" w="130" /><ent r="7" t="397" w="130" /><ent r="3" t="397" w="463" /><ent r="3" t="397" w="463" /><ent r="3" t="397" w="637" /><ent r="3" t="397" w="637" /><ent r="5" t="398" w="710" /><ent r="5" t="398" w="710" /><ent r="5" t="398" w="712" /><ent r="5" t="398" w="1250" /><ent r="5" t="398" w="1250" /><ent r="5" t="398" w="1252" /><ent r="5" t="398" w="1917" /><ent r="5" t="398" w="1917" /><ent r="5" t="398" w="1919" /><ent r="3" t="399" w="914" /><ent r="3" t="399" w="914" /><ent r="3" t="399" w="1600" /><ent r="3" t="399" w="1600" /><ent r="3" t="399" w="3247" /><ent r="3" t="399" w="3247" /><ent r="6" t="400" w="760" /><ent r="6" t="400" w="1044" /><ent r="4" t="422" w="643" /><ent r="4" t="422" w="643" /><ent r="4" t="422" w="811" /><ent r="4" t="422" w="811" /><ent r="4" t="422" w="978" /><ent r="4" t="422" w="978" /><ent r="7" t="431" w="146" /><ent r="7" t="431" w="146" /><ent r="7" t="432" w="195" /><ent r="7" t="432" w="195" /><ent r="7" t="433" w="139" /><ent r="7" t="439" w="248" /><ent r="7" t="439" w="248" /><ent r="7" t="443" w="150" /><ent r="7" t="443" w="150" /><ent r="7" t="445" w="255" /><ent r="7" t="447" w="84" /><ent r="7" t="447" w="84" /><ent r="7" t="451" w="114" /><ent r="7" t="451" w="114" /><ent r="7" t="452" w="121" /><ent r="7" t="452" w="121" /><ent r="7" t="454" w="125" /><ent r="72" t="455" w="71" /><ent r="72" t="455" w="71" /><ent r="6" t="473" w="110" /><ent r="6" t="473" w="110" /><ent r="6" t="473" w="240" /><ent r="6" t="473" w="240" /><ent r="7" t="474" w="149" /><ent r="7" t="474" w="149" /><ent r="7" t="475" w="169" /><ent r="7" t="475" w="169" /><ent r="3" t="477" w="92" /><ent r="7" t="477" w="403" /><ent r="7" t="477" w="403" /><ent r="7" t="478" w="135" /><ent r="7" t="478" w="135" /><ent r="3" t="479" w="72" /><ent r="3" t="479" w="80" /><ent r="7" t="481" w="170" /><ent r="7" t="481" w="170" /><ent r="3" t="482" w="40" /><ent r="3" t="482" w="62" /><ent r="3" t="482" w="84" /><ent r="3" t="482" w="98" /><ent r="3" t="482" w="116" /><ent r="3" t="482" w="138" /><ent r="3" t="482" w="160" /><ent r="3" t="482" w="170" /><ent r="3" t="482" w="171" /><ent r="7" t="482" w="263" /><ent r="7" t="484" w="113" /><ent r="7" t="484" w="113" /><ent r="7" t="485" w="153" /><ent r="7" t="485" w="153" /><ent r="7" t="487" w="153" /><ent r="7" t="487" w="153" /><ent r="7" t="487" w="211" /><ent r="7" t="487" w="211" /><ent r="7" t="488" w="276" /><ent r="7" t="488" w="276" /><ent r="7" t="489" w="119" /><ent r="7" t="489" w="119" /><ent r="7" t="489" w="177" /><ent r="7" t="489" w="177" /><ent r="7" t="489" w="237" /><ent r="7" t="490" w="186" /><ent r="7" t="490" w="223" /><ent r="7" t="490" w="223" /><ent r="7" t="492" w="161" /><ent r="7" t="492" w="207" /><ent r="7" t="492" w="207" /><ent r="7" t="493" w="126" /><ent r="7" t="493" w="126" /><ent r="7" t="493" w="188" /><ent r="7" t="494" w="126" /><ent r="7" t="494" w="126" /><ent r="3" t="496" w="60" /><ent r="7" t="496" w="148" /><ent r="7" t="496" w="148" /></phr></stem><stem n="might"><phr n="might"><ent r="3" t="11" w="307" /><ent r="3" t="11" w="307" /><ent r="3" t="276" w="2279" /><ent r="3" t="276" w="2279" /><ent r="3" t="297" w="616" /><ent r="3" t="297" w="616" /><ent r="3" t="314" w="571" /><ent r="3" t="314" w="571" /><ent r="3" t="423" w="467" /><ent r="3" t="423" w="467" /></phr></stem><stem n="day-to"><phr n="day-to"><ent r="3" t="11" w="326" /></phr></stem><stem n="day-to-dai"><phr n="day-to-day"><ent r="3" t="11" w="326" /></phr></stem><stem n="to-dai"><phr n="to-day"><ent r="3" t="11" w="327" /></phr></stem><stem n="minimum"><phr n="minimum"><ent r="3" t="11" w="331" /><ent r="3" t="11" w="331" /><ent r="3" t="11" w="479" /><ent r="3" t="11" w="479" /><ent r="3" t="38" w="54" /><ent r="3" t="38" w="54" /><ent r="3" t="40" w="161" /><ent r="3" t="40" w="161" /><ent r="3" t="65" w="54" /><ent r="3" t="65" w="54" /><ent r="3" t="66" w="161" /><ent r="3" t="66" w="161" /><ent r="6" t="106" w="2049" /><ent r="6" t="106" w="2049" /><ent r="3" t="120" w="54" /><ent r="3" t="120" w="54" /><ent r="3" t="121" w="163" /><ent r="3" t="121" w="163" /><ent r="3" t="143" w="54" /><ent r="3" t="143" w="54" /><ent r="6" t="184" w="154" /><ent r="6" t="184" w="154" /><ent r="6" t="210" w="263" /><ent r="6" t="210" w="263" /><ent r="3" t="260" w="63" /><ent r="3" t="260" w="63" /><ent r="3" t="261" w="49" /><ent r="3" t="261" w="49" /><ent r="3" t="296" w="516" /><ent r="3" t="296" w="516" /><ent r="3" t="390" w="57" /><ent r="3" t="390" w="57" /><ent r="4" t="390" w="89" /><ent r="4" t="390" w="89" /></phr><phr n="Minimum"><ent r="6" t="18" w="107" /><ent r="6" t="18" w="107" /><ent r="6" t="49" w="110" /><ent r="6" t="49" w="110" /><ent r="6" t="73" w="162" /><ent r="6" t="73" w="162" /><ent r="6" t="100" w="123" /><ent r="6" t="100" w="123" /><ent r="7" t="127" w="141" /><ent r="7" t="127" w="141" /><ent r="6" t="177" w="70" /><ent r="6" t="177" w="70" /><ent r="6" t="203" w="90" /><ent r="6" t="203" w="90" /><ent r="5" t="266" w="263" /><ent r="5" t="266" w="263" /><ent r="6" t="266" w="352" /><ent r="6" t="266" w="352" /></phr></stem><stem n="4"><phr n="4"><ent r="3" t="11" w="333" /><ent r="3" t="11" w="333" /><ent r="3" t="11" w="346" /><ent r="3" t="11" w="346" /><ent r="3" t="11" w="397" /><ent r="3" t="11" w="422" /><ent r="3" t="11" w="422" /><ent r="3" t="11" w="481" /><ent r="3" t="11" w="481" /><ent r="4" t="14" w="175" /><ent r="4" t="14" w="175" /><ent r="6" t="20" w="42" /><ent r="6" t="20" w="42" /><ent r="8" t="22" w="111" /><ent r="8" t="22" w="111" /><ent r="6" t="24" w="154" /><ent r="6" t="24" w="154" /><ent r="6" t="24" w="1476" /><ent r="6" t="24" w="1476" /><ent r="6" t="24" w="1524" /><ent r="6" t="24" w="1524" /><ent r="6" t="24" w="1536" /><ent r="6" t="24" w="1536" /><ent r="6" t="24" w="1647" /><ent r="6" t="24" w="1647" /><ent r="6" t="24" w="1670" /><ent r="6" t="24" w="1670" /><ent r="3" t="25" w="104" /><ent r="3" t="25" w="104" /><ent r="5" t="26" w="120" /><ent r="5" t="26" w="120" /><ent r="6" t="32" w="292" /><ent r="6" t="32" w="292" /><ent r="6" t="32" w="300" /><ent r="6" t="32" w="300" /><ent r="7" t="32" w="371" /><ent r="7" t="32" w="371" /><ent r="6" t="34" w="108" /><ent r="6" t="34" w="108" /><ent r="7" t="35" w="94" /><ent r="7" t="35" w="94" /><ent r="3" t="36" w="69" /><ent r="6" t="36" w="118" /><ent r="6" t="36" w="118" /><ent r="6" t="38" w="109" /><ent r="6" t="38" w="109" /><ent r="4" t="45" w="175" /><ent r="4" t="45" w="175" /><ent r="6" t="51" w="42" /><ent r="6" t="51" w="42" /><ent r="8" t="53" w="109" /><ent r="8" t="53" w="109" /><ent r="6" t="55" w="154" /><ent r="6" t="55" w="154" /><ent r="6" t="55" w="1496" /><ent r="6" t="55" w="1496" /><ent r="6" t="55" w="1544" /><ent r="6" t="55" w="1544" /><ent r="6" t="55" w="1556" /><ent r="6" t="55" w="1556" /><ent r="6" t="55" w="1667" /><ent r="6" t="55" w="1667" /><ent r="6" t="55" w="1690" /><ent r="6" t="55" w="1690" /><ent r="3" t="56" w="104" /><ent r="3" t="56" w="104" /><ent r="5" t="58" w="120" /><ent r="5" t="58" w="120" /><ent r="7" t="63" w="292" /><ent r="7" t="63" w="292" /><ent r="7" t="63" w="300" /><ent r="7" t="63" w="300" /><ent r="7" t="63" w="371" /><ent r="7" t="63" w="371" /><ent r="6" t="65" w="109" /><ent r="6" t="65" w="109" /><ent r="4" t="70" w="117" /><ent r="4" t="70" w="117" /><ent r="8" t="77" w="88" /><ent r="8" t="77" w="88" /><ent r="6" t="78" w="211" /><ent r="6" t="78" w="211" /><ent r="7" t="78" w="514" /><ent r="7" t="78" w="514" /><ent r="6" t="78" w="608" /><ent r="6" t="78" w="608" /><ent r="6" t="78" w="632" /><ent r="6" t="78" w="632" /><ent r="7" t="78" w="644" /><ent r="6" t="78" w="685" /><ent r="6" t="78" w="685" /><ent r="6" t="78" w="708" /><ent r="6" t="78" w="708" /><ent r="6" t="78" w="1279" /><ent r="6" t="78" w="1307" /><ent r="7" t="83" w="96" /><ent r="7" t="83" w="96" /><ent r="7" t="83" w="104" /><ent r="7" t="83" w="104" /><ent r="7" t="83" w="174" /><ent r="7" t="83" w="174" /><ent r="6" t="86" w="108" /><ent r="6" t="86" w="108" /><ent r="7" t="87" w="94" /><ent r="7" t="87" w="94" /><ent r="3" t="88" w="69" /><ent r="6" t="88" w="118" /><ent r="6" t="88" w="118" /><ent r="4" t="90" w="151" /><ent r="4" t="90" w="151" /><ent r="3" t="91" w="445" /><ent r="3" t="91" w="445" /><ent r="3" t="91" w="1719" /><ent r="3" t="91" w="1719" /><ent r="4" t="96" w="218" /><ent r="4" t="96" w="218" /><ent r="7" t="102" w="42" /><ent r="7" t="102" w="42" /><ent r="8" t="104" w="48" /><ent r="8" t="104" w="48" /><ent r="6" t="106" w="154" /><ent r="6" t="106" w="154" /><ent r="6" t="106" w="1532" /><ent r="6" t="106" w="1532" /><ent r="6" t="106" w="1580" /><ent r="6" t="106" w="1580" /><ent r="6" t="106" w="1592" /><ent r="6" t="106" w="1592" /><ent r="6" t="106" w="1703" /><ent r="6" t="106" w="1703" /><ent r="6" t="106" w="1726" /><ent r="6" t="106" w="1726" /><ent r="3" t="107" w="104" /><ent r="3" t="107" w="104" /><ent r="5" t="109" w="120" /><ent r="5" t="109" w="120" /><ent r="7" t="111" w="31" /><ent r="7" t="111" w="31" /><ent r="7" t="114" w="295" /><ent r="7" t="114" w="295" /><ent r="7" t="114" w="303" /><ent r="7" t="114" w="303" /><ent r="7" t="114" w="375" /><ent r="7" t="114" w="375" /><ent r="6" t="116" w="109" /><ent r="6" t="116" w="109" /><ent r="7" t="117" w="94" /><ent r="7" t="117" w="94" /><ent r="3" t="118" w="69" /><ent r="7" t="118" w="121" /><ent r="7" t="118" w="121" /><ent r="7" t="120" w="113" /><ent r="7" t="120" w="113" /><ent r="3" t="128" w="88" /><ent r="7" t="128" w="157" /><ent r="7" t="128" w="157" /><ent r="7" t="131" w="116" /><ent r="7" t="131" w="116" /><ent r="7" t="131" w="129" /><ent r="7" t="131" w="129" /><ent r="7" t="131" w="194" /><ent r="7" t="131" w="194" /><ent r="7" t="131" w="207" /><ent r="7" t="131" w="207" /><ent r="7" t="131" w="215" /><ent r="7" t="131" w="215" /><ent r="7" t="131" w="259" /><ent r="7" t="131" w="259" /><ent r="7" t="131" w="272" /><ent r="7" t="131" w="272" /><ent r="7" t="131" w="407" /><ent r="7" t="131" w="407" /><ent r="7" t="131" w="420" /><ent r="7" t="131" w="420" /><ent r="7" t="131" w="566" /><ent r="7" t="131" w="566" /><ent r="7" t="134" w="31" /><ent r="7" t="134" w="31" /><ent r="6" t="139" w="109" /><ent r="6" t="139" w="109" /><ent r="8" t="140" w="96" /><ent r="8" t="140" w="96" /><ent r="3" t="141" w="69" /><ent r="7" t="141" w="121" /><ent r="7" t="141" w="121" /><ent r="7" t="143" w="113" /><ent r="7" t="143" w="113" /><ent r="4" t="148" w="106" /><ent r="11" t="150" w="107" /><ent r="11" t="150" w="107" /><ent r="6" t="152" w="13" /><ent r="6" t="156" w="67" /><ent r="6" t="156" w="67" /><ent r="4" t="161" w="167" /><ent r="5" t="162" w="156" /><ent r="11" t="165" w="106" /><ent r="11" t="165" w="106" /><ent r="6" t="170" w="55" /><ent r="6" t="170" w="55" /><ent r="6" t="170" w="115" /><ent r="6" t="170" w="115" /><ent r="6" t="171" w="57" /><ent r="6" t="171" w="57" /><ent r="6" t="171" w="128" /><ent r="6" t="171" w="128" /><ent r="6" t="171" w="188" /><ent r="6" t="171" w="188" /><ent r="6" t="181" w="167" /><ent r="6" t="181" w="167" /><ent r="6" t="181" w="829" /><ent r="6" t="181" w="829" /><ent r="3" t="182" w="104" /><ent r="3" t="182" w="104" /><ent r="5" t="183" w="120" /><ent r="5" t="183" w="120" /><ent r="6" t="190" w="98" /><ent r="6" t="190" w="98" /><ent r="7" t="191" w="94" /><ent r="7" t="191" w="94" /><ent r="3" t="192" w="69" /><ent r="6" t="192" w="119" /><ent r="6" t="192" w="119" /><ent r="4" t="199" w="238" /><ent r="4" t="199" w="238" /><ent r="7" t="203" w="63" /><ent r="7" t="203" w="63" /><ent r="6" t="205" w="42" /><ent r="6" t="205" w="42" /><ent r="6" t="207" w="162" /><ent r="6" t="207" w="162" /><ent r="6" t="207" w="1001" /><ent r="6" t="207" w="1001" /><ent r="6" t="207" w="1014" /><ent r="6" t="207" w="1014" /><ent r="3" t="208" w="104" /><ent r="3" t="208" w="104" /><ent r="5" t="209" w="120" /><ent r="5" t="209" w="120" /><ent r="7" t="215" w="286" /><ent r="7" t="215" w="286" /><ent r="6" t="215" w="295" /><ent r="6" t="215" w="295" /><ent r="6" t="215" w="321" /><ent r="6" t="215" w="321" /><ent r="3" t="217" w="41" /><ent r="6" t="226" w="85" /><ent r="6" t="226" w="85" /><ent r="6" t="226" w="91" /><ent r="6" t="226" w="91" /><ent r="4" t="226" w="206" /><ent r="5" t="226" w="228" /><ent r="5" t="226" w="228" /><ent r="4" t="226" w="316" /><ent r="4" t="226" w="316" /><ent r="4" t="226" w="379" /><ent r="5" t="226" w="402" /><ent r="5" t="226" w="402" /><ent r="6" t="229" w="31" /><ent r="82" t="233" w="12" /><ent r="82" t="233" w="12" /><ent r="6" t="233" w="33" /><ent r="6" t="233" w="44" /><ent r="6" t="233" w="46" /><ent r="6" t="233" w="46" /><ent r="6" t="233" w="97" /><ent r="6" t="233" w="97" /><ent r="6" t="233" w="148" /><ent r="6" t="233" w="148" /><ent r="6" t="233" w="194" /><ent r="7" t="242" w="225" /><ent r="7" t="242" w="264" /><ent r="7" t="242" w="271" /><ent r="3" t="246" w="16" /><ent r="3" t="246" w="248" /><ent r="3" t="276" w="524" /><ent r="3" t="276" w="1954" /><ent r="3" t="276" w="2348" /><ent r="4" t="276" w="2497" /><ent r="4" t="276" w="2525" /><ent r="4" t="276" w="2525" /><ent r="3" t="288" w="935" /><ent r="3" t="288" w="935" /><ent r="3" t="297" w="414" /><ent r="4" t="310" w="28" /><ent r="6" t="312" w="622" /><ent r="6" t="312" w="622" /><ent r="6" t="312" w="637" /><ent r="6" t="312" w="637" /><ent r="3" t="314" w="1277" /><ent r="3" t="314" w="1277" /><ent r="3" t="323" w="260" /><ent r="6" t="324" w="89" /><ent r="6" t="324" w="89" /><ent r="6" t="324" w="105" /><ent r="6" t="324" w="105" /><ent r="6" t="325" w="117" /><ent r="3" t="327" w="41" /><ent r="3" t="329" w="350" /><ent r="3" t="329" w="350" /><ent r="6" t="331" w="112" /><ent r="6" t="331" w="112" /><ent r="6" t="332" w="127" /><ent r="6" t="333" w="138" /><ent r="6" t="333" w="138" /><ent r="6" t="334" w="146" /><ent r="6" t="334" w="146" /><ent r="6" t="334" w="225" /><ent r="6" t="334" w="225" /><ent r="6" t="334" w="301" /><ent r="6" t="334" w="301" /><ent r="6" t="334" w="317" /><ent r="6" t="334" w="317" /><ent r="3" t="334" w="446" /><ent r="6" t="335" w="179" /><ent r="6" t="335" w="179" /><ent r="7" t="335" w="222" /><ent r="7" t="335" w="222" /><ent r="7" t="335" w="264" /><ent r="7" t="335" w="374" /><ent r="7" t="335" w="374" /><ent r="4" t="335" w="514" /><ent r="4" t="335" w="514" /><ent r="4" t="335" w="533" /><ent r="4" t="335" w="533" /><ent r="4" t="335" w="552" /><ent r="4" t="335" w="552" /><ent r="4" t="335" w="571" /><ent r="4" t="335" w="571" /><ent r="4" t="335" w="598" /><ent r="4" t="335" w="617" /><ent r="4" t="335" w="629" /><ent r="6" t="335" w="710" /><ent r="4" t="335" w="768" /><ent r="6" t="336" w="156" /><ent r="6" t="336" w="156" /><ent r="7" t="336" w="217" /><ent r="7" t="336" w="217" /><ent r="7" t="336" w="253" /><ent r="3" t="337" w="44" /><ent r="4" t="337" w="341" /><ent r="4" t="337" w="381" /><ent r="6" t="337" w="449" /><ent r="6" t="337" w="449" /><ent r="6" t="337" w="485" /><ent r="6" t="337" w="485" /><ent r="6" t="337" w="515" /><ent r="6" t="337" w="515" /><ent r="6" t="337" w="547" /><ent r="6" t="337" w="547" /><ent r="6" t="337" w="576" /><ent r="6" t="337" w="576" /><ent r="6" t="337" w="602" /><ent r="6" t="337" w="602" /><ent r="6" t="337" w="628" /><ent r="6" t="337" w="628" /><ent r="6" t="337" w="658" /><ent r="6" t="337" w="658" /><ent r="6" t="337" w="692" /><ent r="6" t="337" w="692" /><ent r="6" t="337" w="710" /><ent r="6" t="337" w="710" /><ent r="6" t="337" w="728" /><ent r="6" t="337" w="728" /><ent r="6" t="337" w="746" /><ent r="6" t="337" w="746" /><ent r="3" t="338" w="37" /><ent r="6" t="338" w="187" /><ent r="6" t="338" w="187" /><ent r="6" t="338" w="199" /><ent r="6" t="338" w="199" /><ent r="6" t="338" w="211" /><ent r="6" t="338" w="211" /><ent r="6" t="338" w="477" /><ent r="6" t="338" w="477" /><ent r="6" t="338" w="524" /><ent r="6" t="338" w="563" /><ent r="6" t="338" w="643" /><ent r="6" t="338" w="663" /><ent r="3" t="339" w="37" /><ent r="6" t="339" w="131" /><ent r="6" t="339" w="131" /><ent r="6" t="339" w="166" /><ent r="6" t="339" w="166" /><ent r="3" t="340" w="39" /><ent r="6" t="340" w="102" /><ent r="6" t="340" w="102" /><ent r="6" t="340" w="129" /><ent r="6" t="340" w="129" /><ent r="3" t="341" w="40" /><ent r="3" t="342" w="42" /><ent r="6" t="342" w="103" /><ent r="3" t="343" w="40" /><ent r="6" t="343" w="131" /><ent r="6" t="343" w="131" /><ent r="6" t="343" w="190" /><ent r="6" t="343" w="190" /><ent r="6" t="343" w="236" /><ent r="6" t="343" w="236" /><ent r="8" t="343" w="340" /><ent r="6" t="343" w="370" /><ent r="6" t="343" w="370" /><ent r="3" t="344" w="40" /><ent r="6" t="344" w="149" /><ent r="6" t="344" w="149" /><ent r="6" t="344" w="175" /><ent r="6" t="344" w="175" /><ent r="6" t="344" w="430" /><ent r="6" t="344" w="430" /><ent r="3" t="345" w="40" /><ent r="6" t="345" w="196" /><ent r="6" t="345" w="196" /><ent r="6" t="345" w="204" /><ent r="6" t="345" w="204" /><ent r="6" t="345" w="212" /><ent r="6" t="345" w="212" /><ent r="6" t="345" w="416" /><ent r="6" t="345" w="416" /><ent r="6" t="345" w="513" /><ent r="6" t="345" w="561" /><ent r="6" t="345" w="646" /><ent r="6" t="345" w="666" /><ent r="3" t="346" w="37" /><ent r="6" t="346" w="162" /><ent r="6" t="346" w="162" /><ent r="6" t="346" w="170" /><ent r="6" t="346" w="170" /><ent r="6" t="346" w="178" /><ent r="6" t="346" w="178" /><ent r="6" t="346" w="380" /><ent r="6" t="346" w="380" /><ent r="6" t="346" w="423" /><ent r="6" t="346" w="462" /><ent r="6" t="346" w="542" /><ent r="6" t="346" w="562" /><ent r="6" t="347" w="193" /><ent r="6" t="347" w="193" /><ent r="8" t="347" w="373" /><ent r="8" t="347" w="373" /><ent r="3" t="348" w="177" /><ent r="3" t="348" w="177" /><ent r="6" t="348" w="313" /><ent r="6" t="348" w="313" /><ent r="7" t="348" w="419" /><ent r="7" t="348" w="419" /><ent r="7" t="348" w="434" /><ent r="7" t="348" w="593" /><ent r="7" t="348" w="593" /><ent r="7" t="349" w="275" /><ent r="7" t="349" w="275" /><ent r="7" t="349" w="318" /><ent r="7" t="349" w="394" /><ent r="7" t="350" w="275" /><ent r="7" t="350" w="275" /><ent r="7" t="350" w="318" /><ent r="7" t="350" w="394" /><ent r="6" t="350" w="443" /><ent r="6" t="350" w="443" /><ent r="6" t="350" w="514" /><ent r="6" t="350" w="514" /><ent r="6" t="350" w="541" /><ent r="6" t="350" w="541" /><ent r="6" t="350" w="582" /><ent r="6" t="350" w="582" /><ent r="6" t="351" w="239" /><ent r="6" t="351" w="239" /><ent r="7" t="351" w="408" /><ent r="6" t="351" w="449" /><ent r="6" t="351" w="449" /><ent r="8" t="351" w="520" /><ent r="8" t="351" w="520" /><ent r="8" t="351" w="535" /><ent r="8" t="351" w="535" /><ent r="7" t="352" w="90" /><ent r="7" t="352" w="136" /><ent r="7" t="352" w="139" /><ent r="7" t="352" w="139" /><ent r="6" t="353" w="132" /><ent r="6" t="353" w="132" /><ent r="6" t="353" w="355" /><ent r="6" t="353" w="355" /><ent r="6" t="353" w="378" /><ent r="6" t="353" w="378" /><ent r="6" t="353" w="403" /><ent r="6" t="353" w="403" /><ent r="6" t="353" w="428" /><ent r="6" t="353" w="428" /><ent r="6" t="353" w="454" /><ent r="6" t="353" w="454" /><ent r="6" t="353" w="478" /><ent r="6" t="353" w="478" /><ent r="6" t="353" w="574" /><ent r="6" t="353" w="576" /><ent r="6" t="353" w="576" /><ent r="6" t="353" w="597" /><ent r="6" t="353" w="599" /><ent r="6" t="353" w="599" /><ent r="6" t="353" w="620" /><ent r="6" t="353" w="622" /><ent r="6" t="353" w="622" /><ent r="6" t="353" w="637" /><ent r="6" t="353" w="637" /><ent r="6" t="353" w="670" /><ent r="6" t="353" w="672" /><ent r="7" t="353" w="684" /><ent r="6" t="353" w="795" /><ent r="6" t="353" w="795" /><ent r="6" t="353" w="813" /><ent r="6" t="353" w="813" /><ent r="7" t="353" w="864" /><ent r="7" t="353" w="864" /><ent r="7" t="353" w="926" /><ent r="7" t="353" w="983" /><ent r="7" t="353" w="1067" /><ent r="7" t="353" w="1067" /><ent r="7" t="353" w="1094" /><ent r="7" t="353" w="1135" /><ent r="7" t="353" w="1135" /><ent r="7" t="353" w="1199" /><ent r="6" t="354" w="53" /><ent r="6" t="354" w="53" /><ent r="6" t="355" w="63" /><ent r="6" t="355" w="63" /><ent r="6" t="356" w="65" /><ent r="6" t="356" w="65" /><ent r="7" t="357" w="54" /><ent r="7" t="357" w="77" /><ent r="6" t="358" w="72" /><ent r="6" t="358" w="72" /><ent r="3" t="359" w="513" /><ent r="3" t="359" w="547" /><ent r="6" t="360" w="105" /><ent r="6" t="360" w="105" /><ent r="6" t="360" w="298" /><ent r="6" t="360" w="298" /><ent r="6" t="363" w="137" /><ent r="6" t="363" w="137" /><ent r="6" t="363" w="330" /><ent r="6" t="363" w="330" /><ent r="6" t="363" w="349" /><ent r="6" t="363" w="349" /><ent r="6" t="364" w="157" /><ent r="6" t="364" w="157" /><ent r="6" t="364" w="275" /><ent r="6" t="364" w="275" /><ent r="6" t="365" w="129" /><ent r="6" t="365" w="350" /><ent r="6" t="365" w="350" /><ent r="6" t="371" w="194" /><ent r="6" t="371" w="194" /><ent r="6" t="371" w="506" /><ent r="6" t="372" w="206" /><ent r="6" t="372" w="206" /><ent r="6" t="372" w="1052" /><ent r="6" t="372" w="1052" /><ent r="6" t="372" w="1273" /><ent r="6" t="372" w="1273" /><ent r="6" t="372" w="1279" /><ent r="6" t="372" w="1279" /><ent r="6" t="372" w="1285" /><ent r="6" t="372" w="1285" /><ent r="6" t="372" w="1294" /><ent r="6" t="372" w="1294" /><ent r="6" t="372" w="1417" /><ent r="6" t="372" w="1417" /><ent r="6" t="372" w="1539" /><ent r="6" t="372" w="1539" /><ent r="6" t="372" w="1720" /><ent r="6" t="372" w="1720" /><ent r="6" t="372" w="1802" /><ent r="6" t="372" w="1802" /><ent r="6" t="372" w="1885" /><ent r="6" t="372" w="1885" /><ent r="7" t="372" w="1918" /><ent r="6" t="372" w="1971" /><ent r="6" t="372" w="1971" /><ent r="6" t="374" w="181" /><ent r="6" t="374" w="181" /><ent r="6" t="374" w="281" /><ent r="6" t="374" w="281" /><ent r="6" t="374" w="358" /><ent r="6" t="374" w="358" /><ent r="6" t="376" w="170" /><ent r="6" t="376" w="170" /><ent r="6" t="377" w="112" /><ent r="6" t="378" w="104" /><ent r="6" t="378" w="104" /><ent r="7" t="378" w="136" /><ent r="7" t="378" w="136" /><ent r="6" t="378" w="148" /><ent r="6" t="378" w="148" /><ent r="6" t="379" w="218" /><ent r="6" t="381" w="125" /><ent r="6" t="381" w="125" /><ent r="6" t="382" w="294" /><ent r="6" t="382" w="294" /><ent r="6" t="383" w="111" /><ent r="6" t="384" w="162" /><ent r="6" t="385" w="89" /><ent r="6" t="385" w="89" /><ent r="6" t="385" w="206" /><ent r="6" t="385" w="206" /><ent r="7" t="385" w="246" /><ent r="6" t="386" w="145" /><ent r="6" t="386" w="145" /><ent r="6" t="387" w="123" /><ent r="6" t="388" w="113" /><ent r="6" t="388" w="113" /><ent r="6" t="388" w="532" /><ent r="6" t="388" w="532" /><ent r="6" t="388" w="565" /><ent r="6" t="388" w="565" /><ent r="6" t="388" w="577" /><ent r="6" t="388" w="577" /><ent r="6" t="388" w="588" /><ent r="6" t="388" w="588" /><ent r="6" t="388" w="601" /><ent r="6" t="388" w="601" /><ent r="6" t="388" w="659" /><ent r="6" t="388" w="659" /><ent r="6" t="388" w="717" /><ent r="6" t="388" w="717" /><ent r="6" t="388" w="729" /><ent r="6" t="388" w="729" /><ent r="6" t="388" w="740" /><ent r="6" t="388" w="740" /><ent r="6" t="388" w="753" /><ent r="6" t="388" w="753" /><ent r="6" t="389" w="125" /><ent r="6" t="389" w="125" /><ent r="4" t="390" w="575" /><ent r="4" t="390" w="609" /><ent r="6" t="391" w="171" /><ent r="6" t="391" w="171" /><ent r="7" t="396" w="84" /><ent r="7" t="396" w="84" /><ent r="7" t="396" w="221" /><ent r="7" t="396" w="221" /><ent r="3" t="396" w="254" /><ent r="7" t="396" w="350" /><ent r="3" t="397" w="49" /><ent r="3" t="397" w="503" /><ent r="3" t="397" w="503" /><ent r="5" t="398" w="869" /><ent r="5" t="398" w="869" /><ent r="5" t="398" w="1397" /><ent r="5" t="398" w="1397" /><ent r="5" t="398" w="1450" /><ent r="5" t="398" w="1450" /><ent r="5" t="398" w="1499" /><ent r="5" t="398" w="1499" /><ent r="5" t="398" w="2068" /><ent r="5" t="398" w="2068" /><ent r="5" t="398" w="2273" /><ent r="5" t="398" w="2273" /><ent r="5" t="398" w="2326" /><ent r="5" t="398" w="2326" /><ent r="5" t="398" w="2375" /><ent r="5" t="398" w="2375" /><ent r="3" t="398" w="2612" /><ent r="3" t="398" w="2632" /><ent r="3" t="398" w="2656" /><ent r="3" t="398" w="2676" /><ent r="3" t="398" w="2704" /><ent r="3" t="398" w="2839" /><ent r="3" t="398" w="2839" /><ent r="3" t="399" w="47" /><ent r="3" t="399" w="637" /><ent r="3" t="399" w="637" /><ent r="3" t="399" w="776" /><ent r="3" t="399" w="776" /><ent r="3" t="399" w="1983" /><ent r="3" t="399" w="1983" /><ent r="3" t="399" w="2161" /><ent r="3" t="399" w="2161" /><ent r="3" t="399" w="2187" /><ent r="3" t="399" w="2198" /><ent r="3" t="399" w="2212" /><ent r="3" t="399" w="2345" /><ent r="3" t="399" w="2350" /><ent r="3" t="399" w="3231" /><ent r="3" t="399" w="3231" /><ent r="4" t="401" w="223" /><ent r="4" t="401" w="223" /><ent r="3" t="401" w="530" /><ent r="3" t="401" w="530" /><ent r="4" t="404" w="173" /><ent r="5" t="422" w="695" /><ent r="4" t="425" w="152" /><ent r="7" t="430" w="206" /><ent r="7" t="430" w="270" /><ent r="7" t="430" w="270" /><ent r="8" t="430" w="365" /><ent r="8" t="430" w="413" /><ent r="8" t="430" w="448" /><ent r="8" t="430" w="486" /><ent r="8" t="430" w="486" /><ent r="7" t="431" w="295" /><ent r="7" t="431" w="358" /><ent r="7" t="431" w="358" /><ent r="8" t="431" w="456" /><ent r="8" t="431" w="504" /><ent r="8" t="431" w="539" /><ent r="8" t="431" w="577" /><ent r="8" t="431" w="577" /><ent r="7" t="431" w="656" /><ent r="7" t="431" w="656" /><ent r="7" t="431" w="667" /><ent r="7" t="431" w="724" /><ent r="7" t="431" w="724" /><ent r="7" t="431" w="735" /><ent r="7" t="431" w="793" /><ent r="7" t="431" w="793" /><ent r="7" t="431" w="804" /><ent r="3" t="432" w="482" /><ent r="7" t="433" w="238" /><ent r="7" t="434" w="91" /><ent r="7" t="438" w="66" /><ent r="7" t="438" w="66" /><ent r="7" t="438" w="216" /><ent r="7" t="438" w="216" /><ent r="7" t="438" w="403" /><ent r="7" t="438" w="403" /><ent r="7" t="438" w="549" /><ent r="7" t="438" w="549" /><ent r="7" t="438" w="625" /><ent r="7" t="439" w="150" /><ent r="7" t="439" w="150" /><ent r="7" t="439" w="221" /><ent r="7" t="439" w="296" /><ent r="72" t="441" w="44" /><ent r="72" t="441" w="44" /><ent r="7" t="443" w="284" /><ent r="7" t="443" w="358" /><ent r="7" t="443" w="358" /><ent r="7" t="443" w="458" /><ent r="7" t="443" w="489" /><ent r="7" t="443" w="545" /><ent r="7" t="443" w="584" /><ent r="7" t="443" w="584" /><ent r="7" t="443" w="638" /><ent r="7" t="443" w="638" /><ent r="7" t="443" w="649" /><ent r="7" t="443" w="713" /><ent r="7" t="443" w="713" /><ent r="7" t="443" w="724" /><ent r="7" t="443" w="810" /><ent r="7" t="443" w="838" /><ent r="7" t="445" w="175" /><ent r="7" t="445" w="229" /><ent r="7" t="445" w="426" /><ent r="7" t="445" w="559" /><ent r="7" t="447" w="134" /><ent r="7" t="451" w="252" /><ent r="7" t="451" w="252" /><ent r="7" t="451" w="263" /><ent r="7" t="451" w="295" /><ent r="7" t="451" w="295" /><ent r="7" t="451" w="306" /><ent r="6" t="473" w="80" /><ent r="6" t="473" w="80" /><ent r="6" t="473" w="194" /><ent r="6" t="473" w="194" /><ent r="7" t="474" w="98" /><ent r="7" t="474" w="98" /><ent r="7" t="475" w="97" /><ent r="7" t="475" w="97" /><ent r="7" t="475" w="135" /><ent r="7" t="476" w="94" /><ent r="7" t="476" w="94" /><ent r="7" t="477" w="209" /><ent r="7" t="477" w="209" /><ent r="7" t="478" w="97" /><ent r="7" t="478" w="97" /><ent r="7" t="480" w="118" /><ent r="7" t="480" w="118" /><ent r="7" t="481" w="129" /><ent r="7" t="481" w="129" /><ent r="3" t="482" w="99" /><ent r="3" t="482" w="178" /><ent r="7" t="482" w="226" /><ent r="7" t="482" w="226" /><ent r="7" t="482" w="274" /><ent r="7" t="482" w="274" /><ent r="7" t="482" w="289" /><ent r="7" t="482" w="289" /><ent r="7" t="482" w="304" /><ent r="7" t="482" w="304" /><ent r="7" t="484" w="72" /><ent r="7" t="484" w="72" /><ent r="7" t="485" w="118" /><ent r="7" t="485" w="118" /><ent r="3" t="486" w="87" /><ent r="3" t="486" w="105" /><ent r="7" t="486" w="142" /><ent r="7" t="486" w="142" /><ent r="7" t="486" w="200" /><ent r="7" t="487" w="159" /><ent r="7" t="487" w="159" /><ent r="7" t="487" w="262" /><ent r="3" t="488" w="67" /><ent r="3" t="488" w="86" /><ent r="7" t="488" w="122" /><ent r="7" t="488" w="122" /><ent r="7" t="488" w="215" /><ent r="7" t="489" w="125" /><ent r="7" t="489" w="125" /><ent r="7" t="489" w="205" /><ent r="7" t="490" w="101" /><ent r="7" t="490" w="101" /><ent r="7" t="490" w="157" /><ent r="3" t="490" w="361" /><ent r="3" t="491" w="32" /><ent r="3" t="491" w="32" /><ent r="3" t="492" w="40" /><ent r="7" t="492" w="86" /><ent r="7" t="492" w="86" /><ent r="7" t="492" w="132" /><ent r="3" t="493" w="66" /><ent r="7" t="493" w="107" /><ent r="7" t="493" w="107" /><ent r="7" t="493" w="159" /><ent r="3" t="494" w="58" /><ent r="3" t="494" w="60" /><ent r="7" t="494" w="101" /><ent r="7" t="494" w="101" /><ent r="7" t="496" w="111" /><ent r="7" t="496" w="111" /><ent r="7" t="497" w="77" /><ent r="7" t="497" w="77" /><ent r="3" t="502" w="224" /></phr></stem></index>