<?xml version="1.0" encoding="utf-8"?><index><!-- saved from url=(0016)http://localhost -->
<stem n="alphanumer"><phr n="alphanumeric"><ent r="3" t="314" w="623" /><ent r="3" t="314" w="623" /><ent r="6" t="314" w="1047" /><ent r="6" t="314" w="1047" /><ent r="3" t="314" w="1176" /><ent r="3" t="314" w="1176" /><ent r="3" t="314" w="1376" /><ent r="3" t="314" w="1376" /></phr></stem><stem n="alphabet"><phr n="alphabetic"><ent r="6" t="314" w="662" /><ent r="6" t="314" w="662" /><ent r="6" t="314" w="671" /><ent r="6" t="314" w="671" /><ent r="6" t="314" w="724" /><ent r="6" t="314" w="724" /></phr></stem><stem n="cursor"><phr n="cursor"><ent r="6" t="314" w="687" /><ent r="6" t="314" w="687" /><ent r="6" t="314" w="1029" /><ent r="6" t="314" w="1029" /><ent r="3" t="314" w="1130" /><ent r="3" t="314" w="1130" /><ent r="3" t="314" w="1160" /><ent r="3" t="314" w="1160" /><ent r="3" t="314" w="1394" /><ent r="3" t="314" w="1394" /><ent r="6" t="387" w="144" /><ent r="6" t="387" w="144" /></phr><phr n="CURSOR"><ent r="6" t="387" w="136" /><ent r="6" t="387" w="136" /></phr></stem><stem n="^"><phr n="^"><ent r="7" t="314" w="702" /><ent r="6" t="314" w="1037" /><ent r="6" t="314" w="1037" /></phr></stem><stem n="logdata"><phr n="LogData"><ent r="7" t="314" w="902" /></phr></stem><stem n="compos"><phr n="composed"><ent r="3" t="314" w="1110" /><ent r="3" t="314" w="1110" /><ent r="3" t="314" w="1138" /><ent r="3" t="314" w="1138" /></phr></stem><stem n="cue"><phr n="cue"><ent r="3" t="314" w="1328" /><ent r="3" t="314" w="1328" /></phr></stem><stem n="workflow"><phr n="workflow"><ent r="3" t="315" w="198" /><ent r="3" t="315" w="198" /></phr></stem><stem n="incompat"><phr n="incompatibility"><ent r="5" t="315" w="434" /><ent r="5" t="315" w="434" /></phr></stem><stem n="queri"><phr n="query"><ent r="3" t="316" w="46" /><ent r="3" t="316" w="46" /></phr></stem><stem n="diagnost"><phr n="diagnostics"><ent r="4" t="317" w="132" /><ent r="4" t="317" w="132" /><ent r="7" t="349" w="272" /><ent r="7" t="350" w="272" /></phr><phr n="Diagnostic"><ent r="7" t="438" w="562" /><ent r="7" t="438" w="562" /></phr></stem><stem n="on-screen"><phr n="on-screen"><ent r="4" t="317" w="249" /><ent r="4" t="317" w="249" /></phr></stem><stem n="&lt;your"><phr n="&lt;your"><ent r="6" t="317" w="488" /><ent r="6" t="317" w="488" /></phr></stem><stem n="receiver&gt;"><phr n="receiver&gt;"><ent r="6" t="317" w="489" /></phr></stem><stem n="quit"><phr n="quit"><ent r="5" t="317" w="525" /></phr></stem><stem n="exit"><phr n="Exit"><ent r="6" t="317" w="528" /><ent r="6" t="317" w="528" /><ent r="6" t="317" w="535" /><ent r="6" t="317" w="535" /></phr></stem><stem n="bd-9xx"><phr n="BD-9xx"><ent r="3" t="318" w="28" /><ent r="3" t="318" w="28" /></phr></stem><stem n="9xx"><phr n="9xx"><ent r="3" t="318" w="29" /><ent r="3" t="318" w="32" /></phr></stem><stem n="bx-9xx"><phr n="BX-9xx"><ent r="3" t="318" w="31" /><ent r="3" t="318" w="31" /></phr></stem><stem n="bx"><phr n="BX"><ent r="3" t="318" w="31" /><ent r="3" t="400" w="1226" /></phr></stem><stem n="webhelp"><phr n="WebHelp"><ent r="3" t="318" w="152" /><ent r="4" t="319" w="137" /><ent r="4" t="319" w="137" /></phr></stem><stem n="datasheet"><phr n="datasheets"><ent r="3" t="318" w="166" /></phr></stem><stem n="brochur"><phr n="brochures"><ent r="3" t="318" w="167" /></phr></stem><stem n="evolv"><phr n="evolved"><ent r="3" t="319" w="82" /><ent r="3" t="319" w="82" /></phr></stem><stem n="explan"><phr n="explanation"><ent r="3" t="319" w="118" /><ent r="3" t="319" w="118" /><ent r="3" t="404" w="765" /><ent r="3" t="404" w="765" /></phr></stem><stem n="64h"><phr n="64h"><ent r="65" t="319" w="239" /><ent r="67" t="330" w="86" /><ent r="3" t="348" w="50" /><ent r="3" t="348" w="50" /><ent r="4" t="348" w="116" /><ent r="4" t="348" w="116" /><ent r="3" t="359" w="311" /><ent r="3" t="359" w="311" /><ent r="65" t="359" w="355" /><ent r="3" t="359" w="396" /><ent r="3" t="359" w="396" /><ent r="3" t="359" w="555" /><ent r="3" t="359" w="555" /><ent r="3" t="359" w="595" /><ent r="3" t="359" w="595" /><ent r="3" t="359" w="605" /><ent r="3" t="359" w="605" /><ent r="1000" t="360" w="2" /><ent r="92" t="360" w="9" /><ent r="6" t="360" w="86" /><ent r="6" t="360" w="86" /><ent r="6" t="360" w="90" /><ent r="3" t="360" w="330" /><ent r="3" t="360" w="330" /><ent r="64" t="361" w="29" /><ent r="64" t="361" w="29" /><ent r="64" t="362" w="68" /><ent r="64" t="362" w="68" /><ent r="3" t="362" w="269" /><ent r="3" t="362" w="269" /><ent r="64" t="363" w="57" /><ent r="64" t="363" w="57" /><ent r="64" t="364" w="64" /><ent r="64" t="364" w="64" /><ent r="64" t="365" w="52" /><ent r="64" t="365" w="52" /><ent r="64" t="366" w="108" /><ent r="64" t="366" w="108" /><ent r="64" t="367" w="108" /><ent r="64" t="367" w="108" /><ent r="64" t="368" w="108" /><ent r="64" t="368" w="108" /><ent r="64" t="369" w="108" /><ent r="64" t="369" w="108" /><ent r="64" t="370" w="108" /><ent r="64" t="370" w="108" /><ent r="64" t="371" w="109" /><ent r="64" t="371" w="109" /><ent r="64" t="372" w="87" /><ent r="64" t="372" w="87" /><ent r="64" t="373" w="45" /><ent r="64" t="373" w="45" /><ent r="64" t="374" w="69" /><ent r="64" t="374" w="69" /><ent r="64" t="375" w="49" /><ent r="64" t="375" w="49" /><ent r="64" t="376" w="44" /><ent r="64" t="376" w="44" /><ent r="64" t="377" w="40" /><ent r="64" t="377" w="40" /><ent r="64" t="378" w="47" /><ent r="64" t="378" w="47" /><ent r="64" t="379" w="52" /><ent r="64" t="379" w="52" /><ent r="65" t="379" w="140" /><ent r="1000" t="380" w="2" /><ent r="92" t="380" w="10" /><ent r="3" t="380" w="19" /><ent r="3" t="380" w="19" /><ent r="65" t="380" w="71" /><ent r="3" t="380" w="93" /><ent r="5" t="398" w="143" /><ent r="5" t="398" w="143" /><ent r="5" t="398" w="275" /><ent r="5" t="398" w="275" /><ent r="5" t="398" w="649" /><ent r="5" t="398" w="649" /><ent r="5" t="398" w="800" /><ent r="5" t="398" w="800" /><ent r="5" t="398" w="1067" /><ent r="5" t="398" w="1067" /><ent r="5" t="398" w="1191" /><ent r="5" t="398" w="1191" /><ent r="5" t="398" w="1330" /><ent r="5" t="398" w="1330" /><ent r="5" t="398" w="1642" /><ent r="5" t="398" w="1642" /><ent r="5" t="398" w="1858" /><ent r="5" t="398" w="1858" /><ent r="5" t="398" w="1999" /><ent r="5" t="398" w="1999" /><ent r="5" t="398" w="2206" /><ent r="5" t="398" w="2206" /><ent r="3" t="398" w="2880" /><ent r="3" t="398" w="2880" /></phr></stem><stem n="2400"><phr n="2400"><ent r="3" t="320" w="11" /><ent r="6" t="364" w="258" /><ent r="6" t="364" w="258" /><ent r="3" t="390" w="793" /></phr></stem><stem n="57600"><phr n="57600"><ent r="3" t="320" w="17" /><ent r="3" t="320" w="17" /><ent r="3" t="390" w="798" /></phr></stem><stem n="kbaud"><phr n="kbaud"><ent r="3" t="320" w="21" /></phr></stem><stem n="8-bit"><phr n="8-bit"><ent r="3" t="320" w="62" /><ent r="3" t="320" w="62" /><ent r="3" t="393" w="123" /><ent r="3" t="393" w="123" /></phr></stem><stem n="odd"><phr n="Odd"><ent r="3" t="320" w="69" /><ent r="6" t="364" w="372" /><ent r="6" t="364" w="372" /><ent r="3" t="390" w="828" /></phr></stem><stem n="eeprom"><phr n="EEPROM"><ent r="3" t="320" w="112" /><ent r="3" t="320" w="112" /></phr></stem><stem n="electrically-eras"><phr n="Electrically-Erasable"><ent r="3" t="320" w="113" /><ent r="3" t="320" w="113" /></phr></stem><stem n="read-onli"><phr n="Read-Only"><ent r="3" t="320" w="115" /><ent r="3" t="320" w="115" /></phr></stem><stem n="enq"><phr n="ENQ"><ent r="3" t="321" w="24" /><ent r="3" t="321" w="24" /><ent r="3" t="321" w="38" /></phr></stem><stem n="05h"><phr n="05h"><ent r="3" t="321" w="25" /><ent r="6" t="352" w="75" /><ent r="6" t="352" w="75" /><ent r="6" t="352" w="107" /><ent r="6" t="352" w="107" /><ent r="6" t="364" w="285" /><ent r="6" t="364" w="285" /><ent r="6" t="368" w="145" /><ent r="6" t="368" w="145" /><ent r="6" t="372" w="123" /><ent r="6" t="372" w="123" /><ent r="6" t="372" w="1426" /><ent r="6" t="372" w="1426" /><ent r="6" t="374" w="366" /><ent r="6" t="374" w="366" /><ent r="7" t="442" w="80" /><ent r="7" t="442" w="80" /></phr></stem><stem n="06h"><phr n="06h"><ent r="3" t="321" w="33" /><ent r="3" t="323" w="62" /><ent r="67" t="330" w="26" /><ent r="1000" t="331" w="2" /><ent r="92" t="331" w="6" /><ent r="3" t="331" w="11" /><ent r="3" t="331" w="11" /><ent r="6" t="331" w="93" /><ent r="6" t="331" w="93" /><ent r="6" t="331" w="97" /><ent r="6" t="331" w="97" /><ent r="64" t="332" w="21" /><ent r="64" t="332" w="21" /><ent r="6" t="348" w="324" /><ent r="6" t="364" w="294" /><ent r="6" t="364" w="294" /><ent r="6" t="366" w="129" /><ent r="6" t="366" w="129" /><ent r="6" t="372" w="125" /><ent r="6" t="372" w="125" /><ent r="6" t="372" w="1433" /><ent r="6" t="372" w="1433" /><ent r="6" t="374" w="372" /><ent r="6" t="374" w="372" /><ent r="7" t="437" w="65" /><ent r="7" t="437" w="65" /></phr></stem><stem n="nak"><phr n="NAK"><ent r="3" t="321" w="35" /><ent r="3" t="321" w="35" /><ent r="3" t="321" w="40" /><ent r="3" t="321" w="40" /><ent r="3" t="321" w="83" /><ent r="3" t="321" w="83" /><ent r="3" t="323" w="64" /><ent r="3" t="323" w="64" /><ent r="3" t="323" w="74" /><ent r="3" t="323" w="74" /><ent r="3" t="323" w="179" /><ent r="3" t="323" w="179" /><ent r="4" t="326" w="50" /><ent r="3" t="326" w="93" /><ent r="3" t="326" w="93" /><ent r="3" t="335" w="65" /><ent r="3" t="335" w="65" /><ent r="3" t="335" w="828" /><ent r="3" t="335" w="828" /><ent r="3" t="336" w="385" /><ent r="3" t="336" w="385" /><ent r="3" t="341" w="67" /><ent r="3" t="341" w="67" /><ent r="3" t="347" w="92" /><ent r="3" t="347" w="92" /><ent r="3" t="348" w="78" /><ent r="3" t="348" w="78" /><ent r="3" t="360" w="338" /><ent r="3" t="360" w="338" /><ent r="3" t="388" w="776" /><ent r="3" t="388" w="776" /><ent r="3" t="388" w="1585" /><ent r="3" t="388" w="1585" /></phr></stem><stem n="15h"><phr n="15h"><ent r="3" t="321" w="36" /><ent r="3" t="323" w="65" /><ent r="3" t="326" w="94" /></phr></stem><stem n="1-byte"><phr n="1-byte"><ent r="3" t="321" w="56" /><ent r="3" t="321" w="56" /></phr></stem><stem n="syntax"><phr n="syntax"><ent r="3" t="321" w="106" /><ent r="3" t="321" w="106" /><ent r="3" t="390" w="728" /><ent r="3" t="390" w="728" /><ent r="3" t="390" w="970" /><ent r="3" t="390" w="970" /><ent r="3" t="390" w="1074" /></phr></stem><stem n="respond"><phr n="responds"><ent r="3" t="322" w="10" /><ent r="3" t="322" w="10" /><ent r="3" t="323" w="144" /><ent r="3" t="323" w="144" /><ent r="3" t="331" w="19" /><ent r="3" t="331" w="19" /><ent r="3" t="333" w="52" /><ent r="3" t="333" w="52" /><ent r="3" t="347" w="51" /><ent r="3" t="347" w="51" /><ent r="3" t="381" w="37" /><ent r="3" t="381" w="37" /><ent r="3" t="389" w="31" /><ent r="3" t="389" w="31" /><ent r="4" t="390" w="126" /><ent r="4" t="390" w="126" /><ent r="3" t="398" w="2542" /><ent r="3" t="398" w="2542" /><ent r="3" t="398" w="2789" /><ent r="3" t="398" w="2789" /><ent r="3" t="398" w="2940" /><ent r="3" t="398" w="2940" /></phr><phr n="respond"><ent r="3" t="322" w="28" /><ent r="3" t="322" w="28" /><ent r="4" t="388" w="233" /><ent r="4" t="388" w="233" /><ent r="5" t="388" w="345" /><ent r="5" t="388" w="345" /><ent r="5" t="388" w="396" /><ent r="5" t="388" w="396" /></phr></stem><stem n="resend"><phr n="resending"><ent r="3" t="322" w="50" /><ent r="3" t="322" w="50" /></phr></stem><stem n="acknowledg"><phr n="acknowledges"><ent r="3" t="323" w="36" /><ent r="3" t="323" w="36" /><ent r="3" t="323" w="187" /><ent r="3" t="323" w="187" /></phr><phr n="acknowledging"><ent r="3" t="323" w="56" /><ent r="3" t="323" w="56" /><ent r="3" t="323" w="202" /><ent r="3" t="323" w="202" /></phr><phr n="acknowledge"><ent r="3" t="323" w="181" /><ent r="3" t="323" w="181" /><ent r="3" t="390" w="862" /><ent r="3" t="390" w="862" /></phr><phr n="acknowledgments"><ent r="4" t="326" w="47" /><ent r="4" t="326" w="47" /></phr><phr n="acknowledgment"><ent r="3" t="326" w="91" /><ent r="3" t="326" w="91" /><ent r="6" t="390" w="294" /><ent r="6" t="390" w="294" /><ent r="3" t="390" w="726" /></phr><phr n="acknowledgement"><ent r="4" t="390" w="751" /></phr></stem><stem n="transact"><phr n="transaction"><ent r="3" t="323" w="58" /><ent r="3" t="323" w="58" /><ent r="3" t="382" w="180" /><ent r="3" t="382" w="180" /></phr></stem><stem n="fulfil"><phr n="fulfil"><ent r="3" t="323" w="81" /><ent r="3" t="323" w="81" /></phr></stem><stem n="first-in"><phr n="first-in"><ent r="3" t="323" w="217" /></phr></stem><stem n="first-out"><phr n="first-out"><ent r="3" t="323" w="219" /><ent r="3" t="323" w="219" /></phr></stem><stem n="fifo"><phr n="FIFO"><ent r="3" t="323" w="221" /></phr></stem><stem n="4-byte"><phr n="4-byte"><ent r="3" t="323" w="260" /><ent r="3" t="323" w="260" /><ent r="3" t="327" w="41" /><ent r="3" t="327" w="41" /><ent r="3" t="396" w="254" /><ent r="3" t="396" w="254" /><ent r="3" t="397" w="49" /><ent r="3" t="397" w="49" /></phr></stem><stem n="2-byte"><phr n="2-byte"><ent r="3" t="323" w="278" /><ent r="3" t="323" w="278" /><ent r="3" t="327" w="45" /><ent r="3" t="327" w="45" /><ent r="3" t="396" w="271" /><ent r="3" t="396" w="271" /><ent r="3" t="397" w="53" /><ent r="3" t="397" w="53" /></phr></stem><stem n="trailer"><phr n="trailer"><ent r="3" t="323" w="280" /><ent r="7" t="324" w="101" /><ent r="7" t="324" w="101" /><ent r="3" t="396" w="273" /></phr></stem><stem n="00h"><phr n="00h"><ent r="3" t="323" w="287" /><ent r="3" t="325" w="33" /><ent r="6" t="331" w="106" /><ent r="6" t="331" w="106" /><ent r="6" t="334" w="97" /><ent r="6" t="334" w="97" /><ent r="6" t="335" w="145" /><ent r="6" t="335" w="145" /><ent r="7" t="347" w="203" /><ent r="6" t="347" w="327" /><ent r="6" t="347" w="327" /><ent r="6" t="348" w="321" /><ent r="6" t="348" w="461" /><ent r="6" t="349" w="715" /><ent r="6" t="349" w="730" /><ent r="6" t="349" w="757" /><ent r="6" t="350" w="648" /><ent r="6" t="350" w="663" /><ent r="6" t="350" w="690" /><ent r="6" t="351" w="278" /><ent r="6" t="352" w="74" /><ent r="6" t="352" w="106" /><ent r="6" t="360" w="72" /><ent r="6" t="360" w="72" /><ent r="6" t="360" w="99" /><ent r="6" t="360" w="99" /><ent r="6" t="360" w="113" /><ent r="6" t="360" w="149" /><ent r="6" t="360" w="171" /><ent r="6" t="361" w="229" /><ent r="6" t="361" w="229" /><ent r="6" t="361" w="299" /><ent r="6" t="361" w="299" /><ent r="6" t="361" w="347" /><ent r="6" t="361" w="347" /><ent r="6" t="362" w="89" /><ent r="6" t="362" w="89" /><ent r="6" t="362" w="153" /><ent r="6" t="362" w="199" /><ent r="6" t="362" w="223" /><ent r="6" t="362" w="247" /><ent r="6" t="363" w="113" /><ent r="6" t="363" w="130" /><ent r="6" t="363" w="130" /><ent r="6" t="363" w="145" /><ent r="6" t="363" w="163" /><ent r="6" t="363" w="163" /><ent r="6" t="363" w="177" /><ent r="6" t="363" w="177" /><ent r="6" t="363" w="193" /><ent r="6" t="363" w="385" /><ent r="6" t="363" w="385" /><ent r="6" t="363" w="403" /><ent r="6" t="363" w="403" /><ent r="6" t="363" w="434" /><ent r="6" t="363" w="434" /><ent r="6" t="363" w="465" /><ent r="6" t="363" w="465" /><ent r="6" t="363" w="496" /><ent r="6" t="363" w="496" /><ent r="6" t="363" w="523" /><ent r="6" t="363" w="523" /><ent r="6" t="363" w="539" /><ent r="6" t="363" w="539" /><ent r="6" t="363" w="562" /><ent r="6" t="363" w="562" /><ent r="6" t="363" w="579" /><ent r="6" t="363" w="579" /><ent r="6" t="364" w="125" /><ent r="6" t="364" w="249" /><ent r="6" t="364" w="249" /><ent r="6" t="364" w="360" /><ent r="6" t="364" w="360" /><ent r="6" t="364" w="404" /><ent r="6" t="364" w="404" /><ent r="6" t="365" w="107" /><ent r="6" t="365" w="107" /><ent r="6" t="365" w="122" /><ent r="6" t="365" w="122" /><ent r="6" t="365" w="239" /><ent r="6" t="366" w="243" /><ent r="6" t="366" w="243" /><ent r="6" t="367" w="246" /><ent r="6" t="367" w="246" /><ent r="6" t="368" w="246" /><ent r="6" t="368" w="246" /><ent r="6" t="369" w="245" /><ent r="6" t="369" w="245" /><ent r="6" t="370" w="244" /><ent r="6" t="370" w="244" /><ent r="6" t="371" w="190" /><ent r="6" t="371" w="190" /><ent r="6" t="371" w="201" /><ent r="6" t="371" w="201" /><ent r="6" t="371" w="212" /><ent r="6" t="371" w="212" /><ent r="6" t="371" w="223" /><ent r="6" t="371" w="223" /><ent r="6" t="371" w="314" /><ent r="6" t="371" w="314" /><ent r="6" t="371" w="362" /><ent r="6" t="371" w="362" /><ent r="6" t="372" w="257" /><ent r="6" t="372" w="408" /><ent r="6" t="372" w="408" /><ent r="6" t="372" w="504" /><ent r="6" t="372" w="504" /><ent r="6" t="372" w="1392" /><ent r="6" t="372" w="1392" /><ent r="6" t="373" w="145" /><ent r="6" t="373" w="145" /><ent r="7" t="373" w="160" /><ent r="7" t="373" w="160" /><ent r="6" t="374" w="188" /><ent r="6" t="374" w="188" /><ent r="6" t="374" w="203" /><ent r="6" t="374" w="203" /><ent r="6" t="374" w="207" /><ent r="6" t="374" w="207" /><ent r="6" t="374" w="329" /><ent r="6" t="374" w="329" /><ent r="6" t="374" w="399" /><ent r="6" t="374" w="399" /><ent r="6" t="374" w="433" /><ent r="6" t="374" w="433" /><ent r="6" t="374" w="467" /><ent r="6" t="374" w="467" /><ent r="6" t="375" w="153" /><ent r="6" t="375" w="153" /><ent r="6" t="377" w="146" /><ent r="6" t="377" w="192" /><ent r="6" t="377" w="192" /><ent r="6" t="382" w="303" /><ent r="6" t="382" w="323" /><ent r="6" t="382" w="342" /><ent r="6" t="382" w="362" /><ent r="6" t="382" w="440" /><ent r="6" t="382" w="509" /><ent r="6" t="382" w="528" /><ent r="6" t="382" w="617" /><ent r="6" t="382" w="617" /><ent r="6" t="388" w="120" /><ent r="8" t="388" w="133" /><ent r="4" t="388" w="217" /><ent r="4" t="388" w="323" /><ent r="4" t="388" w="323" /><ent r="6" t="388" w="511" /><ent r="6" t="388" w="535" /><ent r="6" t="388" w="568" /><ent r="6" t="388" w="580" /><ent r="6" t="388" w="591" /><ent r="6" t="388" w="604" /><ent r="6" t="388" w="638" /><ent r="6" t="388" w="662" /><ent r="6" t="388" w="709" /><ent r="6" t="388" w="709" /><ent r="6" t="388" w="720" /><ent r="6" t="388" w="732" /><ent r="6" t="388" w="743" /><ent r="6" t="388" w="756" /><ent r="6" t="388" w="806" /><ent r="6" t="388" w="838" /><ent r="6" t="388" w="872" /><ent r="6" t="388" w="898" /><ent r="6" t="388" w="956" /><ent r="6" t="388" w="1009" /><ent r="6" t="388" w="1038" /><ent r="6" t="388" w="1077" /><ent r="6" t="388" w="1094" /><ent r="6" t="388" w="1110" /><ent r="6" t="388" w="1136" /><ent r="6" t="388" w="1136" /><ent r="6" t="388" w="1151" /><ent r="6" t="388" w="1208" /><ent r="6" t="388" w="1208" /><ent r="6" t="388" w="1225" /><ent r="6" t="388" w="1247" /><ent r="6" t="388" w="1304" /><ent r="6" t="388" w="1333" /><ent r="6" t="388" w="1372" /><ent r="6" t="388" w="1389" /><ent r="6" t="388" w="1405" /><ent r="6" t="388" w="1431" /><ent r="6" t="388" w="1431" /><ent r="6" t="388" w="1446" /><ent r="6" t="388" w="1503" /><ent r="6" t="388" w="1503" /><ent r="6" t="388" w="1520" /><ent r="6" t="388" w="1542" /><ent r="6" t="389" w="119" /><ent r="6" t="389" w="119" /><ent r="6" t="391" w="305" /><ent r="6" t="391" w="305" /><ent r="7" t="396" w="77" /><ent r="7" t="396" w="122" /><ent r="7" t="396" w="139" /><ent r="3" t="396" w="280" /><ent r="3" t="398" w="2527" /><ent r="3" t="398" w="2527" /><ent r="7" t="450" w="94" /><ent r="7" t="451" w="132" /><ent r="7" t="452" w="198" /></phr></stem><stem n="stx"><phr n="STX"><ent r="6" t="324" w="44" /><ent r="6" t="324" w="44" /><ent r="6" t="331" w="58" /><ent r="6" t="331" w="58" /><ent r="6" t="332" w="70" /><ent r="6" t="332" w="70" /><ent r="6" t="333" w="77" /><ent r="6" t="333" w="77" /><ent r="6" t="334" w="80" /><ent r="6" t="334" w="80" /><ent r="6" t="335" w="128" /><ent r="6" t="335" w="128" /><ent r="6" t="336" w="97" /><ent r="6" t="336" w="97" /><ent r="6" t="347" w="143" /><ent r="6" t="347" w="143" /><ent r="6" t="348" w="260" /><ent r="6" t="348" w="260" /><ent r="6" t="360" w="55" /><ent r="6" t="360" w="55" /><ent r="6" t="379" w="159" /><ent r="6" t="379" w="159" /><ent r="6" t="381" w="70" /><ent r="6" t="381" w="70" /><ent r="6" t="382" w="235" /><ent r="6" t="382" w="235" /><ent r="6" t="383" w="56" /><ent r="6" t="383" w="56" /><ent r="6" t="384" w="107" /><ent r="6" t="384" w="107" /><ent r="6" t="385" w="35" /><ent r="6" t="385" w="35" /><ent r="6" t="386" w="94" /><ent r="6" t="386" w="94" /><ent r="6" t="387" w="72" /><ent r="6" t="387" w="72" /><ent r="6" t="388" w="53" /><ent r="6" t="388" w="53" /><ent r="6" t="389" w="70" /><ent r="6" t="389" w="70" /><ent r="6" t="390" w="187" /><ent r="6" t="390" w="187" /><ent r="6" t="391" w="115" /><ent r="6" t="391" w="115" /><ent r="7" t="396" w="33" /><ent r="7" t="396" w="33" /><ent r="3" t="399" w="3997" /></phr></stem><stem n="02h"><phr n="02h"><ent r="6" t="324" w="45" /><ent r="6" t="331" w="63" /><ent r="6" t="331" w="63" /><ent r="6" t="332" w="75" /><ent r="6" t="332" w="75" /><ent r="6" t="333" w="82" /><ent r="6" t="333" w="82" /><ent r="6" t="334" w="85" /><ent r="6" t="334" w="85" /><ent r="6" t="335" w="133" /><ent r="6" t="335" w="133" /><ent r="6" t="336" w="102" /><ent r="6" t="336" w="102" /><ent r="6" t="347" w="148" /><ent r="6" t="347" w="148" /><ent r="6" t="348" w="265" /><ent r="6" t="348" w="265" /><ent r="6" t="348" w="323" /><ent r="6" t="360" w="60" /><ent r="6" t="360" w="60" /><ent r="6" t="363" w="580" /><ent r="6" t="363" w="580" /><ent r="6" t="364" w="85" /><ent r="6" t="364" w="85" /><ent r="6" t="364" w="263" /><ent r="6" t="364" w="263" /><ent r="6" t="364" w="380" /><ent r="6" t="364" w="380" /><ent r="6" t="366" w="259" /><ent r="6" t="366" w="259" /><ent r="6" t="367" w="262" /><ent r="6" t="367" w="262" /><ent r="6" t="368" w="262" /><ent r="6" t="368" w="262" /><ent r="6" t="369" w="261" /><ent r="6" t="369" w="261" /><ent r="6" t="370" w="260" /><ent r="6" t="370" w="260" /><ent r="6" t="371" w="326" /><ent r="6" t="371" w="326" /><ent r="6" t="371" w="377" /><ent r="6" t="371" w="377" /><ent r="6" t="372" w="1405" /><ent r="6" t="372" w="1405" /><ent r="6" t="374" w="109" /><ent r="6" t="374" w="109" /><ent r="6" t="374" w="179" /><ent r="6" t="374" w="343" /><ent r="6" t="374" w="343" /><ent r="6" t="375" w="166" /><ent r="6" t="379" w="164" /><ent r="6" t="379" w="164" /><ent r="6" t="381" w="75" /><ent r="6" t="381" w="75" /><ent r="6" t="382" w="240" /><ent r="6" t="382" w="240" /><ent r="6" t="382" w="656" /><ent r="6" t="383" w="61" /><ent r="6" t="383" w="61" /><ent r="6" t="383" w="105" /><ent r="6" t="383" w="105" /><ent r="6" t="384" w="112" /><ent r="6" t="384" w="112" /><ent r="6" t="384" w="156" /><ent r="6" t="384" w="156" /><ent r="6" t="385" w="40" /><ent r="6" t="385" w="40" /><ent r="6" t="386" w="98" /><ent r="6" t="386" w="98" /><ent r="6" t="387" w="76" /><ent r="6" t="387" w="76" /><ent r="6" t="388" w="58" /><ent r="6" t="388" w="58" /><ent r="6" t="388" w="122" /><ent r="8" t="388" w="147" /><ent r="4" t="388" w="270" /><ent r="3" t="388" w="766" /><ent r="3" t="388" w="766" /><ent r="6" t="389" w="75" /><ent r="6" t="389" w="75" /><ent r="6" t="391" w="120" /><ent r="6" t="391" w="120" /><ent r="6" t="391" w="350" /><ent r="6" t="391" w="350" /><ent r="7" t="396" w="37" /><ent r="7" t="396" w="37" /><ent r="5" t="398" w="860" /><ent r="5" t="398" w="860" /><ent r="5" t="398" w="1388" /><ent r="5" t="398" w="1388" /><ent r="5" t="398" w="2059" /><ent r="5" t="398" w="2059" /><ent r="5" t="398" w="2264" /><ent r="5" t="398" w="2264" /><ent r="3" t="398" w="2712" /><ent r="3" t="398" w="2712" /><ent r="7" t="440" w="61" /><ent r="7" t="440" w="61" /></phr></stem><stem n="hexadecim"><phr n="Hexadecimal"><ent r="6" t="324" w="63" /><ent r="6" t="324" w="63" /></phr><phr n="hexadecimal"><ent r="3" t="386" w="33" /><ent r="3" t="386" w="33" /><ent r="3" t="393" w="146" /><ent r="3" t="393" w="146" /></phr></stem><stem n="sum"><phr n="Sum"><ent r="6" t="324" w="109" /><ent r="6" t="324" w="109" /></phr><phr n="sum"><ent r="7" t="446" w="130" /><ent r="7" t="446" w="130" /></phr></stem><stem n="modulo"><phr n="modulo"><ent r="6" t="324" w="120" /><ent r="6" t="324" w="120" /><ent r="7" t="396" w="235" /><ent r="7" t="396" w="235" /><ent r="7" t="452" w="205" /><ent r="7" t="452" w="205" /></phr></stem><stem n="256"><phr n="256"><ent r="6" t="324" w="121" /><ent r="6" t="324" w="121" /><ent r="7" t="396" w="236" /><ent r="7" t="396" w="236" /><ent r="3" t="399" w="3947" /><ent r="7" t="452" w="206" /></phr></stem><stem n="summat"><phr n="summation"><ent r="6" t="324" w="123" /><ent r="6" t="324" w="123" /></phr></stem><stem n="etx"><phr n="ETX"><ent r="6" t="324" w="129" /><ent r="6" t="324" w="129" /><ent r="6" t="331" w="129" /><ent r="6" t="331" w="129" /><ent r="6" t="332" w="125" /><ent r="6" t="332" w="467" /><ent r="6" t="332" w="467" /><ent r="6" t="333" w="136" /><ent r="6" t="333" w="172" /><ent r="6" t="333" w="172" /><ent r="6" t="334" w="144" /><ent r="6" t="334" w="399" /><ent r="6" t="334" w="399" /><ent r="6" t="335" w="453" /><ent r="6" t="335" w="453" /><ent r="6" t="336" w="154" /><ent r="6" t="336" w="345" /><ent r="6" t="336" w="345" /><ent r="6" t="347" w="409" /><ent r="6" t="347" w="409" /><ent r="6" t="348" w="772" /><ent r="6" t="348" w="772" /><ent r="6" t="360" w="316" /><ent r="6" t="360" w="316" /><ent r="6" t="379" w="267" /><ent r="6" t="379" w="267" /><ent r="6" t="381" w="144" /><ent r="6" t="381" w="144" /><ent r="6" t="382" w="582" /><ent r="6" t="382" w="582" /><ent r="6" t="383" w="157" /><ent r="6" t="383" w="157" /><ent r="6" t="384" w="208" /><ent r="6" t="384" w="208" /><ent r="6" t="385" w="127" /><ent r="6" t="385" w="127" /><ent r="6" t="386" w="162" /><ent r="6" t="386" w="162" /><ent r="6" t="387" w="163" /><ent r="6" t="387" w="163" /><ent r="6" t="388" w="201" /><ent r="6" t="388" w="201" /><ent r="6" t="389" w="143" /><ent r="6" t="389" w="143" /><ent r="6" t="390" w="535" /><ent r="6" t="390" w="535" /><ent r="6" t="391" w="269" /><ent r="6" t="391" w="269" /><ent r="7" t="396" w="242" /><ent r="7" t="396" w="242" /><ent r="3" t="399" w="4008" /></phr></stem><stem n="divid"><phr n="divided"><ent r="3" t="326" w="25" /><ent r="3" t="326" w="25" /><ent r="3" t="359" w="398" /><ent r="3" t="359" w="398" /><ent r="3" t="382" w="127" /><ent r="3" t="382" w="127" /><ent r="7" t="446" w="138" /><ent r="7" t="446" w="138" /></phr><phr n="dividing"><ent r="5" t="329" w="267" /><ent r="5" t="329" w="267" /></phr><phr n="divide"><ent r="3" t="353" w="53" /><ent r="3" t="353" w="53" /></phr></stem><stem n="repli"><phr n="replies"><ent r="4" t="326" w="36" /><ent r="4" t="326" w="36" /><ent r="4" t="335" w="595" /><ent r="4" t="335" w="595" /><ent r="4" t="335" w="614" /><ent r="4" t="335" w="614" /><ent r="6" t="335" w="707" /><ent r="6" t="335" w="707" /></phr><phr n="reply"><ent r="3" t="326" w="74" /><ent r="3" t="326" w="74" /><ent r="3" t="335" w="51" /><ent r="3" t="335" w="51" /><ent r="3" t="335" w="817" /><ent r="3" t="335" w="817" /><ent r="3" t="347" w="80" /><ent r="3" t="347" w="80" /><ent r="3" t="348" w="143" /><ent r="6" t="348" w="477" /><ent r="6" t="348" w="477" /><ent r="6" t="348" w="485" /><ent r="6" t="348" w="503" /><ent r="6" t="348" w="503" /><ent r="6" t="348" w="511" /></phr><phr n="Reply"><ent r="6" t="348" w="455" /><ent r="6" t="348" w="455" /><ent r="6" t="348" w="464" /><ent r="6" t="348" w="464" /><ent r="3" t="401" w="500" /><ent r="3" t="401" w="500" /><ent r="3" t="401" w="562" /><ent r="3" t="401" w="562" /></phr></stem></index>