<?xml version="1.0" encoding="utf-8"?><index><!-- saved from url=(0016)http://localhost -->
<stem n="icd-200"><phr n="ICD-200"><ent r="3" t="338" w="77" /><ent r="3" t="338" w="77" /><ent r="3" t="338" w="101" /><ent r="3" t="338" w="101" /><ent r="6" t="338" w="141" /><ent r="6" t="338" w="141" /><ent r="6" t="338" w="157" /><ent r="6" t="338" w="157" /><ent r="6" t="338" w="168" /><ent r="6" t="338" w="168" /><ent r="6" t="338" w="179" /><ent r="6" t="338" w="179" /><ent r="6" t="338" w="191" /><ent r="6" t="338" w="191" /><ent r="6" t="338" w="203" /><ent r="6" t="338" w="203" /><ent r="6" t="338" w="215" /><ent r="6" t="338" w="215" /><ent r="6" t="338" w="227" /><ent r="6" t="338" w="227" /><ent r="6" t="338" w="239" /><ent r="6" t="338" w="239" /><ent r="6" t="338" w="251" /><ent r="6" t="338" w="251" /><ent r="6" t="338" w="263" /><ent r="6" t="338" w="263" /><ent r="6" t="338" w="275" /><ent r="6" t="338" w="275" /><ent r="6" t="338" w="288" /><ent r="6" t="338" w="288" /><ent r="6" t="338" w="302" /><ent r="6" t="338" w="302" /><ent r="6" t="338" w="330" /><ent r="6" t="338" w="330" /><ent r="6" t="338" w="359" /><ent r="6" t="338" w="359" /><ent r="6" t="338" w="389" /><ent r="6" t="338" w="389" /><ent r="6" t="338" w="419" /><ent r="6" t="338" w="419" /><ent r="6" t="338" w="431" /><ent r="6" t="338" w="431" /><ent r="6" t="338" w="443" /><ent r="6" t="338" w="443" /><ent r="6" t="338" w="456" /><ent r="6" t="338" w="456" /><ent r="6" t="338" w="469" /><ent r="6" t="338" w="469" /><ent r="6" t="338" w="482" /><ent r="6" t="338" w="482" /><ent r="3" t="339" w="70" /><ent r="6" t="339" w="136" /><ent r="6" t="339" w="136" /><ent r="6" t="339" w="158" /><ent r="6" t="339" w="158" /><ent r="6" t="339" w="171" /><ent r="6" t="339" w="171" /><ent r="6" t="339" w="183" /><ent r="6" t="339" w="183" /><ent r="6" t="339" w="195" /><ent r="6" t="339" w="195" /><ent r="6" t="339" w="207" /><ent r="6" t="339" w="207" /><ent r="6" t="339" w="219" /><ent r="6" t="339" w="219" /><ent r="6" t="339" w="231" /><ent r="6" t="339" w="231" /><ent r="6" t="339" w="243" /><ent r="6" t="339" w="243" /><ent r="6" t="339" w="255" /><ent r="6" t="339" w="255" /><ent r="6" t="339" w="267" /><ent r="6" t="339" w="267" /><ent r="3" t="340" w="57" /><ent r="3" t="341" w="58" /><ent r="3" t="341" w="58" /><ent r="6" t="341" w="132" /><ent r="6" t="341" w="132" /><ent r="6" t="341" w="145" /><ent r="6" t="341" w="145" /><ent r="6" t="341" w="158" /><ent r="6" t="341" w="158" /><ent r="6" t="341" w="171" /><ent r="6" t="341" w="171" /><ent r="6" t="341" w="184" /><ent r="6" t="341" w="184" /><ent r="6" t="341" w="197" /><ent r="6" t="341" w="197" /><ent r="6" t="341" w="210" /><ent r="6" t="341" w="210" /><ent r="6" t="341" w="223" /><ent r="6" t="341" w="223" /><ent r="6" t="341" w="238" /><ent r="6" t="341" w="238" /><ent r="6" t="341" w="250" /><ent r="6" t="341" w="250" /><ent r="6" t="341" w="262" /><ent r="6" t="341" w="262" /><ent r="6" t="341" w="274" /><ent r="6" t="341" w="274" /><ent r="6" t="341" w="286" /><ent r="6" t="341" w="286" /><ent r="6" t="341" w="298" /><ent r="6" t="341" w="298" /><ent r="6" t="341" w="309" /><ent r="6" t="341" w="309" /><ent r="6" t="341" w="320" /><ent r="6" t="341" w="320" /><ent r="6" t="341" w="331" /><ent r="6" t="341" w="331" /><ent r="6" t="341" w="343" /><ent r="6" t="341" w="343" /><ent r="3" t="346" w="78" /><ent r="3" t="346" w="78" /><ent r="3" t="346" w="102" /><ent r="3" t="346" w="102" /></phr></stem><stem n="cuc"><phr n="CUC"><ent r="3" t="338" w="81" /><ent r="6" t="338" w="308" /><ent r="6" t="338" w="308" /><ent r="6" t="344" w="217" /><ent r="3" t="345" w="84" /><ent r="6" t="345" w="277" /><ent r="3" t="346" w="82" /><ent r="6" t="346" w="243" /><ent r="6" t="346" w="243" /></phr></stem><stem n="cu"><phr n="CUS"><ent r="3" t="338" w="82" /><ent r="6" t="338" w="336" /><ent r="6" t="338" w="336" /><ent r="6" t="344" w="253" /><ent r="3" t="345" w="85" /><ent r="6" t="345" w="302" /><ent r="3" t="346" w="83" /><ent r="6" t="346" w="267" /><ent r="6" t="346" w="267" /></phr></stem><stem n="ci"><phr n="CIS"><ent r="3" t="338" w="83" /><ent r="6" t="338" w="395" /><ent r="6" t="338" w="395" /><ent r="6" t="344" w="327" /><ent r="3" t="345" w="86" /><ent r="6" t="345" w="354" /><ent r="3" t="346" w="84" /><ent r="6" t="346" w="318" /><ent r="6" t="346" w="318" /></phr></stem><stem n="cic"><phr n="CIC"><ent r="3" t="338" w="85" /><ent r="6" t="338" w="365" /><ent r="6" t="338" w="365" /><ent r="6" t="344" w="290" /><ent r="3" t="345" w="88" /><ent r="6" t="345" w="327" /><ent r="3" t="346" w="86" /><ent r="6" t="346" w="292" /><ent r="6" t="346" w="292" /></phr></stem><stem n="multipli"><phr n="multiplied"><ent r="3" t="338" w="90" /><ent r="3" t="338" w="90" /><ent r="3" t="345" w="93" /><ent r="3" t="345" w="93" /><ent r="3" t="346" w="91" /><ent r="3" t="346" w="91" /><ent r="7" t="431" w="665" /><ent r="7" t="431" w="665" /><ent r="7" t="431" w="733" /><ent r="7" t="431" w="733" /><ent r="7" t="431" w="802" /><ent r="7" t="431" w="802" /><ent r="7" t="443" w="647" /><ent r="7" t="443" w="647" /><ent r="7" t="443" w="722" /><ent r="7" t="443" w="722" /><ent r="7" t="443" w="808" /><ent r="7" t="443" w="808" /><ent r="7" t="443" w="836" /><ent r="7" t="443" w="836" /><ent r="7" t="451" w="261" /><ent r="7" t="451" w="261" /><ent r="7" t="451" w="304" /><ent r="7" t="451" w="304" /></phr><phr n="Multiply"><ent r="6" t="338" w="313" /><ent r="6" t="338" w="313" /><ent r="6" t="338" w="341" /><ent r="6" t="338" w="341" /><ent r="6" t="338" w="370" /><ent r="6" t="338" w="370" /><ent r="6" t="338" w="400" /><ent r="6" t="338" w="400" /><ent r="6" t="345" w="283" /><ent r="6" t="345" w="283" /><ent r="6" t="345" w="308" /><ent r="6" t="345" w="308" /><ent r="6" t="345" w="333" /><ent r="6" t="345" w="333" /><ent r="6" t="345" w="360" /><ent r="6" t="345" w="360" /><ent r="6" t="346" w="248" /><ent r="6" t="346" w="248" /><ent r="6" t="346" w="272" /><ent r="6" t="346" w="272" /><ent r="6" t="346" w="297" /><ent r="6" t="346" w="297" /><ent r="6" t="346" w="323" /><ent r="6" t="346" w="323" /></phr><phr n="multiply"><ent r="6" t="344" w="233" /><ent r="6" t="344" w="233" /><ent r="6" t="344" w="269" /><ent r="6" t="344" w="269" /><ent r="6" t="344" w="306" /><ent r="6" t="344" w="306" /><ent r="6" t="344" w="343" /><ent r="6" t="344" w="343" /></phr></stem><stem n="π"><phr n="π"><ent r="3" t="338" w="92" /><ent r="3" t="338" w="92" /><ent r="6" t="338" w="315" /><ent r="6" t="338" w="315" /><ent r="6" t="338" w="343" /><ent r="6" t="338" w="343" /><ent r="6" t="338" w="372" /><ent r="6" t="338" w="372" /><ent r="6" t="338" w="402" /><ent r="6" t="338" w="402" /><ent r="6" t="344" w="235" /><ent r="6" t="344" w="235" /><ent r="6" t="344" w="271" /><ent r="6" t="344" w="271" /><ent r="6" t="344" w="308" /><ent r="6" t="344" w="308" /><ent r="6" t="344" w="345" /><ent r="6" t="344" w="345" /><ent r="6" t="345" w="285" /><ent r="6" t="345" w="285" /><ent r="6" t="345" w="310" /><ent r="6" t="345" w="310" /><ent r="6" t="345" w="335" /><ent r="6" t="345" w="335" /><ent r="6" t="345" w="362" /><ent r="6" t="345" w="362" /><ent r="3" t="346" w="93" /><ent r="3" t="346" w="93" /><ent r="6" t="346" w="250" /><ent r="6" t="346" w="250" /><ent r="6" t="346" w="274" /><ent r="6" t="346" w="274" /><ent r="6" t="346" w="299" /><ent r="6" t="346" w="299" /><ent r="6" t="346" w="325" /><ent r="6" t="346" w="325" /><ent r="6" t="365" w="163" /><ent r="6" t="365" w="182" /></phr></stem><stem n="iodc"><phr n="IODC"><ent r="6" t="338" w="151" /><ent r="6" t="338" w="151" /><ent r="6" t="345" w="172" /><ent r="6" t="345" w="172" /><ent r="6" t="346" w="138" /><ent r="6" t="346" w="138" /></phr></stem><stem n="tow"><phr n="TOW"><ent r="6" t="338" w="185" /><ent r="6" t="338" w="185" /><ent r="6" t="344" w="147" /><ent r="6" t="344" w="147" /><ent r="6" t="345" w="194" /><ent r="6" t="345" w="194" /><ent r="6" t="346" w="160" /><ent r="6" t="346" w="160" /></phr></stem><stem n="toc"><phr n="TOC"><ent r="6" t="338" w="197" /><ent r="6" t="338" w="197" /><ent r="6" t="344" w="428" /><ent r="6" t="344" w="428" /><ent r="6" t="344" w="500" /><ent r="6" t="345" w="202" /><ent r="6" t="345" w="202" /><ent r="6" t="346" w="168" /><ent r="6" t="346" w="168" /></phr></stem><stem n="toe"><phr n="TOE"><ent r="6" t="338" w="209" /><ent r="6" t="338" w="209" /><ent r="6" t="344" w="173" /><ent r="6" t="344" w="173" /><ent r="6" t="345" w="210" /><ent r="6" t="345" w="210" /><ent r="6" t="346" w="176" /><ent r="6" t="346" w="176" /></phr></stem><stem n="tgd"><phr n="TGD"><ent r="6" t="338" w="221" /><ent r="6" t="338" w="221" /><ent r="6" t="345" w="218" /><ent r="6" t="345" w="218" /><ent r="6" t="346" w="184" /><ent r="6" t="346" w="184" /></phr></stem><stem n="af2"><phr n="AF2"><ent r="6" t="338" w="233" /><ent r="6" t="338" w="233" /><ent r="6" t="344" w="469" /><ent r="6" t="344" w="469" /><ent r="6" t="345" w="226" /><ent r="6" t="345" w="226" /><ent r="6" t="346" w="192" /><ent r="6" t="346" w="192" /></phr></stem><stem n="af1"><phr n="AF1"><ent r="6" t="338" w="245" /><ent r="6" t="338" w="245" /><ent r="6" t="344" w="458" /><ent r="6" t="344" w="458" /><ent r="6" t="345" w="234" /><ent r="6" t="345" w="234" /><ent r="6" t="346" w="200" /><ent r="6" t="346" w="200" /></phr></stem><stem n="af0"><phr n="AF0"><ent r="6" t="338" w="257" /><ent r="6" t="338" w="257" /><ent r="6" t="344" w="448" /><ent r="6" t="344" w="448" /><ent r="6" t="344" w="501" /><ent r="6" t="345" w="242" /><ent r="6" t="345" w="242" /><ent r="6" t="346" w="208" /><ent r="6" t="346" w="208" /></phr></stem><stem n="cr"><phr n="CRS"><ent r="6" t="338" w="269" /><ent r="6" t="338" w="269" /><ent r="6" t="344" w="183" /><ent r="6" t="344" w="183" /><ent r="6" t="345" w="250" /><ent r="6" t="345" w="250" /><ent r="6" t="346" w="216" /><ent r="6" t="346" w="216" /></phr></stem><stem n="87"><phr n="87"><ent r="6" t="338" w="306" /><ent r="6" t="338" w="306" /><ent r="6" t="346" w="241" /><ent r="6" t="346" w="241" /><ent r="6" t="365" w="541" /><ent r="6" t="365" w="541" /><ent r="4" t="482" w="336" /><ent r="4" t="482" w="336" /></phr></stem><stem n="88"><phr n="88"><ent r="6" t="338" w="321" /><ent r="6" t="339" w="289" /><ent r="6" t="343" w="595" /><ent r="6" t="343" w="595" /><ent r="6" t="346" w="256" /><ent r="6" t="365" w="288" /><ent r="6" t="365" w="555" /><ent r="6" t="365" w="555" /><ent r="3" t="480" w="53" /><ent r="3" t="496" w="57" /></phr></stem><stem n="eccentr"><phr n="ECCENTRICITY"><ent r="6" t="338" w="324" /><ent r="6" t="338" w="324" /><ent r="6" t="342" w="128" /><ent r="6" t="342" w="128" /><ent r="6" t="344" w="243" /><ent r="6" t="344" w="243" /><ent r="6" t="345" w="294" /><ent r="6" t="345" w="294" /><ent r="6" t="346" w="259" /><ent r="6" t="346" w="259" /></phr></stem><stem n="96"><phr n="96"><ent r="6" t="338" w="333" /><ent r="6" t="343" w="605" /><ent r="6" t="343" w="605" /><ent r="6" t="346" w="264" /><ent r="3" t="473" w="157" /></phr></stem><stem n="103"><phr n="103"><ent r="6" t="338" w="334" /><ent r="6" t="338" w="334" /><ent r="6" t="346" w="265" /><ent r="6" t="346" w="265" /></phr></stem><stem n="sqrt"><phr n="SQRT"><ent r="6" t="338" w="352" /><ent r="6" t="338" w="352" /><ent r="6" t="346" w="283" /><ent r="6" t="346" w="283" /></phr><phr n="Sqrt"><ent r="6" t="344" w="284" /><ent r="6" t="344" w="284" /></phr></stem><stem n="112"><phr n="112"><ent r="6" t="338" w="362" /><ent r="6" t="343" w="629" /><ent r="6" t="343" w="629" /><ent r="6" t="346" w="289" /><ent r="3" t="482" w="177" /></phr></stem><stem n="119"><phr n="119"><ent r="6" t="338" w="363" /><ent r="6" t="338" w="363" /><ent r="6" t="341" w="312" /><ent r="6" t="341" w="312" /><ent r="6" t="346" w="290" /><ent r="6" t="346" w="290" /></phr></stem><stem n="omega"><phr n="OMEGA"><ent r="6" t="338" w="381" /><ent r="6" t="338" w="381" /><ent r="6" t="338" w="437" /><ent r="6" t="338" w="437" /><ent r="6" t="338" w="449" /><ent r="6" t="338" w="449" /><ent r="6" t="339" w="237" /><ent r="6" t="339" w="237" /><ent r="6" t="340" w="176" /><ent r="6" t="340" w="176" /><ent r="6" t="344" w="374" /><ent r="6" t="344" w="374" /><ent r="6" t="345" w="389" /><ent r="6" t="345" w="389" /><ent r="6" t="346" w="308" /><ent r="6" t="346" w="308" /><ent r="6" t="346" w="352" /><ent r="6" t="346" w="352" /><ent r="6" t="346" w="360" /><ent r="6" t="346" w="360" /></phr></stem><stem n="135"><phr n="135"><ent r="6" t="338" w="393" /><ent r="6" t="338" w="393" /><ent r="6" t="346" w="316" /><ent r="6" t="346" w="316" /><ent r="6" t="371" w="515" /><ent r="6" t="371" w="515" /></phr></stem><stem n="136"><phr n="136"><ent r="6" t="338" w="408" /><ent r="6" t="343" w="695" /><ent r="6" t="343" w="695" /><ent r="6" t="346" w="331" /><ent r="6" t="371" w="523" /><ent r="6" t="371" w="523" /></phr></stem><stem n="143"><phr n="143"><ent r="6" t="338" w="409" /><ent r="6" t="338" w="409" /><ent r="6" t="346" w="332" /><ent r="6" t="346" w="332" /><ent r="6" t="371" w="566" /><ent r="6" t="371" w="566" /></phr></stem><stem n="crc"><phr n="CRC"><ent r="6" t="338" w="425" /><ent r="6" t="338" w="425" /><ent r="6" t="344" w="364" /><ent r="6" t="344" w="364" /><ent r="6" t="345" w="381" /><ent r="6" t="345" w="381" /><ent r="6" t="346" w="344" /><ent r="6" t="346" w="344" /></phr></stem><stem n="159"><phr n="159"><ent r="6" t="338" w="435" /><ent r="6" t="338" w="435" /><ent r="6" t="346" w="350" /><ent r="6" t="346" w="350" /></phr></stem><stem n="160"><phr n="160"><ent r="6" t="338" w="446" /><ent r="6" t="346" w="357" /></phr></stem><stem n="175"><phr n="175"><ent r="6" t="338" w="460" /><ent r="6" t="338" w="460" /><ent r="6" t="346" w="367" /><ent r="6" t="346" w="367" /></phr></stem><stem n="179"><phr n="179"><ent r="6" t="338" w="473" /><ent r="6" t="338" w="473" /><ent r="6" t="344" w="505" /><ent r="6" t="346" w="376" /><ent r="6" t="346" w="376" /><ent r="3" t="482" w="179" /></phr></stem><stem n="32-bit"><phr n="32-bit"><ent r="3" t="338" w="496" /><ent r="3" t="338" w="496" /><ent r="3" t="345" w="433" /><ent r="3" t="345" w="433" /><ent r="3" t="346" w="395" /><ent r="3" t="346" w="395" /></phr></stem><stem n="wors"><phr n="worse"><ent r="6" t="338" w="613" /><ent r="6" t="338" w="613" /><ent r="6" t="345" w="616" /><ent r="6" t="345" w="616" /><ent r="6" t="346" w="512" /><ent r="6" t="346" w="512" /></phr></stem><stem n="momentum"><phr n="Momentum"><ent r="6" t="338" w="618" /><ent r="6" t="338" w="618" /><ent r="6" t="345" w="621" /><ent r="6" t="345" w="621" /><ent r="6" t="346" w="517" /><ent r="6" t="346" w="517" /></phr></stem><stem n="seven"><phr n="seven"><ent r="3" t="339" w="45" /><ent r="3" t="339" w="45" /></phr></stem><stem n="twelv"><phr n="twelve"><ent r="3" t="339" w="50" /><ent r="3" t="339" w="50" /></phr></stem><stem n="alm"><phr n="ALM"><ent r="6" t="339" w="127" /><ent r="6" t="339" w="127" /><ent r="6" t="339" w="260" /><ent r="6" t="339" w="260" /><ent r="6" t="339" w="306" /><ent r="6" t="339" w="326" /><ent r="6" t="339" w="326" /><ent r="6" t="340" w="98" /><ent r="6" t="340" w="98" /><ent r="6" t="340" w="192" /><ent r="6" t="340" w="192" /><ent r="6" t="340" w="251" /></phr></stem><stem n="awn"><phr n="AWN"><ent r="6" t="339" w="152" /><ent r="6" t="339" w="152" /><ent r="6" t="340" w="119" /><ent r="6" t="340" w="119" /></phr></stem><stem n="toa"><phr n="TOA"><ent r="6" t="339" w="164" /><ent r="6" t="339" w="164" /><ent r="6" t="340" w="127" /><ent r="6" t="340" w="127" /></phr></stem><stem n="sqrta"><phr n="SQRTA"><ent r="6" t="339" w="177" /><ent r="6" t="339" w="177" /><ent r="6" t="340" w="136" /><ent r="6" t="340" w="136" /><ent r="6" t="344" w="279" /><ent r="6" t="344" w="279" /><ent r="6" t="345" w="319" /><ent r="6" t="345" w="319" /></phr></stem><stem n="eccent"><phr n="ECCENT"><ent r="6" t="339" w="189" /><ent r="6" t="339" w="189" /><ent r="6" t="340" w="144" /><ent r="6" t="340" w="144" /></phr></stem><stem n="isubo"><phr n="ISUBO"><ent r="6" t="339" w="201" /><ent r="6" t="339" w="201" /><ent r="6" t="340" w="152" /><ent r="6" t="340" w="152" /></phr></stem><stem n="omegadot"><phr n="OMEGADOT"><ent r="6" t="339" w="213" /><ent r="6" t="339" w="213" /><ent r="6" t="340" w="160" /><ent r="6" t="340" w="160" /><ent r="6" t="344" w="385" /><ent r="6" t="344" w="385" /><ent r="6" t="345" w="397" /><ent r="6" t="345" w="397" /></phr></stem><stem n="omegsubo"><phr n="OMEGSUBO"><ent r="6" t="339" w="225" /><ent r="6" t="339" w="225" /><ent r="6" t="340" w="168" /><ent r="6" t="340" w="168" /></phr></stem><stem n="msubo"><phr n="MSUBO"><ent r="6" t="339" w="249" /><ent r="6" t="339" w="249" /><ent r="6" t="340" w="184" /><ent r="6" t="340" w="184" /></phr></stem><stem n="asubf0"><phr n="ASUBF0"><ent r="6" t="339" w="273" /><ent r="6" t="339" w="273" /><ent r="6" t="340" w="236" /><ent r="6" t="340" w="236" /></phr></stem><stem n="81"><phr n="81"><ent r="6" t="339" w="288" /><ent r="6" t="340" w="234" /><ent r="6" t="343" w="594" /><ent r="6" t="345" w="265" /><ent r="6" t="345" w="265" /><ent r="6" t="365" w="457" /><ent r="6" t="365" w="457" /><ent r="4" t="390" w="1045" /><ent r="3" t="473" w="152" /><ent r="3" t="480" w="51" /><ent r="3" t="482" w="145" /></phr></stem><stem n="asubf1"><phr n="ASUBF1"><ent r="6" t="339" w="291" /><ent r="6" t="339" w="291" /><ent r="6" t="340" w="244" /><ent r="6" t="340" w="244" /></phr></stem><stem n="alm-src"><phr n="ALM-SRC"><ent r="6" t="339" w="306" /><ent r="6" t="339" w="306" /><ent r="6" t="340" w="251" /><ent r="6" t="340" w="251" /></phr></stem><stem n="twenty-two"><phr n="twenty-two"><ent r="3" t="340" w="43" /><ent r="3" t="340" w="43" /><ent r="5" t="427" w="411" /><ent r="5" t="427" w="411" /></phr></stem><stem n="msb"><phr n="MSB"><ent r="7" t="340" w="200" /></phr><phr n="msb"><ent r="6" t="372" w="1744" /><ent r="6" t="372" w="1826" /></phr></stem><stem n="7-3"><phr n="7-3"><ent r="7" t="340" w="216" /></phr></stem><stem n="beta"><phr n="BETA"><ent r="6" t="341" w="177" /><ent r="6" t="341" w="177" /><ent r="6" t="341" w="190" /><ent r="6" t="341" w="190" /><ent r="6" t="341" w="203" /><ent r="6" t="341" w="203" /><ent r="6" t="341" w="216" /><ent r="6" t="341" w="216" /></phr></stem><stem n="asub0"><phr n="ASUB0"><ent r="6" t="341" w="232" /><ent r="6" t="341" w="232" /></phr></stem><stem n="asub1"><phr n="ASUB1"><ent r="6" t="341" w="244" /><ent r="6" t="341" w="244" /></phr></stem><stem n="86"><phr n="86"><ent r="6" t="341" w="253" /><ent r="6" t="365" w="527" /><ent r="6" t="365" w="527" /><ent r="6" t="373" w="224" /><ent r="6" t="373" w="224" /><ent r="6" t="377" w="250" /><ent r="6" t="377" w="250" /></phr></stem><stem n="93"><phr n="93"><ent r="6" t="341" w="254" /><ent r="6" t="341" w="254" /></phr></stem><stem n="tsub0t"><phr n="TSUB0T"><ent r="6" t="341" w="256" /><ent r="6" t="341" w="256" /></phr></stem><stem n="94"><phr n="94"><ent r="6" t="341" w="265" /><ent r="4" t="390" w="599" /><ent r="5" t="398" w="1215" /><ent r="5" t="398" w="1215" /><ent r="5" t="398" w="1234" /><ent r="5" t="398" w="1234" /><ent r="5" t="398" w="1882" /><ent r="5" t="398" w="1882" /><ent r="5" t="398" w="1901" /><ent r="5" t="398" w="1901" /><ent r="3" t="398" w="2607" /><ent r="3" t="398" w="2607" /><ent r="3" t="398" w="2672" /><ent r="3" t="398" w="2672" /><ent r="3" t="398" w="3045" /><ent r="3" t="398" w="3067" /></phr></stem><stem n="101"><phr n="101"><ent r="6" t="341" w="266" /><ent r="6" t="341" w="266" /></phr></stem><stem n="deltatl"><phr n="DELTATLS"><ent r="6" t="341" w="268" /><ent r="6" t="341" w="268" /></phr></stem><stem n="102"><phr n="102"><ent r="6" t="341" w="277" /></phr></stem><stem n="109"><phr n="109"><ent r="6" t="341" w="278" /><ent r="6" t="341" w="278" /></phr></stem><stem n="deltatlsf"><phr n="DELTATLSF"><ent r="6" t="341" w="280" /><ent r="6" t="341" w="280" /></phr></stem><stem n="iontim"><phr n="IONTIME"><ent r="6" t="341" w="292" /><ent r="6" t="341" w="292" /></phr></stem><stem n="118"><phr n="118"><ent r="6" t="341" w="301" /><ent r="6" t="341" w="301" /></phr></stem><stem n="wnsubt"><phr n="WNSUBT"><ent r="6" t="341" w="303" /><ent r="6" t="341" w="303" /></phr></stem><stem n="wnsublsf"><phr n="WNSUBLSF"><ent r="6" t="341" w="314" /><ent r="6" t="341" w="314" /></phr></stem><stem n="126"><phr n="126"><ent r="6" t="341" w="335" /><ent r="6" t="341" w="335" /><ent r="6" t="371" w="461" /><ent r="6" t="371" w="461" /></phr></stem><stem n="eight"><phr n="eight"><ent r="3" t="342" w="46" /><ent r="3" t="342" w="46" /><ent r="6" t="364" w="181" /><ent r="6" t="364" w="181" /><ent r="5" t="422" w="576" /><ent r="5" t="422" w="576" /><ent r="5" t="422" w="613" /><ent r="5" t="422" w="613" /></phr><phr n="Eight"><ent r="6" t="362" w="136" /><ent r="6" t="365" w="141" /></phr></stem><stem n="4-year"><phr n="4-year"><ent r="6" t="342" w="103" /><ent r="6" t="342" w="103" /></phr></stem><stem n="fdma"><phr n="FDMA"><ent r="6" t="342" w="109" /><ent r="6" t="342" w="109" /><ent r="6" t="342" w="121" /><ent r="6" t="342" w="121" /><ent r="6" t="343" w="428" /><ent r="6" t="343" w="428" /><ent r="6" t="343" w="439" /><ent r="6" t="343" w="439" /></phr></stem><stem n="-7"><phr n="-7"><ent r="6" t="342" w="115" /><ent r="6" t="343" w="433" /></phr></stem><stem n="arg"><phr n="ARG"><ent r="6" t="342" w="136" /><ent r="6" t="342" w="136" /></phr></stem><stem n="perige"><phr n="PERIGEE"><ent r="6" t="342" w="138" /><ent r="6" t="342" w="138" /></phr><phr n="Perigee"><ent r="6" t="342" w="147" /><ent r="6" t="342" w="147" /></phr></stem><stem n="radian"><phr n="radians"><ent r="6" t="342" w="143" /><ent r="6" t="342" w="143" /><ent r="6" t="342" w="206" /><ent r="6" t="342" w="206" /><ent r="6" t="344" w="231" /><ent r="6" t="344" w="238" /><ent r="6" t="344" w="267" /><ent r="6" t="344" w="274" /><ent r="6" t="344" w="304" /><ent r="6" t="344" w="311" /><ent r="6" t="344" w="341" /><ent r="6" t="344" w="348" /><ent r="6" t="351" w="105" /><ent r="6" t="351" w="105" /><ent r="6" t="351" w="124" /><ent r="6" t="351" w="124" /><ent r="5" t="398" w="521" /><ent r="5" t="398" w="527" /><ent r="5" t="432" w="38" /><ent r="5" t="432" w="62" /><ent r="7" t="432" w="225" /><ent r="7" t="432" w="225" /><ent r="7" t="432" w="240" /><ent r="7" t="432" w="240" /><ent r="7" t="432" w="266" /><ent r="7" t="432" w="266" /><ent r="6" t="432" w="318" /><ent r="6" t="432" w="318" /><ent r="6" t="432" w="339" /><ent r="6" t="432" w="339" /><ent r="7" t="432" w="360" /><ent r="7" t="432" w="360" /><ent r="7" t="432" w="382" /><ent r="7" t="432" w="382" /><ent r="7" t="432" w="406" /><ent r="7" t="432" w="406" /><ent r="7" t="432" w="430" /><ent r="7" t="432" w="430" /><ent r="7" t="433" w="146" /><ent r="7" t="433" w="146" /><ent r="7" t="433" w="153" /><ent r="7" t="433" w="167" /><ent r="7" t="433" w="167" /><ent r="7" t="433" w="174" /><ent r="5" t="440" w="28" /><ent r="5" t="440" w="28" /><ent r="7" t="440" w="90" /><ent r="7" t="440" w="90" /><ent r="7" t="440" w="105" /><ent r="7" t="440" w="105" /><ent r="5" t="441" w="32" /><ent r="5" t="441" w="32" /><ent r="7" t="441" w="110" /><ent r="7" t="441" w="110" /><ent r="7" t="441" w="118" /><ent r="7" t="441" w="118" /><ent r="7" t="441" w="129" /><ent r="7" t="441" w="129" /><ent r="7" t="441" w="137" /><ent r="7" t="441" w="137" /><ent r="7" t="447" w="221" /><ent r="7" t="447" w="221" /><ent r="7" t="447" w="231" /><ent r="7" t="447" w="241" /><ent r="7" t="447" w="241" /><ent r="7" t="447" w="251" /><ent r="5" t="455" w="36" /></phr><phr n="Radians"><ent r="6" t="351" w="192" /><ent r="6" t="351" w="192" /><ent r="6" t="351" w="208" /><ent r="6" t="351" w="208" /><ent r="6" t="365" w="156" /><ent r="6" t="365" w="156" /><ent r="6" t="365" w="175" /><ent r="6" t="365" w="175" /><ent r="7" t="455" w="152" /><ent r="7" t="455" w="152" /></phr></stem><stem n="argument"><phr n="Argument"><ent r="6" t="342" w="145" /><ent r="6" t="342" w="145" /></phr></stem><stem n="ascend"><phr n="ASCENDING"><ent r="6" t="342" w="175" /><ent r="6" t="342" w="175" /><ent r="6" t="342" w="192" /><ent r="6" t="342" w="192" /></phr><phr n="ascending"><ent r="6" t="342" w="185" /><ent r="6" t="342" w="185" /></phr></stem><stem n="node"><phr n="NODE"><ent r="6" t="342" w="176" /><ent r="6" t="342" w="176" /><ent r="6" t="342" w="193" /><ent r="6" t="342" w="193" /><ent r="6" t="365" w="116" /><ent r="6" t="365" w="116" /></phr><phr n="node"><ent r="6" t="342" w="186" /><ent r="6" t="342" w="186" /><ent r="69" t="360" w="228" /><ent r="69" t="360" w="228" /></phr><phr n="Node"><ent r="6" t="373" w="69" /><ent r="6" t="373" w="69" /><ent r="5" t="398" w="493" /><ent r="5" t="398" w="507" /><ent r="5" t="398" w="507" /></phr></stem><stem n="a0"><phr n="A0"><ent r="6" t="342" w="215" /><ent r="6" t="342" w="215" /><ent r="6" t="343" w="631" /><ent r="6" t="343" w="631" /><ent r="6" t="343" w="650" /><ent r="6" t="343" w="650" /></phr></stem><stem n="nine"><phr n="nine"><ent r="3" t="343" w="44" /><ent r="3" t="343" w="44" /></phr></stem><stem n="eph"><phr n="EPH"><ent r="6" t="343" w="104" /><ent r="6" t="343" w="104" /><ent r="6" t="343" w="126" /><ent r="6" t="343" w="126" /><ent r="6" t="343" w="150" /><ent r="6" t="343" w="150" /><ent r="6" t="343" w="185" /><ent r="6" t="343" w="185" /></phr></stem><stem n="ref"><phr n="REF"><ent r="6" t="343" w="106" /><ent r="6" t="343" w="106" /><ent r="6" t="343" w="128" /><ent r="6" t="343" w="128" /><ent r="6" t="343" w="152" /><ent r="6" t="343" w="152" /><ent r="6" t="343" w="187" /><ent r="6" t="343" w="187" /><ent r="6" t="343" w="241" /><ent r="6" t="343" w="241" /></phr></stem><stem n="leap"><phr n="leap"><ent r="6" t="343" w="231" /><ent r="6" t="343" w="231" /></phr><phr n="LEAP"><ent r="6" t="343" w="267" /><ent r="6" t="343" w="267" /></phr></stem><stem n="900"><phr n="900"><ent r="6" t="343" w="258" /><ent r="6" t="343" w="258" /><ent r="6" t="372" w="2014" /><ent r="6" t="372" w="2014" /><ent r="3" t="402" w="1401" /><ent r="3" t="402" w="1401" /><ent r="3" t="402" w="1498" /><ent r="3" t="402" w="1498" /></phr></stem><stem n="tb"><phr n="tb"><ent r="6" t="343" w="260" /><ent r="6" t="343" w="260" /><ent r="8" t="343" w="325" /><ent r="6" t="343" w="670" /></phr></stem><stem n="theglonass"><phr n="theGLONASS"><ent r="6" t="343" w="262" /><ent r="6" t="343" w="262" /></phr></stem><stem n="glonass-m"><phr n="GLONASS-M"><ent r="8" t="343" w="307" /><ent r="8" t="343" w="353" /><ent r="8" t="343" w="465" /><ent r="8" t="343" w="465" /><ent r="7" t="343" w="496" /><ent r="7" t="343" w="496" /><ent r="8" t="343" w="523" /><ent r="8" t="343" w="523" /><ent r="6" t="343" w="722" /><ent r="6" t="343" w="722" /></phr></stem><stem n="p1"><phr n="P1"><ent r="8" t="343" w="315" /><ent r="8" t="343" w="315" /></phr></stem><stem n="p2"><phr n="P2"><ent r="8" t="343" w="341" /><ent r="8" t="343" w="341" /></phr></stem><stem n="p3"><phr n="P3"><ent r="8" t="343" w="345" /><ent r="8" t="343" w="345" /></phr></stem></index>