<?xml version="1.0" encoding="utf-8"?><index><!-- saved from url=(0016)http://localhost -->
<stem n="understand"><phr n="understand"><ent r="3" t="12" w="10" /><ent r="3" t="12" w="10" /><ent r="3" t="12" w="441" /><ent r="3" t="12" w="441" /><ent r="3" t="392" w="79" /><ent r="3" t="392" w="79" /></phr><phr n="Understanding"><ent r="72" t="264" w="330" /><ent r="72" t="264" w="330" /><ent r="72" t="402" w="816" /><ent r="72" t="402" w="816" /></phr></stem><stem n="apc"><phr n="APC"><ent r="3" t="12" w="14" /><ent r="5" t="244" w="202" /><ent r="5" t="244" w="213" /><ent r="5" t="244" w="213" /><ent r="5" t="244" w="220" /><ent r="5" t="244" w="220" /><ent r="5" t="244" w="289" /><ent r="5" t="244" w="289" /><ent r="5" t="244" w="296" /><ent r="5" t="244" w="296" /><ent r="5" t="245" w="325" /><ent r="5" t="245" w="336" /><ent r="5" t="245" w="336" /><ent r="5" t="245" w="343" /><ent r="5" t="245" w="343" /><ent r="54" t="263" w="221" /><ent r="54" t="263" w="272" /><ent r="54" t="264" w="234" /><ent r="54" t="264" w="301" /><ent r="7" t="266" w="176" /><ent r="7" t="266" w="184" /><ent r="7" t="266" w="184" /><ent r="5" t="398" w="766" /><ent r="5" t="398" w="782" /><ent r="5" t="398" w="1306" /><ent r="5" t="398" w="1322" /><ent r="5" t="398" w="1973" /><ent r="5" t="398" w="1989" /></phr></stem><stem n="arp"><phr n="ARP"><ent r="3" t="12" w="19" /><ent r="5" t="398" w="751" /><ent r="5" t="398" w="769" /><ent r="5" t="398" w="1291" /><ent r="5" t="398" w="1309" /><ent r="5" t="398" w="1958" /><ent r="5" t="398" w="1976" /></phr></stem><stem n="let"><phr n="let"><ent r="3" t="12" w="20" /><ent r="6" t="314" w="650" /><ent r="6" t="314" w="650" /><ent r="6" t="314" w="683" /><ent r="6" t="314" w="683" /><ent r="6" t="314" w="713" /><ent r="6" t="314" w="713" /><ent r="3" t="314" w="1349" /><ent r="3" t="314" w="1349" /><ent r="3" t="393" w="41" /><ent r="3" t="393" w="41" /></phr><phr n="lets"><ent r="3" t="13" w="174" /><ent r="3" t="13" w="174" /><ent r="3" t="44" w="174" /><ent r="3" t="44" w="174" /><ent r="3" t="69" w="326" /><ent r="3" t="69" w="326" /><ent r="3" t="95" w="237" /><ent r="3" t="95" w="237" /><ent r="3" t="124" w="284" /><ent r="3" t="124" w="284" /><ent r="3" t="147" w="174" /><ent r="3" t="147" w="174" /><ent r="3" t="172" w="174" /><ent r="3" t="172" w="174" /><ent r="3" t="198" w="174" /><ent r="3" t="198" w="174" /><ent r="3" t="297" w="155" /><ent r="3" t="297" w="155" /><ent r="3" t="315" w="148" /><ent r="3" t="315" w="148" /><ent r="3" t="463" w="284" /><ent r="3" t="463" w="284" /></phr></stem><stem n="begin"><phr n="begin"><ent r="3" t="12" w="22" /><ent r="3" t="12" w="22" /><ent r="3" t="265" w="360" /><ent r="3" t="265" w="360" /><ent r="3" t="393" w="67" /><ent r="3" t="393" w="67" /></phr><phr n="beginning"><ent r="3" t="25" w="51" /><ent r="3" t="25" w="51" /><ent r="3" t="56" w="51" /><ent r="3" t="56" w="51" /><ent r="3" t="107" w="51" /><ent r="3" t="107" w="51" /><ent r="3" t="182" w="51" /><ent r="3" t="182" w="51" /><ent r="3" t="208" w="51" /><ent r="3" t="208" w="51" /><ent r="3" t="265" w="423" /><ent r="3" t="265" w="423" /><ent r="3" t="399" w="3641" /><ent r="3" t="399" w="3641" /><ent r="7" t="445" w="340" /><ent r="7" t="445" w="340" /></phr><phr n="Begins"><ent r="3" t="304" w="342" /><ent r="3" t="304" w="342" /></phr><phr n="begins"><ent r="3" t="323" w="257" /><ent r="3" t="323" w="257" /><ent r="3" t="390" w="666" /><ent r="3" t="390" w="666" /><ent r="3" t="390" w="756" /><ent r="3" t="390" w="756" /><ent r="3" t="390" w="995" /><ent r="3" t="390" w="995" /><ent r="3" t="390" w="1085" /><ent r="3" t="390" w="1085" /><ent r="3" t="396" w="251" /><ent r="3" t="396" w="251" /><ent r="6" t="473" w="116" /><ent r="6" t="473" w="116" /><ent r="6" t="473" w="246" /><ent r="6" t="473" w="246" /><ent r="7" t="474" w="163" /><ent r="7" t="474" w="163" /><ent r="7" t="475" w="312" /><ent r="7" t="475" w="312" /><ent r="7" t="476" w="131" /><ent r="7" t="476" w="131" /><ent r="7" t="477" w="589" /><ent r="7" t="477" w="589" /><ent r="7" t="480" w="151" /><ent r="7" t="480" w="151" /><ent r="7" t="481" w="185" /><ent r="7" t="481" w="185" /><ent r="7" t="482" w="314" /><ent r="7" t="482" w="314" /><ent r="7" t="483" w="89" /><ent r="7" t="483" w="89" /><ent r="7" t="486" w="226" /><ent r="7" t="486" w="226" /><ent r="7" t="487" w="285" /><ent r="7" t="487" w="285" /><ent r="7" t="489" w="328" /><ent r="7" t="489" w="328" /><ent r="7" t="490" w="263" /><ent r="7" t="490" w="263" /><ent r="7" t="491" w="77" /><ent r="7" t="491" w="77" /><ent r="7" t="492" w="228" /><ent r="7" t="492" w="228" /><ent r="7" t="493" w="244" /><ent r="7" t="493" w="244" /><ent r="7" t="494" w="139" /><ent r="7" t="494" w="139" /><ent r="7" t="495" w="101" /><ent r="7" t="495" w="101" /><ent r="7" t="496" w="183" /><ent r="7" t="496" w="183" /><ent r="7" t="497" w="117" /><ent r="7" t="497" w="117" /></phr><phr n="Begin"><ent r="7" t="324" w="38" /><ent r="7" t="324" w="38" /><ent r="7" t="324" w="85" /><ent r="7" t="324" w="85" /><ent r="7" t="324" w="99" /><ent r="7" t="324" w="99" /><ent r="7" t="349" w="174" /><ent r="7" t="349" w="174" /><ent r="8" t="349" w="189" /><ent r="8" t="349" w="189" /><ent r="7" t="349" w="691" /><ent r="7" t="349" w="691" /><ent r="7" t="350" w="174" /><ent r="7" t="350" w="174" /><ent r="8" t="350" w="189" /><ent r="8" t="350" w="189" /><ent r="7" t="350" w="624" /><ent r="7" t="350" w="624" /></phr></stem><stem n="diagram"><phr n="diagram"><ent r="3" t="12" w="25" /><ent r="3" t="12" w="25" /><ent r="3" t="76" w="17" /><ent r="3" t="76" w="17" /><ent r="3" t="297" w="611" /><ent r="3" t="297" w="611" /></phr><phr n="diagrams"><ent r="5" t="400" w="2314" /><ent r="5" t="400" w="2314" /></phr></stem><stem n="centerlin"><phr n="centerline"><ent r="3" t="12" w="40" /><ent r="3" t="12" w="40" /><ent r="4" t="40" w="229" /><ent r="4" t="40" w="229" /><ent r="4" t="66" w="229" /><ent r="4" t="66" w="229" /><ent r="4" t="121" w="231" /><ent r="4" t="121" w="231" /><ent r="4" t="157" w="240" /><ent r="4" t="157" w="240" /><ent r="4" t="195" w="236" /><ent r="4" t="195" w="236" /><ent r="4" t="219" w="236" /><ent r="4" t="219" w="236" /><ent r="5" t="266" w="330" /></phr></stem><stem n="mount"><phr n="mounting"><ent r="3" t="12" w="46" /><ent r="3" t="12" w="46" /><ent r="3" t="23" w="30" /><ent r="3" t="23" w="30" /><ent r="3" t="40" w="31" /><ent r="3" t="40" w="31" /><ent r="4" t="40" w="264" /><ent r="4" t="40" w="264" /><ent r="4" t="40" w="280" /><ent r="4" t="40" w="280" /><ent r="5" t="42" w="16" /><ent r="5" t="42" w="16" /><ent r="3" t="54" w="30" /><ent r="3" t="54" w="30" /><ent r="3" t="66" w="31" /><ent r="3" t="66" w="31" /><ent r="4" t="66" w="264" /><ent r="4" t="66" w="264" /><ent r="4" t="66" w="280" /><ent r="4" t="66" w="280" /><ent r="5" t="68" w="16" /><ent r="5" t="68" w="16" /><ent r="5" t="93" w="16" /><ent r="5" t="93" w="16" /><ent r="3" t="105" w="30" /><ent r="3" t="105" w="30" /><ent r="3" t="121" w="31" /><ent r="3" t="121" w="31" /><ent r="4" t="121" w="266" /><ent r="4" t="121" w="266" /><ent r="4" t="121" w="282" /><ent r="4" t="121" w="282" /><ent r="5" t="123" w="16" /><ent r="5" t="123" w="16" /><ent r="5" t="145" w="16" /><ent r="5" t="145" w="16" /><ent r="3" t="155" w="29" /><ent r="3" t="155" w="29" /><ent r="3" t="157" w="25" /><ent r="3" t="157" w="25" /><ent r="4" t="157" w="275" /><ent r="4" t="157" w="275" /><ent r="4" t="157" w="291" /><ent r="4" t="157" w="291" /><ent r="5" t="159" w="16" /><ent r="5" t="159" w="16" /><ent r="4" t="161" w="169" /><ent r="4" t="161" w="169" /><ent r="5" t="162" w="158" /><ent r="5" t="162" w="158" /><ent r="3" t="169" w="29" /><ent r="3" t="169" w="29" /><ent r="3" t="180" w="29" /><ent r="3" t="180" w="29" /><ent r="3" t="195" w="25" /><ent r="3" t="195" w="25" /><ent r="4" t="195" w="271" /><ent r="4" t="195" w="271" /><ent r="4" t="195" w="287" /><ent r="4" t="195" w="287" /><ent r="5" t="197" w="16" /><ent r="5" t="197" w="16" /><ent r="3" t="206" w="29" /><ent r="3" t="206" w="29" /><ent r="3" t="219" w="25" /><ent r="3" t="219" w="25" /><ent r="4" t="219" w="271" /><ent r="4" t="219" w="271" /><ent r="4" t="219" w="287" /><ent r="4" t="219" w="287" /><ent r="5" t="221" w="16" /><ent r="5" t="221" w="16" /><ent r="3" t="232" w="29" /><ent r="3" t="232" w="29" /><ent r="3" t="264" w="261" /><ent r="3" t="264" w="261" /><ent r="5" t="400" w="2056" /><ent r="5" t="400" w="2056" /><ent r="4" t="411" w="101" /><ent r="4" t="411" w="101" /><ent r="4" t="425" w="154" /><ent r="4" t="425" w="154" /></phr><phr n="mount"><ent r="3" t="12" w="408" /><ent r="7" t="276" w="1126" /><ent r="7" t="276" w="1126" /><ent r="7" t="373" w="164" /><ent r="7" t="373" w="164" /><ent r="6" t="377" w="196" /><ent r="6" t="377" w="196" /><ent r="5" t="398" w="749" /><ent r="5" t="398" w="749" /><ent r="5" t="398" w="1289" /><ent r="5" t="398" w="1289" /><ent r="5" t="398" w="1956" /><ent r="5" t="398" w="1956" /><ent r="3" t="499" w="37" /><ent r="3" t="499" w="37" /></phr><phr n="Mounting"><ent r="82" t="40" w="170" /><ent r="82" t="40" w="170" /><ent r="82" t="66" w="170" /><ent r="82" t="66" w="170" /><ent r="82" t="121" w="172" /><ent r="82" t="121" w="172" /><ent r="82" t="157" w="181" /><ent r="82" t="157" w="181" /><ent r="82" t="195" w="177" /><ent r="82" t="195" w="177" /><ent r="82" t="219" w="177" /><ent r="82" t="219" w="177" /></phr><phr n="mounted"><ent r="4" t="90" w="29" /><ent r="4" t="90" w="29" /><ent r="4" t="90" w="176" /><ent r="4" t="90" w="176" /><ent r="3" t="157" w="14" /><ent r="3" t="195" w="14" /><ent r="3" t="219" w="14" /><ent r="7" t="235" w="1895" /><ent r="3" t="284" w="670" /><ent r="5" t="400" w="1362" /><ent r="5" t="400" w="1362" /><ent r="3" t="400" w="1460" /><ent r="3" t="400" w="1460" /><ent r="5" t="400" w="1564" /><ent r="5" t="400" w="1564" /><ent r="5" t="400" w="1611" /><ent r="5" t="400" w="1611" /><ent r="3" t="400" w="1707" /><ent r="3" t="400" w="1707" /></phr><phr n="mounts"><ent r="4" t="90" w="168" /></phr><phr n="Mount"><ent r="4" t="276" w="894" /><ent r="4" t="276" w="894" /><ent r="3" t="276" w="922" /><ent r="3" t="276" w="922" /><ent r="4" t="276" w="927" /><ent r="4" t="276" w="927" /><ent r="4" t="276" w="1301" /><ent r="4" t="276" w="1301" /><ent r="4" t="276" w="1513" /><ent r="4" t="276" w="1513" /><ent r="4" t="276" w="1592" /><ent r="4" t="276" w="1592" /></phr></stem><stem n="mechan"><phr n="mechanical"><ent r="3" t="12" w="55" /><ent r="3" t="12" w="55" /><ent r="3" t="12" w="97" /><ent r="3" t="12" w="97" /><ent r="3" t="12" w="120" /><ent r="3" t="12" w="120" /><ent r="3" t="12" w="132" /><ent r="3" t="12" w="132" /><ent r="3" t="12" w="233" /><ent r="3" t="12" w="233" /><ent r="3" t="12" w="271" /><ent r="3" t="12" w="271" /><ent r="3" t="12" w="432" /><ent r="3" t="12" w="432" /><ent r="3" t="12" w="456" /><ent r="3" t="12" w="456" /><ent r="1000" t="21" w="3" /><ent r="1000" t="21" w="3" /><ent r="92" t="21" w="8" /><ent r="92" t="21" w="8" /><ent r="1000" t="52" w="3" /><ent r="1000" t="52" w="3" /><ent r="92" t="52" w="8" /><ent r="92" t="52" w="8" /><ent r="1000" t="76" w="4" /><ent r="1000" t="76" w="4" /><ent r="92" t="76" w="10" /><ent r="92" t="76" w="10" /><ent r="1000" t="103" w="3" /><ent r="1000" t="103" w="3" /><ent r="92" t="103" w="8" /><ent r="92" t="103" w="8" /><ent r="1000" t="129" w="4" /><ent r="1000" t="129" w="4" /><ent r="92" t="129" w="10" /><ent r="92" t="129" w="10" /><ent r="67" t="411" w="9" /><ent r="67" t="411" w="9" /><ent r="67" t="411" w="14" /><ent r="67" t="411" w="14" /><ent r="67" t="411" w="20" /><ent r="67" t="411" w="20" /><ent r="67" t="411" w="25" /><ent r="67" t="411" w="25" /><ent r="67" t="411" w="31" /><ent r="67" t="411" w="31" /></phr><phr n="Mechanical"><ent r="6" t="19" w="45" /><ent r="6" t="19" w="45" /><ent r="6" t="50" w="45" /><ent r="6" t="50" w="45" /><ent r="6" t="74" w="65" /><ent r="6" t="74" w="65" /><ent r="6" t="101" w="45" /><ent r="6" t="101" w="45" /><ent r="6" t="151" w="45" /><ent r="6" t="151" w="45" /><ent r="6" t="153" w="45" /><ent r="6" t="153" w="45" /><ent r="6" t="166" w="69" /><ent r="6" t="166" w="69" /><ent r="6" t="176" w="44" /><ent r="6" t="176" w="44" /><ent r="6" t="178" w="45" /><ent r="6" t="178" w="45" /><ent r="6" t="202" w="45" /><ent r="6" t="202" w="45" /><ent r="6" t="204" w="45" /><ent r="6" t="204" w="45" /><ent r="6" t="228" w="49" /><ent r="6" t="228" w="49" /><ent r="6" t="230" w="45" /><ent r="6" t="230" w="45" /><ent r="1000" t="411" w="1" /><ent r="1000" t="411" w="1" /><ent r="102" t="411" w="4" /><ent r="102" t="411" w="4" /></phr><phr n="mechanism"><ent r="3" t="25" w="177" /><ent r="3" t="25" w="177" /><ent r="3" t="56" w="177" /><ent r="3" t="56" w="177" /><ent r="3" t="107" w="177" /><ent r="3" t="107" w="177" /><ent r="3" t="182" w="177" /><ent r="3" t="182" w="177" /><ent r="3" t="208" w="177" /><ent r="3" t="208" w="177" /><ent r="5" t="288" w="141" /></phr></stem><stem n="physic"><phr n="physical"><ent r="3" t="12" w="62" /><ent r="3" t="12" w="62" /><ent r="7" t="24" w="667" /><ent r="7" t="24" w="667" /><ent r="7" t="24" w="700" /><ent r="7" t="24" w="700" /><ent r="7" t="55" w="675" /><ent r="7" t="55" w="675" /><ent r="7" t="55" w="708" /><ent r="7" t="55" w="708" /><ent r="7" t="106" w="675" /><ent r="7" t="106" w="675" /><ent r="7" t="106" w="708" /><ent r="7" t="106" w="708" /><ent r="7" t="235" w="1398" /><ent r="7" t="235" w="1398" /><ent r="7" t="445" w="299" /><ent r="7" t="445" w="299" /></phr><phr n="Physical"><ent r="1000" t="18" w="1" /><ent r="1000" t="18" w="1" /><ent r="92" t="18" w="6" /><ent r="92" t="18" w="6" /><ent r="1000" t="49" w="1" /><ent r="1000" t="49" w="1" /><ent r="92" t="49" w="6" /><ent r="92" t="49" w="6" /><ent r="1000" t="73" w="1" /><ent r="1000" t="73" w="1" /><ent r="92" t="73" w="6" /><ent r="92" t="73" w="6" /><ent r="1000" t="100" w="1" /><ent r="1000" t="100" w="1" /><ent r="92" t="100" w="6" /><ent r="92" t="100" w="6" /><ent r="1000" t="127" w="1" /><ent r="1000" t="127" w="1" /><ent r="92" t="127" w="6" /><ent r="92" t="127" w="6" /><ent r="1000" t="151" w="1" /><ent r="1000" t="151" w="1" /><ent r="92" t="151" w="4" /><ent r="92" t="151" w="4" /><ent r="1000" t="166" w="1" /><ent r="1000" t="166" w="1" /><ent r="92" t="166" w="4" /><ent r="92" t="166" w="4" /><ent r="1000" t="176" w="1" /><ent r="1000" t="176" w="1" /><ent r="92" t="176" w="4" /><ent r="92" t="176" w="4" /><ent r="1000" t="202" w="1" /><ent r="1000" t="202" w="1" /><ent r="92" t="202" w="4" /><ent r="92" t="202" w="4" /><ent r="1000" t="228" w="1" /><ent r="1000" t="228" w="1" /><ent r="92" t="228" w="4" /><ent r="92" t="228" w="4" /><ent r="67" t="417" w="44" /><ent r="67" t="417" w="44" /><ent r="67" t="417" w="49" /><ent r="67" t="417" w="49" /><ent r="67" t="417" w="54" /><ent r="67" t="417" w="54" /><ent r="67" t="417" w="59" /><ent r="67" t="417" w="59" /><ent r="67" t="417" w="64" /><ent r="67" t="417" w="64" /><ent r="67" t="417" w="69" /><ent r="67" t="417" w="69" /><ent r="67" t="417" w="75" /><ent r="67" t="417" w="75" /><ent r="67" t="417" w="81" /><ent r="67" t="417" w="81" /><ent r="67" t="417" w="87" /><ent r="67" t="417" w="87" /><ent r="67" t="417" w="93" /><ent r="67" t="417" w="93" /></phr><phr n="PHYSICAL"><ent r="6" t="332" w="387" /><ent r="6" t="332" w="387" /></phr></stem><stem n="element"><phr n="element"><ent r="3" t="12" w="70" /><ent r="3" t="12" w="70" /></phr><phr n="elements"><ent r="3" t="38" w="28" /><ent r="3" t="38" w="51" /><ent r="3" t="38" w="51" /><ent r="3" t="65" w="28" /><ent r="3" t="65" w="51" /><ent r="3" t="65" w="51" /><ent r="3" t="120" w="28" /><ent r="3" t="120" w="51" /><ent r="3" t="120" w="51" /><ent r="3" t="143" w="28" /><ent r="3" t="143" w="51" /><ent r="3" t="143" w="51" /><ent r="5" t="243" w="120" /><ent r="5" t="243" w="120" /><ent r="1000" t="394" w="6" /><ent r="1000" t="394" w="6" /><ent r="82" t="394" w="13" /><ent r="82" t="394" w="13" /><ent r="3" t="432" w="471" /><ent r="3" t="432" w="471" /><ent r="3" t="432" w="497" /><ent r="3" t="432" w="497" /><ent r="3" t="432" w="523" /><ent r="3" t="432" w="523" /></phr><phr n="Element"><ent r="7" t="235" w="1548" /><ent r="3" t="240" w="158" /><ent r="3" t="240" w="158" /></phr></stem><stem n="electron"><phr n="electronics"><ent r="3" t="12" w="76" /><ent r="3" t="12" w="76" /><ent r="3" t="499" w="77" /><ent r="3" t="499" w="77" /></phr><phr n="Electronics"><ent r="7" t="235" w="2108" /><ent r="7" t="235" w="2108" /><ent r="3" t="240" w="675" /><ent r="3" t="240" w="675" /><ent r="4" t="276" w="2486" /><ent r="4" t="276" w="2486" /><ent r="3" t="393" w="572" /><ent r="3" t="393" w="572" /></phr><phr n="electronic"><ent r="7" t="235" w="2118" /><ent r="7" t="235" w="2118" /><ent r="3" t="404" w="1614" /><ent r="3" t="404" w="1614" /></phr><phr n="Electronic"><ent r="4" t="276" w="2494" /><ent r="4" t="276" w="2494" /><ent r="3" t="404" w="1570" /><ent r="3" t="404" w="1570" /><ent r="3" t="404" w="1650" /><ent r="3" t="404" w="1650" /><ent r="3" t="404" w="1682" /><ent r="3" t="404" w="1682" /></phr></stem><stem n="resid"><phr n="reside"><ent r="3" t="12" w="77" /></phr><phr n="resident"><ent r="3" t="272" w="100" /><ent r="3" t="272" w="100" /></phr></stem><stem n="actual"><phr n="actual"><ent r="3" t="12" w="79" /><ent r="3" t="12" w="79" /><ent r="4" t="283" w="155" /><ent r="4" t="283" w="155" /><ent r="3" t="323" w="248" /><ent r="3" t="323" w="248" /><ent r="5" t="329" w="216" /><ent r="5" t="329" w="216" /><ent r="3" t="390" w="627" /><ent r="3" t="390" w="627" /><ent r="3" t="397" w="370" /><ent r="3" t="397" w="370" /><ent r="3" t="400" w="201" /><ent r="3" t="400" w="201" /><ent r="5" t="422" w="569" /><ent r="5" t="422" w="569" /><ent r="5" t="422" w="606" /><ent r="5" t="422" w="606" /><ent r="7" t="430" w="165" /><ent r="7" t="430" w="165" /><ent r="7" t="431" w="254" /><ent r="7" t="431" w="254" /><ent r="7" t="443" w="238" /><ent r="7" t="443" w="238" /></phr><phr n="actually"><ent r="6" t="353" w="177" /><ent r="6" t="353" w="177" /><ent r="6" t="353" w="195" /><ent r="6" t="353" w="195" /><ent r="5" t="422" w="783" /><ent r="5" t="422" w="783" /><ent r="5" t="427" w="518" /><ent r="5" t="427" w="518" /></phr><phr n="Actual"><ent r="7" t="393" w="420" /><ent r="7" t="393" w="420" /></phr></stem><stem n="cloud"><phr n="clouds"><ent r="3" t="12" w="91" /></phr></stem><stem n="space"><phr n="space"><ent r="3" t="12" w="93" /><ent r="3" t="115" w="83" /><ent r="3" t="138" w="86" /><ent r="7" t="235" w="1577" /><ent r="7" t="235" w="1619" /><ent r="6" t="365" w="327" /><ent r="6" t="365" w="394" /><ent r="3" t="400" w="1171" /><ent r="3" t="400" w="1171" /><ent r="3" t="400" w="1209" /><ent r="5" t="422" w="97" /><ent r="5" t="422" w="97" /><ent r="3" t="423" w="240" /><ent r="3" t="423" w="240" /><ent r="3" t="423" w="252" /><ent r="3" t="423" w="252" /><ent r="3" t="423" w="291" /><ent r="3" t="423" w="291" /><ent r="3" t="423" w="319" /><ent r="3" t="423" w="319" /></phr><phr n="Space"><ent r="3" t="14" w="391" /><ent r="3" t="14" w="391" /><ent r="3" t="45" w="391" /><ent r="3" t="45" w="391" /><ent r="3" t="70" w="450" /><ent r="3" t="70" w="450" /><ent r="3" t="96" w="413" /><ent r="3" t="96" w="413" /><ent r="3" t="125" w="437" /><ent r="3" t="125" w="437" /><ent r="7" t="235" w="1491" /><ent r="7" t="235" w="1491" /><ent r="7" t="235" w="1557" /><ent r="7" t="235" w="1557" /><ent r="6" t="332" w="186" /><ent r="6" t="332" w="186" /><ent r="6" t="373" w="181" /><ent r="6" t="373" w="181" /><ent r="6" t="377" w="149" /><ent r="6" t="377" w="149" /><ent r="3" t="404" w="132" /><ent r="3" t="404" w="132" /></phr><phr n="spaced"><ent r="7" t="235" w="986" /><ent r="7" t="235" w="986" /></phr><phr n="spaces"><ent r="6" t="332" w="191" /><ent r="6" t="332" w="191" /></phr></stem><stem n="wish"><phr n="wish"><ent r="3" t="12" w="144" /><ent r="3" t="12" w="144" /><ent r="3" t="392" w="57" /><ent r="3" t="392" w="57" /><ent r="3" t="399" w="85" /><ent r="3" t="399" w="85" /></phr></stem><stem n="further"><phr n="further"><ent r="3" t="12" w="146" /><ent r="3" t="12" w="146" /><ent r="3" t="91" w="478" /><ent r="3" t="91" w="478" /><ent r="3" t="400" w="832" /><ent r="3" t="400" w="832" /><ent r="3" t="404" w="583" /><ent r="3" t="404" w="583" /></phr><phr n="Further"><ent r="82" t="318" w="144" /><ent r="82" t="318" w="144" /></phr></stem><stem n="reduct"><phr n="reduction"><ent r="3" t="12" w="164" /><ent r="3" t="12" w="164" /><ent r="5" t="242" w="107" /><ent r="4" t="244" w="534" /><ent r="3" t="318" w="125" /><ent r="3" t="393" w="540" /><ent r="3" t="395" w="335" /></phr></stem><stem n="account"><phr n="account"><ent r="3" t="12" w="171" /><ent r="3" t="12" w="171" /><ent r="7" t="38" w="127" /><ent r="7" t="38" w="127" /><ent r="7" t="65" w="127" /><ent r="7" t="65" w="127" /><ent r="9" t="73" w="74" /><ent r="9" t="73" w="74" /><ent r="7" t="120" w="131" /><ent r="7" t="120" w="131" /><ent r="7" t="143" w="131" /><ent r="7" t="143" w="131" /><ent r="5" t="242" w="97" /><ent r="5" t="242" w="97" /><ent r="3" t="242" w="1694" /><ent r="3" t="242" w="1694" /><ent r="4" t="244" w="524" /><ent r="4" t="244" w="524" /><ent r="3" t="244" w="884" /><ent r="3" t="244" w="884" /><ent r="54" t="263" w="213" /><ent r="54" t="263" w="213" /><ent r="54" t="263" w="264" /><ent r="54" t="263" w="264" /><ent r="54" t="264" w="226" /><ent r="54" t="264" w="226" /><ent r="54" t="264" w="293" /><ent r="54" t="264" w="293" /><ent r="5" t="296" w="164" /><ent r="5" t="296" w="164" /><ent r="3" t="296" w="464" /><ent r="3" t="298" w="34" /><ent r="3" t="298" w="34" /><ent r="3" t="318" w="115" /><ent r="3" t="318" w="115" /><ent r="3" t="382" w="150" /><ent r="3" t="382" w="150" /><ent r="3" t="393" w="530" /><ent r="3" t="393" w="530" /><ent r="3" t="395" w="325" /><ent r="3" t="395" w="325" /></phr><phr n="accounted"><ent r="3" t="12" w="330" /><ent r="3" t="12" w="330" /></phr><phr n="accounts"><ent r="3" t="12" w="337" /><ent r="3" t="12" w="337" /><ent r="3" t="298" w="17" /><ent r="3" t="298" w="17" /><ent r="5" t="398" w="757" /><ent r="5" t="398" w="757" /><ent r="5" t="398" w="1297" /><ent r="5" t="398" w="1297" /><ent r="5" t="398" w="1964" /><ent r="5" t="398" w="1964" /></phr></stem><stem n="tilt"><phr n="tilt"><ent r="3" t="12" w="175" /><ent r="3" t="12" w="175" /><ent r="5" t="242" w="100" /><ent r="5" t="242" w="100" /><ent r="4" t="244" w="527" /><ent r="4" t="244" w="527" /><ent r="3" t="276" w="3338" /><ent r="3" t="276" w="3338" /><ent r="3" t="318" w="118" /><ent r="3" t="318" w="118" /><ent r="7" t="393" w="322" /><ent r="3" t="393" w="533" /><ent r="3" t="393" w="533" /><ent r="3" t="395" w="328" /><ent r="3" t="395" w="328" /><ent r="72" t="486" w="15" /></phr><phr n="TILT"><ent r="66" t="276" w="1766" /></phr><phr n="Tilt"><ent r="72" t="276" w="3328" /><ent r="5" t="400" w="735" /><ent r="5" t="400" w="735" /><ent r="5" t="400" w="1079" /><ent r="5" t="400" w="1079" /><ent r="5" t="432" w="33" /><ent r="5" t="432" w="33" /><ent r="54" t="486" w="59" /><ent r="3" t="486" w="82" /><ent r="7" t="486" w="144" /><ent r="7" t="486" w="144" /><ent r="7" t="486" w="151" /><ent r="7" t="486" w="151" /></phr></stem><stem n="interfac"><phr n="interface"><ent r="3" t="12" w="185" /><ent r="3" t="12" w="185" /><ent r="3" t="13" w="193" /><ent r="3" t="13" w="193" /><ent r="54" t="13" w="219" /><ent r="54" t="13" w="219" /><ent r="54" t="13" w="224" /><ent r="6" t="14" w="117" /><ent r="6" t="14" w="117" /><ent r="4" t="15" w="254" /><ent r="8" t="20" w="36" /><ent r="8" t="20" w="36" /><ent r="6" t="24" w="821" /><ent r="6" t="24" w="821" /><ent r="6" t="24" w="859" /><ent r="6" t="24" w="859" /><ent r="3" t="34" w="148" /><ent r="3" t="34" w="148" /><ent r="3" t="35" w="21" /><ent r="3" t="35" w="21" /><ent r="4" t="42" w="196" /><ent r="4" t="42" w="196" /><ent r="3" t="43" w="13" /><ent r="3" t="43" w="13" /><ent r="3" t="44" w="193" /><ent r="3" t="44" w="193" /><ent r="54" t="44" w="219" /><ent r="54" t="44" w="219" /><ent r="54" t="44" w="224" /><ent r="6" t="45" w="117" /><ent r="6" t="45" w="117" /><ent r="4" t="46" w="254" /><ent r="8" t="51" w="36" /><ent r="8" t="51" w="36" /><ent r="6" t="55" w="829" /><ent r="6" t="55" w="829" /><ent r="6" t="55" w="867" /><ent r="6" t="55" w="867" /><ent r="4" t="68" w="196" /><ent r="4" t="68" w="196" /><ent r="3" t="69" w="345" /><ent r="3" t="69" w="345" /><ent r="54" t="69" w="371" /><ent r="54" t="69" w="371" /><ent r="54" t="69" w="376" /><ent r="6" t="70" w="169" /><ent r="6" t="70" w="169" /><ent r="8" t="75" w="36" /><ent r="8" t="75" w="36" /><ent r="6" t="78" w="433" /><ent r="6" t="78" w="433" /><ent r="6" t="78" w="470" /><ent r="6" t="78" w="470" /><ent r="3" t="86" w="148" /><ent r="3" t="86" w="148" /><ent r="3" t="87" w="21" /><ent r="3" t="87" w="21" /><ent r="4" t="93" w="208" /><ent r="4" t="93" w="208" /><ent r="3" t="94" w="13" /><ent r="3" t="94" w="13" /><ent r="3" t="95" w="256" /><ent r="3" t="95" w="256" /><ent r="54" t="95" w="282" /><ent r="54" t="95" w="282" /><ent r="54" t="95" w="287" /><ent r="6" t="96" w="163" /><ent r="6" t="96" w="163" /><ent r="4" t="97" w="254" /><ent r="9" t="102" w="36" /><ent r="9" t="102" w="36" /><ent r="6" t="106" w="829" /><ent r="6" t="106" w="829" /><ent r="6" t="106" w="885" /><ent r="6" t="106" w="885" /><ent r="3" t="116" w="149" /><ent r="3" t="116" w="149" /><ent r="3" t="117" w="21" /><ent r="3" t="117" w="21" /><ent r="3" t="124" w="303" /><ent r="3" t="124" w="303" /><ent r="54" t="124" w="329" /><ent r="54" t="124" w="329" /><ent r="54" t="124" w="334" /><ent r="7" t="125" w="167" /><ent r="7" t="125" w="167" /><ent r="4" t="126" w="259" /><ent r="7" t="131" w="485" /><ent r="7" t="131" w="485" /><ent r="7" t="131" w="522" /><ent r="7" t="131" w="522" /><ent r="3" t="139" w="149" /><ent r="3" t="139" w="149" /><ent r="3" t="140" w="21" /><ent r="3" t="140" w="21" /><ent r="3" t="146" w="13" /><ent r="3" t="146" w="13" /><ent r="3" t="147" w="193" /><ent r="3" t="147" w="193" /><ent r="3" t="147" w="217" /><ent r="3" t="147" w="217" /><ent r="3" t="147" w="222" /><ent r="6" t="148" w="67" /><ent r="6" t="148" w="67" /><ent r="6" t="148" w="77" /><ent r="6" t="148" w="77" /><ent r="4" t="149" w="254" /><ent r="8" t="154" w="36" /><ent r="8" t="154" w="36" /><ent r="4" t="159" w="196" /><ent r="4" t="159" w="196" /><ent r="3" t="160" w="82" /><ent r="3" t="160" w="82" /><ent r="3" t="160" w="106" /><ent r="3" t="160" w="106" /><ent r="3" t="160" w="110" /><ent r="5" t="161" w="70" /><ent r="5" t="161" w="70" /><ent r="5" t="161" w="80" /><ent r="5" t="161" w="80" /><ent r="5" t="162" w="55" /><ent r="5" t="162" w="55" /><ent r="5" t="162" w="65" /><ent r="5" t="162" w="65" /><ent r="7" t="164" w="208" /><ent r="7" t="164" w="208" /><ent r="7" t="164" w="220" /><ent r="7" t="164" w="220" /><ent r="4" t="164" w="237" /><ent r="4" t="164" w="237" /><ent r="4" t="164" w="370" /><ent r="4" t="164" w="370" /><ent r="4" t="164" w="388" /><ent r="4" t="164" w="388" /><ent r="5" t="164" w="453" /><ent r="5" t="164" w="453" /><ent r="4" t="164" w="500" /><ent r="4" t="164" w="500" /><ent r="8" t="168" w="36" /><ent r="8" t="168" w="36" /><ent r="3" t="172" w="193" /><ent r="3" t="172" w="193" /><ent r="54" t="172" w="220" /><ent r="54" t="172" w="220" /><ent r="54" t="172" w="225" /><ent r="4" t="174" w="254" /><ent r="8" t="179" w="36" /><ent r="8" t="179" w="36" /><ent r="6" t="181" w="700" /><ent r="6" t="181" w="700" /><ent r="6" t="181" w="726" /><ent r="6" t="181" w="726" /><ent r="7" t="187" w="112" /><ent r="7" t="187" w="112" /><ent r="3" t="190" w="138" /><ent r="3" t="190" w="138" /><ent r="3" t="191" w="21" /><ent r="3" t="191" w="21" /><ent r="5" t="196" w="117" /><ent r="5" t="196" w="117" /><ent r="4" t="197" w="196" /><ent r="4" t="197" w="196" /><ent r="3" t="198" w="193" /><ent r="3" t="198" w="193" /><ent r="54" t="198" w="220" /><ent r="54" t="198" w="220" /><ent r="54" t="198" w="225" /><ent r="6" t="199" w="180" /><ent r="6" t="199" w="180" /><ent r="4" t="200" w="254" /><ent r="8" t="205" w="36" /><ent r="8" t="205" w="36" /><ent r="6" t="207" w="693" /><ent r="6" t="207" w="693" /><ent r="6" t="207" w="717" /><ent r="6" t="207" w="717" /><ent r="7" t="214" w="112" /><ent r="7" t="214" w="112" /><ent r="3" t="217" w="13" /><ent r="3" t="217" w="13" /><ent r="5" t="220" w="121" /><ent r="5" t="220" w="121" /><ent r="4" t="221" w="196" /><ent r="4" t="221" w="196" /><ent r="3" t="222" w="13" /><ent r="3" t="222" w="13" /><ent r="3" t="223" w="72" /><ent r="3" t="223" w="72" /><ent r="3" t="223" w="96" /><ent r="3" t="223" w="96" /><ent r="3" t="223" w="101" /><ent r="6" t="224" w="188" /><ent r="6" t="224" w="188" /><ent r="6" t="224" w="201" /><ent r="7" t="226" w="154" /><ent r="7" t="226" w="154" /><ent r="7" t="226" w="166" /><ent r="7" t="226" w="166" /><ent r="4" t="226" w="183" /><ent r="4" t="226" w="183" /><ent r="4" t="226" w="337" /><ent r="4" t="226" w="337" /><ent r="4" t="226" w="358" /><ent r="4" t="226" w="358" /><ent r="4" t="226" w="517" /><ent r="4" t="226" w="517" /><ent r="8" t="231" w="36" /><ent r="8" t="231" w="36" /><ent r="3" t="236" w="25" /><ent r="3" t="236" w="25" /><ent r="1000" t="237" w="2" /><ent r="1000" t="237" w="2" /><ent r="82" t="237" w="6" /><ent r="82" t="237" w="6" /><ent r="3" t="237" w="12" /><ent r="3" t="237" w="12" /><ent r="3" t="237" w="21" /><ent r="3" t="237" w="21" /><ent r="3" t="237" w="93" /><ent r="3" t="237" w="93" /><ent r="3" t="246" w="124" /><ent r="3" t="246" w="124" /><ent r="3" t="273" w="22" /><ent r="3" t="276" w="1205" /><ent r="3" t="276" w="1205" /><ent r="3" t="287" w="224" /><ent r="3" t="287" w="224" /><ent r="3" t="287" w="239" /><ent r="3" t="287" w="239" /><ent r="3" t="297" w="230" /><ent r="3" t="297" w="607" /><ent r="3" t="304" w="78" /><ent r="3" t="304" w="78" /><ent r="3" t="308" w="58" /><ent r="5" t="308" w="253" /><ent r="5" t="308" w="253" /><ent r="5" t="308" w="274" /><ent r="5" t="308" w="274" /><ent r="3" t="314" w="79" /><ent r="3" t="314" w="79" /><ent r="3" t="315" w="79" /><ent r="3" t="315" w="79" /><ent r="3" t="315" w="134" /><ent r="3" t="315" w="134" /><ent r="1000" t="316" w="7" /><ent r="1000" t="316" w="7" /><ent r="92" t="316" w="15" /><ent r="92" t="316" w="15" /><ent r="3" t="316" w="34" /><ent r="3" t="316" w="34" /><ent r="3" t="317" w="56" /><ent r="3" t="317" w="56" /><ent r="1000" t="318" w="5" /><ent r="1000" t="318" w="5" /><ent r="92" t="318" w="12" /><ent r="92" t="318" w="12" /><ent r="3" t="318" w="19" /><ent r="3" t="318" w="19" /><ent r="3" t="318" w="38" /><ent r="3" t="318" w="38" /><ent r="3" t="318" w="43" /><ent r="3" t="318" w="43" /><ent r="1000" t="319" w="4" /><ent r="1000" t="319" w="4" /><ent r="92" t="319" w="10" /><ent r="92" t="319" w="10" /><ent r="3" t="319" w="17" /><ent r="3" t="319" w="17" /><ent r="3" t="319" w="44" /><ent r="3" t="319" w="44" /><ent r="3" t="322" w="16" /><ent r="3" t="322" w="16" /><ent r="6" t="330" w="133" /><ent r="6" t="330" w="133" /><ent r="3" t="334" w="29" /><ent r="3" t="334" w="29" /><ent r="3" t="359" w="22" /><ent r="6" t="361" w="124" /><ent r="6" t="388" w="819" /><ent r="6" t="388" w="819" /><ent r="6" t="388" w="851" /><ent r="6" t="388" w="851" /><ent r="3" t="391" w="80" /><ent r="3" t="391" w="80" /><ent r="4" t="398" w="63" /><ent r="65" t="398" w="95" /><ent r="65" t="398" w="95" /><ent r="72" t="401" w="391" /><ent r="72" t="401" w="391" /><ent r="3" t="402" w="1429" /><ent r="3" t="402" w="1429" /><ent r="67" t="415" w="39" /><ent r="67" t="415" w="39" /><ent r="67" t="416" w="16" /><ent r="67" t="416" w="16" /><ent r="3" t="421" w="411" /><ent r="3" t="421" w="411" /><ent r="6" t="425" w="73" /><ent r="6" t="425" w="73" /><ent r="6" t="425" w="83" /><ent r="6" t="425" w="83" /><ent r="1000" t="457" w="5" /><ent r="1000" t="457" w="5" /><ent r="92" t="457" w="12" /><ent r="92" t="457" w="12" /><ent r="3" t="463" w="145" /><ent r="3" t="463" w="145" /><ent r="54" t="463" w="170" /><ent r="54" t="463" w="170" /><ent r="54" t="463" w="175" /><ent r="54" t="463" w="191" /><ent r="54" t="463" w="191" /><ent r="54" t="463" w="196" /><ent r="54" t="463" w="213" /><ent r="54" t="463" w="213" /><ent r="54" t="463" w="218" /><ent r="3" t="501" w="65" /><ent r="3" t="501" w="65" /><ent r="5" t="502" w="63" /><ent r="5" t="502" w="63" /></phr><phr n="Interface"><ent r="7" t="28" w="30" /><ent r="7" t="28" w="30" /><ent r="7" t="38" w="182" /><ent r="7" t="38" w="182" /><ent r="1000" t="41" w="1" /><ent r="1000" t="41" w="1" /><ent r="92" t="41" w="6" /><ent r="92" t="41" w="6" /><ent r="6" t="59" w="30" /><ent r="6" t="59" w="30" /><ent r="7" t="65" w="182" /><ent r="7" t="65" w="182" /><ent r="1000" t="67" w="1" /><ent r="1000" t="67" w="1" /><ent r="92" t="67" w="6" /><ent r="92" t="67" w="6" /><ent r="1000" t="92" w="1" /><ent r="1000" t="92" w="1" /><ent r="92" t="92" w="6" /><ent r="92" t="92" w="6" /><ent r="6" t="110" w="30" /><ent r="6" t="110" w="30" /><ent r="7" t="120" w="186" /><ent r="7" t="120" w="186" /><ent r="1000" t="122" w="1" /><ent r="1000" t="122" w="1" /><ent r="92" t="122" w="6" /><ent r="92" t="122" w="6" /><ent r="7" t="143" w="186" /><ent r="7" t="143" w="186" /><ent r="1000" t="144" w="1" /><ent r="1000" t="144" w="1" /><ent r="92" t="144" w="6" /><ent r="92" t="144" w="6" /><ent r="1000" t="158" w="1" /><ent r="1000" t="158" w="1" /><ent r="92" t="158" w="7" /><ent r="92" t="158" w="7" /><ent r="1000" t="196" w="1" /><ent r="1000" t="196" w="1" /><ent r="92" t="196" w="7" /><ent r="92" t="196" w="7" /><ent r="1000" t="220" w="1" /><ent r="1000" t="220" w="1" /><ent r="92" t="220" w="7" /><ent r="92" t="220" w="7" /><ent r="7" t="235" w="306" /><ent r="7" t="235" w="306" /><ent r="64" t="236" w="79" /><ent r="64" t="236" w="79" /><ent r="3" t="316" w="20" /><ent r="3" t="316" w="20" /><ent r="64" t="316" w="68" /><ent r="64" t="316" w="68" /><ent r="3" t="359" w="391" /><ent r="3" t="359" w="391" /><ent r="3" t="382" w="59" /><ent r="3" t="382" w="59" /><ent r="64" t="392" w="64" /><ent r="64" t="392" w="64" /><ent r="3" t="398" w="20" /><ent r="3" t="398" w="20" /><ent r="4" t="398" w="86" /><ent r="4" t="398" w="86" /><ent r="66" t="403" w="74" /><ent r="66" t="403" w="74" /><ent r="67" t="413" w="29" /><ent r="67" t="413" w="29" /><ent r="67" t="413" w="34" /><ent r="67" t="413" w="34" /><ent r="67" t="413" w="39" /><ent r="67" t="413" w="39" /><ent r="67" t="413" w="44" /><ent r="67" t="413" w="44" /><ent r="67" t="413" w="49" /><ent r="67" t="413" w="49" /><ent r="67" t="413" w="54" /><ent r="67" t="413" w="54" /><ent r="67" t="413" w="60" /><ent r="67" t="413" w="60" /><ent r="67" t="413" w="66" /><ent r="67" t="413" w="66" /><ent r="1000" t="416" w="4" /><ent r="1000" t="416" w="4" /><ent r="102" t="416" w="10" /><ent r="102" t="416" w="10" /><ent r="4" t="416" w="37" /><ent r="4" t="416" w="37" /></phr><phr n="interfacing"><ent r="7" t="235" w="2116" /><ent r="7" t="235" w="2116" /><ent r="3" t="276" w="2953" /><ent r="3" t="276" w="2953" /><ent r="3" t="276" w="2989" /><ent r="3" t="276" w="2989" /><ent r="3" t="276" w="3089" /><ent r="3" t="276" w="3089" /><ent r="3" t="276" w="3125" /><ent r="3" t="276" w="3125" /></phr><phr n="Interfacing"><ent r="4" t="276" w="2492" /><ent r="4" t="276" w="2492" /></phr><phr n="interfaced"><ent r="3" t="404" w="817" /></phr><phr n="interfaces"><ent r="3" t="404" w="879" /></phr></stem></index>