<?xml version="1.0" encoding="utf-8"?><index><!-- saved from url=(0016)http://localhost -->
<stem n="recov"><phr n="recover"><ent r="3" t="286" w="47" /><ent r="3" t="286" w="47" /></phr></stem><stem n="leas"><phr n="lease"><ent r="3" t="286" w="83" /></phr></stem><stem n="169"><phr n="169"><ent r="3" t="286" w="92" /><ent r="4" t="309" w="167" /><ent r="4" t="309" w="182" /><ent r="6" t="344" w="467" /><ent r="6" t="344" w="467" /><ent r="6" t="345" w="395" /><ent r="6" t="345" w="395" /><ent r="3" t="482" w="107" /></phr></stem><stem n="254"><phr n="254"><ent r="3" t="286" w="93" /><ent r="4" t="309" w="168" /><ent r="4" t="309" w="183" /><ent r="3" t="398" w="2628" /><ent r="3" t="398" w="2628" /></phr></stem><stem n="tri"><phr n="tries"><ent r="3" t="286" w="101" /><ent r="3" t="286" w="101" /><ent r="3" t="288" w="944" /><ent r="3" t="288" w="944" /><ent r="3" t="297" w="546" /><ent r="3" t="297" w="546" /><ent r="3" t="500" w="52" /><ent r="3" t="500" w="52" /><ent r="3" t="501" w="118" /><ent r="3" t="501" w="118" /><ent r="3" t="502" w="282" /><ent r="3" t="502" w="282" /></phr></stem><stem n="push"><phr n="Push"><ent r="4" t="286" w="177" /><ent r="4" t="286" w="177" /><ent r="3" t="286" w="182" /><ent r="3" t="286" w="182" /><ent r="3" t="286" w="312" /><ent r="3" t="286" w="312" /><ent r="4" t="286" w="323" /><ent r="4" t="286" w="323" /><ent r="6" t="422" w="1121" /><ent r="6" t="422" w="1121" /><ent r="6" t="422" w="1176" /><ent r="6" t="422" w="1176" /><ent r="5" t="422" w="1220" /><ent r="5" t="422" w="1220" /><ent r="1000" t="427" w="4" /><ent r="1000" t="427" w="4" /><ent r="82" t="427" w="9" /><ent r="82" t="427" w="9" /><ent r="3" t="427" w="13" /><ent r="3" t="427" w="13" /><ent r="3" t="427" w="237" /><ent r="3" t="427" w="237" /><ent r="5" t="427" w="405" /><ent r="5" t="427" w="678" /><ent r="5" t="427" w="678" /><ent r="3" t="427" w="703" /><ent r="3" t="427" w="703" /><ent r="5" t="427" w="742" /><ent r="5" t="427" w="742" /><ent r="5" t="427" w="763" /><ent r="5" t="427" w="763" /><ent r="1000" t="428" w="4" /><ent r="1000" t="428" w="4" /><ent r="82" t="428" w="10" /><ent r="82" t="428" w="10" /><ent r="3" t="428" w="15" /><ent r="3" t="428" w="15" /><ent r="3" t="498" w="44" /></phr><phr n="pushed"><ent r="3" t="286" w="334" /><ent r="3" t="286" w="334" /><ent r="5" t="422" w="1146" /><ent r="5" t="422" w="1146" /><ent r="5" t="427" w="666" /><ent r="5" t="427" w="666" /><ent r="5" t="427" w="691" /><ent r="5" t="427" w="691" /></phr><phr n="pushing"><ent r="3" t="427" w="174" /><ent r="3" t="427" w="174" /><ent r="3" t="427" w="198" /></phr><phr n="push"><ent r="3" t="427" w="179" /><ent r="3" t="427" w="179" /><ent r="3" t="427" w="218" /><ent r="5" t="427" w="671" /><ent r="5" t="427" w="671" /></phr></stem><stem n="nat"><phr n="NAT"><ent r="3" t="286" w="216" /><ent r="3" t="286" w="216" /><ent r="7" t="296" w="272" /><ent r="7" t="296" w="272" /><ent r="64" t="297" w="626" /></phr></stem><stem n="ntrip1"><phr n="ntrip1"><ent r="3" t="287" w="38" /></phr></stem><stem n="trimblehh"><phr n="trimblehh"><ent r="3" t="287" w="39" /></phr></stem><stem n="reach"><phr n="reached"><ent r="3" t="287" w="85" /></phr><phr n="reach"><ent r="3" t="287" w="108" /><ent r="3" t="287" w="108" /></phr><phr n="reaches"><ent r="7" t="439" w="505" /><ent r="7" t="439" w="505" /></phr></stem><stem n="netmask"><phr n="Netmask"><ent r="3" t="287" w="206" /><ent r="4" t="309" w="65" /><ent r="4" t="309" w="65" /><ent r="3" t="309" w="253" /><ent r="4" t="500" w="200" /><ent r="4" t="500" w="200" /></phr><phr n="NETMASK"><ent r="6" t="388" w="563" /><ent r="6" t="388" w="563" /><ent r="6" t="388" w="715" /><ent r="6" t="388" w="715" /><ent r="3" t="398" w="2615" /><ent r="3" t="398" w="2615" /><ent r="3" t="398" w="2620" /><ent r="3" t="398" w="2620" /><ent r="3" t="398" w="2625" /><ent r="3" t="398" w="2625" /><ent r="3" t="398" w="2630" /><ent r="3" t="398" w="2630" /></phr></stem><stem n="gatewai"><phr n="Gateway"><ent r="3" t="287" w="208" /><ent r="3" t="297" w="574" /><ent r="3" t="297" w="574" /><ent r="4" t="309" w="69" /><ent r="4" t="309" w="69" /><ent r="3" t="309" w="255" /></phr><phr n="gateway"><ent r="3" t="289" w="24" /><ent r="5" t="311" w="287" /><ent r="5" t="311" w="287" /><ent r="6" t="312" w="657" /><ent r="6" t="312" w="657" /></phr><phr n="GATEWAY"><ent r="6" t="388" w="586" /><ent r="6" t="388" w="586" /><ent r="6" t="388" w="738" /><ent r="6" t="388" w="738" /><ent r="3" t="398" w="2659" /><ent r="3" t="398" w="2659" /><ent r="3" t="398" w="2664" /><ent r="3" t="398" w="2664" /><ent r="3" t="398" w="2669" /><ent r="3" t="398" w="2669" /><ent r="3" t="398" w="2674" /><ent r="3" t="398" w="2674" /></phr></stem><stem n="hostnam"><phr n="hostname"><ent r="3" t="287" w="209" /></phr></stem><stem n="mtu"><phr n="MTU"><ent r="3" t="287" w="211" /><ent r="3" t="287" w="211" /></phr></stem><stem n="accordingli"><phr n="accordingly"><ent r="3" t="287" w="220" /><ent r="3" t="287" w="220" /></phr></stem><stem n="prioriti"><phr n="priority"><ent r="3" t="287" w="292" /><ent r="3" t="287" w="292" /></phr></stem><stem n="addr"><phr n="Addr"><ent r="4" t="287" w="484" /><ent r="4" t="287" w="484" /></phr><phr n="ADDR"><ent r="6" t="388" w="1219" /><ent r="6" t="388" w="1219" /><ent r="6" t="388" w="1514" /><ent r="6" t="388" w="1514" /><ent r="3" t="398" w="3036" /><ent r="3" t="398" w="3036" /></phr></stem><stem n="written"><phr n="written"><ent r="3" t="287" w="570" /><ent r="3" t="287" w="570" /><ent r="3" t="399" w="31" /><ent r="3" t="399" w="31" /><ent r="3" t="399" w="384" /><ent r="3" t="399" w="384" /><ent r="3" t="421" w="227" /><ent r="3" t="421" w="227" /></phr><phr n="WRITTEN"><ent r="3" t="429" w="13" /><ent r="3" t="429" w="13" /></phr></stem><stem n="renew"><phr n="renew"><ent r="3" t="287" w="616" /><ent r="3" t="287" w="616" /></phr></stem><stem n="overwrit"><phr n="overwrite"><ent r="3" t="287" w="618" /><ent r="3" t="287" w="618" /><ent r="3" t="362" w="281" /><ent r="3" t="362" w="281" /></phr></stem><stem n="just"><phr n="just"><ent r="3" t="287" w="624" /><ent r="3" t="287" w="624" /><ent r="3" t="399" w="226" /><ent r="3" t="399" w="226" /><ent r="3" t="399" w="322" /><ent r="3" t="399" w="322" /><ent r="3" t="399" w="3077" /><ent r="3" t="399" w="3077" /><ent r="3" t="399" w="3119" /><ent r="3" t="399" w="3119" /><ent r="3" t="399" w="3805" /><ent r="3" t="399" w="3805" /><ent r="3" t="423" w="86" /><ent r="3" t="423" w="86" /></phr></stem><stem n="wire"><phr n="wired"><ent r="3" t="288" w="32" /><ent r="3" t="288" w="32" /><ent r="3" t="295" w="188" /><ent r="3" t="295" w="188" /></phr></stem><stem n="startup"><phr n="Startup"><ent r="4" t="288" w="84" /><ent r="4" t="288" w="84" /><ent r="6" t="288" w="119" /><ent r="6" t="288" w="119" /><ent r="3" t="288" w="221" /><ent r="3" t="288" w="221" /><ent r="3" t="288" w="268" /><ent r="3" t="288" w="268" /><ent r="3" t="288" w="344" /><ent r="3" t="288" w="344" /><ent r="3" t="288" w="496" /><ent r="3" t="288" w="496" /></phr><phr n="startup"><ent r="3" t="288" w="90" /><ent r="3" t="288" w="90" /><ent r="4" t="409" w="256" /><ent r="4" t="409" w="256" /></phr></stem><stem n="script"><phr n="script"><ent r="4" t="288" w="85" /><ent r="4" t="288" w="85" /><ent r="3" t="288" w="91" /><ent r="3" t="288" w="91" /><ent r="3" t="288" w="96" /><ent r="3" t="288" w="96" /><ent r="6" t="288" w="132" /><ent r="6" t="288" w="132" /><ent r="6" t="288" w="144" /><ent r="6" t="288" w="144" /><ent r="6" t="288" w="183" /><ent r="6" t="288" w="183" /><ent r="3" t="288" w="217" /><ent r="3" t="288" w="217" /><ent r="3" t="288" w="222" /><ent r="3" t="288" w="222" /><ent r="3" t="288" w="264" /><ent r="3" t="288" w="264" /><ent r="3" t="288" w="269" /><ent r="3" t="288" w="269" /><ent r="3" t="288" w="334" /><ent r="3" t="288" w="334" /><ent r="3" t="288" w="340" /><ent r="3" t="288" w="340" /><ent r="3" t="288" w="345" /><ent r="3" t="288" w="345" /><ent r="3" t="288" w="486" /><ent r="3" t="288" w="486" /><ent r="3" t="288" w="492" /><ent r="3" t="288" w="492" /><ent r="3" t="288" w="497" /><ent r="3" t="288" w="497" /></phr><phr n="Script"><ent r="6" t="288" w="120" /><ent r="6" t="288" w="120" /></phr></stem><stem n="chap"><phr n="CHAP"><ent r="3" t="288" w="102" /><ent r="3" t="288" w="102" /><ent r="5" t="288" w="125" /><ent r="5" t="288" w="125" /><ent r="5" t="288" w="179" /><ent r="4" t="288" w="720" /><ent r="4" t="288" w="720" /><ent r="3" t="288" w="739" /><ent r="3" t="288" w="739" /></phr></stem><stem n="handshak"><phr n="Handshake"><ent r="3" t="288" w="104" /><ent r="3" t="288" w="104" /><ent r="3" t="288" w="741" /><ent r="3" t="288" w="741" /></phr><phr n="handshaking"><ent r="5" t="288" w="140" /><ent r="5" t="288" w="140" /></phr></stem><stem n="clientclient"><phr n="clientclient"><ent r="5" t="288" w="139" /><ent r="5" t="288" w="396" /></phr></stem><stem n="initstr"><phr n="initstring"><ent r="5" t="288" w="162" /><ent r="5" t="288" w="162" /></phr></stem><stem n="dialstr"><phr n="dialstring"><ent r="5" t="288" w="164" /></phr></stem><stem n="circuit-switch"><phr n="circuit-switched"><ent r="5" t="288" w="190" /><ent r="5" t="288" w="190" /></phr></stem><stem n="packet-switch"><phr n="packet-switched"><ent r="5" t="288" w="193" /><ent r="5" t="288" w="193" /></phr></stem><stem n="dial"><phr n="dial"><ent r="3" t="288" w="279" /><ent r="3" t="288" w="279" /><ent r="3" t="288" w="298" /><ent r="3" t="288" w="298" /><ent r="5" t="288" w="440" /><ent r="5" t="288" w="440" /><ent r="6" t="312" w="355" /></phr><phr n="Dial"><ent r="4" t="288" w="320" /><ent r="4" t="288" w="320" /><ent r="3" t="288" w="365" /><ent r="3" t="288" w="365" /><ent r="6" t="288" w="435" /><ent r="6" t="288" w="435" /><ent r="3" t="288" w="515" /><ent r="3" t="288" w="515" /><ent r="6" t="312" w="714" /><ent r="6" t="312" w="714" /><ent r="6" t="312" w="836" /><ent r="6" t="312" w="836" /></phr><phr n="dialing"><ent r="3" t="288" w="921" /><ent r="5" t="312" w="718" /><ent r="5" t="312" w="718" /></phr><phr n="Dialing"><ent r="5" t="312" w="851" /></phr></stem><stem n="atd"><phr n="ATD"><ent r="3" t="288" w="282" /><ent r="3" t="288" w="296" /><ent r="5" t="288" w="452" /><ent r="3" t="288" w="960" /></phr></stem><stem n="t-mobil"><phr n="T-Mobile"><ent r="7" t="288" w="415" /><ent r="7" t="288" w="415" /></phr></stem><stem n="at+cgdcont"><phr n="AT+CGDCONT"><ent r="6" t="288" w="418" /><ent r="6" t="288" w="428" /></phr></stem><stem n="internet2"><phr n="internet2"><ent r="6" t="288" w="421" /></phr></stem><stem n="voicestream"><phr n="voicestream"><ent r="6" t="288" w="422" /></phr></stem><stem n="cingular"><phr n="Cingular"><ent r="7" t="288" w="426" /><ent r="7" t="288" w="426" /></phr><phr n="CINGULAR"><ent r="6" t="288" w="432" /></phr></stem><stem n="wap"><phr n="WAP"><ent r="6" t="288" w="431" /></phr></stem><stem n="caller"><phr n="Caller"><ent r="3" t="288" w="561" /><ent r="3" t="288" w="561" /><ent r="3" t="405" w="94" /><ent r="3" t="405" w="94" /></phr></stem><stem n="identif"><phr n="Identification"><ent r="3" t="288" w="562" /><ent r="3" t="288" w="906" /><ent r="3" t="288" w="906" /></phr><phr n="identification"><ent r="3" t="362" w="23" /><ent r="3" t="362" w="23" /></phr></stem><stem n="1-2"><phr n="1-2"><ent r="3" t="288" w="568" /></phr></stem><stem n="refus"><phr n="Refuse"><ent r="4" t="288" w="693" /><ent r="4" t="288" w="693" /><ent r="4" t="288" w="719" /><ent r="4" t="288" w="719" /></phr><phr n="refuses"><ent r="3" t="288" w="958" /><ent r="3" t="288" w="958" /></phr></stem><stem n="pap"><phr n="PAP"><ent r="4" t="288" w="694" /><ent r="4" t="288" w="694" /><ent r="3" t="288" w="709" /><ent r="3" t="288" w="709" /></phr></stem><stem n="enforc"><phr n="enforced"><ent r="3" t="288" w="714" /><ent r="3" t="288" w="714" /></phr></stem><stem n="accm"><phr n="ACCM"><ent r="4" t="288" w="746" /><ent r="4" t="288" w="746" /><ent r="3" t="288" w="749" /><ent r="3" t="288" w="749" /><ent r="3" t="288" w="765" /><ent r="3" t="288" w="765" /><ent r="3" t="288" w="797" /><ent r="3" t="288" w="797" /><ent r="4" t="288" w="815" /><ent r="4" t="288" w="815" /><ent r="3" t="288" w="818" /><ent r="3" t="288" w="818" /><ent r="3" t="288" w="835" /><ent r="3" t="288" w="835" /></phr></stem><stem n="asynchron"><phr n="Asynchronous"><ent r="3" t="288" w="750" /><ent r="3" t="288" w="750" /></phr></stem><stem n="lcp-negoti"><phr n="LCP-negotiated"><ent r="3" t="288" w="758" /><ent r="3" t="288" w="758" /></phr></stem><stem n="lcp"><phr n="LCP"><ent r="3" t="288" w="758" /><ent r="3" t="288" w="826" /><ent r="3" t="288" w="826" /><ent r="3" t="288" w="830" /><ent r="3" t="288" w="830" /></phr></stem><stem n="confreq"><phr n="CONFREQ"><ent r="3" t="288" w="763" /><ent r="3" t="288" w="763" /></phr></stem><stem n="escap"><phr n="escape"><ent r="3" t="288" w="769" /><ent r="3" t="288" w="769" /></phr></stem><stem n="router"><phr n="router"><ent r="3" t="288" w="786" /><ent r="3" t="288" w="786" /><ent r="3" t="296" w="55" /><ent r="3" t="296" w="95" /><ent r="3" t="296" w="95" /><ent r="3" t="297" w="507" /><ent r="3" t="297" w="543" /><ent r="3" t="297" w="543" /><ent r="3" t="297" w="588" /><ent r="3" t="297" w="605" /><ent r="3" t="297" w="605" /><ent r="3" t="297" w="642" /><ent r="3" t="297" w="642" /><ent r="5" t="297" w="693" /></phr><phr n="routers"><ent r="3" t="297" w="494" /><ent r="3" t="297" w="592" /><ent r="3" t="297" w="592" /><ent r="4" t="297" w="649" /><ent r="4" t="297" w="649" /></phr></stem><stem n="ffffffff"><phr n="FFFFFFFF"><ent r="3" t="288" w="805" /></phr></stem><stem n="configure-ack"><phr n="Configure-Ack"><ent r="3" t="288" w="831" /><ent r="3" t="288" w="831" /></phr></stem><stem n="ack"><phr n="Ack"><ent r="3" t="288" w="832" /></phr><phr n="ACK"><ent r="3" t="321" w="32" /><ent r="3" t="321" w="32" /><ent r="3" t="321" w="39" /><ent r="3" t="323" w="61" /><ent r="3" t="323" w="61" /><ent r="3" t="323" w="177" /><ent r="3" t="323" w="177" /><ent r="4" t="326" w="48" /><ent r="4" t="326" w="48" /><ent r="3" t="360" w="336" /><ent r="3" t="360" w="336" /><ent r="3" t="388" w="774" /><ent r="3" t="388" w="774" /><ent r="3" t="388" w="1583" /><ent r="3" t="388" w="1583" /></phr></stem><stem n="idl"><phr n="idle"><ent r="4" t="288" w="847" /><ent r="4" t="288" w="847" /><ent r="3" t="288" w="860" /><ent r="3" t="288" w="860" /><ent r="7" t="488" w="197" /></phr></stem><stem n="amount"><phr n="amount"><ent r="3" t="288" w="875" /><ent r="3" t="288" w="875" /><ent r="3" t="404" w="1207" /><ent r="3" t="404" w="1207" /><ent r="3" t="422" w="287" /><ent r="3" t="422" w="287" /><ent r="3" t="423" w="249" /><ent r="3" t="423" w="249" /><ent r="7" t="439" w="582" /><ent r="7" t="439" w="582" /></phr></stem><stem n="infinit"><phr n="infinite"><ent r="3" t="288" w="897" /><ent r="3" t="288" w="897" /></phr></stem><stem n="person"><phr n="Personal"><ent r="3" t="288" w="905" /><ent r="3" t="288" w="905" /><ent r="3" t="288" w="976" /><ent r="3" t="288" w="976" /></phr><phr n="personal"><ent r="3" t="314" w="139" /><ent r="3" t="314" w="139" /><ent r="3" t="327" w="27" /><ent r="3" t="327" w="27" /><ent r="3" t="397" w="35" /><ent r="3" t="397" w="35" /></phr><phr n="person"><ent r="10" t="348" w="716" /><ent r="10" t="348" w="716" /></phr></stem><stem n="unsuccess"><phr n="unsuccessful"><ent r="3" t="288" w="968" /><ent r="3" t="288" w="968" /></phr></stem><stem n="puk"><phr n="PUK"><ent r="3" t="288" w="975" /><ent r="3" t="288" w="975" /></phr></stem><stem n="unblock"><phr n="Unblocking"><ent r="3" t="288" w="977" /><ent r="3" t="288" w="977" /></phr></stem><stem n="appfil"><phr n="Appfile"><ent r="3" t="288" w="1022" /><ent r="3" t="288" w="1050" /></phr><phr n="AppFile"><ent r="7" t="314" w="854" /><ent r="7" t="314" w="858" /><ent r="7" t="314" w="858" /></phr><phr n="APPFILE"><ent r="65" t="319" w="240" /><ent r="65" t="319" w="240" /><ent r="67" t="330" w="87" /><ent r="67" t="330" w="87" /><ent r="3" t="348" w="51" /><ent r="3" t="348" w="51" /><ent r="65" t="359" w="356" /><ent r="65" t="359" w="356" /><ent r="1000" t="360" w="3" /><ent r="1000" t="360" w="3" /><ent r="92" t="360" w="10" /><ent r="92" t="360" w="10" /><ent r="65" t="379" w="141" /><ent r="65" t="379" w="141" /><ent r="1000" t="380" w="3" /><ent r="1000" t="380" w="3" /><ent r="92" t="380" w="11" /><ent r="92" t="380" w="11" /><ent r="65" t="380" w="72" /><ent r="65" t="380" w="72" /></phr></stem><stem n="sub-network"><phr n="sub-network"><ent r="3" t="289" w="18" /></phr></stem><stem n="e-mail"><phr n="E-Mail"><ent r="1000" t="290" w="3" /><ent r="1000" t="290" w="3" /><ent r="82" t="290" w="9" /><ent r="82" t="290" w="9" /><ent r="3" t="290" w="32" /><ent r="3" t="290" w="32" /><ent r="4" t="290" w="52" /><ent r="4" t="290" w="52" /><ent r="4" t="290" w="114" /><ent r="4" t="290" w="114" /><ent r="4" t="290" w="130" /><ent r="4" t="290" w="130" /><ent r="4" t="290" w="156" /><ent r="4" t="290" w="156" /><ent r="1000" t="291" w="3" /><ent r="1000" t="291" w="3" /><ent r="82" t="291" w="9" /><ent r="82" t="291" w="9" /><ent r="3" t="291" w="43" /><ent r="3" t="291" w="43" /><ent r="4" t="291" w="60" /><ent r="4" t="291" w="60" /><ent r="65" t="296" w="570" /><ent r="65" t="296" w="570" /></phr><phr n="e-mail"><ent r="3" t="290" w="63" /><ent r="3" t="290" w="63" /><ent r="3" t="290" w="81" /><ent r="3" t="290" w="81" /><ent r="3" t="290" w="102" /><ent r="3" t="290" w="102" /><ent r="3" t="290" w="124" /><ent r="3" t="290" w="124" /><ent r="3" t="290" w="147" /><ent r="3" t="290" w="147" /><ent r="3" t="290" w="173" /><ent r="3" t="290" w="173" /><ent r="3" t="291" w="22" /><ent r="3" t="291" w="22" /><ent r="3" t="291" w="55" /><ent r="3" t="291" w="55" /><ent r="3" t="291" w="100" /><ent r="3" t="291" w="100" /><ent r="3" t="291" w="111" /></phr><phr n="e-mailing"><ent r="3" t="404" w="719" /><ent r="3" t="404" w="719" /></phr></stem><stem n="mail"><phr n="Mail"><ent r="1000" t="290" w="4" /><ent r="82" t="290" w="10" /><ent r="3" t="290" w="33" /><ent r="4" t="290" w="53" /><ent r="4" t="290" w="115" /><ent r="4" t="290" w="131" /><ent r="4" t="290" w="157" /><ent r="1000" t="291" w="4" /><ent r="82" t="291" w="10" /><ent r="3" t="291" w="44" /><ent r="4" t="291" w="61" /><ent r="65" t="296" w="571" /></phr><phr n="mail"><ent r="3" t="290" w="64" /><ent r="3" t="290" w="76" /><ent r="3" t="290" w="76" /><ent r="3" t="290" w="82" /><ent r="3" t="290" w="103" /><ent r="3" t="290" w="125" /><ent r="3" t="290" w="148" /><ent r="3" t="290" w="174" /><ent r="3" t="291" w="23" /><ent r="3" t="291" w="56" /><ent r="3" t="291" w="101" /><ent r="3" t="291" w="112" /><ent r="3" t="404" w="1703" /><ent r="3" t="404" w="1703" /></phr><phr n="mailing"><ent r="3" t="404" w="720" /></phr></stem><stem n="smtp"><phr n="SMTP"><ent r="3" t="290" w="48" /><ent r="3" t="290" w="48" /><ent r="4" t="290" w="69" /><ent r="4" t="290" w="69" /><ent r="3" t="290" w="74" /><ent r="3" t="290" w="74" /><ent r="4" t="290" w="88" /><ent r="4" t="290" w="88" /><ent r="3" t="290" w="93" /><ent r="3" t="290" w="93" /><ent r="3" t="290" w="108" /><ent r="3" t="290" w="108" /><ent r="3" t="290" w="151" /><ent r="3" t="290" w="151" /><ent r="3" t="290" w="177" /><ent r="3" t="290" w="177" /></phr></stem><stem n="outgo"><phr n="outgoing"><ent r="3" t="290" w="75" /><ent r="3" t="290" w="75" /></phr></stem><stem n="443"><phr n="443"><ent r="3" t="292" w="59" /></phr></stem><stem n="56-bit"><phr n="56-bit"><ent r="3" t="292" w="86" /><ent r="3" t="292" w="86" /></phr></stem><stem n="grade"><phr n="grade"><ent r="3" t="292" w="99" /><ent r="3" t="292" w="99" /><ent r="3" t="400" w="879" /><ent r="3" t="400" w="879" /></phr></stem><stem n="ssl3"><phr n="ssl3"><ent r="3" t="292" w="105" /></phr></stem><stem n="rsa_1024_rc4_56_sha"><phr n="rsa_1024_rc4_56_sha"><ent r="3" t="292" w="106" /><ent r="3" t="292" w="106" /></phr></stem><stem n="config"><phr n="config"><ent r="3" t="292" w="112" /><ent r="3" t="292" w="112" /></phr><phr n="Config"><ent r="3" t="373" w="339" /><ent r="3" t="377" w="365" /></phr></stem><stem n="proxi"><phr n="Proxy"><ent r="1000" t="293" w="3" /><ent r="1000" t="293" w="3" /><ent r="82" t="293" w="7" /><ent r="82" t="293" w="7" /><ent r="64" t="305" w="65" /><ent r="64" t="305" w="65" /></phr><phr n="proxy"><ent r="3" t="293" w="15" /><ent r="3" t="293" w="15" /><ent r="4" t="293" w="23" /><ent r="4" t="293" w="23" /><ent r="3" t="293" w="35" /><ent r="3" t="293" w="35" /><ent r="4" t="293" w="60" /><ent r="4" t="293" w="60" /><ent r="4" t="293" w="72" /><ent r="4" t="293" w="72" /><ent r="3" t="305" w="41" /><ent r="3" t="305" w="41" /></phr></stem><stem n="companyx"><phr n="companyx"><ent r="4" t="293" w="101" /><ent r="4" t="293" w="107" /></phr></stem><stem n="anyon"><phr n="anyone"><ent r="3" t="294" w="48" /><ent r="3" t="294" w="48" /><ent r="3" t="404" w="1103" /><ent r="3" t="404" w="1103" /></phr></stem><stem n="preconfigur"><phr n="preconfigured"><ent r="3" t="295" w="83" /><ent r="3" t="295" w="83" /></phr></stem><stem n="offshor"><phr n="offshore"><ent r="3" t="295" w="160" /><ent r="3" t="295" w="160" /></phr></stem><stem n="nanosecond"><phr n="nanoseconds"><ent r="3" t="295" w="226" /><ent r="3" t="295" w="226" /></phr><phr n="Nanoseconds"><ent r="6" t="353" w="798" /><ent r="6" t="353" w="798" /><ent r="6" t="353" w="816" /></phr></stem><stem n="ddn"><phr n="DDNS"><ent r="1000" t="296" w="1" /><ent r="1000" t="296" w="1" /><ent r="82" t="296" w="4" /><ent r="82" t="296" w="4" /><ent r="3" t="296" w="16" /><ent r="3" t="296" w="88" /><ent r="3" t="296" w="88" /><ent r="3" t="296" w="101" /><ent r="3" t="296" w="101" /><ent r="3" t="296" w="124" /><ent r="3" t="296" w="124" /><ent r="3" t="296" w="146" /><ent r="5" t="296" w="168" /><ent r="5" t="296" w="168" /><ent r="7" t="296" w="250" /><ent r="7" t="296" w="250" /><ent r="3" t="296" w="350" /><ent r="3" t="296" w="350" /><ent r="3" t="296" w="362" /><ent r="3" t="296" w="362" /><ent r="3" t="296" w="414" /><ent r="3" t="296" w="414" /><ent r="3" t="296" w="462" /><ent r="3" t="296" w="462" /><ent r="3" t="296" w="560" /><ent r="3" t="296" w="560" /><ent r="4" t="296" w="581" /><ent r="4" t="296" w="581" /></phr></stem><stem n="ddsn"><phr n="DDSN"><ent r="3" t="296" w="30" /><ent r="3" t="296" w="30" /></phr></stem><stem n="inbuilt"><phr n="inbuilt"><ent r="3" t="296" w="100" /><ent r="3" t="296" w="100" /></phr></stem><stem n="randomli"><phr n="randomly"><ent r="3" t="296" w="121" /><ent r="3" t="296" w="121" /></phr></stem><stem n="dyndn"><phr n="DynDNS"><ent r="5" t="296" w="173" /><ent r="5" t="296" w="173" /></phr><phr n="dyndns"><ent r="66" t="296" w="176" /><ent r="64" t="296" w="368" /><ent r="3" t="296" w="372" /><ent r="64" t="296" w="405" /><ent r="66" t="296" w="417" /><ent r="3" t="296" w="441" /></phr></stem><stem n="rcv"><phr n="rcv"><ent r="7" t="296" w="288" /></phr><phr n="Rcv"><ent r="3" t="402" w="1849" /></phr></stem><stem n="expect"><phr n="expected"><ent r="7" t="296" w="313" /><ent r="7" t="296" w="329" /><ent r="3" t="321" w="87" /><ent r="3" t="321" w="87" /><ent r="3" t="323" w="244" /><ent r="3" t="323" w="244" /><ent r="3" t="326" w="73" /><ent r="3" t="326" w="73" /><ent r="4" t="402" w="488" /><ent r="4" t="402" w="488" /><ent r="6" t="402" w="508" /><ent r="6" t="402" w="508" /><ent r="3" t="402" w="1081" /><ent r="3" t="402" w="1081" /><ent r="3" t="402" w="1210" /><ent r="3" t="402" w="1210" /><ent r="3" t="402" w="1274" /><ent r="3" t="402" w="1274" /><ent r="5" t="422" w="542" /><ent r="5" t="422" w="542" /><ent r="5" t="427" w="376" /><ent r="5" t="427" w="376" /></phr><phr n="expect"><ent r="3" t="327" w="29" /><ent r="3" t="327" w="29" /><ent r="3" t="397" w="39" /></phr><phr n="Expected"><ent r="7" t="432" w="322" /><ent r="7" t="432" w="322" /><ent r="7" t="432" w="343" /><ent r="7" t="432" w="343" /><ent r="7" t="432" w="364" /><ent r="7" t="432" w="364" /><ent r="7" t="432" w="386" /><ent r="7" t="432" w="386" /><ent r="7" t="432" w="410" /><ent r="7" t="432" w="410" /><ent r="7" t="432" w="434" /><ent r="7" t="432" w="434" /><ent r="7" t="432" w="459" /><ent r="7" t="432" w="459" /><ent r="7" t="474" w="70" /><ent r="7" t="474" w="70" /><ent r="7" t="474" w="85" /><ent r="7" t="474" w="85" /><ent r="7" t="474" w="100" /><ent r="7" t="474" w="100" /></phr></stem><stem n="org"><phr n="org"><ent r="3" t="296" w="373" /><ent r="3" t="296" w="373" /><ent r="66" t="296" w="422" /><ent r="66" t="296" w="422" /><ent r="3" t="296" w="442" /><ent r="66" t="308" w="110" /><ent r="64" t="393" w="579" /><ent r="64" t="393" w="579" /></phr></stem><stem n="routabl"><phr n="routable"><ent r="3" t="296" w="385" /><ent r="3" t="296" w="385" /></phr></stem><stem n="freedn"><phr n="freedns"><ent r="66" t="296" w="420" /></phr></stem><stem n="afraid"><phr n="afraid"><ent r="66" t="296" w="421" /></phr></stem><stem n="zoneedit"><phr n="zoneedit"><ent r="66" t="296" w="424" /></phr></stem><stem n="no-ip"><phr n="no-ip"><ent r="66" t="296" w="427" /></phr></stem><stem n="exist"><phr n="existing"><ent r="3" t="296" w="436" /><ent r="3" t="296" w="436" /><ent r="3" t="302" w="16" /><ent r="3" t="302" w="16" /><ent r="3" t="302" w="23" /><ent r="3" t="302" w="23" /><ent r="3" t="359" w="153" /><ent r="3" t="359" w="153" /><ent r="3" t="362" w="283" /><ent r="3" t="362" w="283" /></phr><phr n="exists"><ent r="3" t="326" w="101" /><ent r="3" t="382" w="102" /><ent r="3" t="382" w="102" /><ent r="4" t="402" w="565" /><ent r="4" t="402" w="565" /></phr><phr n="exist"><ent r="7" t="396" w="110" /><ent r="7" t="396" w="110" /></phr></stem><stem n="sitealphabas"><phr n="SiteAlphaBase"><ent r="3" t="296" w="440" /></phr></stem><stem n="chose"><phr n="chose"><ent r="3" t="296" w="456" /><ent r="3" t="296" w="456" /></phr></stem><stem n="40320"><phr n="40320"><ent r="3" t="296" w="526" /><ent r="3" t="296" w="526" /></phr></stem><stem n="plai"><phr n="Play"><ent r="1000" t="297" w="6" /><ent r="1000" t="297" w="6" /><ent r="82" t="297" w="13" /><ent r="82" t="297" w="13" /><ent r="3" t="297" w="318" /><ent r="3" t="297" w="318" /></phr></stem><stem n="datafil"><phr n="datafiles"><ent r="3" t="297" w="52" /></phr></stem><stem n="bonjour"><phr n="Bonjour"><ent r="3" t="297" w="95" /><ent r="3" t="297" w="95" /><ent r="3" t="297" w="123" /><ent r="3" t="297" w="123" /><ent r="3" t="297" w="132" /><ent r="3" t="297" w="132" /><ent r="3" t="297" w="163" /><ent r="3" t="297" w="163" /><ent r="5" t="297" w="242" /><ent r="5" t="297" w="242" /><ent r="5" t="297" w="267" /><ent r="5" t="297" w="267" /><ent r="3" t="297" w="273" /><ent r="3" t="297" w="273" /><ent r="3" t="297" w="328" /><ent r="3" t="297" w="328" /><ent r="3" t="297" w="340" /><ent r="3" t="297" w="340" /><ent r="3" t="297" w="386" /></phr></stem><stem n="bonjour_for_window"><phr n="Bonjour_for_Windows"><ent r="64" t="297" w="141" /><ent r="64" t="297" w="141" /></phr></stem><stem n="icon"><phr n="icon"><ent r="3" t="297" w="152" /><ent r="3" t="297" w="152" /><ent r="5" t="311" w="359" /><ent r="5" t="311" w="364" /><ent r="5" t="311" w="364" /><ent r="3" t="402" w="1009" /><ent r="3" t="402" w="1009" /><ent r="3" t="421" w="76" /><ent r="3" t="421" w="76" /><ent r="3" t="421" w="129" /><ent r="3" t="421" w="129" /><ent r="3" t="421" w="158" /><ent r="3" t="421" w="158" /><ent r="3" t="421" w="173" /><ent r="3" t="421" w="173" /><ent r="4" t="421" w="258" /></phr></stem></index>