<?xml version="1.0" encoding="utf-8"?><index><!-- saved from url=(0016)http://localhost -->
<stem n="exactli"><phr n="exactly"><ent r="3" t="4" w="171" /><ent r="3" t="4" w="171" /><ent r="7" t="235" w="3584" /><ent r="7" t="235" w="3584" /></phr></stem><stem n="like"><phr n="like"><ent r="3" t="4" w="172" /><ent r="3" t="4" w="172" /><ent r="3" t="6" w="109" /><ent r="3" t="6" w="109" /><ent r="4" t="26" w="181" /><ent r="3" t="35" w="34" /><ent r="3" t="35" w="34" /><ent r="3" t="43" w="370" /><ent r="3" t="43" w="370" /><ent r="4" t="58" w="181" /><ent r="3" t="87" w="34" /><ent r="3" t="87" w="34" /><ent r="4" t="109" w="181" /><ent r="6" t="111" w="255" /><ent r="6" t="111" w="255" /><ent r="3" t="115" w="55" /><ent r="3" t="115" w="55" /><ent r="3" t="117" w="34" /><ent r="3" t="117" w="34" /><ent r="7" t="131" w="344" /><ent r="7" t="131" w="344" /><ent r="7" t="134" w="251" /><ent r="7" t="134" w="251" /><ent r="3" t="138" w="57" /><ent r="3" t="138" w="57" /><ent r="3" t="140" w="34" /><ent r="3" t="140" w="34" /><ent r="3" t="146" w="366" /><ent r="3" t="146" w="366" /><ent r="3" t="146" w="406" /><ent r="3" t="146" w="406" /><ent r="4" t="183" w="181" /><ent r="3" t="191" w="34" /><ent r="3" t="191" w="34" /><ent r="4" t="209" w="181" /><ent r="3" t="216" w="55" /><ent r="3" t="216" w="55" /><ent r="7" t="235" w="3585" /><ent r="7" t="235" w="3585" /><ent r="7" t="242" w="214" /><ent r="7" t="242" w="214" /><ent r="3" t="398" w="2551" /><ent r="3" t="398" w="2551" /><ent r="3" t="398" w="2798" /><ent r="3" t="398" w="2798" /><ent r="3" t="398" w="2949" /><ent r="3" t="398" w="2949" /><ent r="5" t="400" w="2279" /><ent r="5" t="400" w="2279" /><ent r="5" t="400" w="2302" /><ent r="5" t="400" w="2302" /><ent r="3" t="402" w="897" /><ent r="3" t="402" w="897" /><ent r="5" t="422" w="480" /><ent r="5" t="422" w="480" /></phr><phr n="likely"><ent r="3" t="348" w="136" /><ent r="3" t="348" w="136" /><ent r="7" t="474" w="119" /><ent r="7" t="474" w="119" /><ent r="7" t="474" w="131" /><ent r="7" t="474" w="131" /><ent r="7" t="474" w="145" /><ent r="7" t="474" w="145" /></phr><phr n="Like"><ent r="3" t="399" w="686" /><ent r="3" t="399" w="686" /><ent r="3" t="399" w="825" /><ent r="3" t="399" w="825" /><ent r="3" t="399" w="963" /><ent r="3" t="399" w="963" /><ent r="3" t="399" w="1126" /><ent r="3" t="399" w="1126" /></phr></stem><stem n="home"><phr n="home"><ent r="3" t="4" w="186" /><ent r="3" t="4" w="186" /></phr><phr n="Home"><ent r="5" t="278" w="676" /><ent r="5" t="278" w="676" /><ent r="3" t="405" w="432" /><ent r="3" t="405" w="432" /><ent r="4" t="421" w="74" /><ent r="4" t="421" w="74" /></phr></stem><stem n="page"><phr n="page"><ent r="3" t="4" w="187" /><ent r="3" t="4" w="187" /><ent r="3" t="12" w="394" /><ent r="3" t="12" w="394" /><ent r="3" t="12" w="466" /><ent r="3" t="12" w="466" /><ent r="3" t="12" w="524" /><ent r="3" t="12" w="524" /><ent r="3" t="239" w="10" /><ent r="3" t="239" w="10" /><ent r="3" t="240" w="12" /><ent r="3" t="240" w="12" /><ent r="3" t="241" w="10" /><ent r="3" t="241" w="10" /><ent r="3" t="242" w="10" /><ent r="3" t="242" w="10" /><ent r="3" t="242" w="1804" /><ent r="3" t="242" w="1804" /><ent r="3" t="244" w="10" /><ent r="3" t="244" w="10" /><ent r="3" t="244" w="766" /><ent r="3" t="244" w="766" /><ent r="3" t="245" w="14" /><ent r="3" t="245" w="14" /><ent r="3" t="245" w="70" /><ent r="3" t="245" w="70" /><ent r="3" t="245" w="96" /><ent r="3" t="245" w="96" /><ent r="3" t="248" w="10" /><ent r="3" t="248" w="10" /><ent r="5" t="252" w="416" /><ent r="5" t="252" w="461" /><ent r="3" t="253" w="13" /><ent r="3" t="253" w="13" /><ent r="3" t="253" w="87" /><ent r="3" t="254" w="90" /><ent r="5" t="254" w="131" /><ent r="5" t="254" w="174" /><ent r="3" t="255" w="8" /><ent r="3" t="255" w="8" /><ent r="3" t="256" w="13" /><ent r="3" t="256" w="13" /><ent r="3" t="257" w="13" /><ent r="3" t="257" w="13" /><ent r="3" t="258" w="11" /><ent r="3" t="258" w="11" /><ent r="3" t="259" w="11" /><ent r="3" t="259" w="11" /><ent r="3" t="263" w="10" /><ent r="3" t="263" w="10" /><ent r="3" t="266" w="9" /><ent r="3" t="266" w="9" /><ent r="3" t="268" w="11" /><ent r="3" t="268" w="11" /><ent r="3" t="270" w="11" /><ent r="3" t="270" w="11" /><ent r="3" t="271" w="188" /><ent r="3" t="271" w="188" /><ent r="3" t="275" w="14" /><ent r="3" t="275" w="14" /><ent r="3" t="276" w="341" /><ent r="3" t="276" w="447" /><ent r="5" t="276" w="1237" /><ent r="3" t="276" w="1743" /><ent r="3" t="276" w="1815" /><ent r="3" t="276" w="1891" /><ent r="3" t="276" w="1917" /><ent r="3" t="276" w="2111" /><ent r="3" t="276" w="2212" /><ent r="3" t="276" w="2450" /><ent r="3" t="276" w="2775" /><ent r="3" t="276" w="3019" /><ent r="3" t="276" w="3070" /><ent r="3" t="276" w="3284" /><ent r="3" t="278" w="10" /><ent r="3" t="278" w="10" /><ent r="3" t="279" w="13" /><ent r="3" t="279" w="13" /><ent r="3" t="279" w="439" /><ent r="3" t="279" w="547" /><ent r="3" t="279" w="547" /><ent r="3" t="281" w="8" /><ent r="3" t="281" w="8" /><ent r="3" t="282" w="9" /><ent r="3" t="282" w="9" /><ent r="3" t="283" w="8" /><ent r="3" t="283" w="8" /><ent r="3" t="284" w="9" /><ent r="3" t="284" w="9" /><ent r="3" t="284" w="47" /><ent r="3" t="284" w="156" /><ent r="3" t="284" w="1293" /><ent r="3" t="287" w="13" /><ent r="3" t="287" w="13" /><ent r="3" t="287" w="163" /><ent r="3" t="287" w="163" /><ent r="3" t="287" w="199" /><ent r="3" t="287" w="199" /><ent r="3" t="289" w="34" /><ent r="3" t="289" w="34" /><ent r="3" t="299" w="9" /><ent r="3" t="299" w="9" /><ent r="3" t="299" w="23" /><ent r="3" t="299" w="23" /><ent r="3" t="304" w="10" /><ent r="3" t="304" w="10" /><ent r="3" t="304" w="362" /><ent r="3" t="304" w="362" /><ent r="3" t="305" w="112" /><ent r="5" t="308" w="238" /><ent r="5" t="312" w="966" /><ent r="5" t="312" w="966" /><ent r="3" t="314" w="1265" /><ent r="3" t="314" w="1265" /><ent r="3" t="314" w="1337" /><ent r="3" t="314" w="1337" /><ent r="6" t="333" w="153" /><ent r="6" t="333" w="153" /><ent r="6" t="334" w="160" /><ent r="6" t="334" w="160" /><ent r="6" t="334" w="162" /><ent r="6" t="334" w="162" /><ent r="7" t="334" w="169" /><ent r="7" t="334" w="169" /><ent r="7" t="334" w="171" /><ent r="7" t="334" w="171" /><ent r="6" t="334" w="268" /><ent r="6" t="334" w="268" /><ent r="6" t="338" w="644" /><ent r="6" t="338" w="644" /><ent r="6" t="338" w="664" /><ent r="6" t="338" w="664" /><ent r="6" t="345" w="647" /><ent r="6" t="345" w="647" /><ent r="6" t="345" w="667" /><ent r="6" t="345" w="667" /><ent r="6" t="346" w="543" /><ent r="6" t="346" w="543" /><ent r="6" t="346" w="563" /><ent r="6" t="346" w="563" /><ent r="3" t="348" w="147" /><ent r="3" t="348" w="147" /><ent r="3" t="348" w="180" /><ent r="3" t="348" w="180" /><ent r="6" t="348" w="397" /><ent r="6" t="348" w="397" /><ent r="7" t="348" w="437" /><ent r="7" t="348" w="437" /><ent r="7" t="348" w="448" /><ent r="7" t="348" w="448" /><ent r="3" t="359" w="413" /><ent r="3" t="359" w="413" /><ent r="3" t="359" w="451" /><ent r="3" t="359" w="451" /><ent r="6" t="360" w="160" /><ent r="6" t="360" w="182" /><ent r="6" t="360" w="182" /><ent r="3" t="361" w="43" /><ent r="3" t="361" w="43" /><ent r="6" t="381" w="91" /><ent r="6" t="381" w="91" /><ent r="6" t="381" w="136" /><ent r="6" t="381" w="136" /><ent r="6" t="382" w="331" /><ent r="6" t="382" w="352" /><ent r="3" t="393" w="181" /><ent r="3" t="393" w="181" /><ent r="7" t="396" w="102" /><ent r="7" t="396" w="102" /><ent r="7" t="396" w="129" /><ent r="5" t="398" w="996" /><ent r="5" t="398" w="1012" /><ent r="5" t="398" w="1533" /><ent r="5" t="398" w="1569" /><ent r="5" t="398" w="2409" /><ent r="3" t="401" w="398" /><ent r="3" t="401" w="398" /><ent r="3" t="401" w="427" /><ent r="3" t="402" w="248" /><ent r="3" t="402" w="248" /><ent r="3" t="405" w="445" /><ent r="3" t="421" w="39" /><ent r="3" t="421" w="39" /><ent r="3" t="421" w="106" /><ent r="3" t="421" w="106" /><ent r="4" t="422" w="832" /><ent r="4" t="422" w="906" /><ent r="3" t="423" w="160" /><ent r="3" t="423" w="160" /><ent r="3" t="423" w="220" /><ent r="3" t="423" w="220" /><ent r="3" t="423" w="367" /><ent r="3" t="423" w="367" /><ent r="3" t="423" w="440" /><ent r="3" t="423" w="440" /><ent r="5" t="427" w="685" /><ent r="7" t="443" w="180" /><ent r="7" t="443" w="186" /><ent r="7" t="443" w="186" /><ent r="7" t="443" w="193" /><ent r="7" t="443" w="193" /><ent r="55" t="469" w="18" /><ent r="55" t="469" w="18" /><ent r="55" t="469" w="36" /><ent r="55" t="469" w="36" /><ent r="55" t="469" w="50" /><ent r="55" t="469" w="50" /><ent r="55" t="469" w="65" /><ent r="55" t="469" w="65" /><ent r="3" t="498" w="47" /><ent r="3" t="498" w="47" /></phr><phr n="pages"><ent r="3" t="236" w="47" /><ent r="3" t="236" w="47" /><ent r="3" t="241" w="54" /><ent r="3" t="246" w="238" /><ent r="3" t="246" w="238" /><ent r="3" t="348" w="165" /><ent r="3" t="348" w="165" /><ent r="3" t="348" w="217" /><ent r="3" t="348" w="217" /><ent r="3" t="348" w="228" /><ent r="3" t="348" w="228" /><ent r="6" t="348" w="388" /><ent r="6" t="348" w="388" /><ent r="7" t="348" w="424" /><ent r="7" t="348" w="424" /><ent r="6" t="348" w="482" /><ent r="6" t="348" w="482" /><ent r="6" t="348" w="495" /><ent r="6" t="348" w="495" /><ent r="6" t="348" w="499" /><ent r="6" t="348" w="499" /><ent r="3" t="359" w="403" /><ent r="3" t="359" w="428" /><ent r="3" t="359" w="428" /><ent r="3" t="359" w="437" /><ent r="3" t="359" w="437" /><ent r="3" t="359" w="480" /><ent r="3" t="359" w="480" /><ent r="3" t="359" w="490" /><ent r="3" t="359" w="490" /><ent r="3" t="359" w="518" /><ent r="3" t="359" w="518" /><ent r="3" t="359" w="535" /><ent r="3" t="359" w="535" /><ent r="3" t="359" w="600" /><ent r="3" t="359" w="600" /><ent r="3" t="360" w="327" /><ent r="3" t="360" w="327" /><ent r="3" t="361" w="55" /><ent r="3" t="361" w="55" /><ent r="3" t="382" w="131" /><ent r="3" t="382" w="131" /><ent r="3" t="382" w="153" /><ent r="3" t="382" w="153" /><ent r="3" t="382" w="186" /><ent r="7" t="396" w="100" /></phr><phr n="Pages"><ent r="6" t="314" w="733" /><ent r="6" t="314" w="733" /><ent r="6" t="314" w="938" /><ent r="6" t="314" w="938" /><ent r="6" t="334" w="182" /><ent r="6" t="334" w="182" /></phr><phr n="PAGE"><ent r="6" t="333" w="141" /><ent r="6" t="333" w="141" /><ent r="6" t="334" w="148" /><ent r="6" t="334" w="148" /><ent r="3" t="359" w="405" /><ent r="3" t="359" w="405" /><ent r="3" t="359" w="418" /><ent r="3" t="359" w="418" /><ent r="6" t="360" w="143" /><ent r="6" t="360" w="143" /><ent r="6" t="360" w="165" /><ent r="6" t="360" w="165" /><ent r="3" t="382" w="140" /><ent r="3" t="382" w="140" /><ent r="3" t="382" w="144" /><ent r="3" t="382" w="144" /><ent r="6" t="382" w="317" /><ent r="6" t="382" w="317" /><ent r="6" t="382" w="336" /><ent r="6" t="382" w="336" /><ent r="7" t="396" w="117" /><ent r="7" t="396" w="117" /><ent r="7" t="396" w="134" /><ent r="7" t="396" w="134" /><ent r="3" t="429" w="22" /><ent r="3" t="429" w="22" /></phr><phr n="Page"><ent r="6" t="334" w="158" /><ent r="6" t="334" w="158" /><ent r="6" t="348" w="377" /><ent r="6" t="348" w="377" /><ent r="6" t="348" w="383" /><ent r="6" t="348" w="383" /><ent r="7" t="348" w="430" /><ent r="7" t="348" w="430" /><ent r="6" t="382" w="326" /><ent r="6" t="382" w="326" /><ent r="6" t="382" w="345" /><ent r="6" t="382" w="345" /><ent r="68" t="395" w="262" /><ent r="68" t="395" w="262" /><ent r="7" t="395" w="268" /><ent r="7" t="395" w="268" /><ent r="3" t="399" w="3571" /><ent r="3" t="399" w="3571" /><ent r="3" t="399" w="3592" /><ent r="3" t="399" w="3592" /><ent r="3" t="399" w="3634" /><ent r="3" t="399" w="3634" /><ent r="3" t="399" w="3663" /><ent r="3" t="399" w="3663" /><ent r="3" t="399" w="3666" /><ent r="3" t="399" w="3666" /><ent r="3" t="399" w="3709" /><ent r="3" t="401" w="494" /><ent r="3" t="401" w="494" /><ent r="3" t="401" w="556" /><ent r="3" t="401" w="556" /><ent r="7" t="431" w="188" /><ent r="7" t="431" w="188" /><ent r="7" t="443" w="173" /><ent r="7" t="443" w="173" /><ent r="7" t="443" w="176" /><ent r="7" t="443" w="176" /></phr><phr n="paging"><ent r="82" t="359" w="364" /><ent r="82" t="359" w="364" /><ent r="65" t="380" w="100" /><ent r="65" t="380" w="100" /></phr></stem><stem n="http"><phr n="http"><ent r="64" t="4" w="190" /><ent r="64" t="12" w="552" /><ent r="68" t="235" w="3617" /><ent r="64" t="246" w="28" /><ent r="4" t="246" w="287" /><ent r="4" t="276" w="1279" /><ent r="4" t="293" w="106" /><ent r="64" t="297" w="136" /><ent r="66" t="308" w="107" /><ent r="66" t="308" w="229" /><ent r="4" t="309" w="166" /><ent r="4" t="309" w="181" /><ent r="64" t="314" w="32" /><ent r="64" t="315" w="35" /><ent r="65" t="317" w="194" /></phr><phr n="HTTP"><ent r="6" t="14" w="128" /><ent r="6" t="14" w="128" /><ent r="6" t="45" w="128" /><ent r="6" t="45" w="128" /><ent r="6" t="70" w="180" /><ent r="6" t="70" w="180" /><ent r="6" t="96" w="174" /><ent r="6" t="96" w="174" /><ent r="6" t="125" w="178" /><ent r="6" t="125" w="178" /><ent r="6" t="173" w="121" /><ent r="6" t="173" w="121" /><ent r="6" t="199" w="191" /><ent r="6" t="199" w="191" /><ent r="6" t="224" w="199" /><ent r="6" t="224" w="199" /><ent r="7" t="235" w="2191" /><ent r="7" t="235" w="2193" /><ent r="7" t="235" w="2193" /><ent r="7" t="235" w="2209" /><ent r="7" t="235" w="2209" /><ent r="7" t="235" w="2215" /><ent r="7" t="235" w="2215" /><ent r="7" t="235" w="2372" /><ent r="7" t="235" w="2372" /><ent r="4" t="276" w="832" /><ent r="3" t="285" w="24" /><ent r="3" t="285" w="24" /><ent r="4" t="286" w="188" /><ent r="4" t="286" w="188" /><ent r="3" t="286" w="205" /><ent r="3" t="286" w="205" /><ent r="1000" t="292" w="3" /><ent r="1000" t="292" w="3" /><ent r="82" t="292" w="7" /><ent r="82" t="292" w="7" /><ent r="3" t="292" w="15" /><ent r="3" t="292" w="15" /><ent r="4" t="292" w="26" /><ent r="4" t="292" w="26" /><ent r="3" t="292" w="36" /><ent r="3" t="292" w="36" /><ent r="4" t="292" w="44" /><ent r="4" t="292" w="44" /><ent r="3" t="292" w="79" /><ent r="3" t="292" w="79" /><ent r="4" t="293" w="22" /><ent r="4" t="293" w="22" /><ent r="4" t="293" w="59" /><ent r="4" t="293" w="59" /><ent r="4" t="293" w="71" /><ent r="4" t="293" w="71" /><ent r="3" t="297" w="287" /><ent r="3" t="297" w="287" /><ent r="4" t="297" w="485" /><ent r="4" t="297" w="485" /><ent r="3" t="297" w="550" /><ent r="3" t="297" w="550" /><ent r="3" t="297" w="661" /><ent r="3" t="297" w="661" /><ent r="4" t="309" w="74" /><ent r="4" t="309" w="74" /><ent r="3" t="309" w="82" /><ent r="3" t="309" w="82" /><ent r="3" t="309" w="87" /><ent r="3" t="309" w="87" /><ent r="3" t="309" w="95" /><ent r="3" t="309" w="95" /><ent r="3" t="421" w="424" /><ent r="3" t="421" w="424" /></phr><phr n="HTTPS"><ent r="3" t="292" w="54" /><ent r="3" t="292" w="54" /><ent r="3" t="292" w="68" /><ent r="3" t="292" w="68" /></phr></stem><stem n="gov"><phr n="gov"><ent r="64" t="4" w="193" /><ent r="64" t="4" w="193" /><ent r="68" t="235" w="3620" /><ent r="68" t="235" w="3620" /></phr></stem><stem n="sbas+"><phr n="SBAS+"><ent r="3" t="4" w="201" /><ent r="3" t="4" w="201" /><ent r="3" t="4" w="229" /><ent r="3" t="4" w="229" /><ent r="3" t="4" w="250" /><ent r="3" t="4" w="250" /><ent r="8" t="242" w="463" /><ent r="8" t="242" w="463" /><ent r="6" t="363" w="592" /><ent r="6" t="363" w="592" /></phr></stem><stem n="allow"><phr n="allows"><ent r="3" t="4" w="204" /><ent r="3" t="4" w="204" /><ent r="6" t="24" w="185" /><ent r="6" t="24" w="185" /><ent r="6" t="55" w="185" /><ent r="6" t="55" w="185" /><ent r="3" t="69" w="71" /><ent r="3" t="69" w="71" /><ent r="6" t="78" w="80" /><ent r="6" t="78" w="80" /><ent r="6" t="106" w="185" /><ent r="6" t="106" w="185" /><ent r="7" t="131" w="80" /><ent r="7" t="131" w="80" /><ent r="3" t="160" w="21" /><ent r="3" t="160" w="21" /><ent r="6" t="181" w="371" /><ent r="6" t="181" w="371" /><ent r="6" t="207" w="364" /><ent r="6" t="207" w="364" /><ent r="3" t="223" w="15" /><ent r="3" t="223" w="15" /><ent r="7" t="235" w="1839" /><ent r="7" t="235" w="1839" /><ent r="7" t="235" w="2425" /><ent r="7" t="235" w="2425" /><ent r="7" t="267" w="217" /><ent r="7" t="267" w="217" /><ent r="3" t="276" w="475" /><ent r="3" t="276" w="475" /><ent r="3" t="276" w="2070" /><ent r="3" t="276" w="2070" /><ent r="3" t="288" w="829" /><ent r="3" t="288" w="829" /><ent r="3" t="295" w="49" /><ent r="3" t="295" w="49" /><ent r="3" t="309" w="106" /><ent r="3" t="309" w="106" /><ent r="3" t="314" w="1334" /><ent r="3" t="314" w="1334" /><ent r="3" t="316" w="21" /><ent r="3" t="316" w="21" /><ent r="3" t="316" w="35" /><ent r="3" t="316" w="35" /><ent r="3" t="359" w="268" /><ent r="3" t="359" w="268" /><ent r="3" t="395" w="286" /><ent r="3" t="395" w="286" /><ent r="3" t="398" w="2744" /><ent r="3" t="398" w="2744" /><ent r="3" t="409" w="273" /><ent r="3" t="409" w="273" /><ent r="3" t="427" w="15" /><ent r="3" t="427" w="15" /><ent r="3" t="502" w="35" /></phr><phr n="allow"><ent r="3" t="13" w="81" /><ent r="3" t="13" w="81" /><ent r="3" t="44" w="81" /><ent r="3" t="44" w="81" /><ent r="3" t="69" w="233" /><ent r="3" t="69" w="233" /><ent r="3" t="147" w="81" /><ent r="3" t="147" w="81" /><ent r="3" t="172" w="81" /><ent r="3" t="172" w="81" /><ent r="3" t="198" w="81" /><ent r="3" t="198" w="81" /><ent r="7" t="235" w="391" /><ent r="7" t="235" w="391" /><ent r="3" t="246" w="255" /><ent r="3" t="246" w="255" /><ent r="5" t="270" w="385" /><ent r="5" t="270" w="385" /><ent r="6" t="388" w="1125" /><ent r="6" t="388" w="1125" /><ent r="6" t="388" w="1420" /><ent r="6" t="388" w="1420" /><ent r="3" t="404" w="1167" /><ent r="3" t="404" w="1167" /><ent r="3" t="404" w="1315" /><ent r="3" t="404" w="1315" /><ent r="3" t="463" w="105" /><ent r="3" t="463" w="105" /><ent r="54" t="486" w="48" /><ent r="54" t="486" w="48" /></phr><phr n="allowing"><ent r="3" t="124" w="168" /><ent r="3" t="124" w="168" /><ent r="7" t="235" w="3270" /><ent r="7" t="235" w="3270" /><ent r="7" t="348" w="421" /><ent r="7" t="348" w="421" /><ent r="3" t="384" w="71" /><ent r="3" t="384" w="71" /></phr><phr n="allowed"><ent r="7" t="235" w="401" /><ent r="7" t="235" w="401" /></phr><phr n="Allows"><ent r="3" t="240" w="745" /><ent r="3" t="240" w="745" /><ent r="3" t="264" w="131" /><ent r="3" t="264" w="131" /><ent r="5" t="275" w="107" /><ent r="5" t="275" w="107" /></phr><phr n="Allow"><ent r="4" t="276" w="156" /><ent r="4" t="276" w="156" /><ent r="5" t="297" w="707" /><ent r="5" t="297" w="707" /></phr><phr n="allowable"><ent r="4" t="401" w="238" /><ent r="4" t="401" w="238" /></phr></stem><stem n="pseudorang"><phr n="pseudoranges"><ent r="3" t="4" w="208" /><ent r="3" t="4" w="208" /><ent r="3" t="4" w="220" /><ent r="3" t="4" w="220" /><ent r="7" t="438" w="94" /><ent r="7" t="438" w="94" /></phr><phr n="pseudorange"><ent r="3" t="5" w="47" /><ent r="3" t="5" w="47" /><ent r="3" t="5" w="51" /><ent r="4" t="96" w="83" /><ent r="4" t="96" w="83" /><ent r="4" t="96" w="88" /><ent r="4" t="96" w="88" /><ent r="5" t="125" w="87" /><ent r="5" t="125" w="87" /><ent r="5" t="125" w="92" /><ent r="5" t="125" w="92" /><ent r="9" t="150" w="27" /><ent r="9" t="150" w="27" /><ent r="9" t="150" w="32" /><ent r="9" t="150" w="32" /><ent r="9" t="165" w="27" /><ent r="9" t="165" w="27" /><ent r="9" t="165" w="32" /><ent r="9" t="165" w="32" /><ent r="9" t="175" w="94" /><ent r="9" t="175" w="94" /><ent r="9" t="175" w="99" /><ent r="9" t="175" w="99" /><ent r="9" t="201" w="139" /><ent r="9" t="201" w="139" /><ent r="9" t="201" w="144" /><ent r="9" t="201" w="144" /><ent r="9" t="227" w="139" /><ent r="9" t="227" w="139" /><ent r="9" t="227" w="144" /><ent r="9" t="227" w="144" /><ent r="7" t="235" w="2082" /><ent r="7" t="235" w="2082" /><ent r="5" t="252" w="637" /><ent r="5" t="252" w="637" /><ent r="5" t="254" w="350" /><ent r="5" t="254" w="350" /><ent r="7" t="349" w="386" /><ent r="7" t="349" w="386" /><ent r="6" t="349" w="532" /><ent r="6" t="349" w="532" /><ent r="6" t="349" w="557" /><ent r="6" t="349" w="557" /><ent r="6" t="349" w="681" /><ent r="6" t="349" w="681" /><ent r="7" t="350" w="386" /><ent r="7" t="350" w="386" /><ent r="6" t="350" w="473" /><ent r="6" t="350" w="473" /><ent r="6" t="350" w="498" /><ent r="6" t="350" w="498" /><ent r="6" t="350" w="614" /><ent r="6" t="350" w="614" /><ent r="3" t="422" w="318" /><ent r="3" t="422" w="318" /><ent r="7" t="481" w="100" /><ent r="7" t="481" w="100" /></phr><phr n="Pseudorange"><ent r="4" t="276" w="2918" /><ent r="4" t="276" w="2918" /><ent r="3" t="276" w="2921" /><ent r="3" t="276" w="2921" /><ent r="4" t="276" w="3034" /><ent r="4" t="276" w="3034" /><ent r="3" t="276" w="3037" /><ent r="3" t="276" w="3037" /><ent r="6" t="372" w="1788" /><ent r="6" t="372" w="1788" /><ent r="4" t="422" w="310" /><ent r="4" t="422" w="310" /></phr><phr n="PSEUDORANGE"><ent r="6" t="349" w="647" /><ent r="6" t="349" w="647" /><ent r="6" t="350" w="580" /><ent r="6" t="350" w="580" /></phr></stem><stem n="present"><phr n="present"><ent r="3" t="4" w="216" /><ent r="3" t="4" w="216" /><ent r="3" t="11" w="16" /><ent r="3" t="11" w="16" /><ent r="6" t="24" w="271" /><ent r="3" t="39" w="78" /><ent r="6" t="55" w="271" /><ent r="6" t="78" w="150" /><ent r="7" t="78" w="914" /><ent r="6" t="106" w="271" /><ent r="7" t="131" w="152" /><ent r="7" t="131" w="951" /><ent r="6" t="181" w="63" /><ent r="6" t="207" w="58" /><ent r="3" t="243" w="476" /><ent r="3" t="278" w="286" /><ent r="3" t="278" w="286" /><ent r="5" t="278" w="298" /><ent r="5" t="278" w="298" /><ent r="5" t="278" w="318" /><ent r="5" t="278" w="344" /><ent r="5" t="278" w="344" /><ent r="6" t="332" w="398" /><ent r="7" t="349" w="314" /><ent r="7" t="349" w="410" /><ent r="7" t="349" w="410" /><ent r="7" t="350" w="314" /><ent r="3" t="353" w="52" /><ent r="6" t="353" w="846" /><ent r="6" t="354" w="59" /><ent r="6" t="354" w="59" /><ent r="6" t="365" w="311" /><ent r="6" t="365" w="378" /><ent r="3" t="390" w="1206" /><ent r="3" t="390" w="1243" /><ent r="3" t="399" w="2522" /><ent r="3" t="399" w="2522" /></phr><phr n="presente"><ent r="6" t="91" w="1158" /><ent r="6" t="91" w="1158" /><ent r="6" t="91" w="1192" /><ent r="6" t="91" w="1192" /></phr><phr n="presently"><ent r="5" t="271" w="327" /><ent r="5" t="271" w="327" /></phr><phr n="presented"><ent r="7" t="394" w="204" /><ent r="7" t="394" w="204" /></phr></stem><stem n="well"><phr n="well"><ent r="3" t="4" w="218" /><ent r="3" t="4" w="218" /><ent r="3" t="36" w="48" /><ent r="3" t="36" w="48" /><ent r="3" t="88" w="48" /><ent r="3" t="88" w="48" /><ent r="3" t="91" w="1740" /><ent r="3" t="91" w="1740" /><ent r="3" t="118" w="48" /><ent r="3" t="118" w="48" /><ent r="3" t="141" w="48" /><ent r="3" t="141" w="48" /><ent r="3" t="190" w="51" /><ent r="3" t="190" w="51" /><ent r="3" t="192" w="48" /><ent r="3" t="192" w="48" /><ent r="3" t="194" w="144" /><ent r="3" t="194" w="144" /><ent r="3" t="218" w="144" /><ent r="3" t="218" w="144" /><ent r="7" t="235" w="3071" /><ent r="7" t="235" w="3071" /><ent r="3" t="242" w="1708" /><ent r="3" t="242" w="1708" /><ent r="3" t="244" w="898" /><ent r="3" t="244" w="898" /><ent r="3" t="246" w="225" /><ent r="3" t="271" w="66" /><ent r="3" t="271" w="66" /><ent r="3" t="399" w="391" /><ent r="3" t="400" w="894" /><ent r="3" t="400" w="894" /><ent r="3" t="402" w="402" /><ent r="3" t="402" w="402" /></phr></stem><stem n="uncorrect"><phr n="uncorrected"><ent r="3" t="4" w="222" /><ent r="3" t="4" w="222" /><ent r="3" t="4" w="260" /><ent r="3" t="4" w="260" /></phr><phr n="Uncorrected"><ent r="7" t="438" w="171" /><ent r="7" t="438" w="171" /><ent r="7" t="438" w="188" /><ent r="7" t="438" w="188" /></phr></stem><stem n="solut"><phr n="solution"><ent r="3" t="4" w="227" /><ent r="3" t="4" w="230" /><ent r="3" t="4" w="230" /><ent r="3" t="4" w="236" /><ent r="3" t="4" w="236" /><ent r="3" t="4" w="246" /><ent r="3" t="4" w="246" /><ent r="3" t="4" w="252" /><ent r="3" t="4" w="252" /><ent r="3" t="4" w="268" /><ent r="3" t="8" w="165" /><ent r="3" t="8" w="165" /><ent r="3" t="11" w="129" /><ent r="3" t="11" w="269" /><ent r="3" t="11" w="269" /><ent r="3" t="11" w="354" /><ent r="3" t="11" w="354" /><ent r="3" t="11" w="359" /><ent r="3" t="11" w="359" /><ent r="3" t="11" w="371" /><ent r="3" t="11" w="371" /><ent r="3" t="11" w="492" /><ent r="3" t="11" w="529" /><ent r="5" t="26" w="106" /><ent r="5" t="26" w="106" /><ent r="5" t="26" w="114" /><ent r="5" t="26" w="114" /><ent r="5" t="26" w="125" /><ent r="5" t="26" w="125" /><ent r="5" t="26" w="132" /><ent r="5" t="26" w="132" /><ent r="5" t="58" w="106" /><ent r="5" t="58" w="106" /><ent r="5" t="58" w="114" /><ent r="5" t="58" w="114" /><ent r="5" t="58" w="125" /><ent r="5" t="58" w="125" /><ent r="5" t="58" w="132" /><ent r="5" t="58" w="132" /><ent r="5" t="109" w="106" /><ent r="5" t="109" w="106" /><ent r="5" t="109" w="114" /><ent r="5" t="109" w="114" /><ent r="5" t="109" w="125" /><ent r="5" t="109" w="125" /><ent r="5" t="109" w="132" /><ent r="5" t="109" w="132" /><ent r="5" t="164" w="320" /><ent r="5" t="183" w="106" /><ent r="5" t="183" w="106" /><ent r="5" t="183" w="114" /><ent r="5" t="183" w="114" /><ent r="5" t="183" w="125" /><ent r="5" t="183" w="125" /><ent r="5" t="183" w="132" /><ent r="5" t="183" w="132" /><ent r="5" t="209" w="106" /><ent r="5" t="209" w="106" /><ent r="5" t="209" w="114" /><ent r="5" t="209" w="114" /><ent r="5" t="209" w="125" /><ent r="5" t="209" w="125" /><ent r="5" t="209" w="132" /><ent r="5" t="209" w="132" /><ent r="5" t="226" w="286" /><ent r="3" t="240" w="419" /><ent r="3" t="240" w="419" /><ent r="3" t="240" w="436" /><ent r="3" t="242" w="18" /><ent r="3" t="242" w="18" /><ent r="3" t="242" w="33" /><ent r="7" t="242" w="358" /><ent r="7" t="242" w="358" /><ent r="7" t="242" w="363" /><ent r="7" t="242" w="371" /><ent r="7" t="242" w="371" /><ent r="7" t="242" w="379" /><ent r="7" t="242" w="384" /><ent r="7" t="242" w="392" /><ent r="7" t="242" w="392" /><ent r="7" t="242" w="567" /><ent r="7" t="242" w="567" /><ent r="7" t="242" w="579" /><ent r="7" t="242" w="590" /><ent r="7" t="242" w="590" /><ent r="7" t="242" w="625" /><ent r="7" t="242" w="625" /><ent r="4" t="242" w="682" /><ent r="4" t="242" w="682" /><ent r="4" t="242" w="741" /><ent r="4" t="242" w="741" /><ent r="4" t="242" w="799" /><ent r="4" t="242" w="799" /><ent r="7" t="242" w="807" /><ent r="4" t="242" w="827" /><ent r="4" t="242" w="827" /><ent r="4" t="242" w="868" /><ent r="4" t="242" w="868" /><ent r="4" t="242" w="934" /><ent r="4" t="242" w="934" /><ent r="7" t="242" w="940" /><ent r="7" t="242" w="953" /><ent r="7" t="242" w="953" /><ent r="3" t="242" w="1129" /><ent r="3" t="242" w="1143" /><ent r="3" t="242" w="1196" /><ent r="5" t="242" w="1309" /><ent r="5" t="242" w="1330" /><ent r="3" t="242" w="1538" /><ent r="3" t="242" w="1538" /><ent r="5" t="244" w="310" /><ent r="5" t="244" w="310" /><ent r="3" t="244" w="454" /><ent r="3" t="244" w="454" /><ent r="5" t="244" w="556" /><ent r="5" t="244" w="556" /><ent r="3" t="244" w="829" /><ent r="3" t="244" w="854" /><ent r="5" t="244" w="1048" /><ent r="5" t="244" w="1126" /><ent r="5" t="244" w="1152" /><ent r="5" t="244" w="1178" /><ent r="3" t="245" w="179" /><ent r="3" t="245" w="179" /><ent r="3" t="245" w="184" /><ent r="3" t="245" w="184" /><ent r="3" t="245" w="203" /><ent r="3" t="245" w="203" /><ent r="3" t="245" w="208" /><ent r="3" t="245" w="208" /><ent r="3" t="249" w="93" /><ent r="3" t="249" w="155" /><ent r="3" t="251" w="160" /><ent r="5" t="252" w="643" /><ent r="5" t="252" w="654" /><ent r="5" t="252" w="654" /><ent r="5" t="254" w="356" /><ent r="5" t="254" w="367" /><ent r="5" t="254" w="367" /><ent r="3" t="265" w="414" /><ent r="3" t="265" w="414" /><ent r="5" t="266" w="253" /><ent r="5" t="266" w="253" /><ent r="5" t="266" w="365" /><ent r="5" t="268" w="149" /><ent r="5" t="268" w="149" /><ent r="5" t="268" w="179" /><ent r="5" t="268" w="179" /><ent r="3" t="268" w="288" /><ent r="3" t="268" w="288" /><ent r="3" t="268" w="300" /><ent r="3" t="268" w="311" /><ent r="3" t="268" w="311" /><ent r="3" t="268" w="338" /><ent r="3" t="268" w="338" /><ent r="3" t="268" w="418" /><ent r="3" t="269" w="82" /><ent r="3" t="269" w="82" /><ent r="3" t="275" w="304" /><ent r="3" t="275" w="304" /><ent r="5" t="275" w="415" /><ent r="3" t="276" w="1590" /><ent r="5" t="282" w="264" /><ent r="5" t="282" w="264" /><ent r="5" t="282" w="280" /><ent r="5" t="282" w="280" /><ent r="5" t="282" w="288" /><ent r="3" t="282" w="552" /><ent r="3" t="282" w="552" /><ent r="3" t="282" w="578" /><ent r="3" t="282" w="578" /><ent r="3" t="282" w="585" /><ent r="3" t="282" w="585" /><ent r="3" t="284" w="21" /><ent r="5" t="284" w="67" /><ent r="5" t="284" w="67" /><ent r="5" t="284" w="75" /><ent r="5" t="284" w="81" /><ent r="5" t="284" w="81" /><ent r="5" t="284" w="88" /><ent r="5" t="284" w="88" /><ent r="5" t="284" w="93" /><ent r="5" t="284" w="174" /><ent r="5" t="284" w="174" /><ent r="5" t="284" w="182" /><ent r="5" t="284" w="188" /><ent r="5" t="284" w="188" /><ent r="5" t="284" w="195" /><ent r="5" t="284" w="195" /><ent r="5" t="284" w="200" /><ent r="3" t="284" w="487" /><ent r="3" t="284" w="487" /><ent r="3" t="284" w="528" /><ent r="3" t="284" w="528" /><ent r="3" t="284" w="761" /><ent r="3" t="284" w="761" /><ent r="3" t="284" w="768" /><ent r="3" t="284" w="768" /><ent r="6" t="351" w="288" /><ent r="6" t="351" w="288" /><ent r="7" t="351" w="361" /><ent r="7" t="351" w="411" /><ent r="7" t="351" w="411" /><ent r="8" t="351" w="527" /><ent r="8" t="351" w="527" /><ent r="8" t="351" w="540" /><ent r="8" t="351" w="540" /><ent r="6" t="353" w="200" /><ent r="68" t="353" w="240" /><ent r="68" t="353" w="240" /><ent r="7" t="353" w="1233" /><ent r="7" t="353" w="1233" /><ent r="1000" t="355" w="2" /><ent r="1000" t="355" w="2" /><ent r="92" t="355" w="7" /><ent r="92" t="355" w="7" /><ent r="6" t="355" w="56" /><ent r="6" t="355" w="56" /><ent r="6" t="355" w="66" /><ent r="6" t="355" w="66" /><ent r="6" t="355" w="74" /><ent r="6" t="355" w="74" /><ent r="68" t="363" w="214" /><ent r="68" t="363" w="214" /><ent r="82" t="363" w="610" /><ent r="82" t="363" w="610" /><ent r="6" t="363" w="630" /><ent r="5" t="398" w="1555" /><ent r="5" t="398" w="1792" /><ent r="5" t="398" w="2431" /><ent r="3" t="400" w="390" /><ent r="3" t="400" w="390" /><ent r="7" t="430" w="128" /><ent r="7" t="430" w="307" /><ent r="7" t="430" w="307" /><ent r="7" t="431" w="219" /><ent r="7" t="431" w="395" /><ent r="7" t="431" w="395" /><ent r="7" t="438" w="124" /><ent r="7" t="438" w="131" /><ent r="7" t="438" w="200" /><ent r="7" t="438" w="200" /><ent r="7" t="438" w="209" /><ent r="7" t="438" w="209" /><ent r="7" t="438" w="236" /><ent r="7" t="438" w="236" /><ent r="7" t="443" w="395" /><ent r="7" t="443" w="395" /><ent r="7" t="445" w="154" /><ent r="7" t="445" w="154" /><ent r="7" t="445" w="158" /><ent r="7" t="445" w="235" /><ent r="7" t="446" w="148" /><ent r="7" t="446" w="179" /><ent r="7" t="446" w="179" /><ent r="7" t="446" w="241" /><ent r="7" t="450" w="114" /><ent r="7" t="451" w="152" /><ent r="3" t="453" w="65" /><ent r="3" t="453" w="65" /><ent r="7" t="477" w="421" /><ent r="7" t="477" w="421" /><ent r="7" t="477" w="465" /><ent r="7" t="479" w="145" /><ent r="3" t="481" w="60" /><ent r="7" t="486" w="188" /><ent r="7" t="486" w="188" /><ent r="7" t="486" w="196" /><ent r="7" t="486" w="196" /><ent r="7" t="486" w="204" /><ent r="7" t="486" w="218" /><ent r="7" t="486" w="218" /><ent r="7" t="489" w="198" /><ent r="7" t="489" w="198" /><ent r="7" t="489" w="203" /><ent r="7" t="489" w="203" /><ent r="7" t="489" w="210" /><ent r="7" t="489" w="210" /><ent r="7" t="489" w="215" /><ent r="7" t="489" w="215" /><ent r="7" t="489" w="228" /><ent r="7" t="489" w="228" /><ent r="7" t="489" w="235" /><ent r="7" t="489" w="235" /><ent r="7" t="489" w="247" /><ent r="7" t="489" w="247" /><ent r="7" t="489" w="254" /><ent r="7" t="489" w="254" /><ent r="7" t="489" w="260" /><ent r="7" t="489" w="260" /><ent r="7" t="489" w="265" /><ent r="7" t="489" w="265" /><ent r="7" t="489" w="270" /><ent r="7" t="489" w="270" /><ent r="7" t="490" w="150" /><ent r="7" t="490" w="150" /><ent r="7" t="490" w="155" /><ent r="7" t="490" w="155" /><ent r="7" t="490" w="162" /><ent r="7" t="490" w="162" /><ent r="7" t="490" w="167" /><ent r="7" t="490" w="167" /><ent r="7" t="490" w="177" /><ent r="7" t="490" w="177" /><ent r="7" t="490" w="184" /><ent r="7" t="490" w="184" /><ent r="7" t="490" w="191" /><ent r="7" t="490" w="191" /><ent r="7" t="490" w="198" /><ent r="7" t="490" w="198" /><ent r="7" t="490" w="204" /><ent r="7" t="490" w="204" /><ent r="7" t="490" w="209" /><ent r="7" t="490" w="209" /><ent r="7" t="492" w="125" /><ent r="7" t="492" w="125" /><ent r="7" t="492" w="130" /><ent r="7" t="492" w="130" /><ent r="7" t="492" w="137" /><ent r="7" t="492" w="137" /><ent r="7" t="492" w="142" /><ent r="7" t="492" w="142" /><ent r="7" t="492" w="152" /><ent r="7" t="492" w="152" /><ent r="7" t="492" w="159" /><ent r="7" t="492" w="159" /><ent r="7" t="492" w="166" /><ent r="7" t="492" w="166" /><ent r="7" t="492" w="173" /><ent r="7" t="492" w="173" /><ent r="7" t="492" w="179" /><ent r="7" t="492" w="179" /><ent r="7" t="492" w="184" /><ent r="7" t="492" w="184" /><ent r="7" t="492" w="205" /><ent r="7" t="492" w="205" /><ent r="7" t="493" w="152" /><ent r="7" t="493" w="152" /><ent r="7" t="493" w="157" /><ent r="7" t="493" w="157" /><ent r="7" t="493" w="164" /><ent r="7" t="493" w="164" /><ent r="7" t="493" w="169" /><ent r="7" t="493" w="169" /><ent r="7" t="493" w="179" /><ent r="7" t="493" w="179" /><ent r="7" t="493" w="186" /><ent r="7" t="493" w="186" /><ent r="7" t="493" w="193" /><ent r="7" t="493" w="193" /><ent r="7" t="493" w="200" /><ent r="7" t="493" w="200" /><ent r="7" t="493" w="206" /><ent r="7" t="493" w="206" /><ent r="7" t="493" w="211" /><ent r="7" t="493" w="211" /><ent r="7" t="493" w="232" /><ent r="7" t="493" w="232" /></phr><phr n="Solution"><ent r="4" t="8" w="92" /><ent r="4" t="8" w="92" /><ent r="3" t="8" w="133" /><ent r="3" t="8" w="133" /><ent r="6" t="234" w="38" /><ent r="6" t="234" w="38" /><ent r="4" t="242" w="505" /><ent r="4" t="242" w="505" /><ent r="5" t="242" w="791" /><ent r="5" t="242" w="791" /><ent r="7" t="242" w="812" /><ent r="7" t="242" w="812" /><ent r="6" t="244" w="305" /><ent r="6" t="244" w="305" /><ent r="5" t="266" w="264" /><ent r="5" t="266" w="264" /><ent r="6" t="266" w="353" /><ent r="6" t="266" w="353" /><ent r="7" t="351" w="417" /><ent r="7" t="351" w="417" /><ent r="6" t="351" w="428" /><ent r="6" t="351" w="484" /><ent r="3" t="355" w="20" /><ent r="3" t="355" w="20" /><ent r="7" t="438" w="453" /><ent r="5" t="445" w="27" /><ent r="5" t="445" w="27" /><ent r="7" t="445" w="132" /><ent r="7" t="445" w="132" /><ent r="7" t="445" w="143" /><ent r="7" t="445" w="143" /><ent r="7" t="445" w="238" /><ent r="7" t="445" w="238" /></phr><phr n="solutions"><ent r="3" t="10" w="98" /><ent r="3" t="13" w="72" /><ent r="3" t="13" w="86" /><ent r="3" t="13" w="86" /><ent r="3" t="44" w="72" /><ent r="3" t="44" w="86" /><ent r="3" t="44" w="86" /><ent r="3" t="69" w="224" /><ent r="3" t="69" w="238" /><ent r="3" t="69" w="238" /><ent r="3" t="147" w="72" /><ent r="3" t="147" w="86" /><ent r="3" t="147" w="86" /><ent r="4" t="164" w="379" /><ent r="3" t="172" w="72" /><ent r="3" t="172" w="86" /><ent r="3" t="172" w="86" /><ent r="3" t="198" w="72" /><ent r="3" t="198" w="86" /><ent r="3" t="198" w="86" /><ent r="4" t="226" w="346" /><ent r="4" t="226" w="346" /><ent r="7" t="242" w="572" /><ent r="7" t="242" w="572" /><ent r="3" t="268" w="88" /><ent r="3" t="268" w="293" /><ent r="3" t="268" w="293" /><ent r="6" t="351" w="313" /><ent r="6" t="363" w="225" /><ent r="6" t="363" w="416" /><ent r="6" t="363" w="447" /><ent r="6" t="363" w="478" /><ent r="6" t="363" w="509" /><ent r="6" t="363" w="640" /><ent r="6" t="363" w="652" /><ent r="6" t="363" w="664" /><ent r="6" t="363" w="664" /><ent r="6" t="363" w="678" /><ent r="6" t="363" w="678" /><ent r="6" t="363" w="682" /><ent r="3" t="366" w="85" /><ent r="3" t="367" w="85" /><ent r="3" t="368" w="85" /><ent r="3" t="369" w="85" /><ent r="3" t="370" w="85" /><ent r="3" t="371" w="86" /><ent r="7" t="445" w="371" /><ent r="7" t="449" w="270" /><ent r="3" t="463" w="96" /><ent r="3" t="463" w="110" /><ent r="3" t="463" w="110" /></phr><phr n="SOLUTION"><ent r="6" t="353" w="187" /><ent r="6" t="353" w="187" /><ent r="6" t="353" w="231" /><ent r="6" t="353" w="231" /><ent r="6" t="363" w="205" /><ent r="6" t="363" w="205" /><ent r="6" t="378" w="123" /><ent r="6" t="378" w="123" /><ent r="5" t="398" w="1786" /><ent r="5" t="398" w="1786" /></phr><phr n="Solutions"><ent r="7" t="353" w="675" /><ent r="7" t="353" w="675" /></phr></stem></index>