<?xml version="1.0" encoding="utf-8"?><index><!-- saved from url=(0016)http://localhost -->
<stem n="pseuodorang"><phr n="pseuodoranges"><ent r="3" t="5" w="62" /><ent r="3" t="5" w="62" /></phr></stem><stem n="accur"><phr n="accurate"><ent r="3" t="5" w="67" /><ent r="3" t="5" w="67" /><ent r="3" t="8" w="246" /><ent r="3" t="8" w="246" /><ent r="3" t="26" w="244" /><ent r="3" t="26" w="244" /><ent r="3" t="58" w="244" /><ent r="3" t="58" w="244" /><ent r="3" t="109" w="244" /><ent r="3" t="109" w="244" /><ent r="3" t="163" w="104" /><ent r="3" t="163" w="104" /><ent r="3" t="183" w="244" /><ent r="3" t="183" w="244" /><ent r="3" t="209" w="244" /><ent r="3" t="209" w="244" /><ent r="3" t="225" w="102" /><ent r="3" t="225" w="102" /><ent r="7" t="235" w="206" /><ent r="7" t="235" w="206" /><ent r="7" t="235" w="1291" /><ent r="7" t="235" w="2468" /><ent r="7" t="235" w="2468" /><ent r="7" t="235" w="2479" /><ent r="7" t="235" w="2479" /><ent r="7" t="235" w="2686" /><ent r="7" t="235" w="2686" /><ent r="7" t="235" w="3434" /><ent r="7" t="235" w="3434" /><ent r="3" t="295" w="202" /><ent r="3" t="295" w="202" /><ent r="6" t="374" w="246" /><ent r="3" t="400" w="662" /><ent r="3" t="400" w="662" /><ent r="3" t="400" w="1149" /><ent r="3" t="400" w="1149" /><ent r="5" t="400" w="2176" /><ent r="5" t="400" w="2176" /><ent r="7" t="439" w="589" /><ent r="7" t="439" w="589" /></phr><phr n="Accurate"><ent r="7" t="242" w="519" /><ent r="7" t="242" w="519" /></phr></stem><stem n="decimet"><phr n="decimeter"><ent r="3" t="5" w="72" /><ent r="3" t="5" w="72" /></phr></stem><stem n="level"><phr n="level"><ent r="3" t="5" w="73" /><ent r="3" t="5" w="73" /><ent r="3" t="6" w="91" /><ent r="3" t="10" w="120" /><ent r="3" t="11" w="697" /><ent r="3" t="13" w="45" /><ent r="3" t="13" w="60" /><ent r="3" t="16" w="15" /><ent r="3" t="16" w="15" /><ent r="8" t="17" w="87" /><ent r="8" t="17" w="87" /><ent r="3" t="23" w="54" /><ent r="6" t="24" w="657" /><ent r="6" t="24" w="657" /><ent r="6" t="24" w="690" /><ent r="6" t="24" w="690" /><ent r="6" t="24" w="722" /><ent r="6" t="24" w="722" /><ent r="6" t="24" w="749" /><ent r="6" t="24" w="749" /><ent r="6" t="24" w="772" /><ent r="6" t="24" w="772" /><ent r="6" t="24" w="807" /><ent r="6" t="24" w="807" /><ent r="6" t="24" w="914" /><ent r="6" t="24" w="1082" /><ent r="6" t="24" w="1121" /><ent r="6" t="24" w="1491" /><ent r="6" t="24" w="1491" /><ent r="6" t="24" w="1544" /><ent r="6" t="24" w="1544" /><ent r="6" t="24" w="1591" /><ent r="6" t="24" w="1591" /><ent r="6" t="24" w="1638" /><ent r="6" t="24" w="1638" /><ent r="6" t="24" w="1661" /><ent r="6" t="24" w="1661" /><ent r="6" t="24" w="1684" /><ent r="6" t="24" w="1684" /><ent r="3" t="25" w="96" /><ent r="3" t="25" w="96" /><ent r="3" t="25" w="112" /><ent r="3" t="25" w="112" /><ent r="3" t="25" w="117" /><ent r="3" t="25" w="117" /><ent r="7" t="29" w="22" /><ent r="7" t="29" w="22" /><ent r="7" t="29" w="136" /><ent r="7" t="29" w="136" /><ent r="6" t="32" w="14" /><ent r="6" t="32" w="14" /><ent r="6" t="32" w="39" /><ent r="6" t="32" w="104" /><ent r="6" t="32" w="104" /><ent r="7" t="32" w="139" /><ent r="6" t="32" w="204" /><ent r="6" t="32" w="204" /><ent r="6" t="32" w="229" /><ent r="6" t="32" w="294" /><ent r="6" t="32" w="294" /><ent r="6" t="32" w="329" /><ent r="3" t="44" w="45" /><ent r="3" t="44" w="60" /><ent r="3" t="47" w="15" /><ent r="3" t="47" w="15" /><ent r="8" t="48" w="87" /><ent r="8" t="48" w="87" /><ent r="3" t="54" w="54" /><ent r="6" t="55" w="665" /><ent r="6" t="55" w="665" /><ent r="6" t="55" w="698" /><ent r="6" t="55" w="698" /><ent r="6" t="55" w="730" /><ent r="6" t="55" w="730" /><ent r="6" t="55" w="757" /><ent r="6" t="55" w="757" /><ent r="6" t="55" w="780" /><ent r="6" t="55" w="780" /><ent r="6" t="55" w="815" /><ent r="6" t="55" w="815" /><ent r="6" t="55" w="922" /><ent r="6" t="55" w="1102" /><ent r="6" t="55" w="1141" /><ent r="6" t="55" w="1511" /><ent r="6" t="55" w="1511" /><ent r="6" t="55" w="1564" /><ent r="6" t="55" w="1564" /><ent r="6" t="55" w="1611" /><ent r="6" t="55" w="1611" /><ent r="6" t="55" w="1658" /><ent r="6" t="55" w="1658" /><ent r="6" t="55" w="1681" /><ent r="6" t="55" w="1681" /><ent r="6" t="55" w="1704" /><ent r="6" t="55" w="1704" /><ent r="3" t="56" w="96" /><ent r="3" t="56" w="96" /><ent r="3" t="56" w="112" /><ent r="3" t="56" w="112" /><ent r="3" t="56" w="117" /><ent r="3" t="56" w="117" /><ent r="7" t="60" w="22" /><ent r="7" t="60" w="22" /><ent r="7" t="60" w="136" /><ent r="7" t="60" w="136" /><ent r="7" t="63" w="14" /><ent r="7" t="63" w="14" /><ent r="7" t="63" w="39" /><ent r="7" t="63" w="104" /><ent r="7" t="63" w="104" /><ent r="7" t="63" w="139" /><ent r="7" t="63" w="204" /><ent r="7" t="63" w="204" /><ent r="7" t="63" w="229" /><ent r="7" t="63" w="294" /><ent r="7" t="63" w="294" /><ent r="7" t="63" w="329" /><ent r="3" t="69" w="197" /><ent r="3" t="69" w="212" /><ent r="3" t="71" w="15" /><ent r="3" t="71" w="15" /><ent r="8" t="72" w="87" /><ent r="8" t="72" w="87" /><ent r="7" t="78" w="513" /><ent r="6" t="78" w="548" /><ent r="6" t="78" w="548" /><ent r="6" t="78" w="586" /><ent r="6" t="78" w="601" /><ent r="6" t="78" w="623" /><ent r="6" t="78" w="623" /><ent r="7" t="78" w="652" /><ent r="7" t="78" w="652" /><ent r="6" t="78" w="699" /><ent r="6" t="78" w="699" /><ent r="6" t="78" w="722" /><ent r="6" t="78" w="722" /><ent r="7" t="81" w="22" /><ent r="7" t="81" w="22" /><ent r="7" t="81" w="136" /><ent r="7" t="81" w="136" /><ent r="7" t="83" w="15" /><ent r="7" t="83" w="15" /><ent r="7" t="83" w="27" /><ent r="7" t="83" w="27" /><ent r="7" t="83" w="57" /><ent r="7" t="83" w="57" /><ent r="7" t="83" w="69" /><ent r="7" t="83" w="69" /><ent r="7" t="83" w="98" /><ent r="7" t="83" w="98" /><ent r="7" t="83" w="132" /><ent r="3" t="98" w="15" /><ent r="3" t="98" w="15" /><ent r="8" t="99" w="87" /><ent r="8" t="99" w="87" /><ent r="3" t="105" w="53" /><ent r="6" t="106" w="665" /><ent r="6" t="106" w="665" /><ent r="6" t="106" w="698" /><ent r="6" t="106" w="698" /><ent r="6" t="106" w="730" /><ent r="6" t="106" w="730" /><ent r="6" t="106" w="757" /><ent r="6" t="106" w="757" /><ent r="6" t="106" w="780" /><ent r="6" t="106" w="780" /><ent r="6" t="106" w="815" /><ent r="6" t="106" w="815" /><ent r="6" t="106" w="958" /><ent r="6" t="106" w="1138" /><ent r="6" t="106" w="1177" /><ent r="6" t="106" w="1547" /><ent r="6" t="106" w="1547" /><ent r="6" t="106" w="1600" /><ent r="6" t="106" w="1600" /><ent r="6" t="106" w="1647" /><ent r="6" t="106" w="1647" /><ent r="6" t="106" w="1694" /><ent r="6" t="106" w="1694" /><ent r="6" t="106" w="1717" /><ent r="6" t="106" w="1717" /><ent r="6" t="106" w="1740" /><ent r="6" t="106" w="1740" /><ent r="6" t="106" w="1953" /><ent r="3" t="107" w="96" /><ent r="3" t="107" w="96" /><ent r="3" t="107" w="112" /><ent r="3" t="107" w="112" /><ent r="3" t="107" w="117" /><ent r="3" t="107" w="117" /><ent r="7" t="111" w="23" /><ent r="7" t="111" w="23" /><ent r="7" t="111" w="140" /><ent r="7" t="111" w="140" /><ent r="7" t="114" w="14" /><ent r="7" t="114" w="14" /><ent r="7" t="114" w="40" /><ent r="7" t="114" w="105" /><ent r="7" t="114" w="105" /><ent r="7" t="114" w="141" /><ent r="7" t="114" w="206" /><ent r="7" t="114" w="206" /><ent r="7" t="114" w="232" /><ent r="7" t="114" w="297" /><ent r="7" t="114" w="297" /><ent r="7" t="114" w="333" /><ent r="7" t="131" w="447" /><ent r="7" t="131" w="447" /><ent r="7" t="131" w="471" /><ent r="7" t="131" w="471" /><ent r="7" t="131" w="565" /><ent r="7" t="131" w="600" /><ent r="7" t="131" w="600" /><ent r="7" t="131" w="639" /><ent r="7" t="131" w="655" /><ent r="7" t="131" w="677" /><ent r="7" t="131" w="677" /><ent r="7" t="131" w="706" /><ent r="7" t="131" w="706" /><ent r="7" t="131" w="729" /><ent r="7" t="131" w="729" /><ent r="7" t="131" w="752" /><ent r="7" t="131" w="752" /><ent r="7" t="131" w="775" /><ent r="7" t="131" w="775" /><ent r="7" t="131" w="798" /><ent r="7" t="131" w="798" /><ent r="7" t="134" w="23" /><ent r="7" t="134" w="23" /><ent r="7" t="134" w="140" /><ent r="7" t="134" w="140" /><ent r="7" t="137" w="14" /><ent r="7" t="137" w="14" /><ent r="7" t="137" w="40" /><ent r="7" t="137" w="105" /><ent r="7" t="137" w="105" /><ent r="7" t="137" w="141" /><ent r="7" t="137" w="205" /><ent r="7" t="137" w="205" /><ent r="7" t="137" w="231" /><ent r="3" t="147" w="45" /><ent r="3" t="147" w="60" /><ent r="6" t="156" w="207" /><ent r="6" t="156" w="207" /><ent r="3" t="172" w="45" /><ent r="3" t="172" w="60" /><ent r="6" t="181" w="184" /><ent r="6" t="181" w="284" /><ent r="7" t="181" w="291" /><ent r="7" t="181" w="291" /><ent r="7" t="181" w="320" /><ent r="7" t="181" w="320" /><ent r="6" t="181" w="338" /><ent r="6" t="181" w="506" /><ent r="6" t="181" w="506" /><ent r="6" t="181" w="554" /><ent r="6" t="181" w="554" /><ent r="6" t="181" w="577" /><ent r="6" t="181" w="577" /><ent r="6" t="181" w="607" /><ent r="6" t="181" w="607" /><ent r="6" t="181" w="650" /><ent r="7" t="181" w="674" /><ent r="7" t="181" w="674" /><ent r="3" t="182" w="96" /><ent r="3" t="182" w="96" /><ent r="3" t="182" w="112" /><ent r="3" t="182" w="112" /><ent r="3" t="182" w="117" /><ent r="3" t="182" w="117" /><ent r="7" t="186" w="35" /><ent r="7" t="186" w="35" /><ent r="7" t="186" w="57" /><ent r="7" t="186" w="57" /><ent r="7" t="186" w="67" /><ent r="7" t="187" w="133" /><ent r="7" t="187" w="133" /><ent r="7" t="188" w="15" /><ent r="7" t="188" w="15" /><ent r="7" t="188" w="27" /><ent r="7" t="188" w="27" /><ent r="7" t="188" w="56" /><ent r="7" t="188" w="56" /><ent r="7" t="188" w="91" /><ent r="7" t="188" w="142" /><ent r="7" t="188" w="142" /><ent r="7" t="188" w="213" /><ent r="3" t="194" w="158" /><ent r="3" t="194" w="158" /><ent r="3" t="198" w="45" /><ent r="3" t="198" w="60" /><ent r="6" t="207" w="179" /><ent r="6" t="207" w="277" /><ent r="7" t="207" w="284" /><ent r="7" t="207" w="284" /><ent r="7" t="207" w="313" /><ent r="7" t="207" w="313" /><ent r="6" t="207" w="331" /><ent r="6" t="207" w="499" /><ent r="6" t="207" w="499" /><ent r="6" t="207" w="547" /><ent r="6" t="207" w="547" /><ent r="6" t="207" w="570" /><ent r="6" t="207" w="570" /><ent r="6" t="207" w="600" /><ent r="6" t="207" w="600" /><ent r="6" t="207" w="643" /><ent r="7" t="207" w="667" /><ent r="7" t="207" w="667" /><ent r="6" t="207" w="766" /><ent r="6" t="207" w="766" /><ent r="6" t="207" w="774" /><ent r="6" t="207" w="774" /><ent r="6" t="207" w="1006" /><ent r="6" t="207" w="1006" /><ent r="6" t="207" w="1019" /><ent r="6" t="207" w="1019" /><ent r="3" t="208" w="96" /><ent r="3" t="208" w="96" /><ent r="3" t="208" w="112" /><ent r="3" t="208" w="112" /><ent r="3" t="208" w="117" /><ent r="3" t="208" w="117" /><ent r="7" t="212" w="22" /><ent r="7" t="212" w="22" /><ent r="7" t="212" w="136" /><ent r="7" t="212" w="136" /><ent r="7" t="213" w="35" /><ent r="7" t="213" w="35" /><ent r="7" t="213" w="57" /><ent r="7" t="213" w="57" /><ent r="7" t="213" w="67" /><ent r="7" t="214" w="133" /><ent r="7" t="214" w="133" /><ent r="7" t="215" w="15" /><ent r="7" t="215" w="15" /><ent r="7" t="215" w="27" /><ent r="7" t="215" w="27" /><ent r="7" t="215" w="56" /><ent r="7" t="215" w="56" /><ent r="7" t="215" w="91" /><ent r="7" t="215" w="142" /><ent r="7" t="215" w="142" /><ent r="7" t="215" w="213" /><ent r="7" t="215" w="289" /><ent r="7" t="215" w="289" /><ent r="6" t="215" w="299" /><ent r="6" t="215" w="299" /><ent r="3" t="218" w="158" /><ent r="3" t="218" w="158" /><ent r="7" t="235" w="161" /><ent r="7" t="235" w="161" /><ent r="7" t="235" w="1020" /><ent r="7" t="235" w="1020" /><ent r="7" t="235" w="1870" /><ent r="7" t="235" w="1870" /><ent r="7" t="235" w="2005" /><ent r="7" t="235" w="2165" /><ent r="5" t="243" w="302" /><ent r="6" t="284" w="836" /><ent r="6" t="284" w="836" /><ent r="5" t="284" w="859" /><ent r="5" t="284" w="871" /><ent r="5" t="284" w="871" /><ent r="6" t="314" w="978" /><ent r="6" t="314" w="978" /><ent r="3" t="400" w="665" /><ent r="3" t="402" w="925" /><ent r="3" t="421" w="88" /><ent r="5" t="422" w="465" /><ent r="5" t="422" w="501" /><ent r="5" t="427" w="272" /><ent r="5" t="427" w="324" /><ent r="7" t="445" w="125" /><ent r="7" t="445" w="125" /><ent r="3" t="463" w="69" /><ent r="3" t="463" w="84" /><ent r="7" t="477" w="453" /><ent r="7" t="477" w="469" /></phr><phr n="Level"><ent r="6" t="24" w="647" /><ent r="6" t="24" w="647" /><ent r="6" t="24" w="680" /><ent r="6" t="24" w="680" /><ent r="6" t="24" w="712" /><ent r="6" t="24" w="712" /><ent r="6" t="24" w="762" /><ent r="6" t="24" w="762" /><ent r="6" t="24" w="797" /><ent r="6" t="24" w="797" /><ent r="6" t="24" w="1481" /><ent r="6" t="24" w="1481" /><ent r="6" t="24" w="1529" /><ent r="6" t="24" w="1529" /><ent r="6" t="24" w="1581" /><ent r="6" t="24" w="1581" /><ent r="6" t="24" w="1628" /><ent r="6" t="24" w="1628" /><ent r="6" t="24" w="1651" /><ent r="6" t="24" w="1651" /><ent r="6" t="24" w="1674" /><ent r="6" t="24" w="1674" /><ent r="6" t="55" w="655" /><ent r="6" t="55" w="655" /><ent r="6" t="55" w="688" /><ent r="6" t="55" w="688" /><ent r="6" t="55" w="720" /><ent r="6" t="55" w="720" /><ent r="6" t="55" w="770" /><ent r="6" t="55" w="770" /><ent r="6" t="55" w="805" /><ent r="6" t="55" w="805" /><ent r="6" t="55" w="1501" /><ent r="6" t="55" w="1501" /><ent r="6" t="55" w="1549" /><ent r="6" t="55" w="1549" /><ent r="6" t="55" w="1601" /><ent r="6" t="55" w="1601" /><ent r="6" t="55" w="1648" /><ent r="6" t="55" w="1648" /><ent r="6" t="55" w="1671" /><ent r="6" t="55" w="1671" /><ent r="6" t="55" w="1694" /><ent r="6" t="55" w="1694" /><ent r="6" t="78" w="409" /><ent r="6" t="78" w="409" /><ent r="6" t="78" w="421" /><ent r="6" t="78" w="421" /><ent r="6" t="78" w="613" /><ent r="6" t="78" w="613" /><ent r="6" t="78" w="637" /><ent r="6" t="78" w="637" /><ent r="6" t="78" w="666" /><ent r="6" t="78" w="666" /><ent r="6" t="78" w="678" /><ent r="6" t="78" w="678" /><ent r="6" t="78" w="689" /><ent r="6" t="78" w="689" /><ent r="6" t="78" w="712" /><ent r="6" t="78" w="712" /><ent r="6" t="106" w="655" /><ent r="6" t="106" w="655" /><ent r="6" t="106" w="688" /><ent r="6" t="106" w="688" /><ent r="6" t="106" w="720" /><ent r="6" t="106" w="720" /><ent r="6" t="106" w="770" /><ent r="6" t="106" w="770" /><ent r="6" t="106" w="805" /><ent r="6" t="106" w="805" /><ent r="6" t="106" w="1537" /><ent r="6" t="106" w="1537" /><ent r="6" t="106" w="1585" /><ent r="6" t="106" w="1585" /><ent r="6" t="106" w="1637" /><ent r="6" t="106" w="1637" /><ent r="6" t="106" w="1684" /><ent r="6" t="106" w="1684" /><ent r="6" t="106" w="1707" /><ent r="6" t="106" w="1707" /><ent r="6" t="106" w="1730" /><ent r="6" t="106" w="1730" /><ent r="7" t="131" w="437" /><ent r="7" t="131" w="437" /><ent r="7" t="131" w="461" /><ent r="7" t="131" w="461" /><ent r="7" t="131" w="667" /><ent r="7" t="131" w="667" /><ent r="7" t="131" w="691" /><ent r="7" t="131" w="691" /><ent r="7" t="131" w="719" /><ent r="7" t="131" w="719" /><ent r="7" t="131" w="742" /><ent r="7" t="131" w="742" /><ent r="7" t="131" w="765" /><ent r="7" t="131" w="765" /><ent r="7" t="131" w="788" /><ent r="7" t="131" w="788" /><ent r="7" t="181" w="278" /><ent r="7" t="181" w="278" /><ent r="6" t="181" w="496" /><ent r="6" t="181" w="496" /><ent r="6" t="181" w="539" /><ent r="6" t="181" w="539" /><ent r="6" t="181" w="567" /><ent r="6" t="181" w="567" /><ent r="6" t="181" w="597" /><ent r="6" t="181" w="597" /><ent r="6" t="181" w="628" /><ent r="6" t="181" w="628" /><ent r="6" t="181" w="644" /><ent r="6" t="181" w="644" /><ent r="6" t="181" w="688" /><ent r="6" t="181" w="688" /><ent r="6" t="207" w="489" /><ent r="6" t="207" w="489" /><ent r="6" t="207" w="532" /><ent r="6" t="207" w="532" /><ent r="6" t="207" w="560" /><ent r="6" t="207" w="560" /><ent r="6" t="207" w="590" /><ent r="6" t="207" w="590" /><ent r="6" t="207" w="621" /><ent r="6" t="207" w="621" /><ent r="6" t="207" w="681" /><ent r="6" t="207" w="681" /><ent r="7" t="235" w="1190" /><ent r="7" t="235" w="2508" /><ent r="7" t="242" w="251" /><ent r="7" t="242" w="251" /><ent r="7" t="242" w="322" /><ent r="7" t="242" w="322" /><ent r="4" t="421" w="80" /><ent r="4" t="421" w="80" /></phr><phr n="levels"><ent r="3" t="25" w="62" /><ent r="3" t="25" w="62" /><ent r="3" t="25" w="120" /><ent r="7" t="32" w="99" /><ent r="7" t="32" w="199" /><ent r="7" t="32" w="289" /><ent r="7" t="32" w="389" /><ent r="3" t="56" w="62" /><ent r="3" t="56" w="62" /><ent r="3" t="56" w="120" /><ent r="7" t="63" w="99" /><ent r="7" t="63" w="199" /><ent r="7" t="63" w="289" /><ent r="7" t="63" w="389" /><ent r="7" t="83" w="192" /><ent r="3" t="107" w="62" /><ent r="3" t="107" w="62" /><ent r="3" t="107" w="120" /><ent r="7" t="114" w="100" /><ent r="7" t="114" w="201" /><ent r="7" t="114" w="292" /><ent r="7" t="114" w="292" /><ent r="7" t="114" w="393" /><ent r="7" t="137" w="100" /><ent r="7" t="137" w="200" /><ent r="7" t="137" w="291" /><ent r="3" t="182" w="62" /><ent r="3" t="182" w="62" /><ent r="3" t="182" w="120" /><ent r="3" t="208" w="62" /><ent r="3" t="208" w="62" /><ent r="3" t="208" w="120" /></phr></stem><stem n="achiev"><phr n="achieved"><ent r="3" t="5" w="76" /></phr><phr n="achieving"><ent r="3" t="6" w="89" /><ent r="3" t="6" w="89" /></phr><phr n="achieve"><ent r="4" t="414" w="201" /><ent r="4" t="414" w="201" /></phr></stem><stem n="what"><phr n="What"><ent r="1000" t="6" w="1" /><ent r="1000" t="6" w="1" /><ent r="92" t="6" w="5" /><ent r="92" t="6" w="5" /></phr><phr n="what"><ent r="3" t="246" w="265" /><ent r="3" t="246" w="265" /><ent r="3" t="271" w="842" /><ent r="3" t="271" w="842" /><ent r="3" t="275" w="26" /><ent r="3" t="275" w="26" /><ent r="3" t="276" w="2703" /><ent r="3" t="276" w="2703" /><ent r="3" t="297" w="38" /><ent r="3" t="297" w="38" /><ent r="3" t="327" w="26" /><ent r="3" t="327" w="26" /><ent r="6" t="348" w="395" /><ent r="6" t="348" w="395" /><ent r="6" t="349" w="219" /><ent r="6" t="349" w="219" /><ent r="6" t="350" w="219" /><ent r="6" t="350" w="219" /><ent r="3" t="397" w="34" /><ent r="3" t="397" w="34" /><ent r="3" t="402" w="1373" /><ent r="3" t="402" w="1373" /><ent r="3" t="404" w="600" /><ent r="3" t="404" w="600" /></phr></stem><stem n="real-tim"><phr n="Real-Time"><ent r="3" t="6" w="9" /><ent r="3" t="6" w="9" /><ent r="7" t="242" w="375" /><ent r="7" t="242" w="375" /><ent r="3" t="347" w="43" /><ent r="3" t="347" w="43" /><ent r="3" t="347" w="97" /><ent r="3" t="347" w="97" /><ent r="6" t="347" w="205" /><ent r="6" t="347" w="205" /><ent r="3" t="348" w="44" /><ent r="3" t="348" w="44" /><ent r="3" t="348" w="83" /><ent r="3" t="348" w="83" /><ent r="4" t="348" w="105" /><ent r="4" t="348" w="105" /><ent r="8" t="349" w="190" /><ent r="8" t="349" w="190" /><ent r="8" t="350" w="190" /><ent r="8" t="350" w="190" /><ent r="6" t="372" w="1694" /><ent r="7" t="475" w="136" /><ent r="7" t="475" w="136" /><ent r="7" t="475" w="143" /><ent r="7" t="475" w="143" /></phr><phr n="real-time"><ent r="7" t="235" w="145" /><ent r="7" t="235" w="145" /><ent r="7" t="235" w="166" /><ent r="7" t="235" w="166" /><ent r="7" t="235" w="575" /><ent r="7" t="235" w="575" /><ent r="7" t="235" w="603" /><ent r="7" t="235" w="603" /><ent r="68" t="235" w="862" /><ent r="68" t="235" w="862" /><ent r="7" t="235" w="933" /><ent r="68" t="235" w="951" /><ent r="68" t="235" w="951" /><ent r="7" t="235" w="1345" /><ent r="7" t="235" w="1345" /><ent r="7" t="235" w="2621" /><ent r="7" t="235" w="2621" /><ent r="8" t="235" w="2630" /><ent r="8" t="235" w="2630" /><ent r="7" t="235" w="2693" /><ent r="7" t="235" w="2693" /><ent r="7" t="235" w="2840" /><ent r="7" t="235" w="2840" /><ent r="7" t="235" w="2915" /><ent r="7" t="235" w="2915" /><ent r="68" t="235" w="2920" /><ent r="68" t="235" w="2920" /><ent r="67" t="330" w="64" /><ent r="67" t="330" w="64" /><ent r="67" t="330" w="75" /><ent r="67" t="330" w="75" /><ent r="1000" t="347" w="6" /><ent r="1000" t="347" w="6" /><ent r="92" t="347" w="17" /><ent r="92" t="347" w="17" /><ent r="7" t="347" w="288" /><ent r="7" t="347" w="288" /><ent r="7" t="347" w="306" /><ent r="7" t="347" w="306" /><ent r="1000" t="348" w="6" /><ent r="1000" t="348" w="6" /><ent r="92" t="348" w="17" /><ent r="92" t="348" w="17" /><ent r="8" t="348" w="554" /><ent r="8" t="348" w="554" /><ent r="4" t="414" w="202" /><ent r="4" t="414" w="202" /></phr><phr n="Real-time"><ent r="7" t="235" w="2639" /><ent r="7" t="235" w="2639" /><ent r="8" t="348" w="341" /><ent r="8" t="348" w="341" /><ent r="8" t="348" w="360" /><ent r="8" t="348" w="360" /><ent r="70" t="348" w="611" /><ent r="70" t="348" w="611" /><ent r="70" t="348" w="625" /><ent r="70" t="348" w="625" /><ent r="8" t="348" w="658" /><ent r="8" t="348" w="658" /><ent r="1000" t="349" w="5" /><ent r="1000" t="349" w="5" /><ent r="92" t="349" w="19" /><ent r="92" t="349" w="19" /><ent r="65" t="349" w="63" /><ent r="65" t="349" w="63" /><ent r="6" t="349" w="76" /><ent r="6" t="349" w="76" /><ent r="1000" t="350" w="5" /><ent r="1000" t="350" w="5" /><ent r="92" t="350" w="19" /><ent r="92" t="350" w="19" /><ent r="65" t="350" w="63" /><ent r="65" t="350" w="63" /><ent r="6" t="350" w="76" /><ent r="6" t="350" w="76" /><ent r="68" t="372" w="803" /><ent r="68" t="372" w="803" /><ent r="68" t="372" w="829" /><ent r="68" t="372" w="829" /><ent r="82" t="372" w="1670" /><ent r="82" t="372" w="1670" /><ent r="82" t="372" w="1751" /><ent r="82" t="372" w="1751" /></phr><phr n="REAL-TIME"><ent r="6" t="372" w="792" /><ent r="6" t="372" w="792" /><ent r="6" t="372" w="818" /><ent r="6" t="372" w="818" /></phr></stem><stem n="real"><phr n="Real"><ent r="3" t="6" w="9" /><ent r="7" t="235" w="2639" /><ent r="7" t="242" w="375" /><ent r="3" t="347" w="43" /><ent r="3" t="347" w="97" /><ent r="6" t="347" w="205" /><ent r="3" t="348" w="44" /><ent r="3" t="348" w="83" /><ent r="4" t="348" w="105" /><ent r="8" t="348" w="341" /><ent r="8" t="348" w="360" /><ent r="70" t="348" w="611" /><ent r="70" t="348" w="625" /><ent r="8" t="348" w="658" /><ent r="1000" t="349" w="5" /><ent r="92" t="349" w="19" /><ent r="65" t="349" w="63" /><ent r="6" t="349" w="76" /><ent r="8" t="349" w="190" /><ent r="1000" t="350" w="5" /><ent r="92" t="350" w="19" /><ent r="65" t="350" w="63" /><ent r="6" t="350" w="76" /><ent r="8" t="350" w="190" /><ent r="68" t="372" w="803" /><ent r="68" t="372" w="829" /><ent r="82" t="372" w="1670" /><ent r="6" t="372" w="1694" /><ent r="82" t="372" w="1751" /><ent r="7" t="475" w="136" /><ent r="7" t="475" w="143" /><ent r="7" t="477" w="349" /><ent r="7" t="477" w="349" /></phr><phr n="real"><ent r="7" t="188" w="200" /><ent r="7" t="188" w="200" /><ent r="3" t="194" w="56" /><ent r="3" t="194" w="56" /><ent r="7" t="215" w="200" /><ent r="7" t="215" w="200" /><ent r="3" t="218" w="56" /><ent r="3" t="218" w="56" /><ent r="7" t="235" w="145" /><ent r="7" t="235" w="166" /><ent r="7" t="235" w="575" /><ent r="7" t="235" w="603" /><ent r="68" t="235" w="862" /><ent r="7" t="235" w="933" /><ent r="68" t="235" w="951" /><ent r="7" t="235" w="1345" /><ent r="7" t="235" w="1408" /><ent r="7" t="235" w="1408" /><ent r="7" t="235" w="2621" /><ent r="8" t="235" w="2630" /><ent r="7" t="235" w="2693" /><ent r="7" t="235" w="2813" /><ent r="7" t="235" w="2813" /><ent r="7" t="235" w="2840" /><ent r="7" t="235" w="2915" /><ent r="68" t="235" w="2920" /><ent r="5" t="243" w="166" /><ent r="5" t="243" w="166" /><ent r="67" t="330" w="64" /><ent r="67" t="330" w="75" /><ent r="1000" t="347" w="6" /><ent r="92" t="347" w="17" /><ent r="7" t="347" w="288" /><ent r="7" t="347" w="306" /><ent r="1000" t="348" w="6" /><ent r="92" t="348" w="17" /><ent r="8" t="348" w="554" /><ent r="4" t="414" w="202" /><ent r="7" t="477" w="369" /><ent r="7" t="477" w="369" /></phr><phr n="REAL"><ent r="6" t="372" w="792" /><ent r="6" t="372" w="818" /></phr></stem><stem n="kinemat"><phr n="Kinematic"><ent r="3" t="6" w="11" /><ent r="3" t="6" w="11" /><ent r="6" t="15" w="110" /><ent r="6" t="15" w="110" /><ent r="6" t="46" w="110" /><ent r="6" t="46" w="110" /><ent r="6" t="97" w="110" /><ent r="6" t="97" w="110" /><ent r="6" t="126" w="110" /><ent r="6" t="126" w="110" /><ent r="6" t="149" w="110" /><ent r="6" t="149" w="110" /><ent r="6" t="174" w="110" /><ent r="6" t="174" w="110" /><ent r="6" t="200" w="110" /><ent r="6" t="200" w="110" /><ent r="7" t="242" w="377" /><ent r="7" t="242" w="377" /><ent r="7" t="242" w="696" /><ent r="5" t="270" w="339" /><ent r="5" t="270" w="353" /><ent r="5" t="270" w="353" /><ent r="5" t="270" w="446" /><ent r="5" t="270" w="446" /><ent r="3" t="284" w="554" /><ent r="3" t="284" w="554" /><ent r="3" t="284" w="604" /><ent r="3" t="284" w="604" /><ent r="3" t="284" w="711" /><ent r="3" t="284" w="711" /><ent r="6" t="375" w="73" /><ent r="6" t="375" w="73" /><ent r="6" t="375" w="155" /><ent r="6" t="375" w="155" /><ent r="5" t="398" w="196" /><ent r="5" t="398" w="203" /><ent r="5" t="398" w="203" /><ent r="5" t="398" w="1064" /><ent r="5" t="398" w="1121" /><ent r="5" t="398" w="1128" /><ent r="5" t="398" w="1128" /><ent r="5" t="398" w="1131" /><ent r="5" t="398" w="1631" /><ent r="5" t="398" w="1631" /><ent r="5" t="398" w="1706" /><ent r="5" t="398" w="1713" /><ent r="5" t="398" w="1713" /><ent r="5" t="398" w="1716" /><ent r="7" t="475" w="138" /><ent r="7" t="475" w="145" /><ent r="7" t="477" w="351" /></phr><phr n="kinematic"><ent r="7" t="235" w="2917" /><ent r="3" t="240" w="245" /><ent r="3" t="240" w="245" /><ent r="3" t="268" w="219" /><ent r="3" t="268" w="219" /><ent r="6" t="325" w="106" /><ent r="6" t="325" w="106" /><ent r="6" t="353" w="160" /><ent r="69" t="360" w="279" /><ent r="69" t="360" w="279" /><ent r="1000" t="375" w="2" /><ent r="1000" t="375" w="2" /><ent r="92" t="375" w="6" /><ent r="92" t="375" w="6" /><ent r="3" t="375" w="11" /><ent r="3" t="375" w="11" /><ent r="3" t="375" w="41" /><ent r="3" t="375" w="41" /><ent r="68" t="375" w="109" /><ent r="68" t="375" w="109" /><ent r="6" t="375" w="119" /><ent r="6" t="375" w="119" /><ent r="3" t="375" w="134" /><ent r="3" t="375" w="134" /><ent r="82" t="375" w="138" /><ent r="82" t="375" w="138" /><ent r="7" t="396" w="339" /><ent r="7" t="396" w="339" /><ent r="5" t="398" w="1081" /><ent r="5" t="398" w="1081" /><ent r="5" t="398" w="1656" /><ent r="5" t="398" w="1656" /><ent r="7" t="449" w="327" /><ent r="7" t="477" w="371" /><ent r="7" t="477" w="371" /></phr><phr n="KINEMATIC"><ent r="6" t="375" w="100" /><ent r="6" t="375" w="100" /></phr></stem></index>