<?xml version="1.0" encoding="utf-8"?><index><!-- saved from url=(0016)http://localhost -->
<stem n="across"><phr n="across"><ent r="3" t="9" w="77" /><ent r="3" t="9" w="77" /><ent r="3" t="22" w="206" /><ent r="3" t="22" w="206" /><ent r="3" t="53" w="204" /><ent r="3" t="53" w="204" /><ent r="3" t="104" w="190" /><ent r="3" t="104" w="190" /><ent r="3" t="239" w="151" /><ent r="3" t="239" w="151" /><ent r="3" t="276" w="994" /><ent r="3" t="276" w="994" /><ent r="3" t="303" w="29" /><ent r="3" t="303" w="29" /><ent r="3" t="320" w="122" /><ent r="3" t="320" w="122" /><ent r="6" t="348" w="481" /><ent r="6" t="348" w="481" /></phr></stem><stem n="caution"><phr n="CAUTION"><ent r="4" t="9" w="83" /><ent r="4" t="9" w="83" /><ent r="4" t="11" w="35" /><ent r="4" t="11" w="35" /><ent r="6" t="242" w="67" /><ent r="6" t="242" w="67" /><ent r="5" t="244" w="494" /><ent r="5" t="244" w="494" /><ent r="4" t="279" w="607" /><ent r="4" t="279" w="607" /><ent r="4" t="304" w="36" /><ent r="4" t="304" w="36" /><ent r="4" t="499" w="9" /><ent r="4" t="499" w="9" /></phr></stem><stem n="mix"><phr n="Mixing"><ent r="3" t="9" w="85" /><ent r="3" t="9" w="85" /></phr><phr n="mixed"><ent r="3" t="276" w="2306" /><ent r="3" t="276" w="2306" /><ent r="3" t="399" w="413" /><ent r="3" t="399" w="413" /></phr></stem><stem n="degrad"><phr n="degraded"><ent r="3" t="9" w="94" /><ent r="3" t="9" w="94" /><ent r="3" t="11" w="589" /><ent r="3" t="270" w="541" /></phr><phr n="degrade"><ent r="3" t="11" w="125" /><ent r="3" t="11" w="125" /></phr><phr n="degradation"><ent r="3" t="11" w="858" /><ent r="3" t="11" w="858" /><ent r="7" t="477" w="330" /><ent r="7" t="477" w="330" /></phr><phr n="degrades"><ent r="3" t="11" w="929" /><ent r="3" t="11" w="929" /></phr></stem><stem n="factor"><phr n="Factors"><ent r="3" t="9" w="97" /><ent r="3" t="9" w="97" /><ent r="65" t="400" w="81" /><ent r="65" t="400" w="81" /><ent r="82" t="400" w="1987" /><ent r="82" t="400" w="1987" /></phr><phr n="factors"><ent r="1000" t="11" w="2" /><ent r="1000" t="11" w="2" /><ent r="92" t="11" w="8" /><ent r="92" t="11" w="8" /><ent r="82" t="11" w="592" /><ent r="82" t="11" w="592" /><ent r="3" t="11" w="595" /><ent r="3" t="11" w="595" /><ent r="3" t="12" w="172" /><ent r="3" t="12" w="172" /><ent r="3" t="400" w="2017" /><ent r="3" t="400" w="2017" /></phr><phr n="factor"><ent r="3" t="25" w="198" /><ent r="3" t="25" w="198" /><ent r="3" t="56" w="198" /><ent r="3" t="56" w="198" /><ent r="3" t="107" w="198" /><ent r="3" t="107" w="198" /><ent r="4" t="148" w="155" /><ent r="4" t="148" w="155" /><ent r="3" t="182" w="198" /><ent r="3" t="182" w="198" /><ent r="3" t="208" w="198" /><ent r="3" t="208" w="198" /><ent r="5" t="243" w="313" /><ent r="5" t="243" w="313" /><ent r="5" t="243" w="347" /><ent r="5" t="243" w="347" /><ent r="5" t="400" w="2045" /><ent r="5" t="400" w="2045" /></phr></stem><stem n="consid"><phr n="consider"><ent r="3" t="9" w="99" /><ent r="3" t="9" w="99" /><ent r="3" t="216" w="220" /><ent r="3" t="216" w="220" /></phr><phr n="Considering"><ent r="82" t="40" w="49" /><ent r="82" t="40" w="49" /><ent r="82" t="66" w="49" /><ent r="82" t="66" w="49" /><ent r="82" t="121" w="49" /><ent r="82" t="121" w="49" /><ent r="82" t="157" w="45" /><ent r="82" t="157" w="45" /><ent r="82" t="195" w="45" /><ent r="82" t="195" w="45" /><ent r="82" t="219" w="45" /><ent r="82" t="219" w="45" /></phr><phr n="considered"><ent r="3" t="252" w="194" /><ent r="3" t="252" w="194" /><ent r="3" t="252" w="220" /><ent r="3" t="252" w="220" /><ent r="5" t="252" w="475" /><ent r="5" t="252" w="475" /><ent r="5" t="252" w="501" /><ent r="5" t="252" w="501" /><ent r="3" t="253" w="216" /><ent r="3" t="253" w="216" /><ent r="3" t="253" w="244" /><ent r="3" t="253" w="244" /><ent r="5" t="254" w="188" /><ent r="5" t="254" w="188" /><ent r="5" t="254" w="214" /><ent r="5" t="254" w="214" /><ent r="3" t="257" w="77" /><ent r="3" t="257" w="77" /><ent r="10" t="348" w="700" /><ent r="10" t="348" w="700" /><ent r="3" t="366" w="81" /><ent r="3" t="366" w="81" /><ent r="3" t="367" w="81" /><ent r="3" t="367" w="81" /><ent r="3" t="368" w="81" /><ent r="3" t="368" w="81" /><ent r="3" t="369" w="81" /><ent r="3" t="369" w="81" /><ent r="3" t="370" w="81" /><ent r="3" t="370" w="81" /><ent r="3" t="371" w="82" /><ent r="3" t="371" w="82" /></phr><phr n="Consider"><ent r="3" t="400" w="1435" /><ent r="3" t="400" w="1435" /></phr><phr n="considering"><ent r="5" t="400" w="2052" /><ent r="5" t="400" w="2052" /></phr></stem><stem n="choos"><phr n="choosing"><ent r="3" t="9" w="101" /><ent r="3" t="9" w="101" /><ent r="6" t="314" w="696" /><ent r="6" t="314" w="696" /><ent r="3" t="427" w="129" /><ent r="3" t="427" w="129" /></phr><phr n="choose"><ent r="3" t="36" w="20" /><ent r="3" t="36" w="20" /><ent r="3" t="37" w="61" /><ent r="3" t="37" w="61" /><ent r="3" t="40" w="147" /><ent r="3" t="40" w="147" /><ent r="3" t="66" w="147" /><ent r="3" t="66" w="147" /><ent r="3" t="88" w="20" /><ent r="3" t="88" w="20" /><ent r="3" t="89" w="60" /><ent r="3" t="89" w="60" /><ent r="3" t="118" w="20" /><ent r="3" t="118" w="20" /><ent r="3" t="119" w="60" /><ent r="3" t="119" w="60" /><ent r="3" t="121" w="147" /><ent r="3" t="121" w="147" /><ent r="3" t="141" w="20" /><ent r="3" t="141" w="20" /><ent r="3" t="142" w="61" /><ent r="3" t="142" w="61" /><ent r="3" t="157" w="143" /><ent r="3" t="157" w="143" /><ent r="7" t="186" w="21" /><ent r="7" t="186" w="21" /><ent r="7" t="186" w="90" /><ent r="7" t="186" w="90" /><ent r="3" t="192" w="20" /><ent r="3" t="192" w="20" /><ent r="3" t="193" w="58" /><ent r="3" t="193" w="58" /><ent r="3" t="195" w="143" /><ent r="3" t="195" w="143" /><ent r="7" t="213" w="21" /><ent r="7" t="213" w="21" /><ent r="7" t="213" w="90" /><ent r="7" t="213" w="90" /><ent r="3" t="219" w="143" /><ent r="3" t="219" w="143" /><ent r="5" t="243" w="295" /><ent r="5" t="243" w="295" /><ent r="3" t="269" w="60" /><ent r="3" t="269" w="60" /><ent r="5" t="271" w="611" /><ent r="5" t="271" w="611" /><ent r="3" t="314" w="1361" /><ent r="3" t="314" w="1361" /><ent r="3" t="405" w="265" /><ent r="3" t="405" w="265" /></phr><phr n="Choosing"><ent r="3" t="40" w="174" /><ent r="3" t="40" w="174" /><ent r="3" t="66" w="174" /><ent r="3" t="66" w="174" /><ent r="3" t="121" w="176" /><ent r="3" t="121" w="176" /><ent r="3" t="157" w="185" /><ent r="3" t="157" w="185" /><ent r="3" t="195" w="181" /><ent r="3" t="195" w="181" /><ent r="3" t="219" w="181" /><ent r="3" t="219" w="181" /></phr><phr n="Choose"><ent r="4" t="40" w="234" /><ent r="4" t="40" w="234" /><ent r="4" t="66" w="234" /><ent r="4" t="66" w="234" /><ent r="4" t="121" w="236" /><ent r="4" t="121" w="236" /><ent r="4" t="157" w="245" /><ent r="4" t="157" w="245" /><ent r="4" t="195" w="241" /><ent r="4" t="195" w="241" /><ent r="4" t="219" w="241" /><ent r="4" t="219" w="241" /><ent r="4" t="269" w="445" /><ent r="4" t="269" w="445" /><ent r="54" t="270" w="306" /><ent r="54" t="270" w="306" /><ent r="4" t="304" w="317" /><ent r="4" t="304" w="317" /><ent r="4" t="304" w="322" /><ent r="4" t="304" w="322" /></phr></stem><stem n="throughput"><phr n="Throughput"><ent r="4" t="9" w="107" /><ent r="4" t="9" w="107" /></phr><phr n="throughput"><ent r="3" t="9" w="135" /><ent r="3" t="276" w="2385" /><ent r="3" t="276" w="2385" /></phr></stem><stem n="capac"><phr n="capacity"><ent r="4" t="9" w="108" /><ent r="4" t="9" w="108" /><ent r="7" t="434" w="78" /><ent r="7" t="434" w="78" /><ent r="7" t="434" w="87" /><ent r="7" t="434" w="87" /></phr></stem><stem n="duti"><phr n="Duty"><ent r="4" t="9" w="112" /><ent r="4" t="9" w="112" /></phr></stem><stem n="check"><phr n="checking"><ent r="4" t="9" w="116" /><ent r="3" t="402" w="235" /><ent r="3" t="402" w="235" /></phr><phr n="Check"><ent r="6" t="234" w="53" /><ent r="6" t="234" w="53" /><ent r="6" t="234" w="80" /><ent r="6" t="234" w="80" /><ent r="6" t="234" w="278" /><ent r="6" t="234" w="278" /><ent r="3" t="276" w="2792" /><ent r="3" t="276" w="2792" /><ent r="6" t="278" w="571" /><ent r="6" t="278" w="571" /><ent r="4" t="288" w="204" /><ent r="4" t="288" w="204" /><ent r="3" t="293" w="48" /><ent r="3" t="293" w="48" /><ent r="7" t="296" w="301" /><ent r="7" t="296" w="301" /><ent r="7" t="296" w="309" /><ent r="7" t="296" w="309" /><ent r="1000" t="305" w="1" /><ent r="1000" t="305" w="1" /><ent r="82" t="305" w="6" /><ent r="82" t="305" w="6" /><ent r="4" t="315" w="245" /><ent r="4" t="315" w="245" /><ent r="65" t="317" w="59" /><ent r="65" t="317" w="59" /><ent r="7" t="445" w="164" /><ent r="7" t="445" w="164" /><ent r="7" t="445" w="171" /><ent r="7" t="445" w="171" /></phr><phr n="check"><ent r="6" t="234" w="113" /><ent r="6" t="234" w="113" /><ent r="6" t="234" w="129" /><ent r="6" t="234" w="129" /><ent r="6" t="234" w="146" /><ent r="6" t="234" w="146" /><ent r="6" t="234" w="230" /><ent r="6" t="234" w="230" /><ent r="3" t="252" w="56" /><ent r="3" t="252" w="56" /><ent r="3" t="252" w="62" /><ent r="3" t="252" w="62" /><ent r="3" t="252" w="86" /><ent r="3" t="252" w="86" /><ent r="3" t="252" w="125" /><ent r="3" t="252" w="125" /><ent r="3" t="252" w="133" /><ent r="3" t="252" w="133" /><ent r="3" t="252" w="169" /><ent r="3" t="252" w="169" /><ent r="3" t="252" w="201" /><ent r="3" t="252" w="201" /><ent r="5" t="252" w="482" /><ent r="5" t="252" w="482" /><ent r="3" t="253" w="53" /><ent r="3" t="253" w="53" /><ent r="3" t="253" w="59" /><ent r="3" t="253" w="59" /><ent r="3" t="253" w="102" /><ent r="3" t="253" w="102" /><ent r="3" t="253" w="143" /><ent r="3" t="253" w="143" /><ent r="3" t="253" w="153" /><ent r="3" t="253" w="153" /><ent r="3" t="253" w="191" /><ent r="3" t="253" w="191" /><ent r="3" t="253" w="225" /><ent r="3" t="253" w="225" /><ent r="5" t="254" w="195" /><ent r="5" t="254" w="195" /><ent r="3" t="256" w="111" /><ent r="3" t="256" w="111" /><ent r="3" t="256" w="146" /><ent r="3" t="256" w="146" /><ent r="3" t="256" w="172" /><ent r="3" t="256" w="172" /><ent r="3" t="257" w="51" /><ent r="3" t="257" w="51" /><ent r="3" t="257" w="63" /><ent r="3" t="257" w="63" /><ent r="3" t="257" w="94" /><ent r="3" t="257" w="94" /><ent r="3" t="257" w="120" /><ent r="3" t="257" w="120" /><ent r="3" t="257" w="153" /><ent r="3" t="257" w="153" /><ent r="3" t="257" w="178" /><ent r="3" t="257" w="178" /><ent r="3" t="260" w="45" /><ent r="3" t="260" w="45" /><ent r="3" t="260" w="96" /><ent r="3" t="260" w="96" /><ent r="3" t="260" w="130" /><ent r="3" t="260" w="130" /><ent r="3" t="260" w="155" /><ent r="3" t="260" w="155" /><ent r="3" t="261" w="31" /><ent r="3" t="261" w="31" /><ent r="3" t="261" w="82" /><ent r="3" t="261" w="82" /><ent r="3" t="261" w="114" /><ent r="3" t="261" w="114" /><ent r="3" t="261" w="140" /><ent r="3" t="261" w="140" /><ent r="3" t="261" w="163" /><ent r="3" t="261" w="163" /><ent r="3" t="261" w="174" /><ent r="3" t="261" w="174" /><ent r="3" t="269" w="223" /><ent r="3" t="269" w="223" /><ent r="3" t="269" w="255" /><ent r="3" t="269" w="255" /><ent r="3" t="276" w="114" /><ent r="3" t="276" w="114" /><ent r="3" t="276" w="164" /><ent r="3" t="276" w="164" /><ent r="3" t="276" w="220" /><ent r="3" t="276" w="220" /><ent r="3" t="276" w="252" /><ent r="3" t="276" w="252" /><ent r="3" t="276" w="389" /><ent r="3" t="276" w="389" /><ent r="3" t="276" w="1189" /><ent r="3" t="276" w="1189" /><ent r="3" t="276" w="1472" /><ent r="3" t="276" w="1472" /><ent r="3" t="276" w="2120" /><ent r="3" t="276" w="2120" /><ent r="3" t="276" w="2629" /><ent r="3" t="276" w="2629" /><ent r="3" t="276" w="2645" /><ent r="3" t="276" w="2645" /><ent r="3" t="276" w="2810" /><ent r="3" t="276" w="2810" /><ent r="3" t="276" w="2821" /><ent r="3" t="276" w="2821" /><ent r="3" t="276" w="2832" /><ent r="3" t="276" w="2832" /><ent r="3" t="276" w="2856" /><ent r="3" t="276" w="2856" /><ent r="3" t="276" w="2871" /><ent r="3" t="276" w="2871" /><ent r="3" t="276" w="2888" /><ent r="3" t="276" w="2888" /><ent r="3" t="276" w="2906" /><ent r="3" t="276" w="2906" /><ent r="3" t="277" w="13" /><ent r="3" t="277" w="13" /><ent r="5" t="278" w="71" /><ent r="5" t="278" w="71" /><ent r="3" t="279" w="50" /><ent r="3" t="279" w="50" /><ent r="3" t="279" w="68" /><ent r="3" t="279" w="68" /><ent r="3" t="279" w="321" /><ent r="3" t="279" w="321" /><ent r="5" t="282" w="339" /><ent r="5" t="282" w="339" /><ent r="5" t="284" w="931" /><ent r="5" t="284" w="931" /><ent r="3" t="287" w="342" /><ent r="3" t="287" w="342" /><ent r="3" t="287" w="379" /><ent r="3" t="287" w="379" /><ent r="3" t="288" w="67" /><ent r="3" t="288" w="67" /><ent r="3" t="288" w="207" /><ent r="3" t="288" w="207" /><ent r="3" t="288" w="254" /><ent r="3" t="288" w="254" /><ent r="3" t="288" w="274" /><ent r="3" t="288" w="274" /><ent r="3" t="288" w="324" /><ent r="3" t="288" w="324" /><ent r="3" t="288" w="350" /><ent r="3" t="288" w="350" /><ent r="3" t="288" w="476" /><ent r="3" t="288" w="476" /><ent r="3" t="288" w="631" /><ent r="3" t="288" w="631" /><ent r="3" t="288" w="699" /><ent r="3" t="288" w="699" /><ent r="3" t="288" w="725" /><ent r="3" t="288" w="725" /><ent r="3" t="288" w="809" /><ent r="3" t="288" w="809" /><ent r="3" t="288" w="840" /><ent r="3" t="288" w="840" /><ent r="3" t="290" w="59" /><ent r="3" t="290" w="59" /><ent r="3" t="291" w="51" /><ent r="3" t="291" w="51" /><ent r="3" t="291" w="97" /><ent r="3" t="291" w="97" /><ent r="3" t="293" w="56" /><ent r="3" t="293" w="56" /><ent r="3" t="294" w="28" /><ent r="3" t="294" w="28" /><ent r="3" t="295" w="96" /><ent r="3" t="295" w="96" /><ent r="3" t="295" w="130" /><ent r="3" t="295" w="130" /><ent r="3" t="296" w="345" /><ent r="3" t="296" w="345" /><ent r="3" t="296" w="585" /><ent r="3" t="296" w="585" /><ent r="3" t="297" w="304" /><ent r="3" t="297" w="304" /><ent r="3" t="297" w="532" /><ent r="3" t="297" w="532" /><ent r="3" t="297" w="662" /><ent r="3" t="297" w="662" /><ent r="3" t="301" w="163" /><ent r="3" t="301" w="163" /><ent r="3" t="304" w="107" /><ent r="3" t="304" w="107" /><ent r="3" t="305" w="15" /><ent r="3" t="305" w="15" /><ent r="5" t="311" w="291" /><ent r="5" t="311" w="291" /><ent r="5" t="312" w="130" /><ent r="5" t="312" w="130" /><ent r="5" t="312" w="577" /><ent r="5" t="312" w="577" /><ent r="5" t="312" w="613" /><ent r="5" t="312" w="613" /><ent r="5" t="312" w="624" /><ent r="5" t="312" w="624" /><ent r="5" t="312" w="662" /><ent r="5" t="312" w="662" /><ent r="5" t="312" w="892" /><ent r="5" t="312" w="892" /><ent r="4" t="313" w="92" /><ent r="4" t="313" w="92" /><ent r="5" t="315" w="444" /><ent r="5" t="315" w="444" /><ent r="3" t="317" w="81" /><ent r="3" t="317" w="81" /><ent r="6" t="334" w="252" /><ent r="6" t="334" w="252" /><ent r="6" t="343" w="732" /><ent r="6" t="343" w="732" /><ent r="66" t="402" w="93" /><ent r="66" t="402" w="93" /><ent r="82" t="402" w="376" /><ent r="82" t="402" w="376" /><ent r="3" t="421" w="136" /><ent r="3" t="421" w="136" /><ent r="3" t="421" w="251" /><ent r="3" t="421" w="251" /><ent r="3" t="422" w="41" /><ent r="3" t="422" w="41" /><ent r="3" t="422" w="314" /><ent r="3" t="422" w="314" /><ent r="3" t="422" w="334" /><ent r="3" t="422" w="334" /><ent r="3" t="423" w="279" /><ent r="3" t="423" w="279" /><ent r="3" t="423" w="305" /><ent r="3" t="423" w="305" /><ent r="3" t="423" w="334" /><ent r="3" t="423" w="334" /><ent r="3" t="423" w="452" /><ent r="3" t="423" w="452" /><ent r="3" t="423" w="475" /><ent r="3" t="423" w="475" /><ent r="4" t="427" w="812" /><ent r="4" t="427" w="812" /><ent r="3" t="498" w="13" /><ent r="3" t="498" w="13" /><ent r="3" t="501" w="42" /><ent r="3" t="501" w="42" /><ent r="3" t="501" w="315" /><ent r="3" t="501" w="315" /><ent r="3" t="502" w="77" /><ent r="3" t="502" w="77" /></phr><phr n="checked"><ent r="3" t="252" w="128" /><ent r="3" t="288" w="116" /><ent r="6" t="348" w="490" /><ent r="6" t="348" w="490" /></phr><phr n="Checking"><ent r="3" t="276" w="708" /><ent r="3" t="276" w="708" /><ent r="5" t="278" w="92" /><ent r="66" t="402" w="82" /><ent r="66" t="402" w="82" /><ent r="82" t="402" w="227" /><ent r="82" t="402" w="227" /></phr><phr n="checks"><ent r="5" t="278" w="576" /><ent r="5" t="278" w="576" /></phr><phr n="Checks"><ent r="3" t="288" w="225" /><ent r="3" t="288" w="225" /></phr></stem><stem n="consumpt"><phr n="consumption"><ent r="4" t="9" w="120" /><ent r="4" t="9" w="120" /><ent r="6" t="27" w="43" /><ent r="6" t="27" w="43" /><ent r="3" t="34" w="50" /><ent r="3" t="34" w="50" /><ent r="6" t="57" w="43" /><ent r="6" t="57" w="43" /><ent r="9" t="73" w="78" /><ent r="6" t="79" w="40" /><ent r="6" t="79" w="40" /><ent r="3" t="86" w="50" /><ent r="3" t="86" w="50" /><ent r="7" t="108" w="44" /><ent r="7" t="108" w="44" /><ent r="3" t="116" w="51" /><ent r="3" t="116" w="51" /><ent r="7" t="132" w="44" /><ent r="7" t="132" w="44" /><ent r="3" t="139" w="51" /><ent r="3" t="139" w="51" /><ent r="6" t="152" w="29" /><ent r="6" t="152" w="29" /><ent r="6" t="167" w="28" /><ent r="6" t="167" w="28" /><ent r="6" t="177" w="21" /><ent r="6" t="177" w="21" /><ent r="7" t="184" w="46" /><ent r="7" t="184" w="46" /><ent r="7" t="184" w="57" /><ent r="7" t="184" w="57" /><ent r="6" t="203" w="21" /><ent r="6" t="203" w="21" /><ent r="7" t="210" w="133" /><ent r="7" t="210" w="133" /><ent r="6" t="229" w="28" /><ent r="6" t="229" w="28" /></phr></stem><stem n="4800"><phr n="4800"><ent r="3" t="9" w="129" /><ent r="3" t="9" w="129" /><ent r="7" t="128" w="128" /><ent r="7" t="128" w="128" /><ent r="7" t="128" w="170" /><ent r="7" t="128" w="170" /><ent r="7" t="128" w="186" /><ent r="7" t="128" w="186" /><ent r="7" t="128" w="206" /><ent r="7" t="128" w="206" /><ent r="7" t="128" w="226" /><ent r="7" t="128" w="226" /><ent r="3" t="320" w="12" /><ent r="3" t="320" w="32" /><ent r="3" t="320" w="32" /><ent r="6" t="364" w="265" /><ent r="6" t="364" w="265" /><ent r="3" t="390" w="794" /></phr></stem><stem n="baud"><phr n="baud"><ent r="3" t="9" w="130" /><ent r="3" t="9" w="134" /><ent r="3" t="9" w="134" /><ent r="4" t="14" w="180" /><ent r="4" t="14" w="180" /><ent r="4" t="45" w="180" /><ent r="4" t="45" w="180" /><ent r="4" t="70" w="232" /><ent r="4" t="70" w="232" /><ent r="4" t="96" w="223" /><ent r="4" t="96" w="223" /><ent r="5" t="125" w="227" /><ent r="5" t="125" w="227" /><ent r="4" t="173" w="170" /><ent r="4" t="173" w="170" /><ent r="4" t="199" w="243" /><ent r="4" t="199" w="243" /><ent r="4" t="224" w="251" /><ent r="4" t="224" w="251" /><ent r="6" t="234" w="179" /><ent r="6" t="234" w="179" /><ent r="5" t="275" w="253" /><ent r="5" t="275" w="253" /><ent r="3" t="276" w="1710" /><ent r="3" t="276" w="1710" /><ent r="5" t="278" w="66" /><ent r="5" t="278" w="66" /><ent r="5" t="311" w="219" /><ent r="5" t="311" w="219" /><ent r="5" t="311" w="457" /><ent r="5" t="311" w="457" /><ent r="5" t="315" w="436" /><ent r="5" t="315" w="436" /><ent r="3" t="320" w="18" /><ent r="3" t="320" w="18" /><ent r="3" t="320" w="33" /><ent r="3" t="320" w="33" /><ent r="4" t="320" w="50" /><ent r="4" t="320" w="50" /><ent r="3" t="320" w="87" /><ent r="69" t="360" w="222" /><ent r="1000" t="364" w="3" /><ent r="92" t="364" w="9" /><ent r="3" t="364" w="16" /><ent r="3" t="364" w="16" /><ent r="3" t="364" w="54" /><ent r="3" t="364" w="54" /><ent r="3" t="364" w="229" /><ent r="6" t="364" w="252" /><ent r="6" t="364" w="252" /><ent r="6" t="364" w="259" /><ent r="6" t="364" w="259" /><ent r="6" t="364" w="266" /><ent r="6" t="364" w="266" /><ent r="6" t="364" w="273" /><ent r="6" t="364" w="273" /><ent r="6" t="364" w="281" /><ent r="6" t="364" w="281" /><ent r="6" t="364" w="289" /><ent r="6" t="364" w="289" /><ent r="6" t="364" w="298" /><ent r="6" t="364" w="298" /><ent r="6" t="364" w="306" /><ent r="6" t="364" w="306" /><ent r="6" t="364" w="313" /><ent r="6" t="364" w="313" /><ent r="6" t="364" w="320" /><ent r="6" t="364" w="320" /><ent r="6" t="364" w="327" /><ent r="6" t="364" w="327" /><ent r="6" t="364" w="335" /><ent r="6" t="364" w="335" /><ent r="6" t="364" w="343" /><ent r="6" t="364" w="343" /><ent r="4" t="390" w="138" /><ent r="3" t="390" w="711" /><ent r="3" t="390" w="711" /><ent r="3" t="390" w="714" /><ent r="3" t="390" w="714" /><ent r="4" t="390" w="740" /><ent r="4" t="390" w="740" /><ent r="4" t="390" w="743" /><ent r="4" t="390" w="743" /><ent r="3" t="390" w="801" /><ent r="5" t="398" w="885" /><ent r="5" t="398" w="885" /><ent r="5" t="398" w="1413" /><ent r="5" t="398" w="1413" /><ent r="5" t="398" w="2084" /><ent r="5" t="398" w="2084" /><ent r="5" t="398" w="2289" /><ent r="5" t="398" w="2289" /><ent r="6" t="402" w="518" /><ent r="6" t="402" w="518" /><ent r="7" t="402" w="580" /><ent r="7" t="402" w="580" /><ent r="7" t="402" w="669" /><ent r="7" t="402" w="669" /><ent r="7" t="402" w="785" /><ent r="7" t="402" w="785" /><ent r="3" t="402" w="1507" /><ent r="3" t="402" w="1507" /><ent r="3" t="402" w="1529" /></phr><phr n="Baud"><ent r="6" t="15" w="114" /><ent r="6" t="15" w="114" /><ent r="6" t="20" w="48" /><ent r="6" t="20" w="48" /><ent r="6" t="46" w="114" /><ent r="6" t="46" w="114" /><ent r="6" t="51" w="48" /><ent r="6" t="51" w="48" /><ent r="6" t="75" w="48" /><ent r="6" t="75" w="48" /><ent r="6" t="97" w="114" /><ent r="6" t="97" w="114" /><ent r="7" t="102" w="48" /><ent r="7" t="102" w="48" /><ent r="6" t="126" w="114" /><ent r="6" t="126" w="114" /><ent r="6" t="149" w="114" /><ent r="6" t="149" w="114" /><ent r="6" t="154" w="48" /><ent r="6" t="154" w="48" /><ent r="7" t="168" w="46" /><ent r="7" t="168" w="46" /><ent r="6" t="174" w="114" /><ent r="6" t="174" w="114" /><ent r="6" t="179" w="48" /><ent r="6" t="179" w="48" /><ent r="6" t="200" w="114" /><ent r="6" t="200" w="114" /><ent r="6" t="205" w="48" /><ent r="6" t="205" w="48" /><ent r="6" t="231" w="48" /><ent r="6" t="231" w="48" /><ent r="6" t="364" w="89" /><ent r="6" t="364" w="89" /><ent r="68" t="364" w="147" /><ent r="68" t="364" w="147" /><ent r="82" t="364" w="233" /><ent r="82" t="364" w="233" /><ent r="5" t="398" w="864" /><ent r="5" t="398" w="864" /><ent r="5" t="398" w="1392" /><ent r="5" t="398" w="1392" /><ent r="5" t="398" w="2063" /><ent r="5" t="398" w="2063" /><ent r="5" t="398" w="2268" /><ent r="5" t="398" w="2268" /></phr><phr n="BAUD"><ent r="6" t="364" w="139" /><ent r="6" t="364" w="139" /><ent r="5" t="398" w="880" /><ent r="5" t="398" w="880" /><ent r="5" t="398" w="1408" /><ent r="5" t="398" w="1408" /><ent r="5" t="398" w="2079" /><ent r="5" t="398" w="2079" /><ent r="5" t="398" w="2284" /><ent r="5" t="398" w="2284" /></phr></stem><stem n="prefer"><phr n="preferably"><ent r="3" t="9" w="132" /><ent r="3" t="9" w="132" /></phr><phr n="Preferred"><ent r="4" t="282" w="41" /><ent r="4" t="282" w="41" /></phr><phr n="preferred"><ent r="3" t="282" w="67" /><ent r="3" t="282" w="67" /></phr><phr n="Preferences"><ent r="6" t="312" w="260" /><ent r="6" t="312" w="260" /></phr></stem><stem n="9600"><phr n="9600"><ent r="3" t="9" w="133" /><ent r="3" t="9" w="133" /><ent r="7" t="128" w="144" /><ent r="7" t="128" w="144" /><ent r="7" t="128" w="178" /><ent r="7" t="128" w="178" /><ent r="7" t="128" w="196" /><ent r="7" t="128" w="196" /><ent r="7" t="128" w="216" /><ent r="7" t="128" w="216" /><ent r="7" t="128" w="238" /><ent r="7" t="128" w="238" /><ent r="7" t="128" w="250" /><ent r="7" t="128" w="250" /><ent r="7" t="128" w="270" /><ent r="7" t="128" w="270" /><ent r="7" t="128" w="289" /><ent r="7" t="128" w="289" /><ent r="7" t="128" w="311" /><ent r="7" t="128" w="311" /><ent r="3" t="320" w="13" /><ent r="6" t="364" w="251" /><ent r="6" t="364" w="251" /><ent r="6" t="364" w="272" /><ent r="6" t="364" w="272" /><ent r="4" t="390" w="137" /><ent r="4" t="390" w="137" /><ent r="3" t="390" w="795" /><ent r="3" t="390" w="885" /><ent r="3" t="390" w="908" /></phr></stem><stem n="assist"><phr n="assist"><ent r="3" t="9" w="142" /><ent r="3" t="9" w="142" /></phr></stem><stem n="question"><phr n="questions"><ent r="3" t="9" w="144" /><ent r="3" t="9" w="144" /></phr></stem><stem n="regard"><phr n="regarding"><ent r="3" t="9" w="145" /><ent r="3" t="9" w="145" /><ent r="3" t="236" w="17" /><ent r="3" t="236" w="17" /><ent r="3" t="290" w="35" /><ent r="3" t="290" w="35" /><ent r="3" t="291" w="31" /><ent r="3" t="291" w="31" /><ent r="3" t="325" w="14" /><ent r="3" t="325" w="14" /><ent r="3" t="392" w="15" /><ent r="3" t="392" w="15" /><ent r="3" t="402" w="839" /><ent r="3" t="402" w="839" /><ent r="4" t="404" w="994" /><ent r="4" t="404" w="994" /></phr></stem><stem n="remain"><phr n="remains"><ent r="3" t="10" w="18" /><ent r="3" t="10" w="18" /><ent r="6" t="30" w="45" /><ent r="6" t="30" w="45" /><ent r="6" t="61" w="45" /><ent r="6" t="61" w="45" /><ent r="6" t="82" w="45" /><ent r="6" t="82" w="45" /><ent r="7" t="112" w="45" /><ent r="7" t="112" w="45" /><ent r="7" t="135" w="45" /><ent r="7" t="135" w="45" /><ent r="6" t="186" w="140" /><ent r="6" t="186" w="140" /><ent r="6" t="213" w="140" /><ent r="6" t="213" w="140" /><ent r="6" t="348" w="479" /><ent r="6" t="348" w="479" /><ent r="3" t="400" w="309" /><ent r="3" t="400" w="309" /><ent r="3" t="409" w="199" /><ent r="3" t="409" w="199" /></phr><phr n="remain"><ent r="6" t="30" w="32" /><ent r="6" t="30" w="32" /><ent r="6" t="61" w="32" /><ent r="6" t="61" w="32" /><ent r="6" t="82" w="32" /><ent r="6" t="82" w="32" /><ent r="7" t="112" w="32" /><ent r="7" t="112" w="32" /><ent r="7" t="135" w="32" /><ent r="7" t="135" w="32" /><ent r="7" t="186" w="59" /><ent r="7" t="186" w="59" /><ent r="6" t="186" w="127" /><ent r="6" t="186" w="127" /><ent r="7" t="213" w="59" /><ent r="7" t="213" w="59" /><ent r="6" t="213" w="127" /><ent r="6" t="213" w="127" /><ent r="5" t="269" w="210" /><ent r="5" t="269" w="210" /><ent r="3" t="320" w="119" /><ent r="3" t="320" w="119" /></phr><phr n="remaining"><ent r="3" t="329" w="318" /><ent r="3" t="329" w="318" /><ent r="3" t="329" w="406" /><ent r="3" t="329" w="406" /><ent r="7" t="349" w="813" /><ent r="7" t="349" w="813" /><ent r="7" t="350" w="732" /><ent r="7" t="350" w="732" /><ent r="7" t="353" w="1249" /><ent r="7" t="353" w="1249" /><ent r="3" t="372" w="55" /><ent r="3" t="372" w="55" /><ent r="3" t="397" w="473" /><ent r="3" t="397" w="473" /><ent r="3" t="397" w="607" /><ent r="3" t="397" w="607" /><ent r="7" t="434" w="102" /><ent r="7" t="434" w="102" /></phr><phr n="Remaining"><ent r="5" t="434" w="28" /><ent r="5" t="434" w="28" /><ent r="5" t="434" w="32" /><ent r="5" t="434" w="32" /><ent r="7" t="434" w="85" /><ent r="7" t="434" w="85" /><ent r="7" t="434" w="94" /><ent r="7" t="434" w="94" /></phr></stem></index>