<?xml version="1.0" encoding="utf-8"?><index><!-- saved from url=(0016)http://localhost -->
<stem n="115"><phr n="115"><ent r="4" t="14" w="184" /><ent r="6" t="20" w="52" /><ent r="4" t="45" w="184" /><ent r="6" t="51" w="52" /><ent r="4" t="70" w="236" /><ent r="6" t="75" w="52" /><ent r="4" t="96" w="227" /><ent r="7" t="102" w="52" /><ent r="5" t="125" w="231" /><ent r="6" t="154" w="52" /><ent r="7" t="168" w="50" /><ent r="3" t="320" w="20" /><ent r="3" t="320" w="20" /><ent r="6" t="344" w="371" /><ent r="6" t="364" w="304" /></phr></stem><stem n="200"><phr n="200"><ent r="4" t="14" w="185" /><ent r="7" t="18" w="99" /><ent r="7" t="18" w="99" /><ent r="6" t="20" w="53" /><ent r="6" t="20" w="53" /><ent r="6" t="35" w="200" /><ent r="6" t="35" w="200" /><ent r="6" t="35" w="213" /><ent r="4" t="45" w="185" /><ent r="7" t="49" w="102" /><ent r="7" t="49" w="102" /><ent r="6" t="51" w="53" /><ent r="6" t="51" w="53" /><ent r="4" t="70" w="237" /><ent r="7" t="73" w="154" /><ent r="7" t="73" w="154" /><ent r="6" t="75" w="53" /><ent r="6" t="75" w="53" /><ent r="6" t="80" w="20" /><ent r="6" t="80" w="20" /><ent r="6" t="87" w="200" /><ent r="6" t="87" w="200" /><ent r="6" t="87" w="213" /><ent r="4" t="96" w="228" /><ent r="7" t="100" w="115" /><ent r="7" t="100" w="115" /><ent r="7" t="102" w="53" /><ent r="7" t="102" w="53" /><ent r="5" t="115" w="424" /><ent r="6" t="117" w="200" /><ent r="6" t="117" w="200" /><ent r="6" t="117" w="213" /><ent r="5" t="125" w="232" /><ent r="7" t="127" w="133" /><ent r="7" t="127" w="133" /><ent r="7" t="131" w="310" /><ent r="7" t="131" w="310" /><ent r="6" t="133" w="51" /><ent r="6" t="133" w="51" /><ent r="6" t="133" w="120" /><ent r="6" t="133" w="120" /><ent r="5" t="138" w="329" /><ent r="7" t="140" w="207" /><ent r="7" t="140" w="207" /><ent r="7" t="140" w="220" /><ent r="7" t="143" w="202" /><ent r="7" t="143" w="202" /><ent r="6" t="154" w="53" /><ent r="6" t="154" w="53" /><ent r="7" t="168" w="51" /><ent r="7" t="168" w="51" /><ent r="6" t="191" w="200" /><ent r="6" t="191" w="200" /><ent r="6" t="191" w="213" /><ent r="4" t="216" w="246" /><ent r="3" t="246" w="208" /><ent r="3" t="246" w="208" /><ent r="3" t="338" w="78" /><ent r="3" t="338" w="102" /><ent r="6" t="338" w="142" /><ent r="6" t="338" w="158" /><ent r="6" t="338" w="169" /><ent r="6" t="338" w="180" /><ent r="6" t="338" w="192" /><ent r="6" t="338" w="204" /><ent r="6" t="338" w="216" /><ent r="6" t="338" w="228" /><ent r="6" t="338" w="240" /><ent r="6" t="338" w="252" /><ent r="6" t="338" w="264" /><ent r="6" t="338" w="276" /><ent r="6" t="338" w="289" /><ent r="6" t="338" w="303" /><ent r="6" t="338" w="331" /><ent r="6" t="338" w="360" /><ent r="6" t="338" w="390" /><ent r="6" t="338" w="420" /><ent r="6" t="338" w="432" /><ent r="6" t="338" w="444" /><ent r="6" t="338" w="457" /><ent r="6" t="338" w="470" /><ent r="6" t="338" w="483" /><ent r="3" t="339" w="71" /><ent r="6" t="339" w="137" /><ent r="6" t="339" w="159" /><ent r="6" t="339" w="172" /><ent r="6" t="339" w="184" /><ent r="6" t="339" w="196" /><ent r="6" t="339" w="208" /><ent r="6" t="339" w="220" /><ent r="6" t="339" w="232" /><ent r="6" t="339" w="244" /><ent r="6" t="339" w="256" /><ent r="6" t="339" w="268" /><ent r="3" t="340" w="58" /><ent r="3" t="341" w="59" /><ent r="6" t="341" w="133" /><ent r="6" t="341" w="146" /><ent r="6" t="341" w="159" /><ent r="6" t="341" w="172" /><ent r="6" t="341" w="185" /><ent r="6" t="341" w="198" /><ent r="6" t="341" w="211" /><ent r="6" t="341" w="224" /><ent r="6" t="341" w="239" /><ent r="6" t="341" w="251" /><ent r="6" t="341" w="263" /><ent r="6" t="341" w="275" /><ent r="6" t="341" w="287" /><ent r="6" t="341" w="299" /><ent r="6" t="341" w="310" /><ent r="6" t="341" w="321" /><ent r="6" t="341" w="332" /><ent r="6" t="341" w="344" /><ent r="3" t="346" w="79" /><ent r="3" t="346" w="103" /></phr></stem><stem n="instal"><phr n="installed"><ent r="4" t="14" w="205" /><ent r="4" t="14" w="205" /><ent r="6" t="14" w="248" /><ent r="6" t="14" w="248" /><ent r="4" t="45" w="205" /><ent r="4" t="45" w="205" /><ent r="6" t="45" w="248" /><ent r="6" t="45" w="248" /><ent r="4" t="70" w="262" /><ent r="4" t="70" w="262" /><ent r="6" t="70" w="307" /><ent r="6" t="70" w="307" /><ent r="3" t="91" w="319" /><ent r="3" t="91" w="319" /><ent r="7" t="96" w="273" /><ent r="7" t="96" w="273" /><ent r="3" t="124" w="178" /><ent r="3" t="124" w="178" /><ent r="8" t="125" w="303" /><ent r="8" t="125" w="303" /><ent r="6" t="148" w="190" /><ent r="6" t="148" w="190" /><ent r="3" t="163" w="159" /><ent r="3" t="163" w="159" /><ent r="4" t="173" w="193" /><ent r="4" t="173" w="193" /><ent r="6" t="173" w="236" /><ent r="6" t="173" w="236" /><ent r="4" t="199" w="269" /><ent r="4" t="199" w="269" /><ent r="6" t="199" w="312" /><ent r="6" t="199" w="312" /><ent r="4" t="224" w="277" /><ent r="4" t="224" w="277" /><ent r="6" t="224" w="320" /><ent r="6" t="224" w="320" /><ent r="3" t="239" w="621" /><ent r="3" t="239" w="621" /><ent r="3" t="240" w="704" /><ent r="3" t="240" w="704" /><ent r="3" t="240" w="907" /><ent r="3" t="240" w="907" /><ent r="3" t="241" w="151" /><ent r="7" t="242" w="191" /><ent r="7" t="242" w="191" /><ent r="58" t="242" w="948" /><ent r="58" t="242" w="948" /><ent r="3" t="243" w="226" /><ent r="3" t="246" w="20" /><ent r="3" t="263" w="518" /><ent r="3" t="263" w="518" /><ent r="3" t="263" w="533" /><ent r="3" t="263" w="533" /><ent r="7" t="267" w="208" /><ent r="3" t="276" w="2092" /><ent r="3" t="276" w="2340" /><ent r="3" t="276" w="2340" /><ent r="3" t="276" w="2753" /><ent r="3" t="276" w="2753" /><ent r="3" t="292" w="71" /><ent r="5" t="297" w="269" /><ent r="5" t="297" w="269" /><ent r="3" t="304" w="18" /><ent r="3" t="304" w="18" /><ent r="3" t="304" w="201" /><ent r="3" t="304" w="201" /><ent r="3" t="304" w="239" /><ent r="3" t="304" w="239" /><ent r="3" t="304" w="259" /><ent r="3" t="304" w="259" /><ent r="3" t="304" w="315" /><ent r="3" t="305" w="87" /><ent r="3" t="317" w="25" /><ent r="4" t="326" w="120" /><ent r="4" t="326" w="120" /><ent r="3" t="333" w="19" /><ent r="3" t="333" w="19" /><ent r="3" t="334" w="16" /><ent r="3" t="334" w="16" /><ent r="6" t="334" w="249" /><ent r="6" t="334" w="249" /><ent r="3" t="347" w="105" /><ent r="3" t="347" w="105" /><ent r="3" t="348" w="90" /><ent r="3" t="348" w="90" /><ent r="7" t="372" w="598" /><ent r="7" t="372" w="598" /><ent r="7" t="372" w="626" /><ent r="7" t="372" w="654" /><ent r="7" t="372" w="654" /><ent r="7" t="372" w="662" /><ent r="7" t="372" w="662" /><ent r="7" t="372" w="714" /><ent r="7" t="372" w="714" /><ent r="7" t="372" w="722" /><ent r="7" t="372" w="722" /><ent r="7" t="372" w="756" /><ent r="7" t="372" w="756" /><ent r="7" t="372" w="764" /><ent r="7" t="372" w="764" /><ent r="3" t="404" w="815" /><ent r="3" t="470" w="40" /></phr><phr n="Installation"><ent r="1000" t="40" w="1" /><ent r="1000" t="40" w="1" /><ent r="92" t="40" w="4" /><ent r="92" t="40" w="4" /><ent r="1000" t="66" w="1" /><ent r="1000" t="66" w="1" /><ent r="92" t="66" w="4" /><ent r="92" t="66" w="4" /><ent r="1000" t="121" w="1" /><ent r="1000" t="121" w="1" /><ent r="92" t="121" w="4" /><ent r="92" t="121" w="4" /><ent r="1000" t="157" w="1" /><ent r="1000" t="157" w="1" /><ent r="92" t="157" w="4" /><ent r="92" t="157" w="4" /><ent r="1000" t="195" w="1" /><ent r="1000" t="195" w="1" /><ent r="92" t="195" w="4" /><ent r="92" t="195" w="4" /><ent r="1000" t="219" w="1" /><ent r="1000" t="219" w="1" /><ent r="92" t="219" w="4" /><ent r="92" t="219" w="4" /><ent r="1000" t="413" w="1" /><ent r="1000" t="413" w="1" /><ent r="102" t="413" w="3" /><ent r="102" t="413" w="3" /><ent r="67" t="413" w="11" /><ent r="67" t="413" w="11" /><ent r="67" t="413" w="14" /><ent r="67" t="413" w="14" /><ent r="67" t="413" w="17" /><ent r="67" t="413" w="17" /><ent r="67" t="413" w="20" /><ent r="67" t="413" w="20" /><ent r="67" t="413" w="23" /><ent r="67" t="413" w="23" /><ent r="67" t="413" w="26" /><ent r="67" t="413" w="26" /></phr><phr n="Install"><ent r="3" t="40" w="53" /><ent r="3" t="40" w="53" /><ent r="3" t="66" w="53" /><ent r="3" t="66" w="53" /><ent r="3" t="121" w="53" /><ent r="3" t="121" w="53" /><ent r="3" t="157" w="49" /><ent r="3" t="157" w="49" /><ent r="3" t="195" w="49" /><ent r="3" t="195" w="49" /><ent r="3" t="219" w="49" /><ent r="3" t="219" w="49" /><ent r="64" t="239" w="574" /><ent r="64" t="239" w="574" /><ent r="4" t="240" w="953" /><ent r="4" t="240" w="953" /><ent r="6" t="271" w="487" /><ent r="6" t="271" w="487" /><ent r="6" t="271" w="575" /><ent r="6" t="271" w="575" /><ent r="1000" t="304" w="1" /><ent r="1000" t="304" w="1" /><ent r="82" t="304" w="5" /><ent r="82" t="304" w="5" /><ent r="3" t="304" w="101" /><ent r="4" t="304" w="338" /><ent r="4" t="304" w="338" /><ent r="4" t="305" w="101" /><ent r="4" t="305" w="101" /><ent r="64" t="305" w="108" /><ent r="64" t="305" w="108" /></phr><phr n="installation"><ent r="3" t="40" w="185" /><ent r="3" t="66" w="185" /><ent r="3" t="90" w="75" /><ent r="3" t="90" w="75" /><ent r="3" t="90" w="86" /><ent r="3" t="91" w="305" /><ent r="3" t="91" w="347" /><ent r="3" t="91" w="678" /><ent r="3" t="91" w="678" /><ent r="3" t="121" w="187" /><ent r="3" t="157" w="196" /><ent r="3" t="195" w="192" /><ent r="3" t="219" w="192" /><ent r="5" t="271" w="606" /><ent r="3" t="295" w="161" /><ent r="3" t="295" w="161" /><ent r="3" t="304" w="344" /><ent r="3" t="304" w="344" /><ent r="3" t="304" w="367" /><ent r="5" t="309" w="406" /><ent r="5" t="309" w="406" /><ent r="3" t="404" w="914" /><ent r="3" t="404" w="1112" /></phr><phr n="Installed"><ent r="3" t="240" w="43" /><ent r="3" t="240" w="43" /></phr><phr n="installs"><ent r="5" t="270" w="143" /><ent r="5" t="270" w="143" /><ent r="5" t="271" w="581" /><ent r="5" t="271" w="581" /></phr><phr n="Installing"><ent r="3" t="271" w="97" /><ent r="3" t="271" w="97" /><ent r="82" t="317" w="169" /><ent r="82" t="317" w="169" /></phr><phr n="install"><ent r="5" t="271" w="494" /><ent r="5" t="271" w="494" /><ent r="5" t="271" w="613" /><ent r="5" t="271" w="613" /><ent r="5" t="297" w="247" /><ent r="5" t="297" w="247" /><ent r="5" t="297" w="256" /><ent r="5" t="297" w="256" /><ent r="3" t="304" w="29" /><ent r="3" t="304" w="29" /><ent r="3" t="304" w="45" /><ent r="3" t="304" w="45" /><ent r="3" t="304" w="50" /><ent r="3" t="304" w="50" /><ent r="3" t="304" w="163" /><ent r="3" t="304" w="163" /><ent r="3" t="304" w="333" /><ent r="3" t="304" w="333" /><ent r="5" t="308" w="134" /><ent r="5" t="308" w="134" /><ent r="3" t="312" w="43" /><ent r="3" t="312" w="43" /><ent r="3" t="317" w="98" /><ent r="3" t="317" w="98" /><ent r="3" t="317" w="176" /><ent r="3" t="317" w="176" /><ent r="3" t="317" w="186" /><ent r="3" t="317" w="186" /><ent r="5" t="317" w="401" /><ent r="5" t="317" w="401" /><ent r="3" t="373" w="318" /><ent r="3" t="373" w="318" /><ent r="3" t="377" w="344" /><ent r="3" t="377" w="344" /><ent r="64" t="472" w="44" /></phr><phr n="installing"><ent r="5" t="297" w="241" /><ent r="5" t="297" w="241" /><ent r="4" t="317" w="124" /><ent r="4" t="317" w="124" /></phr><phr n="installer"><ent r="4" t="317" w="245" /></phr></stem><stem n="input"><phr n="inputs"><ent r="4" t="14" w="219" /><ent r="7" t="31" w="35" /><ent r="7" t="31" w="35" /><ent r="6" t="31" w="98" /><ent r="6" t="31" w="98" /><ent r="3" t="31" w="188" /><ent r="3" t="31" w="188" /><ent r="4" t="45" w="219" /><ent r="7" t="62" w="35" /><ent r="7" t="62" w="35" /><ent r="6" t="62" w="98" /><ent r="6" t="62" w="98" /><ent r="3" t="62" w="188" /><ent r="3" t="62" w="188" /><ent r="4" t="70" w="276" /><ent r="6" t="78" w="793" /><ent r="5" t="96" w="241" /><ent r="7" t="113" w="35" /><ent r="7" t="113" w="35" /><ent r="7" t="113" w="100" /><ent r="7" t="113" w="100" /><ent r="3" t="113" w="192" /><ent r="3" t="113" w="192" /><ent r="5" t="125" w="271" /><ent r="7" t="136" w="35" /><ent r="7" t="136" w="35" /><ent r="7" t="136" w="100" /><ent r="7" t="136" w="100" /><ent r="3" t="136" w="192" /><ent r="3" t="136" w="192" /><ent r="4" t="148" w="161" /><ent r="4" t="173" w="207" /><ent r="7" t="187" w="35" /><ent r="7" t="187" w="35" /><ent r="7" t="187" w="158" /><ent r="7" t="187" w="158" /><ent r="4" t="199" w="283" /><ent r="7" t="214" w="35" /><ent r="7" t="214" w="35" /><ent r="7" t="214" w="158" /><ent r="7" t="214" w="158" /><ent r="4" t="224" w="291" /><ent r="3" t="240" w="565" /><ent r="3" t="240" w="565" /><ent r="3" t="275" w="29" /><ent r="3" t="276" w="21" /><ent r="3" t="276" w="21" /><ent r="3" t="334" w="428" /><ent r="3" t="334" w="428" /><ent r="3" t="334" w="438" /><ent r="3" t="334" w="438" /><ent r="5" t="398" w="1540" /><ent r="5" t="398" w="1540" /><ent r="5" t="398" w="2416" /><ent r="5" t="398" w="2416" /><ent r="3" t="401" w="54" /><ent r="3" t="401" w="54" /><ent r="72" t="401" w="98" /><ent r="72" t="401" w="98" /><ent r="72" t="401" w="106" /><ent r="72" t="401" w="106" /><ent r="3" t="401" w="409" /><ent r="3" t="402" w="264" /><ent r="3" t="402" w="264" /><ent r="3" t="402" w="315" /><ent r="7" t="485" w="225" /><ent r="7" t="485" w="225" /></phr><phr n="input"><ent r="6" t="14" w="238" /><ent r="6" t="14" w="238" /><ent r="6" t="20" w="81" /><ent r="6" t="20" w="81" /><ent r="1000" t="27" w="2" /><ent r="1000" t="27" w="2" /><ent r="92" t="27" w="5" /><ent r="92" t="27" w="5" /><ent r="7" t="28" w="67" /><ent r="7" t="28" w="67" /><ent r="7" t="31" w="26" /><ent r="6" t="31" w="89" /><ent r="3" t="31" w="155" /><ent r="3" t="31" w="155" /><ent r="64" t="31" w="222" /><ent r="64" t="31" w="222" /><ent r="6" t="35" w="243" /><ent r="6" t="35" w="243" /><ent r="4" t="41" w="34" /><ent r="4" t="41" w="34" /><ent r="6" t="45" w="238" /><ent r="6" t="45" w="238" /><ent r="6" t="51" w="81" /><ent r="6" t="51" w="81" /><ent r="1000" t="57" w="2" /><ent r="1000" t="57" w="2" /><ent r="92" t="57" w="5" /><ent r="92" t="57" w="5" /><ent r="6" t="59" w="69" /><ent r="6" t="59" w="69" /><ent r="7" t="62" w="26" /><ent r="6" t="62" w="89" /><ent r="3" t="62" w="155" /><ent r="3" t="62" w="155" /><ent r="64" t="62" w="222" /><ent r="64" t="62" w="222" /><ent r="4" t="67" w="34" /><ent r="4" t="67" w="34" /><ent r="6" t="70" w="297" /><ent r="6" t="70" w="297" /><ent r="6" t="75" w="112" /><ent r="6" t="75" w="112" /><ent r="7" t="78" w="828" /><ent r="7" t="78" w="828" /><ent r="1000" t="79" w="2" /><ent r="1000" t="79" w="2" /><ent r="92" t="79" w="5" /><ent r="92" t="79" w="5" /><ent r="6" t="79" w="26" /><ent r="6" t="79" w="26" /><ent r="6" t="87" w="243" /><ent r="6" t="87" w="243" /><ent r="4" t="90" w="49" /><ent r="4" t="90" w="49" /><ent r="3" t="91" w="1391" /><ent r="3" t="91" w="1391" /><ent r="4" t="92" w="34" /><ent r="4" t="92" w="34" /><ent r="7" t="96" w="263" /><ent r="7" t="96" w="263" /><ent r="7" t="102" w="81" /><ent r="7" t="102" w="81" /><ent r="6" t="106" w="2037" /><ent r="6" t="106" w="2037" /><ent r="6" t="106" w="2045" /><ent r="6" t="106" w="2045" /><ent r="1000" t="108" w="2" /><ent r="1000" t="108" w="2" /><ent r="92" t="108" w="5" /><ent r="92" t="108" w="5" /><ent r="6" t="110" w="69" /><ent r="6" t="110" w="69" /><ent r="7" t="113" w="26" /><ent r="7" t="113" w="91" /><ent r="3" t="113" w="159" /><ent r="3" t="113" w="159" /><ent r="64" t="113" w="226" /><ent r="64" t="113" w="226" /><ent r="6" t="117" w="243" /><ent r="6" t="117" w="243" /><ent r="4" t="122" w="34" /><ent r="4" t="122" w="34" /><ent r="8" t="125" w="293" /><ent r="8" t="125" w="293" /><ent r="7" t="131" w="862" /><ent r="7" t="131" w="862" /><ent r="1000" t="132" w="2" /><ent r="1000" t="132" w="2" /><ent r="92" t="132" w="5" /><ent r="92" t="132" w="5" /><ent r="6" t="133" w="68" /><ent r="6" t="133" w="68" /><ent r="7" t="136" w="26" /><ent r="7" t="136" w="91" /><ent r="3" t="136" w="159" /><ent r="3" t="136" w="159" /><ent r="64" t="136" w="226" /><ent r="64" t="136" w="226" /><ent r="7" t="140" w="248" /><ent r="7" t="140" w="248" /><ent r="4" t="144" w="34" /><ent r="4" t="144" w="34" /><ent r="4" t="148" w="113" /><ent r="4" t="148" w="113" /><ent r="4" t="148" w="148" /><ent r="4" t="148" w="148" /><ent r="6" t="148" w="180" /><ent r="6" t="148" w="180" /><ent r="6" t="152" w="22" /><ent r="6" t="152" w="22" /><ent r="6" t="154" w="75" /><ent r="6" t="154" w="75" /><ent r="4" t="161" w="115" /><ent r="4" t="161" w="115" /><ent r="5" t="162" w="100" /><ent r="5" t="162" w="100" /><ent r="6" t="167" w="21" /><ent r="6" t="167" w="21" /><ent r="6" t="168" w="88" /><ent r="6" t="168" w="88" /><ent r="6" t="173" w="226" /><ent r="6" t="173" w="226" /><ent r="6" t="179" w="83" /><ent r="6" t="179" w="83" /><ent r="6" t="181" w="266" /><ent r="6" t="181" w="266" /><ent r="1000" t="184" w="2" /><ent r="1000" t="184" w="2" /><ent r="92" t="184" w="6" /><ent r="92" t="184" w="6" /><ent r="7" t="187" w="26" /><ent r="7" t="187" w="149" /><ent r="3" t="187" w="217" /><ent r="3" t="187" w="217" /><ent r="64" t="187" w="234" /><ent r="64" t="187" w="234" /><ent r="6" t="191" w="243" /><ent r="6" t="191" w="243" /><ent r="4" t="196" w="35" /><ent r="4" t="196" w="35" /><ent r="4" t="196" w="86" /><ent r="4" t="196" w="86" /><ent r="6" t="199" w="302" /><ent r="6" t="199" w="302" /><ent r="6" t="205" w="83" /><ent r="6" t="205" w="83" /><ent r="6" t="207" w="261" /><ent r="6" t="207" w="261" /><ent r="1000" t="210" w="2" /><ent r="1000" t="210" w="2" /><ent r="92" t="210" w="5" /><ent r="92" t="210" w="5" /><ent r="8" t="210" w="63" /><ent r="8" t="210" w="63" /><ent r="7" t="214" w="26" /><ent r="7" t="214" w="149" /><ent r="3" t="214" w="217" /><ent r="3" t="214" w="217" /><ent r="64" t="214" w="234" /><ent r="64" t="214" w="234" /><ent r="4" t="220" w="37" /><ent r="4" t="220" w="37" /><ent r="4" t="220" w="90" /><ent r="4" t="220" w="90" /><ent r="6" t="224" w="310" /><ent r="6" t="224" w="310" /><ent r="6" t="229" w="21" /><ent r="6" t="229" w="21" /><ent r="6" t="231" w="83" /><ent r="6" t="231" w="83" /><ent r="6" t="234" w="56" /><ent r="6" t="234" w="56" /><ent r="3" t="241" w="79" /><ent r="3" t="241" w="79" /><ent r="7" t="242" w="880" /><ent r="7" t="242" w="1054" /><ent r="5" t="270" w="435" /><ent r="5" t="270" w="435" /><ent r="3" t="275" w="178" /><ent r="3" t="275" w="287" /><ent r="3" t="275" w="287" /><ent r="3" t="275" w="297" /><ent r="3" t="275" w="297" /><ent r="5" t="275" w="407" /><ent r="5" t="275" w="407" /><ent r="3" t="276" w="3184" /><ent r="3" t="276" w="3184" /><ent r="3" t="276" w="3235" /><ent r="3" t="276" w="3235" /><ent r="3" t="284" w="1283" /><ent r="3" t="284" w="1283" /><ent r="3" t="314" w="1177" /><ent r="3" t="314" w="1177" /><ent r="3" t="314" w="1194" /><ent r="3" t="314" w="1194" /><ent r="3" t="314" w="1398" /><ent r="3" t="314" w="1398" /><ent r="3" t="334" w="665" /><ent r="3" t="334" w="665" /><ent r="3" t="390" w="710" /><ent r="3" t="390" w="710" /><ent r="4" t="390" w="739" /><ent r="4" t="390" w="739" /><ent r="3" t="390" w="787" /><ent r="3" t="390" w="787" /><ent r="65" t="398" w="47" /><ent r="5" t="398" w="1581" /><ent r="5" t="398" w="1581" /><ent r="82" t="398" w="2440" /><ent r="3" t="399" w="160" /><ent r="3" t="399" w="160" /><ent r="3" t="399" w="3812" /><ent r="5" t="400" w="1375" /><ent r="5" t="400" w="1375" /><ent r="5" t="400" w="1577" /><ent r="5" t="400" w="1577" /><ent r="5" t="400" w="1632" /><ent r="5" t="400" w="1632" /><ent r="5" t="400" w="1837" /><ent r="5" t="400" w="1837" /><ent r="1000" t="401" w="2" /><ent r="1000" t="401" w="2" /><ent r="92" t="401" w="14" /><ent r="92" t="401" w="14" /><ent r="3" t="401" w="34" /><ent r="3" t="401" w="34" /><ent r="3" t="401" w="137" /><ent r="3" t="401" w="137" /><ent r="72" t="401" w="174" /><ent r="72" t="401" w="174" /><ent r="72" t="401" w="181" /><ent r="72" t="401" w="181" /><ent r="3" t="401" w="194" /><ent r="3" t="401" w="194" /><ent r="4" t="401" w="239" /><ent r="4" t="401" w="239" /><ent r="4" t="401" w="248" /><ent r="4" t="401" w="248" /><ent r="4" t="401" w="275" /><ent r="4" t="401" w="275" /><ent r="3" t="402" w="268" /><ent r="3" t="402" w="268" /><ent r="3" t="402" w="274" /><ent r="3" t="402" w="274" /><ent r="3" t="402" w="289" /><ent r="3" t="402" w="329" /><ent r="3" t="402" w="329" /><ent r="67" t="412" w="26" /><ent r="67" t="412" w="26" /><ent r="67" t="412" w="67" /><ent r="67" t="412" w="67" /><ent r="67" t="412" w="108" /><ent r="67" t="412" w="108" /><ent r="68" t="412" w="158" /><ent r="68" t="412" w="158" /><ent r="68" t="412" w="161" /><ent r="68" t="412" w="161" /><ent r="67" t="412" w="220" /><ent r="67" t="412" w="220" /><ent r="67" t="412" w="262" /><ent r="67" t="412" w="262" /><ent r="4" t="425" w="118" /><ent r="4" t="425" w="118" /></phr><phr n="Input"><ent r="4" t="14" w="358" /><ent r="4" t="14" w="358" /><ent r="6" t="15" w="131" /><ent r="6" t="15" w="131" /><ent r="6" t="24" w="38" /><ent r="6" t="24" w="38" /><ent r="6" t="24" w="44" /><ent r="6" t="24" w="44" /><ent r="6" t="24" w="53" /><ent r="6" t="24" w="53" /><ent r="6" t="24" w="64" /><ent r="6" t="24" w="64" /><ent r="6" t="24" w="70" /><ent r="6" t="24" w="70" /><ent r="6" t="24" w="79" /><ent r="6" t="24" w="79" /><ent r="6" t="24" w="92" /><ent r="6" t="24" w="92" /><ent r="6" t="24" w="1074" /><ent r="6" t="24" w="1074" /><ent r="6" t="24" w="1113" /><ent r="6" t="24" w="1113" /><ent r="4" t="45" w="358" /><ent r="4" t="45" w="358" /><ent r="6" t="46" w="131" /><ent r="6" t="46" w="131" /><ent r="6" t="55" w="38" /><ent r="6" t="55" w="38" /><ent r="6" t="55" w="44" /><ent r="6" t="55" w="44" /><ent r="6" t="55" w="53" /><ent r="6" t="55" w="53" /><ent r="6" t="55" w="64" /><ent r="6" t="55" w="64" /><ent r="6" t="55" w="70" /><ent r="6" t="55" w="70" /><ent r="6" t="55" w="79" /><ent r="6" t="55" w="79" /><ent r="6" t="55" w="92" /><ent r="6" t="55" w="92" /><ent r="6" t="55" w="1094" /><ent r="6" t="55" w="1094" /><ent r="6" t="55" w="1133" /><ent r="6" t="55" w="1133" /><ent r="4" t="70" w="417" /><ent r="4" t="70" w="417" /><ent r="6" t="78" w="578" /><ent r="6" t="78" w="578" /><ent r="6" t="78" w="593" /><ent r="6" t="78" w="593" /><ent r="6" t="78" w="1268" /><ent r="6" t="78" w="1268" /><ent r="6" t="78" w="1273" /><ent r="6" t="78" w="1273" /><ent r="6" t="78" w="1296" /><ent r="6" t="78" w="1296" /><ent r="6" t="78" w="1301" /><ent r="6" t="78" w="1301" /><ent r="4" t="96" w="378" /><ent r="4" t="96" w="378" /><ent r="4" t="96" w="397" /><ent r="4" t="96" w="397" /><ent r="6" t="97" w="131" /><ent r="6" t="97" w="131" /><ent r="6" t="106" w="38" /><ent r="6" t="106" w="38" /><ent r="6" t="106" w="44" /><ent r="6" t="106" w="44" /><ent r="6" t="106" w="53" /><ent r="6" t="106" w="53" /><ent r="6" t="106" w="64" /><ent r="6" t="106" w="64" /><ent r="6" t="106" w="70" /><ent r="6" t="106" w="70" /><ent r="6" t="106" w="79" /><ent r="6" t="106" w="79" /><ent r="6" t="106" w="92" /><ent r="6" t="106" w="92" /><ent r="6" t="106" w="1130" /><ent r="6" t="106" w="1130" /><ent r="6" t="106" w="1169" /><ent r="6" t="106" w="1169" /><ent r="6" t="106" w="2033" /><ent r="6" t="106" w="2033" /><ent r="5" t="125" w="408" /><ent r="5" t="125" w="408" /><ent r="6" t="126" w="131" /><ent r="6" t="126" w="131" /><ent r="7" t="131" w="630" /><ent r="7" t="131" w="630" /><ent r="7" t="131" w="646" /><ent r="7" t="131" w="646" /><ent r="7" t="131" w="971" /><ent r="7" t="131" w="971" /><ent r="7" t="131" w="1186" /><ent r="7" t="131" w="1186" /><ent r="7" t="131" w="1192" /><ent r="7" t="131" w="1192" /><ent r="7" t="131" w="1202" /><ent r="7" t="131" w="1202" /><ent r="7" t="131" w="1214" /><ent r="7" t="131" w="1214" /><ent r="7" t="131" w="1220" /><ent r="7" t="131" w="1220" /><ent r="7" t="131" w="1230" /><ent r="7" t="131" w="1230" /><ent r="6" t="149" w="131" /><ent r="6" t="149" w="131" /><ent r="4" t="173" w="330" /><ent r="4" t="173" w="330" /><ent r="6" t="174" w="131" /><ent r="6" t="174" w="131" /><ent r="6" t="181" w="204" /><ent r="6" t="181" w="204" /><ent r="6" t="181" w="210" /><ent r="6" t="181" w="210" /><ent r="6" t="181" w="220" /><ent r="6" t="181" w="220" /><ent r="6" t="181" w="232" /><ent r="6" t="181" w="232" /><ent r="6" t="181" w="238" /><ent r="6" t="181" w="238" /><ent r="6" t="181" w="248" /><ent r="6" t="181" w="248" /><ent r="6" t="181" w="329" /><ent r="6" t="181" w="329" /><ent r="4" t="199" w="421" /><ent r="4" t="199" w="421" /><ent r="6" t="200" w="131" /><ent r="6" t="200" w="131" /><ent r="6" t="207" w="199" /><ent r="6" t="207" w="199" /><ent r="6" t="207" w="205" /><ent r="6" t="207" w="205" /><ent r="6" t="207" w="215" /><ent r="6" t="207" w="215" /><ent r="6" t="207" w="227" /><ent r="6" t="207" w="227" /><ent r="6" t="207" w="233" /><ent r="6" t="207" w="233" /><ent r="6" t="207" w="243" /><ent r="6" t="207" w="243" /><ent r="6" t="207" w="322" /><ent r="6" t="207" w="322" /><ent r="4" t="240" w="300" /><ent r="4" t="240" w="300" /><ent r="4" t="240" w="327" /><ent r="4" t="240" w="327" /><ent r="4" t="240" w="439" /><ent r="4" t="240" w="439" /><ent r="4" t="240" w="487" /><ent r="4" t="240" w="487" /><ent r="4" t="240" w="550" /><ent r="4" t="240" w="550" /><ent r="4" t="241" w="72" /><ent r="4" t="263" w="343" /><ent r="4" t="263" w="343" /><ent r="4" t="268" w="243" /><ent r="4" t="268" w="243" /><ent r="5" t="269" w="162" /><ent r="5" t="269" w="162" /><ent r="5" t="269" w="166" /><ent r="5" t="269" w="166" /><ent r="4" t="269" w="218" /><ent r="4" t="269" w="218" /><ent r="4" t="269" w="250" /><ent r="4" t="269" w="250" /><ent r="4" t="275" w="282" /><ent r="4" t="275" w="282" /><ent r="82" t="401" w="113" /><ent r="82" t="401" w="113" /><ent r="7" t="477" w="385" /><ent r="7" t="477" w="385" /></phr><phr n="INPUT"><ent r="6" t="156" w="52" /><ent r="6" t="156" w="52" /><ent r="6" t="156" w="73" /><ent r="6" t="156" w="73" /><ent r="6" t="156" w="145" /><ent r="6" t="156" w="145" /><ent r="6" t="156" w="213" /><ent r="6" t="156" w="213" /><ent r="6" t="156" w="245" /><ent r="6" t="156" w="245" /><ent r="6" t="156" w="280" /><ent r="6" t="156" w="280" /><ent r="6" t="156" w="294" /><ent r="6" t="156" w="294" /><ent r="6" t="156" w="347" /><ent r="6" t="156" w="347" /><ent r="6" t="156" w="361" /><ent r="6" t="156" w="361" /><ent r="6" t="156" w="390" /><ent r="6" t="156" w="390" /></phr><phr n="inputting"><ent r="3" t="401" w="123" /><ent r="3" t="401" w="123" /></phr><phr n="Inputs"><ent r="4" t="401" w="318" /><ent r="4" t="401" w="318" /><ent r="4" t="401" w="325" /><ent r="4" t="401" w="325" /></phr></stem></index>