<?xml version="1.0" encoding="utf-8"?><index><!-- saved from url=(0016)http://localhost -->
<stem n="marker"><phr n="Marker"><ent r="4" t="14" w="357" /><ent r="4" t="14" w="357" /><ent r="4" t="45" w="357" /><ent r="4" t="45" w="357" /><ent r="4" t="70" w="416" /><ent r="4" t="70" w="416" /><ent r="4" t="96" w="377" /><ent r="4" t="96" w="377" /><ent r="5" t="125" w="407" /><ent r="5" t="125" w="407" /><ent r="4" t="173" w="329" /><ent r="4" t="173" w="329" /><ent r="4" t="199" w="420" /><ent r="4" t="199" w="420" /><ent r="3" t="270" w="43" /><ent r="6" t="374" w="249" /><ent r="6" t="374" w="249" /><ent r="6" t="374" w="338" /><ent r="6" t="374" w="338" /><ent r="6" t="374" w="436" /><ent r="6" t="374" w="436" /><ent r="6" t="374" w="446" /><ent r="6" t="374" w="446" /></phr><phr n="marker"><ent r="4" t="148" w="147" /><ent r="4" t="148" w="147" /><ent r="3" t="264" w="258" /><ent r="3" t="264" w="258" /><ent r="3" t="270" w="56" /><ent r="3" t="270" w="56" /><ent r="3" t="270" w="70" /><ent r="3" t="270" w="70" /><ent r="3" t="270" w="93" /><ent r="3" t="270" w="93" /><ent r="3" t="270" w="107" /><ent r="3" t="270" w="107" /><ent r="6" t="374" w="272" /></phr><phr n="markers"><ent r="6" t="156" w="215" /><ent r="6" t="156" w="215" /><ent r="3" t="334" w="499" /><ent r="3" t="334" w="499" /></phr></stem><stem n="led"><phr n="LED"><ent r="4" t="14" w="361" /><ent r="4" t="14" w="361" /><ent r="6" t="24" w="157" /><ent r="6" t="24" w="157" /><ent r="6" t="24" w="200" /><ent r="6" t="24" w="261" /><ent r="6" t="24" w="261" /><ent r="6" t="24" w="264" /><ent r="6" t="24" w="293" /><ent r="6" t="24" w="349" /><ent r="6" t="24" w="366" /><ent r="1000" t="29" w="1" /><ent r="1000" t="29" w="1" /><ent r="92" t="29" w="5" /><ent r="92" t="29" w="5" /><ent r="7" t="29" w="72" /><ent r="7" t="29" w="72" /><ent r="7" t="29" w="80" /><ent r="7" t="29" w="80" /><ent r="7" t="29" w="88" /><ent r="7" t="29" w="88" /><ent r="7" t="29" w="96" /><ent r="7" t="29" w="96" /><ent r="6" t="29" w="143" /><ent r="6" t="29" w="143" /><ent r="6" t="29" w="158" /><ent r="6" t="29" w="158" /><ent r="1000" t="43" w="1" /><ent r="1000" t="43" w="1" /><ent r="92" t="43" w="6" /><ent r="92" t="43" w="6" /><ent r="3" t="43" w="77" /><ent r="3" t="43" w="77" /><ent r="6" t="43" w="82" /><ent r="6" t="43" w="82" /><ent r="6" t="43" w="86" /><ent r="6" t="43" w="86" /><ent r="6" t="43" w="90" /><ent r="6" t="43" w="90" /><ent r="7" t="43" w="271" /><ent r="7" t="43" w="271" /><ent r="3" t="43" w="351" /><ent r="3" t="43" w="351" /><ent r="3" t="43" w="373" /><ent r="3" t="43" w="375" /><ent r="3" t="43" w="375" /><ent r="4" t="45" w="361" /><ent r="4" t="45" w="361" /><ent r="6" t="55" w="157" /><ent r="6" t="55" w="157" /><ent r="6" t="55" w="200" /><ent r="6" t="55" w="261" /><ent r="6" t="55" w="261" /><ent r="6" t="55" w="264" /><ent r="6" t="55" w="293" /><ent r="6" t="55" w="349" /><ent r="6" t="55" w="366" /><ent r="1000" t="60" w="1" /><ent r="1000" t="60" w="1" /><ent r="92" t="60" w="5" /><ent r="92" t="60" w="5" /><ent r="7" t="60" w="72" /><ent r="7" t="60" w="72" /><ent r="7" t="60" w="80" /><ent r="7" t="60" w="80" /><ent r="7" t="60" w="88" /><ent r="7" t="60" w="88" /><ent r="7" t="60" w="96" /><ent r="7" t="60" w="96" /><ent r="6" t="60" w="143" /><ent r="6" t="60" w="143" /><ent r="6" t="60" w="158" /><ent r="6" t="60" w="158" /><ent r="4" t="70" w="420" /><ent r="4" t="70" w="420" /><ent r="6" t="78" w="52" /><ent r="6" t="78" w="52" /><ent r="6" t="78" w="96" /><ent r="6" t="78" w="138" /><ent r="6" t="78" w="138" /><ent r="6" t="78" w="143" /><ent r="6" t="78" w="172" /><ent r="6" t="78" w="214" /><ent r="6" t="78" w="214" /><ent r="6" t="78" w="218" /><ent r="6" t="78" w="235" /><ent r="6" t="78" w="319" /><ent r="6" t="78" w="319" /><ent r="6" t="78" w="323" /><ent r="6" t="78" w="360" /><ent r="1000" t="81" w="1" /><ent r="1000" t="81" w="1" /><ent r="92" t="81" w="5" /><ent r="92" t="81" w="5" /><ent r="7" t="81" w="72" /><ent r="7" t="81" w="72" /><ent r="7" t="81" w="80" /><ent r="7" t="81" w="80" /><ent r="7" t="81" w="88" /><ent r="7" t="81" w="88" /><ent r="7" t="81" w="96" /><ent r="7" t="81" w="96" /><ent r="6" t="81" w="143" /><ent r="6" t="81" w="143" /><ent r="6" t="81" w="158" /><ent r="6" t="81" w="158" /><ent r="1000" t="94" w="1" /><ent r="1000" t="94" w="1" /><ent r="92" t="94" w="6" /><ent r="92" t="94" w="6" /><ent r="3" t="94" w="77" /><ent r="3" t="94" w="77" /><ent r="6" t="94" w="82" /><ent r="6" t="94" w="82" /><ent r="6" t="94" w="86" /><ent r="6" t="94" w="86" /><ent r="6" t="94" w="90" /><ent r="6" t="94" w="90" /><ent r="7" t="94" w="271" /><ent r="7" t="94" w="271" /><ent r="3" t="94" w="351" /><ent r="3" t="94" w="351" /><ent r="6" t="94" w="361" /><ent r="6" t="94" w="361" /><ent r="6" t="106" w="157" /><ent r="6" t="106" w="157" /><ent r="6" t="106" w="200" /><ent r="6" t="106" w="261" /><ent r="6" t="106" w="261" /><ent r="6" t="106" w="264" /><ent r="6" t="106" w="293" /><ent r="6" t="106" w="349" /><ent r="6" t="106" w="366" /><ent r="1000" t="111" w="1" /><ent r="1000" t="111" w="1" /><ent r="92" t="111" w="5" /><ent r="92" t="111" w="5" /><ent r="7" t="111" w="74" /><ent r="7" t="111" w="74" /><ent r="7" t="111" w="82" /><ent r="7" t="111" w="82" /><ent r="7" t="111" w="91" /><ent r="7" t="111" w="91" /><ent r="7" t="111" w="99" /><ent r="7" t="111" w="99" /><ent r="6" t="111" w="147" /><ent r="6" t="111" w="147" /><ent r="6" t="111" w="162" /><ent r="6" t="111" w="162" /><ent r="6" t="111" w="238" /><ent r="6" t="111" w="238" /><ent r="6" t="111" w="258" /><ent r="6" t="111" w="260" /><ent r="6" t="111" w="260" /><ent r="7" t="131" w="52" /><ent r="7" t="131" w="52" /><ent r="7" t="131" w="96" /><ent r="7" t="131" w="140" /><ent r="7" t="131" w="140" /><ent r="7" t="131" w="145" /><ent r="7" t="131" w="174" /><ent r="7" t="131" w="218" /><ent r="7" t="131" w="218" /><ent r="7" t="131" w="222" /><ent r="7" t="131" w="239" /><ent r="7" t="131" w="316" /><ent r="7" t="131" w="316" /><ent r="7" t="131" w="319" /><ent r="7" t="131" w="347" /><ent r="7" t="131" w="349" /><ent r="7" t="131" w="349" /><ent r="7" t="131" w="387" /><ent r="1000" t="134" w="1" /><ent r="1000" t="134" w="1" /><ent r="92" t="134" w="5" /><ent r="92" t="134" w="5" /><ent r="7" t="134" w="74" /><ent r="7" t="134" w="74" /><ent r="7" t="134" w="82" /><ent r="7" t="134" w="82" /><ent r="7" t="134" w="91" /><ent r="7" t="134" w="91" /><ent r="7" t="134" w="99" /><ent r="7" t="134" w="99" /><ent r="7" t="134" w="147" /><ent r="7" t="134" w="147" /><ent r="7" t="134" w="162" /><ent r="7" t="134" w="162" /><ent r="7" t="134" w="238" /><ent r="7" t="134" w="238" /><ent r="7" t="134" w="254" /><ent r="7" t="134" w="256" /><ent r="7" t="134" w="256" /><ent r="1000" t="146" w="1" /><ent r="1000" t="146" w="1" /><ent r="92" t="146" w="6" /><ent r="92" t="146" w="6" /><ent r="3" t="146" w="77" /><ent r="3" t="146" w="77" /><ent r="6" t="146" w="82" /><ent r="6" t="146" w="82" /><ent r="6" t="146" w="86" /><ent r="6" t="146" w="86" /><ent r="6" t="146" w="90" /><ent r="6" t="146" w="90" /><ent r="7" t="146" w="271" /><ent r="7" t="146" w="271" /><ent r="3" t="146" w="351" /><ent r="3" t="146" w="351" /><ent r="3" t="146" w="369" /><ent r="3" t="146" w="371" /><ent r="3" t="146" w="371" /><ent r="3" t="146" w="387" /><ent r="3" t="146" w="387" /><ent r="3" t="146" w="409" /><ent r="3" t="146" w="411" /><ent r="3" t="146" w="411" /><ent r="4" t="148" w="157" /><ent r="4" t="148" w="157" /><ent r="6" t="156" w="80" /><ent r="6" t="156" w="80" /><ent r="8" t="156" w="107" /><ent r="8" t="156" w="107" /><ent r="6" t="156" w="152" /><ent r="6" t="156" w="152" /><ent r="6" t="156" w="171" /><ent r="6" t="156" w="171" /><ent r="5" t="164" w="293" /><ent r="5" t="164" w="293" /><ent r="5" t="164" w="325" /><ent r="5" t="164" w="325" /><ent r="5" t="164" w="476" /><ent r="5" t="164" w="476" /><ent r="4" t="173" w="333" /><ent r="4" t="173" w="333" /><ent r="6" t="181" w="53" /><ent r="6" t="181" w="53" /><ent r="6" t="181" w="56" /><ent r="6" t="181" w="85" /><ent r="6" t="181" w="343" /><ent r="6" t="181" w="343" /><ent r="6" t="181" w="386" /><ent r="6" t="181" w="428" /><ent r="6" t="181" w="428" /><ent r="6" t="181" w="431" /><ent r="6" t="181" w="448" /><ent r="4" t="199" w="424" /><ent r="4" t="199" w="424" /><ent r="6" t="207" w="48" /><ent r="6" t="207" w="48" /><ent r="6" t="207" w="51" /><ent r="6" t="207" w="80" /><ent r="6" t="207" w="336" /><ent r="6" t="207" w="336" /><ent r="6" t="207" w="379" /><ent r="6" t="207" w="421" /><ent r="6" t="207" w="421" /><ent r="6" t="207" w="424" /><ent r="6" t="207" w="441" /><ent r="1000" t="212" w="1" /><ent r="1000" t="212" w="1" /><ent r="92" t="212" w="5" /><ent r="92" t="212" w="5" /><ent r="7" t="212" w="72" /><ent r="7" t="212" w="72" /><ent r="7" t="212" w="80" /><ent r="7" t="212" w="80" /><ent r="7" t="212" w="88" /><ent r="7" t="212" w="88" /><ent r="7" t="212" w="96" /><ent r="7" t="212" w="96" /><ent r="6" t="212" w="143" /><ent r="6" t="212" w="143" /><ent r="6" t="212" w="158" /><ent r="6" t="212" w="158" /><ent r="1000" t="222" w="1" /><ent r="1000" t="222" w="1" /><ent r="92" t="222" w="6" /><ent r="92" t="222" w="6" /><ent r="3" t="222" w="77" /><ent r="3" t="222" w="77" /><ent r="6" t="222" w="82" /><ent r="6" t="222" w="82" /><ent r="6" t="222" w="86" /><ent r="6" t="222" w="86" /><ent r="6" t="222" w="90" /><ent r="6" t="222" w="90" /><ent r="6" t="222" w="271" /><ent r="6" t="222" w="271" /><ent r="3" t="222" w="356" /><ent r="3" t="222" w="356" /><ent r="6" t="222" w="361" /><ent r="6" t="222" w="361" /><ent r="6" t="222" w="365" /><ent r="6" t="222" w="365" /><ent r="6" t="222" w="369" /><ent r="6" t="222" w="369" /><ent r="6" t="222" w="644" /><ent r="6" t="222" w="644" /><ent r="4" t="224" w="427" /><ent r="4" t="224" w="427" /><ent r="5" t="226" w="261" /><ent r="5" t="226" w="261" /><ent r="5" t="226" w="291" /><ent r="5" t="226" w="291" /><ent r="4" t="226" w="476" /><ent r="4" t="226" w="476" /><ent r="4" t="226" w="502" /><ent r="4" t="226" w="502" /><ent r="67" t="412" w="32" /><ent r="67" t="412" w="32" /><ent r="67" t="412" w="73" /><ent r="67" t="412" w="73" /><ent r="67" t="412" w="114" /><ent r="67" t="412" w="114" /><ent r="67" t="412" w="171" /><ent r="67" t="412" w="171" /><ent r="67" t="412" w="175" /><ent r="67" t="412" w="175" /><ent r="67" t="412" w="227" /><ent r="67" t="412" w="227" /><ent r="67" t="412" w="268" /><ent r="67" t="412" w="268" /><ent r="67" t="413" w="128" /><ent r="67" t="413" w="128" /><ent r="67" t="413" w="133" /><ent r="67" t="413" w="133" /><ent r="67" t="413" w="138" /><ent r="67" t="413" w="138" /><ent r="67" t="413" w="143" /><ent r="67" t="413" w="143" /></phr><phr n="LEDs"><ent r="8" t="22" w="76" /><ent r="8" t="22" w="76" /><ent r="6" t="24" w="222" /><ent r="6" t="24" w="222" /><ent r="6" t="24" w="315" /><ent r="6" t="24" w="315" /><ent r="6" t="24" w="388" /><ent r="6" t="24" w="388" /><ent r="6" t="29" w="14" /><ent r="6" t="29" w="14" /><ent r="7" t="29" w="105" /><ent r="7" t="29" w="105" /><ent r="7" t="29" w="117" /><ent r="7" t="29" w="117" /><ent r="4" t="41" w="105" /><ent r="4" t="41" w="105" /><ent r="3" t="43" w="18" /><ent r="3" t="43" w="18" /><ent r="3" t="43" w="39" /><ent r="3" t="43" w="39" /><ent r="3" t="43" w="52" /><ent r="3" t="43" w="52" /><ent r="8" t="53" w="74" /><ent r="8" t="53" w="74" /><ent r="6" t="55" w="222" /><ent r="6" t="55" w="222" /><ent r="6" t="55" w="315" /><ent r="6" t="55" w="315" /><ent r="6" t="55" w="388" /><ent r="6" t="55" w="388" /><ent r="6" t="60" w="14" /><ent r="6" t="60" w="14" /><ent r="7" t="60" w="105" /><ent r="7" t="60" w="105" /><ent r="7" t="60" w="117" /><ent r="7" t="60" w="117" /><ent r="4" t="67" w="93" /><ent r="4" t="67" w="93" /><ent r="8" t="77" w="25" /><ent r="8" t="77" w="25" /><ent r="6" t="78" w="118" /><ent r="6" t="78" w="118" /><ent r="6" t="78" w="194" /><ent r="6" t="78" w="194" /><ent r="6" t="78" w="257" /><ent r="6" t="78" w="257" /><ent r="6" t="78" w="382" /><ent r="6" t="78" w="382" /><ent r="6" t="81" w="14" /><ent r="6" t="81" w="14" /><ent r="7" t="81" w="105" /><ent r="7" t="81" w="105" /><ent r="7" t="81" w="117" /><ent r="7" t="81" w="117" /><ent r="4" t="92" w="93" /><ent r="4" t="92" w="93" /><ent r="3" t="94" w="18" /><ent r="3" t="94" w="18" /><ent r="3" t="94" w="39" /><ent r="3" t="94" w="39" /><ent r="3" t="94" w="52" /><ent r="3" t="94" w="52" /><ent r="8" t="104" w="60" /><ent r="8" t="104" w="60" /><ent r="6" t="106" w="222" /><ent r="6" t="106" w="222" /><ent r="6" t="106" w="315" /><ent r="6" t="106" w="315" /><ent r="6" t="106" w="388" /><ent r="6" t="106" w="388" /><ent r="6" t="111" w="14" /><ent r="6" t="111" w="14" /><ent r="7" t="111" w="109" /><ent r="7" t="111" w="109" /><ent r="7" t="111" w="121" /><ent r="7" t="111" w="121" /><ent r="4" t="122" w="93" /><ent r="4" t="122" w="93" /><ent r="8" t="130" w="25" /><ent r="8" t="130" w="25" /><ent r="7" t="131" w="119" /><ent r="7" t="131" w="119" /><ent r="7" t="131" w="197" /><ent r="7" t="131" w="197" /><ent r="7" t="131" w="262" /><ent r="7" t="131" w="262" /><ent r="7" t="131" w="410" /><ent r="7" t="131" w="410" /><ent r="7" t="134" w="14" /><ent r="7" t="134" w="14" /><ent r="7" t="134" w="109" /><ent r="7" t="134" w="109" /><ent r="7" t="134" w="121" /><ent r="7" t="134" w="121" /><ent r="4" t="144" w="93" /><ent r="4" t="144" w="93" /><ent r="3" t="146" w="18" /><ent r="3" t="146" w="18" /><ent r="3" t="146" w="39" /><ent r="3" t="146" w="39" /><ent r="3" t="146" w="52" /><ent r="3" t="146" w="52" /><ent r="8" t="156" w="126" /><ent r="8" t="156" w="126" /><ent r="4" t="161" w="149" /><ent r="4" t="161" w="149" /><ent r="5" t="162" w="134" /><ent r="5" t="162" w="134" /><ent r="3" t="163" w="34" /><ent r="3" t="163" w="34" /><ent r="3" t="163" w="157" /><ent r="3" t="163" w="157" /><ent r="6" t="181" w="107" /><ent r="6" t="181" w="107" /><ent r="6" t="181" w="408" /><ent r="6" t="181" w="408" /><ent r="6" t="181" w="470" /><ent r="6" t="181" w="470" /><ent r="4" t="196" w="141" /><ent r="4" t="196" w="141" /><ent r="6" t="207" w="102" /><ent r="6" t="207" w="102" /><ent r="6" t="207" w="401" /><ent r="6" t="207" w="401" /><ent r="6" t="207" w="463" /><ent r="6" t="207" w="463" /><ent r="6" t="212" w="14" /><ent r="6" t="212" w="14" /><ent r="7" t="212" w="105" /><ent r="7" t="212" w="105" /><ent r="7" t="212" w="117" /><ent r="7" t="212" w="117" /><ent r="4" t="220" w="145" /><ent r="4" t="220" w="145" /><ent r="3" t="222" w="18" /><ent r="3" t="222" w="18" /><ent r="3" t="222" w="39" /><ent r="3" t="222" w="39" /><ent r="3" t="222" w="52" /><ent r="3" t="222" w="52" /><ent r="3" t="225" w="31" /><ent r="3" t="225" w="31" /><ent r="6" t="234" w="354" /><ent r="6" t="234" w="354" /><ent r="4" t="425" w="163" /><ent r="4" t="425" w="163" /><ent r="4" t="425" w="186" /><ent r="4" t="425" w="186" /></phr></stem><stem n="drive"><phr n="drive"><ent r="4" t="14" w="362" /><ent r="4" t="14" w="362" /><ent r="6" t="24" w="198" /><ent r="6" t="24" w="198" /><ent r="6" t="24" w="291" /><ent r="6" t="24" w="291" /><ent r="6" t="24" w="364" /><ent r="6" t="24" w="364" /><ent r="6" t="24" w="917" /><ent r="6" t="24" w="917" /><ent r="6" t="24" w="920" /><ent r="6" t="24" w="920" /><ent r="6" t="24" w="1826" /><ent r="4" t="45" w="362" /><ent r="4" t="45" w="362" /><ent r="6" t="55" w="198" /><ent r="6" t="55" w="198" /><ent r="6" t="55" w="291" /><ent r="6" t="55" w="291" /><ent r="6" t="55" w="364" /><ent r="6" t="55" w="364" /><ent r="6" t="55" w="925" /><ent r="6" t="55" w="925" /><ent r="6" t="55" w="928" /><ent r="6" t="55" w="928" /><ent r="6" t="55" w="1870" /><ent r="4" t="70" w="421" /><ent r="4" t="70" w="421" /><ent r="6" t="78" w="94" /><ent r="6" t="78" w="94" /><ent r="6" t="78" w="170" /><ent r="6" t="78" w="170" /><ent r="6" t="78" w="233" /><ent r="6" t="78" w="233" /><ent r="6" t="78" w="358" /><ent r="6" t="78" w="358" /><ent r="7" t="78" w="517" /><ent r="7" t="78" w="517" /><ent r="7" t="78" w="520" /><ent r="7" t="78" w="520" /><ent r="6" t="78" w="763" /><ent r="6" t="78" w="763" /><ent r="6" t="78" w="792" /><ent r="6" t="78" w="792" /><ent r="7" t="78" w="949" /><ent r="7" t="78" w="949" /><ent r="6" t="78" w="1136" /><ent r="6" t="78" w="1136" /><ent r="6" t="106" w="198" /><ent r="6" t="106" w="198" /><ent r="6" t="106" w="291" /><ent r="6" t="106" w="291" /><ent r="6" t="106" w="364" /><ent r="6" t="106" w="364" /><ent r="6" t="106" w="961" /><ent r="6" t="106" w="961" /><ent r="6" t="106" w="964" /><ent r="6" t="106" w="964" /><ent r="6" t="106" w="1906" /><ent r="3" t="115" w="143" /><ent r="3" t="115" w="143" /><ent r="7" t="131" w="94" /><ent r="7" t="131" w="94" /><ent r="7" t="131" w="172" /><ent r="7" t="131" w="172" /><ent r="7" t="131" w="237" /><ent r="7" t="131" w="237" /><ent r="7" t="131" w="385" /><ent r="7" t="131" w="385" /><ent r="7" t="131" w="569" /><ent r="7" t="131" w="569" /><ent r="7" t="131" w="572" /><ent r="7" t="131" w="572" /><ent r="7" t="131" w="852" /><ent r="4" t="173" w="334" /><ent r="4" t="173" w="334" /><ent r="6" t="181" w="83" /><ent r="6" t="181" w="83" /><ent r="6" t="181" w="157" /><ent r="6" t="181" w="157" /><ent r="6" t="181" w="187" /><ent r="6" t="181" w="187" /><ent r="6" t="181" w="190" /><ent r="6" t="181" w="190" /><ent r="6" t="181" w="384" /><ent r="6" t="181" w="384" /><ent r="6" t="181" w="446" /><ent r="6" t="181" w="446" /><ent r="6" t="184" w="127" /><ent r="6" t="184" w="127" /><ent r="4" t="199" w="425" /><ent r="4" t="199" w="425" /><ent r="6" t="207" w="78" /><ent r="6" t="207" w="78" /><ent r="6" t="207" w="152" /><ent r="6" t="207" w="152" /><ent r="6" t="207" w="182" /><ent r="6" t="207" w="182" /><ent r="6" t="207" w="185" /><ent r="6" t="207" w="185" /><ent r="6" t="207" w="377" /><ent r="6" t="207" w="377" /><ent r="6" t="207" w="439" /><ent r="6" t="207" w="439" /><ent r="6" t="210" w="236" /><ent r="6" t="210" w="236" /><ent r="4" t="224" w="428" /><ent r="4" t="224" w="428" /><ent r="3" t="240" w="790" /><ent r="3" t="240" w="790" /></phr><phr n="Drive"><ent r="6" t="24" w="248" /><ent r="6" t="24" w="248" /><ent r="6" t="24" w="532" /><ent r="6" t="24" w="532" /><ent r="6" t="55" w="248" /><ent r="6" t="55" w="248" /><ent r="6" t="55" w="426" /><ent r="6" t="55" w="426" /><ent r="6" t="55" w="434" /><ent r="6" t="55" w="434" /><ent r="6" t="55" w="540" /><ent r="6" t="55" w="540" /><ent r="6" t="78" w="1126" /><ent r="6" t="78" w="1126" /><ent r="7" t="91" w="707" /><ent r="7" t="91" w="707" /><ent r="6" t="106" w="248" /><ent r="6" t="106" w="248" /><ent r="6" t="106" w="426" /><ent r="6" t="106" w="426" /><ent r="6" t="106" w="434" /><ent r="6" t="106" w="434" /><ent r="6" t="106" w="540" /><ent r="6" t="106" w="540" /><ent r="7" t="131" w="1104" /><ent r="7" t="131" w="1104" /><ent r="6" t="181" w="135" /><ent r="6" t="181" w="135" /><ent r="6" t="181" w="519" /><ent r="6" t="181" w="519" /><ent r="6" t="207" w="130" /><ent r="6" t="207" w="130" /><ent r="6" t="207" w="512" /><ent r="6" t="207" w="512" /><ent r="3" t="404" w="15" /><ent r="3" t="404" w="15" /></phr><phr n="Driving"><ent r="6" t="29" w="13" /><ent r="6" t="29" w="13" /><ent r="6" t="30" w="18" /><ent r="6" t="30" w="18" /><ent r="6" t="30" w="54" /><ent r="6" t="30" w="54" /><ent r="6" t="60" w="13" /><ent r="6" t="60" w="13" /><ent r="6" t="61" w="18" /><ent r="6" t="61" w="18" /><ent r="6" t="61" w="54" /><ent r="6" t="61" w="54" /><ent r="6" t="78" w="545" /><ent r="6" t="78" w="545" /><ent r="6" t="81" w="13" /><ent r="6" t="81" w="13" /><ent r="6" t="82" w="18" /><ent r="6" t="82" w="18" /><ent r="6" t="82" w="54" /><ent r="6" t="82" w="54" /><ent r="6" t="111" w="13" /><ent r="6" t="111" w="13" /><ent r="7" t="112" w="18" /><ent r="7" t="112" w="18" /><ent r="7" t="112" w="54" /><ent r="7" t="112" w="54" /><ent r="7" t="131" w="597" /><ent r="7" t="131" w="597" /><ent r="7" t="134" w="13" /><ent r="7" t="134" w="13" /><ent r="7" t="135" w="18" /><ent r="7" t="135" w="18" /><ent r="6" t="186" w="113" /><ent r="6" t="186" w="113" /><ent r="6" t="207" w="763" /><ent r="6" t="207" w="763" /><ent r="6" t="212" w="13" /><ent r="6" t="212" w="13" /><ent r="6" t="213" w="113" /><ent r="6" t="213" w="113" /></phr></stem><stem n="fault"><phr n="Fault"><ent r="4" t="14" w="366" /><ent r="4" t="14" w="366" /><ent r="4" t="45" w="366" /><ent r="4" t="45" w="366" /><ent r="4" t="70" w="425" /><ent r="4" t="70" w="425" /><ent r="4" t="96" w="382" /><ent r="4" t="96" w="382" /><ent r="5" t="125" w="412" /><ent r="5" t="125" w="412" /></phr><phr n="fault"><ent r="7" t="353" w="1238" /><ent r="7" t="353" w="1238" /><ent r="7" t="393" w="215" /><ent r="7" t="393" w="215" /><ent r="72" t="474" w="13" /><ent r="72" t="474" w="13" /></phr></stem><stem n="detect"><phr n="Detection"><ent r="4" t="14" w="367" /><ent r="4" t="14" w="367" /><ent r="4" t="45" w="367" /><ent r="4" t="45" w="367" /><ent r="4" t="70" w="426" /><ent r="4" t="70" w="426" /><ent r="4" t="96" w="383" /><ent r="4" t="96" w="383" /><ent r="5" t="125" w="413" /><ent r="5" t="125" w="413" /></phr><phr n="detects"><ent r="6" t="24" w="832" /><ent r="6" t="24" w="832" /><ent r="6" t="24" w="871" /><ent r="6" t="24" w="871" /><ent r="6" t="55" w="840" /><ent r="6" t="55" w="840" /><ent r="6" t="55" w="879" /><ent r="6" t="55" w="879" /><ent r="6" t="106" w="858" /><ent r="6" t="106" w="858" /><ent r="6" t="106" w="915" /><ent r="6" t="106" w="915" /><ent r="6" t="181" w="711" /><ent r="6" t="181" w="711" /><ent r="6" t="181" w="738" /><ent r="6" t="181" w="738" /><ent r="5" t="252" w="568" /><ent r="5" t="252" w="568" /><ent r="5" t="254" w="281" /><ent r="5" t="254" w="281" /><ent r="4" t="390" w="121" /><ent r="4" t="390" w="121" /><ent r="3" t="399" w="3815" /><ent r="3" t="399" w="3815" /></phr><phr n="detection"><ent r="6" t="78" w="1194" /><ent r="6" t="78" w="1194" /><ent r="6" t="207" w="811" /><ent r="6" t="234" w="292" /><ent r="6" t="234" w="292" /><ent r="7" t="393" w="216" /><ent r="7" t="393" w="216" /><ent r="72" t="474" w="14" /><ent r="72" t="474" w="14" /><ent r="7" t="474" w="128" /><ent r="7" t="474" w="128" /></phr><phr n="detect"><ent r="3" t="115" w="607" /><ent r="3" t="115" w="607" /><ent r="3" t="216" w="412" /><ent r="3" t="216" w="412" /><ent r="6" t="312" w="119" /><ent r="6" t="312" w="119" /></phr><phr n="detected"><ent r="3" t="249" w="121" /><ent r="3" t="249" w="121" /><ent r="6" t="278" w="311" /><ent r="6" t="278" w="311" /><ent r="3" t="281" w="271" /><ent r="3" t="281" w="271" /><ent r="5" t="288" w="160" /><ent r="6" t="349" w="742" /><ent r="6" t="349" w="742" /><ent r="6" t="349" w="769" /><ent r="6" t="349" w="769" /><ent r="6" t="350" w="675" /><ent r="6" t="350" w="675" /><ent r="6" t="350" w="702" /><ent r="6" t="350" w="702" /><ent r="3" t="432" w="526" /><ent r="3" t="432" w="526" /></phr><phr n="Detect"><ent r="3" t="399" w="2515" /><ent r="3" t="399" w="2515" /></phr></stem><stem n="exclus"><phr n="Exclusion"><ent r="4" t="14" w="369" /><ent r="4" t="14" w="369" /><ent r="4" t="45" w="369" /><ent r="4" t="45" w="369" /><ent r="4" t="70" w="428" /><ent r="4" t="70" w="428" /><ent r="4" t="96" w="385" /><ent r="4" t="96" w="385" /><ent r="5" t="125" w="415" /><ent r="5" t="125" w="415" /></phr><phr n="EXCLUSIVE"><ent r="6" t="181" w="281" /><ent r="6" t="181" w="281" /><ent r="6" t="181" w="647" /><ent r="6" t="181" w="647" /><ent r="6" t="207" w="274" /><ent r="6" t="207" w="274" /><ent r="6" t="207" w="640" /><ent r="6" t="207" w="640" /></phr><phr n="exclusive"><ent r="3" t="393" w="125" /><ent r="3" t="393" w="125" /><ent r="3" t="404" w="1066" /><ent r="3" t="404" w="1066" /></phr><phr n="exclusions"><ent r="3" t="404" w="368" /></phr><phr n="Exclusions"><ent r="3" t="404" w="789" /><ent r="3" t="404" w="789" /></phr><phr n="exclusion"><ent r="3" t="404" w="1173" /><ent r="3" t="404" w="1173" /><ent r="3" t="404" w="1317" /><ent r="3" t="404" w="1317" /></phr></stem><stem n="fde"><phr n="FDE"><ent r="4" t="14" w="370" /><ent r="4" t="45" w="370" /><ent r="4" t="70" w="429" /><ent r="4" t="96" w="386" /><ent r="5" t="125" w="416" /></phr></stem><stem n="monitor"><phr n="Monitoring"><ent r="4" t="14" w="374" /><ent r="4" t="14" w="374" /><ent r="4" t="45" w="374" /><ent r="4" t="45" w="374" /><ent r="4" t="70" w="433" /><ent r="4" t="70" w="433" /><ent r="4" t="96" w="390" /><ent r="4" t="96" w="390" /><ent r="5" t="125" w="420" /><ent r="5" t="125" w="420" /><ent r="3" t="249" w="117" /><ent r="3" t="479" w="26" /><ent r="3" t="479" w="26" /></phr><phr n="monitored"><ent r="3" t="16" w="40" /><ent r="3" t="16" w="40" /><ent r="8" t="17" w="112" /><ent r="8" t="17" w="112" /><ent r="3" t="47" w="40" /><ent r="3" t="47" w="40" /><ent r="8" t="48" w="112" /><ent r="8" t="48" w="112" /><ent r="3" t="71" w="40" /><ent r="3" t="71" w="40" /><ent r="8" t="72" w="112" /><ent r="8" t="72" w="112" /><ent r="7" t="78" w="947" /><ent r="3" t="98" w="40" /><ent r="3" t="98" w="40" /><ent r="8" t="99" w="112" /><ent r="8" t="99" w="112" /><ent r="8" t="150" w="284" /><ent r="8" t="150" w="284" /><ent r="8" t="165" w="281" /><ent r="8" t="165" w="281" /><ent r="8" t="175" w="266" /><ent r="8" t="175" w="266" /><ent r="8" t="201" w="325" /><ent r="8" t="201" w="325" /><ent r="8" t="227" w="307" /><ent r="8" t="227" w="307" /></phr><phr n="Monitor"><ent r="6" t="24" w="520" /><ent r="6" t="24" w="520" /><ent r="7" t="43" w="330" /><ent r="7" t="43" w="330" /><ent r="6" t="55" w="528" /><ent r="6" t="55" w="528" /><ent r="7" t="94" w="330" /><ent r="7" t="94" w="330" /><ent r="6" t="106" w="528" /><ent r="6" t="106" w="528" /><ent r="7" t="146" w="330" /><ent r="7" t="146" w="330" /><ent r="6" t="156" w="61" /><ent r="6" t="156" w="61" /><ent r="6" t="222" w="330" /><ent r="6" t="222" w="330" /><ent r="6" t="222" w="713" /><ent r="6" t="222" w="713" /><ent r="6" t="234" w="393" /><ent r="6" t="234" w="393" /><ent r="4" t="239" w="598" /><ent r="4" t="239" w="598" /></phr><phr n="monitor"><ent r="6" t="24" w="544" /><ent r="6" t="24" w="544" /><ent r="7" t="29" w="205" /><ent r="7" t="29" w="205" /><ent r="6" t="29" w="230" /><ent r="6" t="29" w="230" /><ent r="6" t="30" w="71" /><ent r="6" t="55" w="552" /><ent r="6" t="55" w="552" /><ent r="7" t="60" w="205" /><ent r="7" t="60" w="205" /><ent r="6" t="60" w="230" /><ent r="6" t="60" w="230" /><ent r="6" t="61" w="71" /><ent r="7" t="81" w="205" /><ent r="7" t="81" w="205" /><ent r="6" t="81" w="230" /><ent r="6" t="81" w="230" /><ent r="6" t="106" w="552" /><ent r="6" t="106" w="552" /><ent r="7" t="111" w="209" /><ent r="7" t="111" w="209" /><ent r="6" t="111" w="234" /><ent r="6" t="111" w="234" /><ent r="7" t="112" w="71" /><ent r="7" t="134" w="209" /><ent r="7" t="134" w="209" /><ent r="7" t="134" w="234" /><ent r="7" t="134" w="234" /><ent r="7" t="212" w="205" /><ent r="7" t="212" w="205" /><ent r="6" t="212" w="230" /><ent r="6" t="212" w="230" /><ent r="3" t="237" w="122" /><ent r="3" t="237" w="122" /><ent r="3" t="239" w="604" /><ent r="3" t="239" w="604" /><ent r="3" t="284" w="11" /><ent r="3" t="284" w="11" /><ent r="3" t="309" w="35" /><ent r="3" t="309" w="35" /><ent r="3" t="314" w="85" /><ent r="3" t="314" w="85" /><ent r="3" t="315" w="85" /><ent r="3" t="315" w="85" /></phr><phr n="monitors"><ent r="4" t="40" w="316" /><ent r="4" t="40" w="316" /><ent r="4" t="66" w="316" /><ent r="4" t="66" w="316" /><ent r="4" t="121" w="318" /><ent r="4" t="121" w="318" /><ent r="4" t="157" w="327" /><ent r="4" t="157" w="327" /><ent r="4" t="195" w="323" /><ent r="4" t="195" w="323" /><ent r="4" t="219" w="323" /><ent r="4" t="219" w="323" /></phr><phr n="monitoring"><ent r="4" t="148" w="60" /><ent r="4" t="148" w="60" /><ent r="5" t="161" w="63" /><ent r="5" t="161" w="63" /><ent r="5" t="162" w="48" /><ent r="5" t="162" w="48" /><ent r="7" t="235" w="2457" /><ent r="7" t="235" w="2457" /><ent r="4" t="425" w="66" /><ent r="4" t="425" w="66" /></phr></stem></index>