<?xml version="1.0" encoding="utf-8"?><index><!-- saved from url=(0016)http://localhost -->
<stem n="×"><phr n="×"><ent r="4" t="199" w="239" /><ent r="4" t="199" w="239" /><ent r="4" t="224" w="247" /><ent r="4" t="224" w="247" /><ent r="3" t="329" w="343" /><ent r="3" t="329" w="343" /><ent r="3" t="329" w="351" /><ent r="3" t="329" w="351" /><ent r="3" t="397" w="632" /><ent r="3" t="397" w="632" /><ent r="3" t="397" w="638" /><ent r="3" t="397" w="638" /></phr></stem><stem n="40-pin"><phr n="40-pin"><ent r="6" t="202" w="62" /><ent r="6" t="202" w="62" /><ent r="82" t="207" w="9" /><ent r="82" t="207" w="9" /><ent r="3" t="207" w="14" /><ent r="3" t="207" w="14" /></phr></stem><stem n="spot"><phr n="SPOT"><ent r="7" t="203" w="79" /></phr><phr n="spots"><ent r="7" t="235" w="3263" /></phr><phr n="spot"><ent r="3" t="282" w="433" /><ent r="3" t="282" w="433" /><ent r="3" t="282" w="521" /><ent r="3" t="282" w="521" /><ent r="3" t="284" w="1340" /><ent r="3" t="284" w="1340" /></phr></stem><stem n="straight"><phr n="straight"><ent r="6" t="207" w="915" /><ent r="6" t="207" w="915" /><ent r="6" t="207" w="938" /><ent r="6" t="207" w="938" /><ent r="6" t="207" w="962" /><ent r="6" t="207" w="962" /><ent r="6" t="207" w="986" /><ent r="6" t="207" w="986" /></phr></stem><stem n="droop"><phr n="drooping"><ent r="8" t="210" w="85" /></phr></stem><stem n="250"><phr n="250"><ent r="8" t="210" w="121" /><ent r="8" t="210" w="121" /><ent r="3" t="322" w="42" /><ent r="3" t="390" w="55" /><ent r="3" t="390" w="55" /><ent r="4" t="390" w="92" /><ent r="4" t="390" w="92" /></phr></stem><stem n="08"><phr n="08"><ent r="8" t="210" w="143" /><ent r="8" t="210" w="143" /><ent r="5" t="398" w="328" /><ent r="5" t="398" w="328" /><ent r="5" t="398" w="426" /><ent r="5" t="398" w="426" /><ent r="5" t="398" w="669" /><ent r="5" t="398" w="669" /><ent r="5" t="398" w="690" /><ent r="5" t="398" w="690" /><ent r="5" t="398" w="1211" /><ent r="5" t="398" w="1211" /><ent r="5" t="398" w="1677" /><ent r="5" t="398" w="1677" /><ent r="5" t="398" w="1723" /><ent r="5" t="398" w="1723" /><ent r="5" t="398" w="1878" /><ent r="5" t="398" w="1878" /><ent r="3" t="398" w="2804" /><ent r="3" t="398" w="2804" /><ent r="7" t="487" w="157" /><ent r="7" t="489" w="123" /></phr></stem><stem n="stick"><phr n="stick"><ent r="3" t="216" w="48" /></phr><phr n="sticks"><ent r="5" t="422" w="483" /><ent r="5" t="422" w="483" /></phr></stem><stem n="b-side"><phr n="B-side"><ent r="3" t="216" w="90" /><ent r="3" t="216" w="90" /></phr></stem><stem n="a-sid"><phr n="A-side"><ent r="3" t="216" w="116" /><ent r="3" t="216" w="116" /></phr></stem><stem n="carefulli"><phr n="carefully"><ent r="3" t="216" w="219" /><ent r="3" t="216" w="219" /></phr></stem><stem n="single-end"><phr n="single-ended"><ent r="4" t="216" w="271" /><ent r="4" t="216" w="271" /></phr></stem><stem n="device-onli"><phr n="device-only"><ent r="82" t="216" w="371" /><ent r="82" t="216" w="371" /><ent r="3" t="216" w="377" /><ent r="3" t="216" w="377" /></phr></stem><stem n="10k"><phr n="10K"><ent r="3" t="216" w="393" /><ent r="3" t="216" w="393" /></phr></stem><stem n="four-lay"><phr n="four-layer"><ent r="3" t="217" w="88" /><ent r="3" t="217" w="88" /></phr></stem><stem n="dual-sid"><phr n="dual-side"><ent r="3" t="217" w="93" /><ent r="3" t="217" w="93" /></phr></stem><stem n="plastic"><phr n="plastic"><ent r="3" t="220" w="207" /><ent r="3" t="220" w="207" /></phr></stem><stem n="bag"><phr n="bag"><ent r="3" t="220" w="208" /><ent r="3" t="220" w="208" /></phr></stem><stem n="screw"><phr n="Screw"><ent r="3" t="220" w="213" /><ent r="3" t="220" w="213" /></phr></stem><stem n="corner"><phr n="corner"><ent r="3" t="220" w="225" /><ent r="3" t="220" w="225" /><ent r="3" t="314" w="319" /><ent r="3" t="314" w="319" /><ent r="3" t="314" w="1317" /><ent r="3" t="314" w="1317" /></phr></stem><stem n="seat"><phr n="seated"><ent r="3" t="220" w="231" /><ent r="3" t="220" w="231" /><ent r="6" t="234" w="262" /><ent r="6" t="234" w="262" /></phr></stem><stem n="j3"><phr n="J3"><ent r="3" t="220" w="234" /><ent r="3" t="220" w="234" /></phr></stem><stem n="high-frequ"><phr n="high-frequency"><ent r="6" t="222" w="401" /><ent r="6" t="222" w="401" /><ent r="6" t="222" w="445" /><ent r="6" t="222" w="445" /><ent r="6" t="222" w="519" /><ent r="6" t="222" w="519" /><ent r="6" t="222" w="587" /><ent r="6" t="222" w="587" /><ent r="6" t="222" w="620" /><ent r="6" t="222" w="620" /><ent r="6" t="222" w="673" /><ent r="6" t="222" w="673" /><ent r="4" t="226" w="500" /><ent r="4" t="226" w="500" /></phr></stem><stem n="burst"><phr n="burst"><ent r="6" t="222" w="404" /><ent r="6" t="222" w="404" /><ent r="6" t="222" w="448" /><ent r="6" t="222" w="448" /><ent r="6" t="222" w="522" /><ent r="6" t="222" w="522" /><ent r="6" t="222" w="590" /><ent r="6" t="222" w="590" /><ent r="6" t="222" w="623" /><ent r="6" t="222" w="623" /><ent r="6" t="222" w="676" /><ent r="6" t="222" w="676" /><ent r="4" t="226" w="504" /></phr></stem><stem n="attitud"><phr n="attitude"><ent r="3" t="223" w="54" /><ent r="3" t="223" w="54" /><ent r="3" t="240" w="259" /><ent r="3" t="240" w="259" /><ent r="3" t="244" w="357" /><ent r="3" t="244" w="357" /><ent r="3" t="244" w="359" /><ent r="3" t="244" w="359" /><ent r="3" t="264" w="98" /><ent r="69" t="360" w="293" /><ent r="69" t="360" w="293" /><ent r="1000" t="378" w="3" /><ent r="1000" t="378" w="3" /><ent r="92" t="378" w="8" /><ent r="92" t="378" w="8" /><ent r="3" t="378" w="14" /><ent r="3" t="378" w="14" /><ent r="1000" t="400" w="7" /><ent r="1000" t="400" w="7" /><ent r="92" t="400" w="16" /><ent r="92" t="400" w="16" /><ent r="3" t="400" w="31" /><ent r="65" t="400" w="52" /><ent r="65" t="400" w="62" /><ent r="65" t="400" w="72" /><ent r="65" t="400" w="72" /><ent r="65" t="400" w="86" /><ent r="65" t="400" w="86" /><ent r="4" t="400" w="104" /><ent r="4" t="400" w="104" /><ent r="3" t="400" w="178" /><ent r="3" t="400" w="232" /><ent r="3" t="400" w="232" /><ent r="3" t="400" w="286" /><ent r="3" t="400" w="465" /><ent r="82" t="400" w="473" /><ent r="3" t="400" w="500" /><ent r="3" t="400" w="914" /><ent r="3" t="400" w="914" /><ent r="82" t="400" w="1212" /><ent r="5" t="400" w="1396" /><ent r="5" t="400" w="1396" /><ent r="82" t="400" w="1404" /><ent r="82" t="400" w="1404" /><ent r="3" t="400" w="1426" /><ent r="3" t="400" w="1426" /><ent r="72" t="400" w="1445" /><ent r="72" t="400" w="1445" /><ent r="3" t="400" w="1487" /><ent r="3" t="400" w="1487" /><ent r="5" t="400" w="1599" /><ent r="5" t="400" w="1599" /><ent r="5" t="400" w="1654" /><ent r="5" t="400" w="1654" /><ent r="5" t="400" w="1670" /><ent r="5" t="400" w="1670" /><ent r="72" t="400" w="1693" /><ent r="72" t="400" w="1693" /><ent r="3" t="400" w="1735" /><ent r="3" t="400" w="1735" /><ent r="6" t="400" w="1898" /><ent r="6" t="400" w="1898" /><ent r="6" t="400" w="1936" /><ent r="6" t="400" w="1936" /><ent r="82" t="400" w="1992" /><ent r="82" t="400" w="1992" /><ent r="3" t="400" w="2002" /><ent r="3" t="400" w="2002" /><ent r="5" t="400" w="2168" /><ent r="5" t="400" w="2168" /><ent r="5" t="400" w="2180" /><ent r="5" t="400" w="2180" /><ent r="6" t="400" w="2273" /><ent r="6" t="400" w="2273" /><ent r="5" t="400" w="2277" /><ent r="5" t="400" w="2277" /><ent r="5" t="400" w="2301" /><ent r="5" t="400" w="2301" /><ent r="3" t="432" w="12" /><ent r="3" t="432" w="12" /><ent r="7" t="432" w="175" /><ent r="7" t="432" w="175" /><ent r="7" t="432" w="193" /><ent r="7" t="432" w="193" /><ent r="3" t="432" w="514" /><ent r="3" t="432" w="514" /></phr><phr n="Attitude"><ent r="4" t="244" w="349" /><ent r="4" t="244" w="349" /><ent r="72" t="266" w="91" /><ent r="72" t="266" w="91" /><ent r="5" t="266" w="343" /><ent r="5" t="266" w="343" /><ent r="3" t="378" w="39" /><ent r="3" t="378" w="39" /><ent r="6" t="378" w="72" /><ent r="6" t="378" w="72" /><ent r="8" t="378" w="244" /><ent r="8" t="378" w="244" /><ent r="68" t="395" w="72" /><ent r="68" t="395" w="72" /><ent r="7" t="395" w="75" /><ent r="7" t="395" w="75" /><ent r="67" t="399" w="482" /><ent r="67" t="399" w="482" /><ent r="72" t="399" w="2359" /><ent r="72" t="399" w="2359" /><ent r="6" t="400" w="723" /><ent r="6" t="400" w="723" /><ent r="6" t="400" w="1063" /><ent r="6" t="400" w="1063" /><ent r="6" t="400" w="1099" /><ent r="6" t="400" w="1099" /><ent r="6" t="400" w="1387" /><ent r="6" t="400" w="1387" /><ent r="6" t="400" w="1589" /><ent r="6" t="400" w="1589" /><ent r="6" t="400" w="1644" /><ent r="6" t="400" w="1644" /><ent r="7" t="400" w="1886" /><ent r="7" t="400" w="1886" /><ent r="7" t="400" w="1918" /><ent r="7" t="400" w="1918" /><ent r="1000" t="432" w="3" /><ent r="1000" t="432" w="3" /><ent r="82" t="432" w="7" /><ent r="82" t="432" w="7" /><ent r="72" t="432" w="102" /><ent r="72" t="432" w="102" /><ent r="7" t="432" w="127" /><ent r="7" t="432" w="127" /><ent r="68" t="432" w="167" /><ent r="68" t="432" w="167" /><ent r="68" t="432" w="204" /><ent r="68" t="432" w="204" /><ent r="72" t="438" w="505" /><ent r="72" t="438" w="505" /><ent r="72" t="438" w="595" /><ent r="72" t="438" w="595" /><ent r="65" t="455" w="66" /><ent r="65" t="455" w="66" /></phr><phr n="attitudes"><ent r="3" t="400" w="941" /></phr></stem><stem n="gps4"><phr n="GPS4"><ent r="4" t="226" w="118" /><ent r="4" t="226" w="118" /></phr></stem><stem n="satellite-track"><phr n="satellite-tracking"><ent r="4" t="226" w="474" /><ent r="4" t="226" w="474" /></phr></stem><stem n="interv"><phr n="interval"><ent r="4" t="226" w="495" /><ent r="7" t="235" w="1331" /><ent r="7" t="235" w="1331" /><ent r="6" t="338" w="582" /><ent r="6" t="338" w="582" /><ent r="8" t="343" w="319" /><ent r="8" t="343" w="319" /><ent r="6" t="345" w="580" /><ent r="6" t="345" w="580" /><ent r="6" t="346" w="481" /><ent r="6" t="346" w="481" /><ent r="3" t="401" w="472" /><ent r="3" t="401" w="485" /><ent r="3" t="422" w="302" /><ent r="3" t="422" w="302" /><ent r="3" t="422" w="368" /><ent r="3" t="422" w="368" /><ent r="3" t="479" w="44" /></phr><phr n="intervals"><ent r="5" t="243" w="89" /><ent r="3" t="402" w="1112" /><ent r="3" t="402" w="1124" /><ent r="3" t="402" w="1303" /><ent r="3" t="423" w="53" /><ent r="3" t="423" w="53" /><ent r="3" t="423" w="348" /><ent r="3" t="423" w="348" /></phr><phr n="Interval"><ent r="4" t="276" w="2778" /><ent r="4" t="276" w="2778" /><ent r="4" t="422" w="298" /><ent r="4" t="422" w="298" /><ent r="4" t="422" w="364" /><ent r="4" t="422" w="364" /></phr><phr n="Intervals"><ent r="3" t="422" w="356" /><ent r="3" t="422" w="356" /></phr></stem><stem n="winpan"><phr n="WinPan"><ent r="4" t="226" w="508" /><ent r="3" t="236" w="32" /><ent r="3" t="236" w="32" /><ent r="3" t="314" w="19" /><ent r="3" t="314" w="19" /></phr><phr n="Winpan"><ent r="1000" t="314" w="6" /><ent r="1000" t="314" w="6" /><ent r="92" t="314" w="14" /><ent r="92" t="314" w="14" /><ent r="3" t="314" w="96" /><ent r="3" t="314" w="96" /><ent r="3" t="314" w="101" /><ent r="3" t="314" w="101" /><ent r="3" t="314" w="926" /><ent r="3" t="314" w="926" /></phr></stem><stem n="in-built"><phr n="in-built"><ent r="4" t="226" w="514" /><ent r="4" t="226" w="514" /></phr></stem><stem n="kg"><phr n="kg"><ent r="6" t="228" w="31" /><ent r="6" t="228" w="31" /></phr></stem><stem n="70°c"><phr n="70°C"><ent r="6" t="230" w="16" /><ent r="6" t="230" w="16" /></phr></stem><stem n="158°f"><phr n="158°F"><ent r="6" t="230" w="19" /></phr></stem><stem n="can-"><phr n="CAN-"><ent r="6" t="233" w="89" /><ent r="6" t="233" w="89" /></phr></stem><stem n="can+"><phr n="CAN+"><ent r="6" t="233" w="113" /><ent r="6" t="233" w="113" /></phr></stem><stem n="et_gnd"><phr n="ET_GND"><ent r="6" t="233" w="191" /><ent r="6" t="233" w="191" /></phr></stem><stem n="rh45"><phr n="RH45"><ent r="6" t="233" w="216" /><ent r="6" t="233" w="216" /><ent r="6" t="233" w="225" /><ent r="6" t="233" w="225" /></phr></stem><stem n="data-"><phr n="data-"><ent r="6" t="233" w="238" /><ent r="6" t="233" w="238" /><ent r="6" t="233" w="249" /><ent r="6" t="233" w="249" /></phr></stem><stem n="usb-"><phr n="USB-"><ent r="6" t="233" w="258" /><ent r="6" t="233" w="258" /></phr></stem><stem n="gnsd"><phr n="GNSD"><ent r="6" t="233" w="284" /><ent r="6" t="233" w="284" /></phr></stem><stem n="data+"><phr n="data+"><ent r="6" t="233" w="307" /><ent r="6" t="233" w="307" /><ent r="6" t="233" w="317" /><ent r="6" t="233" w="317" /></phr></stem><stem n="solv"><phr n="solve"><ent r="3" t="234" w="21" /><ent r="3" t="234" w="21" /><ent r="3" t="296" w="34" /><ent r="3" t="296" w="34" /><ent r="3" t="400" w="112" /><ent r="3" t="400" w="112" /><ent r="3" t="400" w="142" /><ent r="3" t="400" w="142" /><ent r="3" t="400" w="815" /><ent r="3" t="400" w="815" /></phr></stem><stem n="pleas"><phr n="Please"><ent r="3" t="234" w="23" /><ent r="3" t="234" w="23" /><ent r="4" t="283" w="143" /><ent r="4" t="283" w="143" /><ent r="6" t="317" w="490" /><ent r="6" t="317" w="490" /><ent r="3" t="404" w="729" /><ent r="3" t="404" w="729" /></phr><phr n="please"><ent r="3" t="404" w="702" /><ent r="3" t="404" w="702" /><ent r="4" t="404" w="1339" /><ent r="4" t="404" w="1339" /><ent r="4" t="404" w="1388" /><ent r="4" t="404" w="1388" /><ent r="3" t="404" w="1661" /><ent r="3" t="404" w="1661" /></phr></stem><stem n="too"><phr n="too"><ent r="6" t="234" w="50" /><ent r="6" t="234" w="50" /><ent r="3" t="401" w="545" /><ent r="3" t="401" w="545" /><ent r="7" t="445" w="435" /><ent r="7" t="445" w="435" /><ent r="7" t="449" w="290" /><ent r="7" t="449" w="290" /><ent r="3" t="502" w="220" /></phr></stem><stem n="faulti"><phr n="Faulty"><ent r="6" t="234" w="90" /><ent r="6" t="234" w="90" /></phr></stem><stem n="examin"><phr n="Examine"><ent r="6" t="234" w="102" /><ent r="6" t="234" w="102" /><ent r="6" t="234" w="135" /><ent r="6" t="234" w="135" /></phr></stem><stem n="miss"><phr n="missing"><ent r="6" t="234" w="106" /><ent r="6" t="234" w="106" /><ent r="6" t="234" w="139" /><ent r="6" t="234" w="139" /></phr><phr n="missed"><ent r="7" t="474" w="127" /><ent r="7" t="474" w="127" /></phr></stem><stem n="multimet"><phr n="multimeter"><ent r="6" t="234" w="111" /><ent r="6" t="234" w="111" /><ent r="6" t="234" w="144" /><ent r="6" t="234" w="144" /></phr></stem><stem n="charg"><phr n="charge"><ent r="6" t="234" w="131" /><ent r="6" t="234" w="131" /><ent r="3" t="404" w="419" /><ent r="3" t="404" w="419" /></phr></stem><stem n="get"><phr n="getting"><ent r="6" t="234" w="227" /><ent r="6" t="234" w="227" /><ent r="5" t="269" w="478" /><ent r="5" t="269" w="478" /></phr><phr n="get"><ent r="3" t="261" w="188" /><ent r="3" t="261" w="188" /><ent r="3" t="293" w="67" /><ent r="3" t="293" w="67" /><ent r="3" t="293" w="80" /><ent r="3" t="293" w="80" /><ent r="72" t="398" w="2498" /><ent r="72" t="398" w="2498" /><ent r="72" t="398" w="2727" /><ent r="72" t="398" w="2727" /><ent r="72" t="398" w="2898" /><ent r="72" t="398" w="2898" /><ent r="3" t="399" w="3531" /><ent r="3" t="399" w="3531" /></phr><phr n="Get"><ent r="5" t="276" w="781" /><ent r="5" t="276" w="781" /><ent r="6" t="276" w="787" /><ent r="6" t="276" w="787" /><ent r="3" t="276" w="921" /><ent r="3" t="276" w="921" /><ent r="4" t="276" w="926" /><ent r="4" t="276" w="926" /><ent r="6" t="315" w="464" /><ent r="6" t="315" w="464" /><ent r="8" t="388" w="134" /><ent r="8" t="388" w="134" /><ent r="8" t="388" w="155" /><ent r="8" t="388" w="155" /><ent r="8" t="388" w="167" /><ent r="8" t="388" w="167" /><ent r="67" t="388" w="407" /><ent r="67" t="388" w="407" /><ent r="6" t="388" w="932" /><ent r="6" t="388" w="932" /><ent r="67" t="399" w="527" /><ent r="67" t="399" w="527" /><ent r="72" t="399" w="3789" /><ent r="72" t="399" w="3789" /></phr><phr n="gets"><ent r="3" t="405" w="315" /><ent r="3" t="405" w="315" /></phr></stem><stem n="loos"><phr n="loose"><ent r="6" t="234" w="251" /></phr></stem><stem n="tightli"><phr n="tightly"><ent r="6" t="234" w="261" /><ent r="6" t="234" w="261" /></phr></stem><stem n="inhibit"><phr n="inhibit"><ent r="6" t="234" w="290" /><ent r="6" t="234" w="290" /></phr></stem><stem n="sight"><phr n="sight"><ent r="6" t="234" w="309" /><ent r="6" t="234" w="309" /></phr></stem><stem n="restart"><phr n="Restart"><ent r="6" t="234" w="330" /><ent r="6" t="234" w="330" /><ent r="4" t="279" w="317" /><ent r="4" t="279" w="317" /><ent r="4" t="288" w="63" /><ent r="4" t="288" w="63" /><ent r="6" t="312" w="765" /><ent r="6" t="312" w="765" /><ent r="4" t="405" w="125" /><ent r="4" t="405" w="125" /></phr><phr n="restart"><ent r="3" t="241" w="138" /><ent r="3" t="241" w="138" /><ent r="3" t="265" w="338" /><ent r="3" t="272" w="16" /><ent r="3" t="272" w="16" /><ent r="3" t="272" w="60" /><ent r="5" t="278" w="506" /><ent r="3" t="279" w="329" /><ent r="3" t="279" w="329" /><ent r="3" t="279" w="531" /><ent r="3" t="279" w="531" /><ent r="3" t="399" w="3649" /><ent r="3" t="399" w="3649" /><ent r="3" t="399" w="3728" /><ent r="3" t="399" w="3728" /></phr><phr n="restarted"><ent r="3" t="243" w="67" /><ent r="3" t="279" w="505" /><ent r="6" t="312" w="770" /></phr><phr n="restarts"><ent r="3" t="272" w="77" /><ent r="3" t="272" w="107" /><ent r="3" t="272" w="149" /><ent r="3" t="405" w="138" /></phr></stem><stem n="resort"><phr n="resort"><ent r="6" t="234" w="336" /><ent r="6" t="234" w="336" /></phr></stem><stem n="again"><phr n="again"><ent r="6" t="234" w="344" /><ent r="7" t="235" w="1433" /><ent r="7" t="235" w="1433" /><ent r="3" t="263" w="70" /><ent r="3" t="268" w="61" /><ent r="3" t="279" w="528" /><ent r="3" t="296" w="214" /><ent r="3" t="296" w="214" /><ent r="6" t="312" w="774" /><ent r="5" t="315" w="430" /><ent r="5" t="317" w="506" /><ent r="5" t="317" w="506" /><ent r="3" t="405" w="459" /></phr></stem><stem n="corrupt"><phr n="corrupt"><ent r="6" t="234" w="377" /></phr><phr n="Corrupt"><ent r="4" t="304" w="91" /><ent r="4" t="304" w="91" /></phr><phr n="corrupted"><ent r="3" t="399" w="361" /><ent r="3" t="399" w="361" /><ent r="3" t="399" w="371" /><ent r="3" t="399" w="371" /></phr></stem><stem n="press"><phr n="pressing"><ent r="6" t="234" w="390" /><ent r="6" t="234" w="390" /><ent r="4" t="390" w="99" /><ent r="4" t="390" w="99" /><ent r="3" t="402" w="1553" /><ent r="3" t="402" w="1553" /><ent r="3" t="402" w="1704" /><ent r="3" t="402" w="1704" /></phr><phr n="pressed"><ent r="3" t="287" w="553" /><ent r="3" t="287" w="553" /><ent r="3" t="287" w="590" /></phr><phr n="press"><ent r="3" t="314" w="581" /><ent r="3" t="314" w="581" /><ent r="3" t="385" w="21" /><ent r="3" t="405" w="434" /><ent r="3" t="405" w="434" /></phr><phr n="Press"><ent r="3" t="402" w="1573" /><ent r="3" t="402" w="1573" /><ent r="3" t="402" w="1598" /><ent r="3" t="402" w="1598" /><ent r="3" t="402" w="1620" /><ent r="3" t="402" w="1620" /><ent r="3" t="402" w="1652" /><ent r="3" t="402" w="1652" /><ent r="3" t="402" w="1724" /><ent r="3" t="402" w="1724" /><ent r="3" t="402" w="1746" /><ent r="3" t="402" w="1746" /><ent r="3" t="402" w="1768" /><ent r="3" t="402" w="1768" /><ent r="3" t="402" w="1815" /><ent r="3" t="402" w="1815" /></phr></stem><stem n="glossari"><phr n="Glossary"><ent r="1000" t="235" w="1" /><ent r="1000" t="235" w="1" /><ent r="92" t="235" w="3" /><ent r="92" t="235" w="3" /><ent r="64" t="276" w="968" /><ent r="64" t="276" w="968" /><ent r="64" t="276" w="1430" /><ent r="64" t="276" w="1430" /><ent r="64" t="276" w="1629" /><ent r="64" t="276" w="1629" /></phr></stem><stem n="conjunct"><phr n="conjunction"><ent r="7" t="235" w="19" /><ent r="7" t="235" w="19" /><ent r="3" t="276" w="1980" /><ent r="3" t="276" w="1980" /><ent r="3" t="296" w="129" /><ent r="3" t="296" w="129" /><ent r="7" t="372" w="889" /><ent r="7" t="372" w="889" /></phr></stem><stem n="stamp"><phr n="stamp"><ent r="7" t="235" w="23" /><ent r="7" t="235" w="31" /><ent r="7" t="235" w="31" /></phr></stem><stem n="instant"><phr n="instant"><ent r="7" t="235" w="27" /><ent r="7" t="235" w="27" /><ent r="5" t="266" w="225" /><ent r="5" t="266" w="225" /></phr></stem><stem n="facilit"><phr n="facilitates"><ent r="7" t="235" w="67" /><ent r="7" t="235" w="67" /></phr><phr n="facilitate"><ent r="3" t="345" w="460" /><ent r="3" t="345" w="460" /></phr></stem><stem n="regain"><phr n="regain"><ent r="7" t="235" w="90" /><ent r="7" t="235" w="90" /></phr></stem><stem n="subset"><phr n="subset"><ent r="7" t="235" w="99" /><ent r="7" t="235" w="99" /><ent r="7" t="235" w="2213" /><ent r="7" t="235" w="2213" /><ent r="6" t="390" w="1140" /><ent r="6" t="390" w="1140" /><ent r="3" t="393" w="18" /><ent r="3" t="393" w="18" /></phr></stem><stem n="ephemeri"><phr n="ephemeris"><ent r="68" t="235" w="103" /><ent r="7" t="235" w="1284" /><ent r="7" t="235" w="1320" /><ent r="7" t="235" w="1320" /><ent r="7" t="235" w="1325" /><ent r="3" t="242" w="1151" /><ent r="3" t="242" w="1151" /><ent r="3" t="249" w="401" /><ent r="3" t="249" w="401" /><ent r="3" t="252" w="236" /><ent r="3" t="252" w="236" /><ent r="3" t="253" w="262" /><ent r="3" t="253" w="262" /><ent r="3" t="272" w="45" /><ent r="3" t="272" w="45" /><ent r="3" t="272" w="68" /><ent r="3" t="272" w="68" /><ent r="3" t="272" w="116" /><ent r="3" t="272" w="116" /><ent r="3" t="276" w="2877" /><ent r="3" t="276" w="2877" /><ent r="3" t="335" w="33" /><ent r="3" t="335" w="33" /><ent r="3" t="335" w="473" /><ent r="3" t="336" w="33" /><ent r="3" t="336" w="33" /><ent r="7" t="336" w="227" /><ent r="6" t="337" w="167" /><ent r="6" t="337" w="175" /><ent r="6" t="337" w="175" /><ent r="6" t="337" w="465" /><ent r="6" t="337" w="465" /><ent r="1000" t="338" w="2" /><ent r="1000" t="338" w="2" /><ent r="92" t="338" w="6" /><ent r="92" t="338" w="6" /><ent r="3" t="338" w="10" /><ent r="3" t="338" w="10" /><ent r="3" t="338" w="25" /><ent r="3" t="338" w="25" /><ent r="3" t="338" w="63" /><ent r="3" t="338" w="63" /><ent r="3" t="338" w="69" /><ent r="3" t="338" w="69" /><ent r="3" t="338" w="105" /><ent r="3" t="338" w="105" /><ent r="6" t="338" w="118" /><ent r="6" t="338" w="118" /><ent r="7" t="338" w="554" /><ent r="7" t="338" w="554" /><ent r="6" t="338" w="569" /><ent r="6" t="338" w="569" /><ent r="1000" t="343" w="2" /><ent r="1000" t="343" w="2" /><ent r="92" t="343" w="6" /><ent r="92" t="343" w="6" /><ent r="3" t="343" w="11" /><ent r="3" t="343" w="11" /><ent r="3" t="343" w="66" /><ent r="3" t="343" w="66" /><ent r="3" t="343" w="72" /><ent r="3" t="343" w="72" /><ent r="6" t="343" w="117" /><ent r="6" t="343" w="117" /><ent r="6" t="343" w="141" /><ent r="6" t="343" w="141" /><ent r="6" t="343" w="175" /><ent r="6" t="343" w="175" /><ent r="6" t="343" w="212" /><ent r="6" t="343" w="212" /><ent r="6" t="343" w="254" /><ent r="6" t="343" w="254" /><ent r="1000" t="344" w="2" /><ent r="1000" t="344" w="2" /><ent r="92" t="344" w="6" /><ent r="92" t="344" w="6" /><ent r="3" t="344" w="11" /><ent r="3" t="344" w="11" /><ent r="3" t="344" w="66" /><ent r="3" t="344" w="66" /><ent r="3" t="344" w="72" /><ent r="3" t="344" w="72" /><ent r="1000" t="345" w="2" /><ent r="1000" t="345" w="2" /><ent r="92" t="345" w="6" /><ent r="92" t="345" w="6" /><ent r="3" t="345" w="11" /><ent r="3" t="345" w="11" /><ent r="3" t="345" w="67" /><ent r="3" t="345" w="67" /><ent r="3" t="345" w="73" /><ent r="3" t="345" w="73" /><ent r="3" t="345" w="106" /><ent r="3" t="345" w="106" /><ent r="6" t="345" w="547" /><ent r="6" t="345" w="547" /><ent r="6" t="345" w="567" /><ent r="6" t="345" w="567" /><ent r="1000" t="346" w="2" /><ent r="1000" t="346" w="2" /><ent r="92" t="346" w="6" /><ent r="92" t="346" w="6" /><ent r="3" t="346" w="10" /><ent r="3" t="346" w="10" /><ent r="3" t="346" w="25" /><ent r="3" t="346" w="25" /><ent r="3" t="346" w="64" /><ent r="3" t="346" w="64" /><ent r="3" t="346" w="70" /><ent r="3" t="346" w="70" /><ent r="6" t="346" w="109" /><ent r="6" t="346" w="109" /><ent r="7" t="346" w="453" /><ent r="7" t="346" w="453" /><ent r="6" t="346" w="468" /><ent r="6" t="346" w="468" /><ent r="7" t="372" w="909" /><ent r="7" t="372" w="909" /><ent r="3" t="391" w="52" /><ent r="3" t="421" w="449" /><ent r="3" t="421" w="449" /></phr><phr n="Ephemeris"><ent r="4" t="249" w="393" /><ent r="4" t="249" w="393" /><ent r="3" t="271" w="74" /><ent r="3" t="271" w="74" /><ent r="4" t="276" w="2867" /><ent r="4" t="276" w="2867" /><ent r="7" t="335" w="240" /><ent r="7" t="335" w="240" /><ent r="7" t="335" w="253" /><ent r="7" t="335" w="253" /><ent r="7" t="335" w="294" /><ent r="7" t="335" w="294" /><ent r="7" t="335" w="298" /><ent r="7" t="335" w="298" /><ent r="7" t="335" w="306" /><ent r="7" t="335" w="306" /><ent r="7" t="335" w="314" /><ent r="7" t="335" w="314" /><ent r="4" t="335" w="641" /><ent r="4" t="335" w="641" /><ent r="4" t="335" w="644" /><ent r="68" t="336" w="240" /><ent r="68" t="336" w="240" /><ent r="68" t="336" w="287" /><ent r="68" t="336" w="287" /><ent r="68" t="336" w="292" /><ent r="68" t="336" w="292" /><ent r="68" t="336" w="302" /><ent r="68" t="336" w="302" /><ent r="68" t="336" w="317" /><ent r="68" t="336" w="317" /><ent r="6" t="338" w="144" /><ent r="6" t="338" w="144" /><ent r="3" t="343" w="26" /><ent r="3" t="343" w="26" /><ent r="6" t="343" w="86" /><ent r="6" t="343" w="86" /><ent r="3" t="344" w="26" /><ent r="3" t="344" w="26" /><ent r="6" t="344" w="86" /><ent r="6" t="344" w="86" /><ent r="6" t="344" w="162" /><ent r="6" t="344" w="162" /><ent r="3" t="345" w="26" /><ent r="3" t="345" w="26" /><ent r="6" t="345" w="119" /><ent r="6" t="345" w="119" /><ent r="6" t="346" w="131" /><ent r="6" t="346" w="131" /><ent r="6" t="349" w="721" /><ent r="6" t="349" w="721" /><ent r="6" t="350" w="654" /><ent r="6" t="350" w="654" /><ent r="7" t="372" w="878" /><ent r="7" t="372" w="878" /><ent r="7" t="372" w="884" /><ent r="7" t="372" w="884" /><ent r="7" t="372" w="934" /><ent r="7" t="372" w="934" /><ent r="7" t="372" w="940" /><ent r="7" t="372" w="940" /><ent r="7" t="372" w="969" /><ent r="7" t="372" w="969" /><ent r="6" t="372" w="1705" /><ent r="6" t="372" w="1705" /></phr><phr n="EPHEMERIS"><ent r="6" t="337" w="153" /><ent r="6" t="337" w="153" /><ent r="6" t="337" w="446" /><ent r="6" t="337" w="446" /><ent r="6" t="338" w="134" /><ent r="6" t="338" w="134" /><ent r="6" t="343" w="244" /><ent r="6" t="343" w="244" /><ent r="6" t="343" w="403" /><ent r="6" t="343" w="403" /><ent r="6" t="345" w="413" /><ent r="6" t="345" w="413" /><ent r="6" t="346" w="125" /><ent r="6" t="346" w="125" /></phr></stem><stem n="construct"><phr n="construction"><ent r="7" t="235" w="118" /><ent r="7" t="235" w="3299" /><ent r="7" t="235" w="3299" /></phr><phr n="construct"><ent r="3" t="359" w="482" /><ent r="3" t="359" w="482" /></phr></stem><stem n="jobsit"><phr n="jobsite"><ent r="7" t="235" w="132" /><ent r="7" t="235" w="132" /></phr></stem><stem n="basi"><phr n="basis"><ent r="7" t="235" w="168" /><ent r="7" t="235" w="1239" /><ent r="7" t="235" w="1239" /><ent r="3" t="323" w="222" /><ent r="7" t="437" w="106" /><ent r="7" t="437" w="106" /><ent r="7" t="437" w="127" /><ent r="7" t="437" w="127" /><ent r="7" t="437" w="148" /><ent r="7" t="437" w="148" /></phr></stem></index>