<?xml version="1.0" encoding="utf-8"?><index><!-- saved from url=(0016)http://localhost -->
<stem n="cold"><phr n="cold"><ent r="3" t="17" w="18" /><ent r="3" t="17" w="18" /><ent r="4" t="40" w="88" /><ent r="4" t="40" w="88" /><ent r="3" t="48" w="18" /><ent r="3" t="48" w="18" /><ent r="4" t="66" w="88" /><ent r="4" t="66" w="88" /><ent r="3" t="72" w="18" /><ent r="3" t="72" w="18" /><ent r="3" t="99" w="18" /><ent r="3" t="99" w="18" /><ent r="5" t="121" w="88" /><ent r="5" t="121" w="88" /><ent r="4" t="157" w="84" /><ent r="4" t="157" w="84" /><ent r="4" t="195" w="84" /><ent r="4" t="195" w="84" /><ent r="4" t="219" w="84" /><ent r="4" t="219" w="84" /></phr><phr n="Cold"><ent r="6" t="17" w="61" /><ent r="6" t="17" w="61" /><ent r="6" t="48" w="61" /><ent r="6" t="48" w="61" /><ent r="6" t="72" w="61" /><ent r="6" t="72" w="61" /><ent r="6" t="99" w="61" /><ent r="6" t="99" w="61" /></phr></stem><stem n="previou"><phr n="previous"><ent r="3" t="17" w="26" /><ent r="3" t="17" w="26" /><ent r="3" t="48" w="26" /><ent r="3" t="48" w="26" /><ent r="3" t="72" w="26" /><ent r="3" t="72" w="26" /><ent r="3" t="99" w="26" /><ent r="3" t="99" w="26" /><ent r="3" t="242" w="1478" /><ent r="3" t="242" w="1478" /><ent r="5" t="243" w="300" /><ent r="5" t="243" w="300" /><ent r="5" t="243" w="337" /><ent r="5" t="270" w="153" /><ent r="5" t="270" w="153" /><ent r="5" t="270" w="274" /><ent r="5" t="270" w="274" /><ent r="5" t="284" w="853" /><ent r="5" t="284" w="853" /><ent r="5" t="284" w="1045" /><ent r="5" t="284" w="1045" /><ent r="6" t="314" w="774" /><ent r="6" t="314" w="774" /><ent r="6" t="314" w="976" /><ent r="6" t="314" w="976" /><ent r="3" t="322" w="52" /><ent r="3" t="322" w="52" /><ent r="7" t="349" w="810" /><ent r="7" t="349" w="810" /><ent r="7" t="350" w="729" /><ent r="7" t="350" w="729" /><ent r="7" t="353" w="1246" /><ent r="7" t="353" w="1246" /><ent r="3" t="390" w="615" /><ent r="3" t="390" w="615" /><ent r="3" t="400" w="1740" /><ent r="3" t="400" w="1740" /><ent r="4" t="402" w="763" /><ent r="4" t="402" w="763" /><ent r="3" t="404" w="533" /><ent r="3" t="404" w="533" /></phr></stem><stem n="ephemerid"><phr n="ephemerides"><ent r="3" t="17" w="28" /><ent r="3" t="17" w="43" /><ent r="3" t="17" w="43" /><ent r="3" t="48" w="28" /><ent r="3" t="48" w="43" /><ent r="3" t="48" w="43" /><ent r="3" t="72" w="28" /><ent r="3" t="72" w="43" /><ent r="3" t="72" w="43" /><ent r="3" t="99" w="28" /><ent r="3" t="99" w="43" /><ent r="3" t="99" w="43" /><ent r="68" t="235" w="104" /><ent r="68" t="235" w="104" /><ent r="7" t="235" w="1285" /><ent r="7" t="235" w="1285" /></phr></stem><stem n="almanac"><phr n="almanac"><ent r="3" t="17" w="29" /><ent r="3" t="48" w="29" /><ent r="3" t="72" w="29" /><ent r="3" t="99" w="29" /><ent r="7" t="235" w="35" /><ent r="7" t="235" w="35" /><ent r="7" t="235" w="54" /><ent r="7" t="235" w="54" /><ent r="3" t="255" w="16" /><ent r="3" t="272" w="47" /><ent r="3" t="272" w="47" /><ent r="3" t="272" w="70" /><ent r="3" t="272" w="70" /><ent r="3" t="272" w="118" /><ent r="3" t="272" w="118" /><ent r="3" t="335" w="35" /><ent r="3" t="335" w="474" /><ent r="3" t="335" w="474" /><ent r="3" t="336" w="35" /><ent r="3" t="336" w="35" /><ent r="7" t="336" w="228" /><ent r="6" t="337" w="193" /><ent r="6" t="337" w="201" /><ent r="6" t="337" w="201" /><ent r="6" t="337" w="501" /><ent r="6" t="337" w="501" /><ent r="3" t="339" w="88" /><ent r="3" t="339" w="88" /><ent r="3" t="340" w="75" /><ent r="3" t="340" w="75" /><ent r="1000" t="342" w="2" /><ent r="1000" t="342" w="2" /><ent r="92" t="342" w="6" /><ent r="92" t="342" w="6" /><ent r="3" t="342" w="69" /><ent r="3" t="342" w="69" /><ent r="3" t="345" w="465" /><ent r="3" t="345" w="465" /><ent r="3" t="391" w="53" /></phr><phr n="almanacs"><ent r="3" t="248" w="94" /></phr><phr n="Almanacs"><ent r="1000" t="255" w="2" /><ent r="1000" t="255" w="2" /><ent r="82" t="255" w="5" /><ent r="82" t="255" w="5" /></phr><phr n="Almanac"><ent r="7" t="335" w="242" /><ent r="7" t="335" w="257" /><ent r="7" t="335" w="257" /><ent r="7" t="335" w="283" /><ent r="7" t="335" w="283" /><ent r="7" t="335" w="290" /><ent r="7" t="335" w="290" /><ent r="7" t="335" w="302" /><ent r="7" t="335" w="302" /><ent r="7" t="335" w="310" /><ent r="7" t="335" w="310" /><ent r="7" t="335" w="318" /><ent r="7" t="335" w="318" /><ent r="68" t="336" w="245" /><ent r="68" t="336" w="245" /><ent r="68" t="336" w="273" /><ent r="68" t="336" w="273" /><ent r="68" t="336" w="282" /><ent r="68" t="336" w="282" /><ent r="68" t="336" w="297" /><ent r="68" t="336" w="297" /><ent r="68" t="336" w="307" /><ent r="68" t="336" w="307" /><ent r="68" t="336" w="322" /><ent r="68" t="336" w="322" /><ent r="1000" t="339" w="1" /><ent r="1000" t="339" w="1" /><ent r="92" t="339" w="4" /><ent r="92" t="339" w="4" /><ent r="3" t="339" w="23" /><ent r="3" t="339" w="23" /><ent r="6" t="339" w="96" /><ent r="6" t="339" w="96" /><ent r="6" t="339" w="102" /><ent r="6" t="339" w="102" /><ent r="6" t="339" w="107" /><ent r="6" t="339" w="107" /><ent r="6" t="339" w="112" /><ent r="6" t="339" w="112" /><ent r="1000" t="340" w="2" /><ent r="1000" t="340" w="2" /><ent r="92" t="340" w="6" /><ent r="92" t="340" w="6" /><ent r="3" t="340" w="25" /><ent r="3" t="340" w="25" /><ent r="6" t="340" w="83" /><ent r="6" t="340" w="83" /><ent r="3" t="342" w="26" /><ent r="3" t="342" w="26" /><ent r="6" t="342" w="77" /><ent r="6" t="342" w="77" /><ent r="7" t="372" w="963" /><ent r="7" t="372" w="963" /></phr><phr n="ALMANAC"><ent r="6" t="337" w="179" /><ent r="6" t="337" w="179" /><ent r="6" t="337" w="482" /><ent r="6" t="337" w="482" /><ent r="3" t="339" w="8" /><ent r="3" t="339" w="8" /><ent r="3" t="340" w="10" /><ent r="3" t="340" w="10" /><ent r="3" t="342" w="11" /><ent r="3" t="342" w="11" /></phr></stem><stem n="warm"><phr n="warm"><ent r="3" t="17" w="38" /><ent r="3" t="17" w="38" /><ent r="3" t="48" w="38" /><ent r="3" t="48" w="38" /><ent r="3" t="72" w="38" /><ent r="3" t="72" w="38" /><ent r="3" t="99" w="38" /><ent r="3" t="99" w="38" /><ent r="6" t="314" w="881" /><ent r="6" t="314" w="881" /></phr><phr n="Warm"><ent r="6" t="17" w="67" /><ent r="6" t="17" w="67" /><ent r="6" t="48" w="67" /><ent r="6" t="48" w="67" /><ent r="6" t="72" w="67" /><ent r="6" t="72" w="67" /><ent r="6" t="99" w="67" /><ent r="6" t="99" w="67" /></phr></stem><stem n="tff"><phr n="TFF"><ent r="6" t="17" w="59" /><ent r="6" t="48" w="59" /><ent r="6" t="72" w="59" /><ent r="6" t="99" w="59" /></phr></stem><stem n="&lt;45"><phr n="&lt;45"><ent r="6" t="17" w="64" /><ent r="6" t="17" w="64" /><ent r="6" t="48" w="64" /><ent r="6" t="48" w="64" /><ent r="6" t="72" w="64" /><ent r="6" t="72" w="64" /><ent r="6" t="99" w="64" /><ent r="6" t="99" w="64" /></phr></stem><stem n="re-acquisit"><phr n="Re-acquisition"><ent r="6" t="17" w="74" /><ent r="6" t="17" w="74" /><ent r="6" t="48" w="74" /><ent r="6" t="48" w="74" /><ent r="6" t="72" w="74" /><ent r="6" t="72" w="74" /><ent r="6" t="99" w="74" /><ent r="6" t="99" w="74" /></phr></stem><stem n="re"><phr n="Re"><ent r="6" t="17" w="74" /><ent r="6" t="48" w="74" /><ent r="6" t="72" w="74" /><ent r="6" t="99" w="74" /><ent r="3" t="276" w="882" /><ent r="3" t="276" w="1347" /><ent r="3" t="279" w="568" /><ent r="3" t="288" w="618" /><ent r="3" t="288" w="995" /><ent r="3" t="290" w="185" /><ent r="3" t="302" w="49" /><ent r="3" t="427" w="117" /></phr><phr n="re"><ent r="7" t="235" w="3257" /><ent r="3" t="243" w="422" /><ent r="3" t="288" w="74" /><ent r="3" t="409" w="278" /></phr></stem><stem n="acquisit"><phr n="acquisition"><ent r="6" t="17" w="75" /><ent r="6" t="48" w="75" /><ent r="6" t="72" w="75" /><ent r="6" t="99" w="75" /><ent r="7" t="235" w="69" /><ent r="7" t="235" w="69" /><ent r="3" t="295" w="67" /><ent r="3" t="295" w="67" /><ent r="3" t="402" w="1172" /><ent r="3" t="402" w="1172" /></phr></stem><stem n="&lt;2"><phr n="&lt;2"><ent r="6" t="17" w="77" /><ent r="6" t="17" w="77" /><ent r="6" t="48" w="77" /><ent r="6" t="48" w="77" /><ent r="6" t="72" w="77" /><ent r="6" t="72" w="77" /><ent r="6" t="99" w="77" /><ent r="6" t="99" w="77" /></phr></stem><stem n="veloc"><phr n="Velocity"><ent r="6" t="17" w="80" /><ent r="6" t="17" w="80" /><ent r="6" t="17" w="153" /><ent r="6" t="17" w="153" /><ent r="6" t="48" w="80" /><ent r="6" t="48" w="80" /><ent r="6" t="48" w="153" /><ent r="6" t="48" w="153" /><ent r="6" t="72" w="80" /><ent r="6" t="72" w="80" /><ent r="6" t="72" w="153" /><ent r="6" t="72" w="153" /><ent r="6" t="99" w="80" /><ent r="6" t="99" w="80" /><ent r="6" t="99" w="153" /><ent r="6" t="99" w="153" /><ent r="4" t="242" w="1458" /><ent r="4" t="242" w="1458" /><ent r="7" t="393" w="408" /><ent r="68" t="395" w="250" /><ent r="68" t="395" w="250" /><ent r="7" t="395" w="252" /><ent r="7" t="395" w="252" /><ent r="67" t="399" w="488" /><ent r="67" t="399" w="488" /><ent r="72" t="399" w="1572" /><ent r="72" t="399" w="1572" /><ent r="3" t="399" w="1601" /><ent r="3" t="399" w="1601" /><ent r="6" t="400" w="756" /><ent r="6" t="400" w="756" /><ent r="6" t="400" w="1040" /><ent r="6" t="400" w="1040" /><ent r="72" t="438" w="299" /><ent r="72" t="438" w="299" /><ent r="7" t="438" w="310" /><ent r="7" t="438" w="310" /><ent r="7" t="438" w="321" /><ent r="7" t="438" w="321" /><ent r="1000" t="455" w="3" /><ent r="1000" t="455" w="3" /><ent r="82" t="455" w="7" /><ent r="82" t="455" w="7" /><ent r="72" t="455" w="69" /><ent r="72" t="455" w="69" /><ent r="7" t="455" w="94" /><ent r="7" t="455" w="94" /><ent r="7" t="455" w="115" /><ent r="7" t="455" w="115" /><ent r="68" t="455" w="122" /><ent r="68" t="455" w="122" /><ent r="7" t="455" w="127" /><ent r="7" t="455" w="127" /></phr><phr n="velocity"><ent r="7" t="242" w="634" /><ent r="7" t="242" w="634" /><ent r="3" t="242" w="1463" /><ent r="3" t="242" w="1463" /><ent r="5" t="242" w="1485" /><ent r="5" t="242" w="1485" /><ent r="5" t="242" w="1500" /><ent r="5" t="242" w="1500" /><ent r="5" t="242" w="1515" /><ent r="5" t="242" w="1515" /><ent r="3" t="242" w="1530" /><ent r="3" t="242" w="1530" /><ent r="3" t="268" w="347" /><ent r="3" t="268" w="347" /><ent r="5" t="284" w="875" /><ent r="5" t="284" w="875" /><ent r="3" t="399" w="1590" /><ent r="3" t="399" w="1590" /><ent r="3" t="399" w="1611" /><ent r="3" t="399" w="1611" /><ent r="3" t="399" w="1629" /><ent r="3" t="399" w="1639" /><ent r="3" t="400" w="119" /><ent r="3" t="400" w="119" /><ent r="3" t="404" w="1513" /><ent r="3" t="404" w="1513" /><ent r="3" t="455" w="12" /><ent r="3" t="455" w="12" /><ent r="5" t="455" w="21" /><ent r="5" t="455" w="28" /><ent r="7" t="455" w="167" /><ent r="7" t="455" w="167" /><ent r="7" t="455" w="176" /><ent r="7" t="455" w="176" /><ent r="72" t="494" w="12" /><ent r="4" t="499" w="177" /><ent r="4" t="499" w="177" /></phr><phr n="VELOCITY"><ent r="6" t="343" w="540" /><ent r="6" t="343" w="540" /><ent r="6" t="343" w="574" /><ent r="6" t="343" w="574" /><ent r="6" t="343" w="608" /><ent r="6" t="343" w="608" /><ent r="6" t="353" w="375" /><ent r="6" t="353" w="375" /><ent r="6" t="353" w="400" /><ent r="6" t="353" w="400" /><ent r="6" t="353" w="425" /><ent r="6" t="353" w="425" /><ent r="6" t="372" w="1564" /><ent r="6" t="372" w="1564" /></phr></stem><stem n="007"><phr n="007"><ent r="6" t="17" w="121" /><ent r="6" t="17" w="121" /><ent r="6" t="48" w="121" /><ent r="6" t="48" w="121" /><ent r="6" t="72" w="121" /><ent r="6" t="72" w="121" /><ent r="6" t="99" w="121" /><ent r="6" t="99" w="121" /></phr></stem><stem n="sec"><phr n="sec"><ent r="6" t="17" w="123" /><ent r="6" t="17" w="123" /><ent r="6" t="17" w="130" /><ent r="6" t="17" w="130" /><ent r="6" t="17" w="157" /><ent r="6" t="17" w="157" /><ent r="6" t="48" w="123" /><ent r="6" t="48" w="123" /><ent r="6" t="48" w="130" /><ent r="6" t="48" w="130" /><ent r="6" t="48" w="157" /><ent r="6" t="48" w="157" /><ent r="6" t="72" w="123" /><ent r="6" t="72" w="123" /><ent r="6" t="72" w="130" /><ent r="6" t="72" w="130" /><ent r="6" t="72" w="157" /><ent r="6" t="72" w="157" /><ent r="6" t="99" w="123" /><ent r="6" t="99" w="123" /><ent r="6" t="99" w="130" /><ent r="6" t="99" w="130" /><ent r="6" t="99" w="157" /><ent r="6" t="99" w="157" /><ent r="4" t="276" w="2576" /><ent r="4" t="276" w="2576" /><ent r="3" t="276" w="2600" /><ent r="6" t="278" w="501" /><ent r="6" t="278" w="501" /><ent r="6" t="343" w="546" /><ent r="6" t="343" w="546" /><ent r="6" t="343" w="580" /><ent r="6" t="343" w="580" /><ent r="6" t="343" w="614" /><ent r="6" t="343" w="614" /><ent r="6" t="344" w="201" /><ent r="6" t="344" w="201" /><ent r="6" t="344" w="392" /><ent r="6" t="344" w="392" /><ent r="6" t="344" w="404" /><ent r="6" t="344" w="404" /><ent r="6" t="353" w="382" /><ent r="6" t="353" w="382" /><ent r="6" t="353" w="407" /><ent r="6" t="353" w="407" /><ent r="6" t="353" w="432" /><ent r="6" t="353" w="432" /><ent r="6" t="353" w="817" /><ent r="6" t="353" w="817" /><ent r="6" t="372" w="443" /><ent r="6" t="372" w="539" /><ent r="3" t="402" w="1051" /><ent r="3" t="402" w="1506" /><ent r="3" t="402" w="1528" /></phr><phr n="Sec"><ent r="4" t="287" w="482" /><ent r="4" t="287" w="482" /></phr></stem><stem n="020"><phr n="020"><ent r="6" t="17" w="128" /><ent r="6" t="17" w="128" /><ent r="6" t="48" w="128" /><ent r="6" t="48" w="128" /><ent r="6" t="72" w="128" /><ent r="6" t="72" w="128" /><ent r="6" t="99" w="128" /><ent r="6" t="99" w="128" /><ent r="3" t="481" w="32" /><ent r="3" t="481" w="38" /></phr></stem><stem n="depart"><phr n="Department"><ent r="8" t="17" w="143" /><ent r="8" t="17" w="143" /><ent r="8" t="48" w="143" /><ent r="8" t="48" w="143" /><ent r="8" t="72" w="143" /><ent r="8" t="72" w="143" /><ent r="8" t="99" w="143" /><ent r="8" t="99" w="143" /><ent r="3" t="404" w="1461" /><ent r="3" t="404" w="1461" /><ent r="3" t="499" w="125" /><ent r="3" t="499" w="125" /></phr></stem><stem n="commerc"><phr n="Commerce"><ent r="8" t="17" w="145" /><ent r="8" t="17" w="145" /><ent r="8" t="48" w="145" /><ent r="8" t="48" w="145" /><ent r="8" t="72" w="145" /><ent r="8" t="72" w="145" /><ent r="8" t="99" w="145" /><ent r="8" t="99" w="145" /><ent r="3" t="404" w="1463" /><ent r="3" t="404" w="1463" /><ent r="3" t="499" w="127" /><ent r="3" t="499" w="127" /></phr></stem><stem n="compli"><phr n="comply"><ent r="8" t="17" w="147" /><ent r="8" t="17" w="147" /><ent r="8" t="48" w="147" /><ent r="8" t="48" w="147" /><ent r="8" t="72" w="147" /><ent r="8" t="72" w="147" /><ent r="3" t="91" w="273" /><ent r="3" t="91" w="273" /><ent r="7" t="91" w="738" /><ent r="7" t="91" w="738" /><ent r="3" t="91" w="788" /><ent r="3" t="91" w="788" /><ent r="3" t="91" w="1298" /><ent r="3" t="91" w="1298" /><ent r="3" t="91" w="1746" /><ent r="3" t="91" w="1746" /><ent r="8" t="99" w="147" /><ent r="8" t="99" w="147" /><ent r="4" t="276" w="2482" /><ent r="4" t="276" w="2482" /><ent r="4" t="276" w="2515" /><ent r="4" t="276" w="2515" /><ent r="3" t="404" w="1579" /><ent r="3" t="404" w="1579" /></phr><phr n="complies"><ent r="3" t="91" w="61" /><ent r="3" t="91" w="61" /><ent r="3" t="91" w="86" /><ent r="3" t="91" w="86" /><ent r="3" t="91" w="1317" /><ent r="3" t="91" w="1317" /><ent r="3" t="91" w="1329" /><ent r="3" t="91" w="1329" /><ent r="7" t="91" w="1437" /><ent r="7" t="91" w="1437" /><ent r="7" t="91" w="1520" /><ent r="7" t="91" w="1520" /><ent r="3" t="91" w="1599" /><ent r="3" t="91" w="1599" /><ent r="3" t="91" w="1618" /><ent r="3" t="91" w="1618" /></phr></stem><stem n="export"><phr n="export"><ent r="8" t="17" w="149" /><ent r="8" t="17" w="149" /><ent r="8" t="48" w="149" /><ent r="8" t="48" w="149" /><ent r="8" t="72" w="149" /><ent r="8" t="72" w="149" /><ent r="8" t="99" w="149" /><ent r="8" t="99" w="149" /></phr><phr n="Exports"><ent r="5" t="271" w="357" /><ent r="5" t="271" w="357" /><ent r="5" t="271" w="538" /><ent r="5" t="271" w="538" /></phr><phr n="exportable"><ent r="3" t="404" w="1467" /><ent r="3" t="404" w="1467" /><ent r="3" t="499" w="131" /><ent r="3" t="499" w="131" /></phr></stem><stem n="515"><phr n="515"><ent r="6" t="17" w="155" /><ent r="6" t="17" w="155" /><ent r="6" t="48" w="155" /><ent r="6" t="48" w="155" /><ent r="6" t="72" w="155" /><ent r="6" t="72" w="155" /><ent r="6" t="99" w="155" /><ent r="6" t="99" w="155" /></phr></stem><stem n="18"><phr n="18"><ent r="6" t="17" w="161" /><ent r="6" t="24" w="638" /><ent r="6" t="24" w="638" /><ent r="5" t="26" w="207" /><ent r="5" t="26" w="207" /><ent r="6" t="48" w="161" /><ent r="6" t="55" w="646" /><ent r="6" t="55" w="646" /><ent r="5" t="58" w="207" /><ent r="5" t="58" w="207" /><ent r="6" t="72" w="161" /><ent r="6" t="78" w="627" /><ent r="6" t="78" w="627" /><ent r="6" t="99" w="161" /><ent r="6" t="106" w="646" /><ent r="6" t="106" w="646" /><ent r="5" t="109" w="207" /><ent r="5" t="109" w="207" /><ent r="7" t="128" w="149" /><ent r="7" t="128" w="149" /><ent r="7" t="131" w="681" /><ent r="7" t="131" w="681" /><ent r="6" t="156" w="259" /><ent r="6" t="156" w="259" /><ent r="6" t="170" w="200" /><ent r="6" t="170" w="200" /><ent r="6" t="171" w="273" /><ent r="6" t="171" w="273" /><ent r="6" t="181" w="618" /><ent r="6" t="181" w="618" /><ent r="5" t="183" w="207" /><ent r="5" t="183" w="207" /><ent r="6" t="207" w="611" /><ent r="6" t="207" w="611" /><ent r="5" t="209" w="207" /><ent r="5" t="209" w="207" /><ent r="6" t="233" w="256" /><ent r="6" t="233" w="256" /><ent r="3" t="243" w="428" /><ent r="3" t="329" w="342" /><ent r="3" t="329" w="342" /><ent r="3" t="334" w="519" /><ent r="6" t="337" w="540" /><ent r="6" t="338" w="627" /><ent r="6" t="338" w="627" /><ent r="6" t="338" w="630" /><ent r="6" t="338" w="630" /><ent r="6" t="343" w="217" /><ent r="6" t="344" w="171" /><ent r="6" t="344" w="171" /><ent r="6" t="345" w="199" /><ent r="6" t="345" w="630" /><ent r="6" t="345" w="630" /><ent r="6" t="345" w="633" /><ent r="6" t="345" w="633" /><ent r="6" t="346" w="526" /><ent r="6" t="346" w="526" /><ent r="6" t="346" w="529" /><ent r="6" t="346" w="529" /><ent r="6" t="353" w="202" /><ent r="6" t="353" w="202" /><ent r="6" t="371" w="492" /><ent r="6" t="371" w="492" /><ent r="6" t="372" w="1111" /><ent r="6" t="372" w="1111" /><ent r="6" t="372" w="1331" /><ent r="6" t="372" w="1848" /><ent r="6" t="378" w="159" /><ent r="6" t="378" w="159" /><ent r="6" t="382" w="432" /><ent r="6" t="382" w="432" /><ent r="6" t="388" w="583" /><ent r="6" t="388" w="735" /><ent r="3" t="394" w="99" /><ent r="3" t="397" w="497" /><ent r="3" t="397" w="497" /><ent r="3" t="398" w="2579" /><ent r="3" t="398" w="2579" /><ent r="3" t="398" w="2812" /><ent r="3" t="398" w="2812" /><ent r="3" t="401" w="502" /><ent r="3" t="401" w="502" /><ent r="3" t="404" w="1531" /><ent r="7" t="432" w="233" /><ent r="7" t="435" w="139" /><ent r="7" t="435" w="139" /><ent r="7" t="436" w="112" /><ent r="7" t="437" w="131" /><ent r="7" t="439" w="468" /><ent r="7" t="439" w="468" /><ent r="7" t="440" w="113" /><ent r="7" t="441" w="120" /><ent r="7" t="442" w="133" /><ent r="7" t="445" w="574" /><ent r="7" t="446" w="203" /><ent r="7" t="449" w="192" /><ent r="7" t="453" w="184" /><ent r="7" t="455" w="179" /><ent r="7" t="455" w="179" /><ent r="3" t="475" w="40" /><ent r="3" t="482" w="65" /><ent r="3" t="482" w="154" /><ent r="4" t="499" w="195" /></phr></stem><stem n="000"><phr n="000"><ent r="6" t="17" w="162" /><ent r="6" t="17" w="162" /><ent r="6" t="48" w="162" /><ent r="6" t="48" w="162" /><ent r="6" t="72" w="162" /><ent r="6" t="72" w="162" /><ent r="6" t="99" w="162" /><ent r="6" t="99" w="162" /><ent r="5" t="243" w="119" /><ent r="5" t="243" w="119" /><ent r="5" t="243" w="127" /><ent r="5" t="243" w="127" /><ent r="3" t="243" w="429" /><ent r="3" t="243" w="429" /><ent r="6" t="364" w="334" /><ent r="6" t="364" w="334" /><ent r="6" t="364" w="342" /><ent r="6" t="364" w="342" /><ent r="3" t="397" w="518" /><ent r="3" t="397" w="518" /><ent r="3" t="397" w="521" /><ent r="3" t="397" w="521" /><ent r="3" t="397" w="534" /><ent r="3" t="397" w="534" /><ent r="3" t="397" w="652" /><ent r="3" t="397" w="652" /><ent r="5" t="400" w="1027" /><ent r="5" t="400" w="1029" /><ent r="5" t="400" w="1031" /><ent r="3" t="404" w="1521" /><ent r="3" t="404" w="1521" /><ent r="3" t="404" w="1532" /><ent r="3" t="404" w="1532" /><ent r="3" t="474" w="38" /><ent r="3" t="494" w="55" /><ent r="4" t="499" w="185" /><ent r="4" t="499" w="185" /><ent r="4" t="499" w="196" /><ent r="4" t="499" w="196" /></phr></stem><stem n="acceler"><phr n="Acceleration"><ent r="6" t="17" w="165" /><ent r="6" t="17" w="165" /><ent r="6" t="48" w="165" /><ent r="6" t="48" w="165" /><ent r="6" t="72" w="165" /><ent r="6" t="72" w="165" /><ent r="6" t="99" w="165" /><ent r="6" t="99" w="165" /></phr><phr n="ACCELERATION"><ent r="6" t="343" w="552" /><ent r="6" t="343" w="552" /><ent r="6" t="343" w="586" /><ent r="6" t="343" w="586" /><ent r="6" t="343" w="620" /><ent r="6" t="343" w="620" /></phr><phr n="acceleration"><ent r="3" t="400" w="125" /><ent r="3" t="400" w="125" /></phr></stem><stem n="11g"><phr n="11g"><ent r="6" t="17" w="167" /><ent r="6" t="17" w="167" /><ent r="6" t="48" w="167" /><ent r="6" t="48" w="167" /><ent r="6" t="72" w="167" /><ent r="6" t="72" w="167" /><ent r="6" t="99" w="167" /><ent r="6" t="99" w="167" /></phr></stem><stem n="electr"><phr n="electrical"><ent r="1000" t="18" w="3" /><ent r="1000" t="18" w="3" /><ent r="92" t="18" w="8" /><ent r="92" t="18" w="8" /><ent r="3" t="36" w="74" /><ent r="3" t="36" w="74" /><ent r="1000" t="38" w="2" /><ent r="1000" t="38" w="2" /><ent r="92" t="38" w="9" /><ent r="92" t="38" w="9" /><ent r="3" t="38" w="67" /><ent r="3" t="38" w="67" /><ent r="4" t="40" w="255" /><ent r="4" t="40" w="255" /><ent r="4" t="40" w="270" /><ent r="4" t="40" w="270" /><ent r="82" t="40" w="295" /><ent r="82" t="40" w="295" /><ent r="3" t="40" w="303" /><ent r="3" t="40" w="303" /><ent r="1000" t="49" w="3" /><ent r="1000" t="49" w="3" /><ent r="92" t="49" w="8" /><ent r="92" t="49" w="8" /><ent r="1000" t="65" w="2" /><ent r="1000" t="65" w="2" /><ent r="92" t="65" w="9" /><ent r="92" t="65" w="9" /><ent r="3" t="65" w="67" /><ent r="3" t="65" w="67" /><ent r="4" t="66" w="255" /><ent r="4" t="66" w="255" /><ent r="4" t="66" w="270" /><ent r="4" t="66" w="270" /><ent r="82" t="66" w="295" /><ent r="82" t="66" w="295" /><ent r="3" t="66" w="303" /><ent r="3" t="66" w="303" /><ent r="1000" t="73" w="3" /><ent r="1000" t="73" w="3" /><ent r="92" t="73" w="8" /><ent r="92" t="73" w="8" /><ent r="3" t="88" w="74" /><ent r="3" t="88" w="74" /><ent r="3" t="91" w="660" /><ent r="3" t="91" w="660" /><ent r="1000" t="100" w="3" /><ent r="1000" t="100" w="3" /><ent r="92" t="100" w="8" /><ent r="92" t="100" w="8" /><ent r="3" t="118" w="74" /><ent r="3" t="118" w="74" /><ent r="1000" t="120" w="2" /><ent r="1000" t="120" w="2" /><ent r="92" t="120" w="9" /><ent r="92" t="120" w="9" /><ent r="3" t="120" w="67" /><ent r="3" t="120" w="67" /><ent r="4" t="121" w="257" /><ent r="4" t="121" w="257" /><ent r="4" t="121" w="272" /><ent r="4" t="121" w="272" /><ent r="82" t="121" w="297" /><ent r="82" t="121" w="297" /><ent r="3" t="121" w="305" /><ent r="3" t="121" w="305" /><ent r="1000" t="127" w="3" /><ent r="1000" t="127" w="3" /><ent r="92" t="127" w="8" /><ent r="92" t="127" w="8" /><ent r="3" t="141" w="74" /><ent r="3" t="141" w="74" /><ent r="1000" t="143" w="2" /><ent r="1000" t="143" w="2" /><ent r="92" t="143" w="9" /><ent r="92" t="143" w="9" /><ent r="3" t="143" w="67" /><ent r="3" t="143" w="67" /><ent r="4" t="157" w="266" /><ent r="4" t="157" w="266" /><ent r="4" t="157" w="281" /><ent r="4" t="157" w="281" /><ent r="82" t="157" w="306" /><ent r="82" t="157" w="306" /><ent r="3" t="157" w="314" /><ent r="3" t="157" w="314" /><ent r="3" t="192" w="74" /><ent r="3" t="192" w="74" /><ent r="4" t="195" w="262" /><ent r="4" t="195" w="262" /><ent r="4" t="195" w="277" /><ent r="4" t="195" w="277" /><ent r="82" t="195" w="302" /><ent r="82" t="195" w="302" /><ent r="3" t="195" w="310" /><ent r="3" t="195" w="310" /><ent r="3" t="217" w="44" /><ent r="3" t="217" w="44" /><ent r="4" t="219" w="262" /><ent r="4" t="219" w="262" /><ent r="4" t="219" w="277" /><ent r="4" t="219" w="277" /><ent r="82" t="219" w="302" /><ent r="82" t="219" w="302" /><ent r="3" t="219" w="310" /><ent r="3" t="219" w="310" /><ent r="7" t="235" w="843" /><ent r="7" t="235" w="843" /><ent r="3" t="404" w="929" /><ent r="3" t="404" w="929" /><ent r="3" t="404" w="1612" /><ent r="3" t="404" w="1612" /><ent r="3" t="404" w="1688" /><ent r="3" t="404" w="1688" /><ent r="67" t="412" w="289" /><ent r="67" t="412" w="289" /><ent r="67" t="412" w="296" /><ent r="67" t="412" w="296" /><ent r="67" t="412" w="303" /><ent r="67" t="412" w="303" /><ent r="67" t="412" w="310" /><ent r="67" t="412" w="310" /><ent r="67" t="412" w="317" /><ent r="67" t="412" w="317" /><ent r="67" t="417" w="46" /><ent r="67" t="417" w="46" /><ent r="67" t="417" w="51" /><ent r="67" t="417" w="51" /><ent r="67" t="417" w="56" /><ent r="67" t="417" w="56" /><ent r="67" t="417" w="61" /><ent r="67" t="417" w="61" /><ent r="67" t="417" w="66" /><ent r="67" t="417" w="66" /></phr><phr n="Electrical"><ent r="92" t="35" w="65" /><ent r="92" t="35" w="65" /><ent r="92" t="87" w="65" /><ent r="92" t="87" w="65" /><ent r="92" t="117" w="65" /><ent r="92" t="117" w="65" /><ent r="82" t="140" w="65" /><ent r="82" t="140" w="65" /><ent r="1000" t="152" w="1" /><ent r="1000" t="152" w="1" /><ent r="92" t="152" w="4" /><ent r="92" t="152" w="4" /><ent r="1000" t="167" w="1" /><ent r="1000" t="167" w="1" /><ent r="92" t="167" w="4" /><ent r="92" t="167" w="4" /><ent r="1000" t="177" w="1" /><ent r="1000" t="177" w="1" /><ent r="92" t="177" w="4" /><ent r="92" t="177" w="4" /><ent r="92" t="191" w="65" /><ent r="92" t="191" w="65" /><ent r="1000" t="203" w="1" /><ent r="1000" t="203" w="1" /><ent r="92" t="203" w="4" /><ent r="92" t="203" w="4" /><ent r="1000" t="229" w="1" /><ent r="1000" t="229" w="1" /><ent r="92" t="229" w="4" /><ent r="92" t="229" w="4" /><ent r="3" t="404" w="1568" /><ent r="3" t="404" w="1568" /><ent r="3" t="404" w="1648" /><ent r="3" t="404" w="1648" /><ent r="3" t="404" w="1680" /><ent r="3" t="404" w="1680" /><ent r="1000" t="412" w="1" /><ent r="1000" t="412" w="1" /><ent r="102" t="412" w="5" /><ent r="102" t="412" w="5" /><ent r="67" t="417" w="72" /><ent r="67" t="417" w="72" /><ent r="67" t="417" w="78" /><ent r="67" t="417" w="78" /><ent r="67" t="417" w="84" /><ent r="67" t="417" w="84" /><ent r="67" t="417" w="90" /><ent r="67" t="417" w="90" /><ent r="67" t="417" w="96" /><ent r="67" t="417" w="96" /></phr><phr n="electric"><ent r="4" t="40" w="322" /><ent r="4" t="40" w="322" /><ent r="4" t="66" w="322" /><ent r="4" t="66" w="322" /><ent r="4" t="121" w="324" /><ent r="4" t="121" w="324" /><ent r="4" t="157" w="333" /><ent r="4" t="157" w="333" /><ent r="4" t="195" w="329" /><ent r="4" t="195" w="329" /><ent r="4" t="219" w="329" /><ent r="4" t="219" w="329" /></phr><phr n="Electrically"><ent r="3" t="320" w="113" /></phr></stem></index>