<?xml version="1.0" encoding="utf-8"?><index><!-- saved from url=(0016)http://localhost -->
<stem n="og"><phr n="og"><ent r="6" t="91" w="1049" /><ent r="6" t="91" w="1049" /></phr></stem><stem n="øvrige"><phr n="øvrige"><ent r="6" t="91" w="1050" /><ent r="6" t="91" w="1050" /></phr></stem><stem n="ef"><phr n="EF"><ent r="6" t="91" w="1057" /></phr></stem><stem n="german"><phr n="German"><ent r="6" t="91" w="1059" /><ent r="6" t="91" w="1059" /><ent r="5" t="237" w="44" /><ent r="5" t="237" w="44" /><ent r="5" t="273" w="74" /><ent r="5" t="273" w="74" /></phr></stem><stem n="hiermit"><phr n="Hiermit"><ent r="7" t="91" w="1061" /><ent r="7" t="91" w="1061" /><ent r="7" t="91" w="1091" /><ent r="7" t="91" w="1091" /></phr></stem><stem n="erklärt"><phr n="erklärt"><ent r="7" t="91" w="1062" /><ent r="7" t="91" w="1062" /><ent r="7" t="91" w="1092" /><ent r="7" t="91" w="1092" /></phr></stem><stem n="dass"><phr n="dass"><ent r="7" t="91" w="1065" /><ent r="7" t="91" w="1065" /></phr></stem><stem n="übereinstimmung"><phr n="Übereinstimmung"><ent r="7" t="91" w="1073" /><ent r="7" t="91" w="1073" /><ent r="7" t="91" w="1096" /><ent r="7" t="91" w="1096" /></phr></stem><stem n="mit"><phr n="mit"><ent r="7" t="91" w="1074" /><ent r="7" t="91" w="1074" /><ent r="7" t="91" w="1107" /><ent r="7" t="91" w="1107" /></phr></stem><stem n="den"><phr n="den"><ent r="7" t="91" w="1075" /><ent r="7" t="91" w="1075" /><ent r="7" t="91" w="1079" /><ent r="7" t="91" w="1079" /><ent r="7" t="91" w="1108" /><ent r="7" t="91" w="1108" /><ent r="7" t="91" w="1112" /><ent r="7" t="91" w="1112" /></phr></stem><stem n="grundlegenden"><phr n="grundlegenden"><ent r="7" t="91" w="1076" /><ent r="7" t="91" w="1076" /><ent r="7" t="91" w="1109" /><ent r="7" t="91" w="1109" /></phr></stem><stem n="anforderungen"><phr n="Anforderungen"><ent r="7" t="91" w="1077" /><ent r="7" t="91" w="1077" /><ent r="7" t="91" w="1110" /><ent r="7" t="91" w="1110" /></phr></stem><stem n="und"><phr n="und"><ent r="7" t="91" w="1078" /><ent r="7" t="91" w="1078" /><ent r="7" t="91" w="1111" /><ent r="7" t="91" w="1111" /></phr></stem><stem n="anderen"><phr n="anderen"><ent r="7" t="91" w="1080" /><ent r="7" t="91" w="1080" /><ent r="7" t="91" w="1113" /><ent r="7" t="91" w="1113" /></phr></stem><stem n="relevanten"><phr n="relevanten"><ent r="7" t="91" w="1081" /><ent r="7" t="91" w="1081" /><ent r="7" t="91" w="1114" /><ent r="7" t="91" w="1114" /></phr></stem><stem n="vorschriften"><phr n="Vorschriften"><ent r="7" t="91" w="1082" /><ent r="7" t="91" w="1082" /></phr></stem><stem n="der"><phr n="der"><ent r="7" t="91" w="1083" /><ent r="7" t="91" w="1083" /><ent r="7" t="91" w="1116" /><ent r="7" t="91" w="1116" /></phr></stem><stem n="richtlini"><phr n="Richtlinie"><ent r="7" t="91" w="1084" /><ent r="7" t="91" w="1084" /><ent r="7" t="91" w="1117" /><ent r="7" t="91" w="1117" /></phr></stem><stem n="befindet"><phr n="befindet"><ent r="7" t="91" w="1088" /></phr></stem><stem n="bmwi"><phr n="BMWi"><ent r="7" t="91" w="1089" /></phr></stem><stem n="die"><phr n="die"><ent r="7" t="91" w="1095" /><ent r="7" t="91" w="1095" /></phr></stem><stem n="gerät"><phr n="Gerätes"><ent r="7" t="91" w="1098" /><ent r="7" t="91" w="1098" /></phr></stem><stem n="festlegungen"><phr n="Festlegungen"><ent r="7" t="91" w="1115" /><ent r="7" t="91" w="1115" /></phr></stem><stem n="wien"><phr n="Wien"><ent r="7" t="91" w="1121" /></phr></stem><stem n="greek"><phr n="Greek"><ent r="6" t="91" w="1123" /><ent r="6" t="91" w="1123" /></phr></stem><stem n="με"><phr n="ΜΕ"><ent r="6" t="91" w="1125" /><ent r="6" t="91" w="1125" /></phr></stem><stem n="την"><phr n="ΤΗΝ"><ent r="6" t="91" w="1126" /><ent r="6" t="91" w="1126" /></phr></stem><stem n="παρουσα"><phr n="ΠΑΡΟΥΣΑ"><ent r="6" t="91" w="1127" /><ent r="6" t="91" w="1127" /></phr></stem><stem n="δηλωνει"><phr n="ΔΗΛΩΝΕΙ"><ent r="6" t="91" w="1130" /><ent r="6" t="91" w="1130" /></phr></stem><stem n="οτι"><phr n="ΟΤΙ"><ent r="6" t="91" w="1131" /><ent r="6" t="91" w="1131" /></phr></stem><stem n="συμμορφωνεται"><phr n="ΣΥΜΜΟΡΦΩΝΕΤΑΙ"><ent r="6" t="91" w="1138" /><ent r="6" t="91" w="1138" /></phr></stem><stem n="προσ"><phr n="ΠΡΟΣ"><ent r="6" t="91" w="1139" /><ent r="6" t="91" w="1139" /></phr></stem><stem n="τισ"><phr n="ΤΙΣ"><ent r="6" t="91" w="1140" /><ent r="6" t="91" w="1140" /><ent r="6" t="91" w="1144" /><ent r="6" t="91" w="1144" /></phr></stem><stem n="ουσιωδεισ"><phr n="ΟΥΣΙΩΔΕΙΣ"><ent r="6" t="91" w="1141" /><ent r="6" t="91" w="1141" /></phr></stem><stem n="απαιτησεισ"><phr n="ΑΠΑΙΤΗΣΕΙΣ"><ent r="6" t="91" w="1142" /><ent r="6" t="91" w="1142" /></phr></stem><stem n="και"><phr n="ΚΑΙ"><ent r="6" t="91" w="1143" /><ent r="6" t="91" w="1143" /></phr></stem><stem n="λοιπεσ"><phr n="ΛΟΙΠΕΣ"><ent r="6" t="91" w="1145" /><ent r="6" t="91" w="1145" /></phr></stem><stem n="σχετικεσ"><phr n="ΣΧΕΤΙΚΕΣ"><ent r="6" t="91" w="1146" /><ent r="6" t="91" w="1146" /></phr></stem><stem n="διαταξεισ"><phr n="ΔΙΑΤΑΞΕΙΣ"><ent r="6" t="91" w="1147" /><ent r="6" t="91" w="1147" /></phr></stem><stem n="τησ"><phr n="ΤΗΣ"><ent r="6" t="91" w="1148" /><ent r="6" t="91" w="1148" /></phr></stem><stem n="οδηγιασ"><phr n="ΟΔΗΓΙΑΣ"><ent r="6" t="91" w="1149" /><ent r="6" t="91" w="1149" /></phr></stem><stem n="εκ"><phr n="ΕΚ"><ent r="6" t="91" w="1152" /><ent r="6" t="91" w="1152" /></phr></stem><stem n="italian"><phr n="Italian"><ent r="6" t="91" w="1154" /><ent r="6" t="91" w="1154" /><ent r="5" t="237" w="47" /><ent r="5" t="237" w="47" /><ent r="5" t="273" w="76" /><ent r="5" t="273" w="76" /></phr></stem><stem n="con"><phr n="Con"><ent r="6" t="91" w="1156" /><ent r="6" t="91" w="1156" /></phr><phr n="con"><ent r="6" t="91" w="1205" /><ent r="6" t="91" w="1205" /></phr></stem><stem n="dichiara"><phr n="dichiara"><ent r="6" t="91" w="1161" /><ent r="6" t="91" w="1161" /></phr></stem><stem n="che"><phr n="che"><ent r="6" t="91" w="1162" /><ent r="6" t="91" w="1162" /></phr></stem><stem n="è"><phr n="è"><ent r="6" t="91" w="1169" /><ent r="6" t="91" w="1169" /></phr></stem><stem n="ai"><phr n="ai"><ent r="6" t="91" w="1171" /><ent r="6" t="91" w="1171" /></phr></stem><stem n="requis"><phr n="requisiti"><ent r="6" t="91" w="1172" /><ent r="6" t="91" w="1172" /></phr></stem><stem n="essenziali"><phr n="essenziali"><ent r="6" t="91" w="1173" /><ent r="6" t="91" w="1173" /></phr></stem><stem n="ed"><phr n="ed"><ent r="6" t="91" w="1174" /><ent r="6" t="91" w="1174" /></phr><phr n="ED"><ent r="7" t="235" w="799" /></phr></stem><stem n="all"><phr n="alle"><ent r="6" t="91" w="1175" /><ent r="6" t="91" w="1175" /></phr></stem><stem n="altr"><phr n="altre"><ent r="6" t="91" w="1176" /><ent r="6" t="91" w="1176" /></phr></stem><stem n="disposizioni"><phr n="disposizioni"><ent r="6" t="91" w="1177" /><ent r="6" t="91" w="1177" /></phr></stem><stem n="pertinenti"><phr n="pertinenti"><ent r="6" t="91" w="1178" /><ent r="6" t="91" w="1178" /></phr></stem><stem n="stabilit"><phr n="stabilite"><ent r="6" t="91" w="1179" /><ent r="6" t="91" w="1179" /></phr></stem><stem n="dalla"><phr n="dalla"><ent r="6" t="91" w="1180" /><ent r="6" t="91" w="1180" /></phr></stem><stem n="direttiva"><phr n="direttiva"><ent r="6" t="91" w="1181" /><ent r="6" t="91" w="1181" /></phr></stem><stem n="spanish"><phr n="Spanish"><ent r="6" t="91" w="1186" /><ent r="6" t="91" w="1186" /><ent r="5" t="237" w="65" /><ent r="5" t="237" w="65" /><ent r="5" t="273" w="90" /><ent r="5" t="273" w="90" /></phr></stem><stem n="por"><phr n="Por"><ent r="6" t="91" w="1188" /><ent r="6" t="91" w="1188" /></phr></stem><stem n="medio"><phr n="medio"><ent r="6" t="91" w="1189" /><ent r="6" t="91" w="1189" /></phr></stem><stem n="declara"><phr n="declara"><ent r="6" t="91" w="1195" /><ent r="6" t="91" w="1195" /><ent r="6" t="91" w="1227" /><ent r="6" t="91" w="1227" /></phr></stem><stem n="el"><phr n="el"><ent r="6" t="91" w="1197" /><ent r="6" t="91" w="1197" /></phr><phr n="El"><ent r="3" t="399" w="2120" /></phr></stem><stem n="cumpl"><phr n="cumple"><ent r="6" t="91" w="1204" /><ent r="6" t="91" w="1204" /></phr></stem><stem n="lo"><phr n="los"><ent r="6" t="91" w="1206" /><ent r="6" t="91" w="1206" /></phr></stem><stem n="requisito"><phr n="requisitos"><ent r="6" t="91" w="1207" /><ent r="6" t="91" w="1207" /><ent r="6" t="91" w="1240" /><ent r="6" t="91" w="1240" /></phr></stem><stem n="esencial"><phr n="esenciales"><ent r="6" t="91" w="1208" /><ent r="6" t="91" w="1208" /></phr></stem><stem n="y"><phr n="y"><ent r="6" t="91" w="1209" /><ent r="6" t="91" w="1209" /><ent r="5" t="422" w="859" /><ent r="5" t="422" w="859" /><ent r="5" t="422" w="866" /><ent r="5" t="422" w="866" /><ent r="5" t="422" w="933" /><ent r="5" t="422" w="933" /><ent r="5" t="422" w="940" /><ent r="5" t="422" w="940" /></phr><phr n="Y"><ent r="6" t="337" w="624" /><ent r="7" t="338" w="550" /><ent r="6" t="338" w="658" /><ent r="6" t="343" w="563" /><ent r="6" t="343" w="563" /><ent r="6" t="343" w="573" /><ent r="6" t="343" w="573" /><ent r="6" t="343" w="585" /><ent r="6" t="343" w="585" /><ent r="6" t="345" w="543" /><ent r="6" t="345" w="661" /><ent r="7" t="346" w="449" /><ent r="6" t="346" w="557" /><ent r="3" t="399" w="1412" /><ent r="3" t="399" w="1428" /><ent r="3" t="399" w="1428" /><ent r="3" t="399" w="1439" /><ent r="3" t="399" w="1445" /><ent r="3" t="399" w="1472" /><ent r="3" t="399" w="1489" /><ent r="3" t="399" w="1489" /><ent r="3" t="399" w="1500" /><ent r="3" t="399" w="1506" /><ent r="5" t="436" w="26" /><ent r="7" t="436" w="99" /><ent r="7" t="436" w="99" /><ent r="7" t="436" w="108" /><ent r="5" t="437" w="29" /><ent r="7" t="437" w="114" /><ent r="7" t="437" w="114" /><ent r="7" t="437" w="121" /></phr></stem><stem n="cualesquiera"><phr n="cualesquiera"><ent r="6" t="91" w="1210" /><ent r="6" t="91" w="1210" /></phr></stem><stem n="otra"><phr n="otras"><ent r="6" t="91" w="1211" /><ent r="6" t="91" w="1211" /></phr></stem><stem n="disposicion"><phr n="disposiciones"><ent r="6" t="91" w="1212" /><ent r="6" t="91" w="1212" /></phr></stem><stem n="aplic"><phr n="aplicables"><ent r="6" t="91" w="1213" /><ent r="6" t="91" w="1213" /></phr></stem><stem n="directiva"><phr n="Directiva"><ent r="6" t="91" w="1218" /><ent r="6" t="91" w="1218" /><ent r="6" t="91" w="1246" /><ent r="6" t="91" w="1246" /></phr></stem><stem n="portugues"><phr n="Portuguese"><ent r="6" t="91" w="1223" /><ent r="6" t="91" w="1223" /><ent r="5" t="237" w="59" /><ent r="5" t="237" w="59" /><ent r="5" t="273" w="86" /><ent r="5" t="273" w="86" /></phr></stem><stem n="está"><phr n="está"><ent r="6" t="91" w="1236" /><ent r="6" t="91" w="1236" /></phr></stem><stem n="os"><phr n="os"><ent r="6" t="91" w="1239" /><ent r="6" t="91" w="1239" /></phr></stem><stem n="essenciai"><phr n="essenciais"><ent r="6" t="91" w="1241" /><ent r="6" t="91" w="1241" /></phr></stem><stem n="outra"><phr n="outras"><ent r="6" t="91" w="1243" /><ent r="6" t="91" w="1243" /></phr></stem><stem n="disposiçõ"><phr n="disposições"><ent r="6" t="91" w="1244" /><ent r="6" t="91" w="1244" /></phr></stem><stem n="da"><phr n="da"><ent r="6" t="91" w="1245" /><ent r="6" t="91" w="1245" /></phr></stem><stem n="australia"><phr n="Australia"><ent r="72" t="91" w="1251" /><ent r="72" t="91" w="1251" /><ent r="3" t="91" w="1287" /><ent r="3" t="91" w="1287" /><ent r="7" t="128" w="69" /><ent r="7" t="128" w="69" /></phr></stem><stem n="zealand"><phr n="Zealand"><ent r="72" t="91" w="1254" /><ent r="72" t="91" w="1254" /><ent r="3" t="91" w="1290" /><ent r="7" t="128" w="72" /><ent r="7" t="128" w="72" /></phr></stem><stem n="australian"><phr n="Australian"><ent r="3" t="91" w="1265" /><ent r="3" t="91" w="1265" /><ent r="3" t="91" w="1339" /><ent r="3" t="91" w="1339" /></phr></stem><stem n="acma"><phr n="ACMA"><ent r="3" t="91" w="1270" /><ent r="3" t="91" w="1738" /><ent r="3" t="91" w="1748" /><ent r="3" t="91" w="1748" /></phr></stem><stem n="emc"><phr n="EMC"><ent r="3" t="91" w="1271" /></phr></stem><stem n="radiocommun"><phr n="Radiocommunications"><ent r="3" t="91" w="1272" /><ent r="3" t="91" w="1728" /></phr></stem><stem n="telecommun"><phr n="Telecommunications"><ent r="3" t="91" w="1274" /><ent r="3" t="91" w="1274" /><ent r="3" t="91" w="1729" /></phr></stem><stem n="framework"><phr n="frameworks"><ent r="3" t="91" w="1275" /></phr></stem><stem n="satisfi"><phr n="satisfying"><ent r="3" t="91" w="1277" /><ent r="3" t="91" w="1277" /></phr></stem><stem n="c-tick"><phr n="C-Tick"><ent r="3" t="91" w="1281" /><ent r="3" t="91" w="1281" /></phr></stem><stem n="tick"><phr n="Tick"><ent r="3" t="91" w="1282" /></phr></stem><stem n="sale"><phr n="sale"><ent r="3" t="91" w="1285" /><ent r="3" t="91" w="1285" /></phr><phr n="sales"><ent r="3" t="158" w="114" /><ent r="3" t="158" w="114" /><ent r="10" t="348" w="715" /><ent r="10" t="348" w="715" /></phr></stem><stem n="nz"><phr n="NZS"><ent r="3" t="91" w="1307" /><ent r="3" t="91" w="1307" /><ent r="3" t="91" w="1320" /><ent r="3" t="91" w="1320" /><ent r="4" t="91" w="1379" /><ent r="4" t="91" w="1379" /></phr></stem><stem n="cispr"><phr n="CISPR"><ent r="3" t="91" w="1308" /><ent r="3" t="91" w="1308" /></phr></stem><stem n="2009"><phr n="2009"><ent r="3" t="91" w="1310" /><ent r="4" t="91" w="1365" /><ent r="4" t="91" w="1365" /><ent r="4" t="91" w="1372" /></phr></stem><stem n="4771"><phr n="4771"><ent r="3" t="91" w="1321" /></phr></stem><stem n="2000"><phr n="2000"><ent r="3" t="91" w="1322" /><ent r="3" t="91" w="1322" /><ent r="7" t="235" w="265" /></phr></stem><stem n="amdt"><phr n="Amdt"><ent r="3" t="91" w="1323" /><ent r="3" t="91" w="1323" /></phr></stem><stem n="2003"><phr n="2003"><ent r="3" t="91" w="1325" /><ent r="3" t="404" w="1600" /><ent r="3" t="404" w="1600" /></phr></stem><stem n="301"><phr n="301"><ent r="3" t="91" w="1332" /><ent r="3" t="91" w="1332" /></phr></stem><stem n="511"><phr n="511"><ent r="3" t="91" w="1333" /><ent r="3" t="91" w="1333" /><ent r="3" t="490" w="54" /></phr></stem><stem n="v9"><phr n="v9"><ent r="3" t="91" w="1334" /></phr></stem><stem n="iec"><phr n="IEC"><ent r="4" t="91" w="1358" /><ent r="4" t="91" w="1358" /><ent r="4" t="276" w="2521" /></phr></stem><stem n="60950"><phr n="60950"><ent r="4" t="91" w="1359" /><ent r="4" t="91" w="1368" /><ent r="4" t="91" w="1380" /></phr></stem><stem n="60950-1"><phr n="60950-1"><ent r="4" t="91" w="1359" /><ent r="4" t="91" w="1368" /></phr></stem><stem n="2005"><phr n="2005"><ent r="4" t="91" w="1361" /><ent r="4" t="91" w="1361" /><ent r="3" t="404" w="1620" /><ent r="3" t="404" w="1626" /><ent r="7" t="445" w="552" /></phr></stem><stem n="edit"><phr n="Edition"><ent r="4" t="91" w="1363" /><ent r="4" t="276" w="2524" /><ent r="4" t="276" w="2524" /></phr><phr n="edit"><ent r="3" t="276" w="233" /><ent r="3" t="276" w="233" /><ent r="3" t="284" w="491" /><ent r="3" t="284" w="491" /><ent r="3" t="284" w="532" /><ent r="3" t="284" w="532" /><ent r="4" t="315" w="153" /><ent r="4" t="315" w="153" /><ent r="3" t="423" w="371" /><ent r="3" t="423" w="371" /></phr><phr n="edited"><ent r="3" t="287" w="439" /><ent r="3" t="287" w="439" /><ent r="3" t="287" w="524" /><ent r="3" t="287" w="524" /></phr><phr n="editing"><ent r="82" t="315" w="176" /><ent r="82" t="315" w="176" /></phr></stem><stem n="+am1"><phr n="+Am1"><ent r="4" t="91" w="1364" /></phr></stem><stem n="2006"><phr n="2006"><ent r="4" t="91" w="1370" /><ent r="3" t="404" w="39" /></phr></stem><stem n="a11"><phr n="A11"><ent r="4" t="91" w="1371" /></phr></stem><stem n="a1"><phr n="A1"><ent r="4" t="91" w="1373" /><ent r="6" t="343" w="675" /><ent r="6" t="343" w="675" /><ent r="3" t="398" w="2987" /><ent r="3" t="398" w="2987" /></phr></stem><stem n="2010"><phr n="2010"><ent r="4" t="91" w="1374" /><ent r="5" t="276" w="2510" /><ent r="5" t="276" w="2510" /><ent r="4" t="276" w="2526" /><ent r="5" t="308" w="122" /></phr></stem><stem n="a12"><phr n="A12"><ent r="4" t="91" w="1375" /></phr></stem><stem n="2011"><phr n="2011"><ent r="4" t="91" w="1376" /><ent r="4" t="91" w="1376" /><ent r="4" t="91" w="1382" /><ent r="4" t="91" w="1382" /><ent r="7" t="235" w="302" /><ent r="7" t="445" w="557" /><ent r="7" t="445" w="557" /></phr></stem><stem n="+am"><phr n="+Am"><ent r="4" t="91" w="1383" /><ent r="4" t="91" w="1383" /></phr></stem><stem n="2012"><phr n="2012"><ent r="4" t="91" w="1385" /><ent r="4" t="91" w="1385" /><ent r="7" t="235" w="319" /></phr></stem><stem n="ambient"><phr n="ambient"><ent r="3" t="91" w="1399" /><ent r="3" t="91" w="1399" /><ent r="3" t="241" w="107" /><ent r="3" t="241" w="107" /></phr></stem><stem n="guidanc"><phr n="Guidance"><ent r="82" t="91" w="1402" /><ent r="82" t="91" w="1402" /></phr></stem><stem n="suggest"><phr n="Suggested"><ent r="3" t="91" w="1406" /><ent r="3" t="91" w="1406" /></phr><phr n="suggesting"><ent r="5" t="284" w="880" /><ent r="5" t="284" w="880" /></phr><phr n="suggests"><ent r="5" t="317" w="439" /><ent r="5" t="317" w="439" /></phr></stem><stem n="bd920-3g"><phr n="BD920-3G"><ent r="3" t="91" w="1416" /></phr></stem><stem n="scn"><phr n="SCN"><ent r="6" t="91" w="1422" /><ent r="6" t="91" w="1495" /><ent r="3" t="91" w="1579" /><ent r="3" t="91" w="1593" /></phr></stem><stem n="ices-3"><phr n="ICES-3"><ent r="7" t="91" w="1479" /><ent r="7" t="91" w="1479" /><ent r="7" t="91" w="1562" /><ent r="7" t="91" w="1562" /><ent r="3" t="91" w="1626" /><ent r="3" t="91" w="1626" /></phr></stem><stem n="nmb-3"><phr n="NMB-3"><ent r="7" t="91" w="1482" /><ent r="7" t="91" w="1482" /><ent r="7" t="91" w="1565" /><ent r="7" t="91" w="1565" /><ent r="3" t="91" w="1629" /><ent r="3" t="91" w="1629" /></phr></stem><stem n="compani"><phr n="Company"><ent r="7" t="91" w="1486" /><ent r="7" t="91" w="1486" /><ent r="7" t="91" w="1569" /><ent r="7" t="91" w="1569" /></phr><phr n="company"><ent r="3" t="91" w="1586" /></phr></stem><stem n="____________________"><phr n="____________________"><ent r="7" t="91" w="1490" /><ent r="7" t="91" w="1573" /></phr></stem><stem n="supplier"><phr n="Supplier"><ent r="3" t="91" w="1576" /><ent r="3" t="91" w="1576" /></phr><phr n="suppliers"><ent r="3" t="404" w="1229" /><ent r="3" t="404" w="1229" /></phr></stem><stem n="assum"><phr n="Assuming"><ent r="3" t="91" w="1595" /><ent r="3" t="91" w="1595" /><ent r="3" t="91" w="1614" /><ent r="3" t="91" w="1614" /></phr><phr n="assumed"><ent r="3" t="399" w="123" /><ent r="3" t="399" w="123" /></phr></stem><stem n="subpart"><phr n="Subpart"><ent r="3" t="91" w="1603" /><ent r="3" t="91" w="1603" /></phr></stem><stem n="origin"><phr n="original"><ent r="3" t="91" w="1682" /><ent r="3" t="91" w="1682" /><ent r="5" t="243" w="306" /><ent r="5" t="243" w="306" /><ent r="5" t="243" w="330" /><ent r="5" t="243" w="330" /></phr><phr n="origin"><ent r="7" t="235" w="716" /><ent r="7" t="235" w="716" /></phr></stem><stem n="permiss"><phr n="Permissive"><ent r="3" t="91" w="1690" /><ent r="3" t="91" w="1690" /></phr><phr n="permissions"><ent r="3" t="298" w="41" /></phr></stem><stem n="europ"><phr n="Europe"><ent r="3" t="91" w="1699" /><ent r="7" t="128" w="68" /><ent r="6" t="128" w="121" /><ent r="7" t="235" w="789" /><ent r="7" t="235" w="789" /><ent r="9" t="242" w="777" /><ent r="3" t="404" w="1674" /><ent r="3" t="404" w="1712" /><ent r="3" t="404" w="1712" /></phr></stem><stem n="eirp"><phr n="EIRP"><ent r="3" t="91" w="1702" /><ent r="3" t="91" w="1702" /></phr></stem><stem n="mw"><phr n="mW"><ent r="3" t="91" w="1713" /><ent r="3" t="91" w="1713" /></phr></stem><stem n="unlicens"><phr n="unlicensed"><ent r="3" t="91" w="1717" /><ent r="3" t="91" w="1717" /></phr></stem><stem n="review"><phr n="review"><ent r="3" t="91" w="1726" /><ent r="3" t="91" w="1726" /><ent r="3" t="238" w="20" /><ent r="3" t="238" w="20" /><ent r="3" t="299" w="11" /><ent r="3" t="299" w="11" /></phr><phr n="Review"><ent r="6" t="309" w="383" /><ent r="6" t="309" w="383" /><ent r="6" t="317" w="427" /><ent r="6" t="317" w="427" /></phr></stem><stem n="publish"><phr n="published"><ent r="3" t="91" w="1735" /><ent r="3" t="91" w="1735" /></phr><phr n="publishes"><ent r="5" t="427" w="642" /><ent r="5" t="427" w="642" /></phr></stem><stem n="notic"><phr n="Notices"><ent r="3" t="91" w="1744" /><ent r="3" t="404" w="36" /><ent r="3" t="404" w="36" /><ent r="3" t="404" w="198" /><ent r="3" t="404" w="198" /></phr><phr n="Notice"><ent r="3" t="404" w="142" /><ent r="3" t="404" w="142" /></phr><phr n="notices"><ent r="3" t="404" w="187" /><ent r="3" t="404" w="187" /></phr><phr n="notice"><ent r="4" t="404" w="993" /><ent r="4" t="404" w="993" /><ent r="3" t="404" w="1435" /><ent r="3" t="404" w="1435" /><ent r="4" t="417" w="208" /></phr></stem><stem n="tripl"><phr n="triple"><ent r="3" t="95" w="18" /><ent r="3" t="95" w="18" /><ent r="3" t="95" w="124" /><ent r="3" t="95" w="124" /><ent r="3" t="124" w="72" /><ent r="3" t="124" w="72" /><ent r="3" t="124" w="205" /><ent r="7" t="235" w="3178" /><ent r="7" t="235" w="3178" /><ent r="3" t="240" w="66" /><ent r="3" t="240" w="66" /></phr><phr n="Triple"><ent r="4" t="240" w="55" /><ent r="4" t="240" w="55" /></phr></stem><stem n="grow"><phr n="grow"><ent r="3" t="95" w="41" /><ent r="3" t="95" w="41" /><ent r="3" t="124" w="95" /><ent r="7" t="235" w="389" /><ent r="7" t="235" w="389" /><ent r="3" t="445" w="42" /><ent r="3" t="445" w="42" /></phr></stem><stem n="advantag"><phr n="advantage"><ent r="3" t="95" w="48" /><ent r="3" t="95" w="48" /><ent r="3" t="124" w="103" /><ent r="3" t="124" w="103" /></phr></stem><stem n="quickest"><phr n="quickest"><ent r="3" t="95" w="56" /><ent r="3" t="95" w="56" /><ent r="3" t="124" w="111" /><ent r="3" t="124" w="111" /></phr></stem><stem n="kalman"><phr n="kalman"><ent r="3" t="95" w="80" /><ent r="3" t="95" w="80" /></phr><phr n="Kalman"><ent r="8" t="242" w="551" /><ent r="8" t="242" w="551" /><ent r="7" t="242" w="556" /><ent r="7" t="242" w="556" /><ent r="7" t="242" w="581" /><ent r="7" t="242" w="581" /><ent r="7" t="242" w="624" /><ent r="7" t="242" w="624" /><ent r="7" t="242" w="655" /><ent r="7" t="242" w="655" /><ent r="3" t="268" w="278" /><ent r="3" t="268" w="278" /><ent r="3" t="268" w="302" /><ent r="3" t="268" w="302" /><ent r="3" t="268" w="337" /><ent r="3" t="268" w="337" /><ent r="3" t="268" w="368" /><ent r="3" t="268" w="368" /><ent r="6" t="356" w="97" /><ent r="6" t="356" w="97" /><ent r="6" t="356" w="104" /><ent r="6" t="356" w="104" /><ent r="6" t="356" w="112" /><ent r="6" t="356" w="112" /><ent r="6" t="356" w="118" /><ent r="6" t="356" w="118" /><ent r="7" t="357" w="89" /><ent r="7" t="357" w="89" /><ent r="6" t="363" w="586" /><ent r="6" t="363" w="586" /><ent r="6" t="363" w="589" /><ent r="6" t="363" w="589" /></phr></stem><stem n="pvt"><phr n="PVT"><ent r="3" t="95" w="82" /><ent r="3" t="95" w="82" /><ent r="3" t="124" w="139" /><ent r="3" t="124" w="139" /></phr></stem><stem n="challeng"><phr n="challenging"><ent r="3" t="95" w="94" /><ent r="3" t="95" w="94" /><ent r="3" t="124" w="151" /><ent r="3" t="124" w="151" /></phr><phr n="Challenge"><ent r="3" t="288" w="103" /><ent r="3" t="288" w="103" /><ent r="3" t="288" w="740" /><ent r="3" t="288" w="740" /></phr></stem><stem n="urban"><phr n="urban"><ent r="3" t="95" w="98" /><ent r="3" t="95" w="98" /><ent r="3" t="124" w="155" /><ent r="3" t="124" w="155" /></phr></stem><stem n="canyon"><phr n="canyons"><ent r="3" t="95" w="99" /><ent r="3" t="124" w="156" /></phr></stem><stem n="everyth"><phr n="everything"><ent r="3" t="95" w="110" /><ent r="3" t="95" w="110" /><ent r="3" t="124" w="194" /><ent r="3" t="124" w="194" /></phr></stem><stem n="wai"><phr n="way"><ent r="3" t="95" w="119" /><ent r="3" t="95" w="119" /><ent r="3" t="239" w="34" /><ent r="3" t="239" w="34" /><ent r="3" t="239" w="160" /><ent r="3" t="239" w="160" /><ent r="3" t="239" w="303" /><ent r="3" t="239" w="303" /><ent r="3" t="252" w="296" /><ent r="3" t="252" w="296" /><ent r="3" t="253" w="325" /><ent r="3" t="253" w="325" /><ent r="3" t="276" w="201" /><ent r="3" t="276" w="2026" /><ent r="3" t="398" w="2459" /><ent r="3" t="398" w="2459" /><ent r="3" t="400" w="259" /><ent r="3" t="400" w="259" /><ent r="3" t="400" w="1273" /><ent r="3" t="400" w="1273" /><ent r="3" t="421" w="387" /><ent r="3" t="421" w="387" /></phr><phr n="ways"><ent r="3" t="315" w="195" /><ent r="5" t="400" w="1878" /></phr></stem><stem n="latest"><phr n="latest"><ent r="3" t="95" w="131" /><ent r="3" t="95" w="131" /><ent r="3" t="124" w="162" /><ent r="3" t="124" w="162" /><ent r="3" t="124" w="212" /><ent r="3" t="124" w="212" /><ent r="3" t="249" w="400" /><ent r="3" t="249" w="400" /><ent r="3" t="307" w="44" /><ent r="3" t="307" w="44" /><ent r="5" t="308" w="337" /><ent r="5" t="308" w="337" /><ent r="3" t="317" w="18" /><ent r="3" t="317" w="18" /><ent r="5" t="317" w="415" /><ent r="5" t="317" w="415" /></phr></stem><stem n="trimble-precis"><phr n="Trimble-precise"><ent r="3" t="95" w="132" /><ent r="3" t="95" w="132" /><ent r="3" t="124" w="213" /><ent r="3" t="124" w="213" /></phr></stem><stem n="future-proof"><phr n="future-proofing"><ent r="3" t="95" w="144" /><ent r="3" t="95" w="144" /><ent r="3" t="124" w="226" /></phr></stem><stem n="proof"><phr n="proofing"><ent r="3" t="95" w="145" /><ent r="3" t="124" w="227" /></phr><phr n="proof"><ent r="3" t="404" w="742" /><ent r="3" t="404" w="742" /></phr></stem><stem n="trouble-fre"><phr n="trouble-free"><ent r="3" t="95" w="147" /><ent r="3" t="95" w="147" /><ent r="3" t="124" w="229" /><ent r="3" t="124" w="229" /></phr></stem><stem n="troubl"><phr n="trouble"><ent r="3" t="95" w="147" /><ent r="3" t="124" w="229" /></phr></stem><stem n="free"><phr n="free"><ent r="3" t="95" w="148" /><ent r="3" t="124" w="230" /><ent r="7" t="235" w="1140" /><ent r="7" t="235" w="2024" /><ent r="3" t="248" w="138" /><ent r="3" t="248" w="138" /><ent r="3" t="255" w="35" /><ent r="3" t="255" w="35" /><ent r="5" t="296" w="167" /><ent r="5" t="296" w="167" /><ent r="3" t="402" w="1190" /><ent r="3" t="402" w="1190" /><ent r="3" t="404" w="279" /><ent r="3" t="404" w="279" /><ent r="3" t="404" w="991" /></phr></stem><stem n="redefin"><phr n="redefines"><ent r="3" t="95" w="157" /><ent r="3" t="95" w="157" /><ent r="3" t="124" w="240" /><ent r="3" t="124" w="240" /></phr></stem><stem n="high-perform"><phr n="high-performance"><ent r="3" t="95" w="158" /><ent r="3" t="95" w="158" /><ent r="3" t="124" w="241" /><ent r="3" t="124" w="241" /></phr></stem><stem n="on-board"><phr n="On-board"><ent r="5" t="95" w="162" /><ent r="5" t="95" w="162" /></phr><phr n="on-board"><ent r="3" t="124" w="31" /><ent r="3" t="124" w="31" /><ent r="6" t="207" w="921" /><ent r="6" t="207" w="921" /><ent r="6" t="207" w="944" /><ent r="6" t="207" w="944" /><ent r="6" t="207" w="968" /><ent r="6" t="207" w="968" /><ent r="6" t="207" w="992" /><ent r="6" t="207" w="992" /><ent r="6" t="215" w="297" /><ent r="6" t="215" w="297" /><ent r="3" t="217" w="9" /></phr></stem><stem n="mitig"><phr n="mitigation"><ent r="5" t="95" w="165" /><ent r="5" t="95" w="165" /><ent r="3" t="263" w="138" /><ent r="3" t="263" w="138" /><ent r="3" t="334" w="587" /><ent r="3" t="334" w="587" /><ent r="3" t="400" w="2014" /><ent r="3" t="400" w="2014" /></phr><phr n="Mitigation"><ent r="3" t="240" w="218" /><ent r="3" t="240" w="218" /><ent r="4" t="263" w="133" /><ent r="4" t="263" w="133" /></phr></stem><stem n="low-elev"><phr n="low-elevation"><ent r="5" t="95" w="168" /><ent r="5" t="95" w="168" /></phr></stem></index>