<?xml version="1.0" encoding="utf-8"?><index><!-- saved from url=(0016)http://localhost -->
<stem n="encompass"><phr n="encompasses"><ent r="3" t="5" w="10" /><ent r="3" t="5" w="10" /></phr></stem><stem n="seri"><phr n="series"><ent r="3" t="5" w="12" /><ent r="3" t="5" w="12" /><ent r="6" t="24" w="202" /><ent r="6" t="24" w="202" /><ent r="6" t="24" w="295" /><ent r="6" t="24" w="295" /><ent r="6" t="24" w="368" /><ent r="6" t="24" w="368" /><ent r="7" t="29" w="33" /><ent r="7" t="29" w="33" /><ent r="7" t="29" w="46" /><ent r="7" t="29" w="46" /><ent r="6" t="55" w="202" /><ent r="6" t="55" w="202" /><ent r="6" t="55" w="295" /><ent r="6" t="55" w="295" /><ent r="6" t="55" w="368" /><ent r="6" t="55" w="368" /><ent r="7" t="60" w="33" /><ent r="7" t="60" w="33" /><ent r="7" t="60" w="46" /><ent r="7" t="60" w="46" /><ent r="6" t="78" w="98" /><ent r="6" t="78" w="98" /><ent r="6" t="78" w="174" /><ent r="6" t="78" w="174" /><ent r="6" t="78" w="237" /><ent r="6" t="78" w="237" /><ent r="6" t="78" w="362" /><ent r="6" t="78" w="362" /><ent r="7" t="81" w="33" /><ent r="7" t="81" w="33" /><ent r="7" t="81" w="46" /><ent r="7" t="81" w="46" /><ent r="6" t="106" w="202" /><ent r="6" t="106" w="202" /><ent r="6" t="106" w="295" /><ent r="6" t="106" w="295" /><ent r="6" t="106" w="368" /><ent r="6" t="106" w="368" /><ent r="7" t="111" w="35" /><ent r="7" t="111" w="35" /><ent r="7" t="111" w="48" /><ent r="7" t="111" w="48" /><ent r="7" t="131" w="98" /><ent r="7" t="131" w="98" /><ent r="7" t="131" w="176" /><ent r="7" t="131" w="176" /><ent r="7" t="131" w="241" /><ent r="7" t="131" w="241" /><ent r="7" t="131" w="389" /><ent r="7" t="131" w="389" /><ent r="7" t="134" w="35" /><ent r="7" t="134" w="35" /><ent r="7" t="134" w="48" /><ent r="7" t="134" w="48" /><ent r="6" t="181" w="87" /><ent r="6" t="181" w="87" /><ent r="6" t="181" w="388" /><ent r="6" t="181" w="388" /><ent r="6" t="181" w="450" /><ent r="6" t="181" w="450" /><ent r="6" t="207" w="82" /><ent r="6" t="207" w="82" /><ent r="6" t="207" w="381" /><ent r="6" t="207" w="381" /><ent r="6" t="207" w="443" /><ent r="6" t="207" w="443" /><ent r="7" t="212" w="33" /><ent r="7" t="212" w="33" /><ent r="7" t="212" w="46" /><ent r="7" t="212" w="46" /><ent r="6" t="391" w="188" /><ent r="6" t="391" w="188" /></phr><phr n="Series"><ent r="7" t="29" w="68" /><ent r="7" t="29" w="68" /><ent r="7" t="60" w="68" /><ent r="7" t="60" w="68" /><ent r="7" t="81" w="68" /><ent r="7" t="81" w="68" /><ent r="7" t="111" w="70" /><ent r="7" t="111" w="70" /><ent r="7" t="134" w="70" /><ent r="7" t="134" w="70" /><ent r="7" t="212" w="68" /><ent r="7" t="212" w="68" /><ent r="3" t="398" w="15" /><ent r="3" t="398" w="15" /></phr></stem><stem n="techniqu"><phr n="techniques"><ent r="3" t="5" w="14" /><ent r="3" t="5" w="14" /><ent r="7" t="235" w="2819" /><ent r="3" t="400" w="2015" /></phr><phr n="technique"><ent r="3" t="10" w="37" /><ent r="3" t="10" w="37" /><ent r="3" t="10" w="54" /><ent r="3" t="10" w="54" /><ent r="3" t="163" w="97" /><ent r="3" t="163" w="97" /><ent r="3" t="225" w="95" /><ent r="3" t="225" w="95" /><ent r="7" t="235" w="1977" /><ent r="7" t="235" w="1977" /><ent r="3" t="400" w="328" /><ent r="3" t="400" w="328" /><ent r="3" t="400" w="342" /><ent r="3" t="400" w="342" /><ent r="3" t="400" w="369" /><ent r="3" t="400" w="544" /><ent r="3" t="400" w="544" /><ent r="3" t="400" w="1251" /><ent r="3" t="400" w="1251" /><ent r="5" t="400" w="1688" /><ent r="6" t="400" w="1985" /></phr></stem><stem n="rel"><phr n="relative"><ent r="3" t="5" w="18" /><ent r="3" t="5" w="18" /><ent r="3" t="6" w="81" /><ent r="3" t="6" w="81" /><ent r="3" t="10" w="110" /><ent r="3" t="10" w="110" /><ent r="5" t="226" w="432" /><ent r="5" t="226" w="432" /><ent r="7" t="235" w="987" /><ent r="7" t="235" w="987" /><ent r="7" t="235" w="3024" /><ent r="7" t="235" w="3024" /><ent r="7" t="235" w="3074" /><ent r="7" t="235" w="3074" /><ent r="3" t="242" w="1475" /><ent r="3" t="242" w="1475" /><ent r="3" t="242" w="1700" /><ent r="3" t="242" w="1700" /><ent r="3" t="242" w="1712" /><ent r="3" t="242" w="1712" /><ent r="3" t="244" w="890" /><ent r="3" t="244" w="890" /><ent r="3" t="244" w="902" /><ent r="3" t="244" w="902" /><ent r="6" t="343" w="688" /><ent r="6" t="343" w="688" /><ent r="3" t="382" w="219" /><ent r="3" t="382" w="219" /><ent r="3" t="400" w="356" /><ent r="3" t="400" w="356" /><ent r="3" t="400" w="468" /><ent r="3" t="400" w="468" /><ent r="5" t="400" w="766" /><ent r="5" t="400" w="766" /><ent r="3" t="400" w="826" /><ent r="3" t="400" w="826" /><ent r="5" t="400" w="1050" /><ent r="5" t="400" w="1050" /><ent r="3" t="400" w="1462" /><ent r="3" t="400" w="1462" /><ent r="3" t="400" w="1709" /><ent r="3" t="400" w="1709" /><ent r="5" t="432" w="48" /><ent r="5" t="432" w="48" /><ent r="5" t="432" w="63" /><ent r="5" t="432" w="63" /><ent r="7" t="432" w="247" /><ent r="7" t="432" w="247" /><ent r="7" t="483" w="78" /><ent r="7" t="483" w="78" /><ent r="7" t="496" w="98" /><ent r="7" t="496" w="98" /><ent r="7" t="496" w="118" /><ent r="7" t="496" w="118" /></phr></stem><stem n="referenc"><phr n="referencing"><ent r="3" t="5" w="23" /><ent r="3" t="5" w="23" /></phr><phr n="referenced"><ent r="5" t="242" w="501" /><ent r="5" t="242" w="501" /><ent r="5" t="244" w="568" /><ent r="5" t="244" w="568" /><ent r="7" t="353" w="913" /><ent r="3" t="399" w="666" /><ent r="3" t="399" w="666" /><ent r="3" t="399" w="805" /><ent r="3" t="399" w="805" /><ent r="3" t="399" w="943" /><ent r="3" t="399" w="943" /><ent r="3" t="399" w="1106" /><ent r="3" t="399" w="1106" /><ent r="5" t="455" w="37" /><ent r="5" t="455" w="37" /></phr></stem><stem n="network"><phr n="network"><ent r="3" t="5" w="28" /><ent r="3" t="5" w="28" /><ent r="7" t="235" w="182" /><ent r="7" t="235" w="424" /><ent r="7" t="235" w="424" /><ent r="7" t="235" w="2458" /><ent r="7" t="235" w="3419" /><ent r="7" t="235" w="3419" /><ent r="54" t="239" w="119" /><ent r="54" t="239" w="119" /><ent r="3" t="239" w="192" /><ent r="3" t="239" w="212" /><ent r="3" t="239" w="310" /><ent r="3" t="239" w="413" /><ent r="3" t="239" w="431" /><ent r="3" t="239" w="450" /><ent r="3" t="240" w="277" /><ent r="5" t="243" w="171" /><ent r="5" t="243" w="171" /><ent r="3" t="246" w="56" /><ent r="3" t="246" w="56" /><ent r="3" t="272" w="110" /><ent r="3" t="272" w="110" /><ent r="3" t="272" w="145" /><ent r="3" t="272" w="145" /><ent r="5" t="275" w="47" /><ent r="5" t="275" w="59" /><ent r="3" t="276" w="145" /><ent r="3" t="276" w="145" /><ent r="3" t="276" w="1399" /><ent r="3" t="276" w="1399" /><ent r="3" t="276" w="2029" /><ent r="3" t="286" w="42" /><ent r="3" t="287" w="428" /><ent r="3" t="287" w="428" /><ent r="3" t="287" w="496" /><ent r="3" t="287" w="496" /><ent r="3" t="287" w="513" /><ent r="3" t="287" w="513" /><ent r="3" t="288" w="588" /><ent r="3" t="288" w="588" /><ent r="3" t="288" w="608" /><ent r="3" t="288" w="608" /><ent r="3" t="289" w="19" /><ent r="3" t="289" w="32" /><ent r="3" t="293" w="31" /><ent r="3" t="293" w="31" /><ent r="3" t="293" w="64" /><ent r="3" t="293" w="64" /><ent r="3" t="293" w="77" /><ent r="3" t="293" w="77" /><ent r="3" t="295" w="150" /><ent r="3" t="295" w="176" /><ent r="3" t="295" w="176" /><ent r="3" t="295" w="187" /><ent r="3" t="295" w="187" /><ent r="3" t="297" w="168" /><ent r="3" t="297" w="168" /><ent r="3" t="303" w="31" /><ent r="3" t="303" w="31" /><ent r="3" t="305" w="34" /><ent r="3" t="305" w="34" /><ent r="3" t="309" w="24" /><ent r="3" t="309" w="30" /><ent r="3" t="309" w="30" /><ent r="3" t="309" w="94" /><ent r="3" t="309" w="261" /><ent r="3" t="309" w="270" /><ent r="3" t="309" w="270" /><ent r="3" t="309" w="274" /><ent r="3" t="309" w="274" /><ent r="5" t="309" w="405" /><ent r="5" t="309" w="405" /><ent r="5" t="309" w="432" /><ent r="5" t="309" w="432" /><ent r="5" t="311" w="290" /><ent r="5" t="311" w="290" /><ent r="5" t="311" w="357" /><ent r="5" t="311" w="357" /><ent r="6" t="312" w="346" /><ent r="6" t="312" w="346" /><ent r="6" t="312" w="494" /><ent r="6" t="312" w="494" /><ent r="6" t="312" w="660" /><ent r="6" t="312" w="660" /><ent r="7" t="312" w="801" /><ent r="7" t="312" w="801" /><ent r="6" t="391" w="343" /><ent r="6" t="391" w="343" /><ent r="6" t="391" w="364" /><ent r="6" t="391" w="364" /><ent r="6" t="391" w="379" /><ent r="6" t="391" w="379" /><ent r="7" t="393" w="202" /><ent r="7" t="393" w="202" /><ent r="3" t="402" w="395" /><ent r="3" t="402" w="395" /><ent r="72" t="402" w="1618" /><ent r="72" t="402" w="1618" /><ent r="3" t="402" w="1637" /><ent r="72" t="402" w="1766" /><ent r="72" t="402" w="1766" /><ent r="3" t="402" w="1785" /><ent r="3" t="427" w="195" /><ent r="3" t="427" w="195" /><ent r="3" t="427" w="210" /><ent r="3" t="427" w="210" /><ent r="7" t="438" w="234" /><ent r="7" t="438" w="234" /><ent r="7" t="445" w="363" /><ent r="7" t="445" w="363" /><ent r="7" t="445" w="370" /><ent r="7" t="445" w="370" /><ent r="7" t="445" w="380" /><ent r="7" t="445" w="380" /><ent r="7" t="445" w="392" /><ent r="7" t="445" w="392" /><ent r="7" t="445" w="397" /><ent r="7" t="445" w="397" /><ent r="72" t="473" w="17" /><ent r="72" t="473" w="17" /><ent r="7" t="490" w="176" /><ent r="7" t="490" w="176" /><ent r="7" t="490" w="183" /><ent r="7" t="490" w="183" /><ent r="7" t="490" w="190" /><ent r="7" t="490" w="190" /><ent r="7" t="490" w="197" /><ent r="7" t="490" w="197" /><ent r="7" t="492" w="151" /><ent r="7" t="492" w="151" /><ent r="7" t="492" w="158" /><ent r="7" t="492" w="158" /><ent r="7" t="492" w="165" /><ent r="7" t="492" w="165" /><ent r="7" t="492" w="172" /><ent r="7" t="492" w="172" /><ent r="7" t="493" w="178" /><ent r="7" t="493" w="178" /><ent r="7" t="493" w="185" /><ent r="7" t="493" w="185" /><ent r="7" t="493" w="192" /><ent r="7" t="493" w="192" /><ent r="7" t="493" w="199" /><ent r="7" t="493" w="199" /><ent r="3" t="500" w="67" /><ent r="3" t="500" w="67" /><ent r="3" t="500" w="74" /><ent r="3" t="501" w="133" /><ent r="3" t="501" w="133" /><ent r="3" t="501" w="140" /><ent r="3" t="502" w="297" /><ent r="3" t="502" w="297" /><ent r="3" t="502" w="304" /></phr><phr n="networks"><ent r="6" t="14" w="103" /><ent r="6" t="14" w="103" /><ent r="8" t="20" w="22" /><ent r="6" t="45" w="103" /><ent r="6" t="45" w="103" /><ent r="8" t="51" w="22" /><ent r="6" t="70" w="155" /><ent r="6" t="70" w="155" /><ent r="8" t="75" w="22" /><ent r="6" t="96" w="149" /><ent r="6" t="96" w="149" /><ent r="9" t="102" w="22" /><ent r="7" t="125" w="153" /><ent r="7" t="125" w="153" /><ent r="8" t="154" w="22" /><ent r="8" t="168" w="22" /><ent r="8" t="179" w="22" /><ent r="6" t="199" w="166" /><ent r="6" t="199" w="166" /><ent r="8" t="205" w="22" /><ent r="6" t="224" w="174" /><ent r="6" t="224" w="174" /><ent r="8" t="231" w="22" /><ent r="7" t="235" w="2964" /><ent r="7" t="235" w="2964" /><ent r="7" t="235" w="3101" /><ent r="7" t="235" w="3101" /><ent r="54" t="239" w="116" /><ent r="3" t="402" w="1175" /><ent r="3" t="402" w="1175" /></phr><phr n="Network"><ent r="4" t="14" w="124" /><ent r="4" t="14" w="124" /><ent r="6" t="14" w="162" /><ent r="6" t="14" w="162" /><ent r="4" t="45" w="124" /><ent r="4" t="45" w="124" /><ent r="6" t="45" w="162" /><ent r="6" t="45" w="162" /><ent r="4" t="70" w="176" /><ent r="4" t="70" w="176" /><ent r="6" t="70" w="214" /><ent r="6" t="70" w="214" /><ent r="4" t="96" w="170" /><ent r="4" t="96" w="170" /><ent r="6" t="96" w="205" /><ent r="6" t="96" w="205" /><ent r="4" t="125" w="174" /><ent r="4" t="125" w="174" /><ent r="6" t="125" w="209" /><ent r="6" t="125" w="209" /><ent r="4" t="173" w="117" /><ent r="4" t="173" w="117" /><ent r="6" t="173" w="153" /><ent r="6" t="173" w="153" /><ent r="4" t="199" w="187" /><ent r="4" t="199" w="187" /><ent r="6" t="199" w="225" /><ent r="6" t="199" w="225" /><ent r="4" t="224" w="195" /><ent r="4" t="224" w="195" /><ent r="6" t="224" w="233" /><ent r="6" t="224" w="233" /><ent r="5" t="242" w="925" /><ent r="5" t="242" w="925" /><ent r="8" t="242" w="965" /><ent r="8" t="242" w="965" /><ent r="7" t="242" w="972" /><ent r="3" t="271" w="72" /><ent r="5" t="275" w="146" /><ent r="56" t="275" w="154" /><ent r="56" t="275" w="154" /><ent r="5" t="276" w="495" /><ent r="5" t="276" w="495" /><ent r="4" t="276" w="1390" /><ent r="4" t="276" w="1390" /><ent r="6" t="278" w="559" /><ent r="6" t="278" w="559" /><ent r="4" t="278" w="652" /><ent r="4" t="278" w="652" /><ent r="5" t="278" w="677" /><ent r="1000" t="285" w="1" /><ent r="1000" t="285" w="1" /><ent r="92" t="285" w="5" /><ent r="92" t="285" w="5" /><ent r="4" t="285" w="12" /><ent r="4" t="285" w="12" /><ent r="1000" t="286" w="1" /><ent r="1000" t="286" w="1" /><ent r="82" t="286" w="5" /><ent r="82" t="286" w="5" /><ent r="4" t="286" w="210" /><ent r="4" t="286" w="210" /><ent r="1000" t="287" w="1" /><ent r="1000" t="287" w="1" /><ent r="82" t="287" w="6" /><ent r="82" t="287" w="6" /><ent r="1000" t="288" w="1" /><ent r="1000" t="288" w="1" /><ent r="82" t="288" w="5" /><ent r="82" t="288" w="5" /><ent r="1000" t="289" w="1" /><ent r="1000" t="289" w="1" /><ent r="82" t="289" w="6" /><ent r="82" t="289" w="6" /><ent r="1000" t="290" w="1" /><ent r="1000" t="290" w="1" /><ent r="82" t="290" w="7" /><ent r="82" t="290" w="7" /><ent r="1000" t="291" w="1" /><ent r="1000" t="291" w="1" /><ent r="82" t="291" w="7" /><ent r="82" t="291" w="7" /><ent r="1000" t="292" w="1" /><ent r="1000" t="292" w="1" /><ent r="82" t="292" w="5" /><ent r="82" t="292" w="5" /><ent r="1000" t="293" w="1" /><ent r="1000" t="293" w="1" /><ent r="82" t="293" w="5" /><ent r="82" t="293" w="5" /><ent r="1000" t="294" w="1" /><ent r="1000" t="294" w="1" /><ent r="92" t="294" w="5" /><ent r="92" t="294" w="5" /><ent r="3" t="295" w="14" /><ent r="3" t="295" w="14" /><ent r="7" t="296" w="273" /><ent r="7" t="296" w="273" /><ent r="7" t="296" w="277" /><ent r="7" t="296" w="277" /><ent r="4" t="296" w="566" /><ent r="4" t="296" w="566" /><ent r="3" t="297" w="439" /><ent r="3" t="297" w="439" /><ent r="64" t="305" w="63" /><ent r="64" t="305" w="63" /><ent r="5" t="311" w="58" /><ent r="5" t="311" w="58" /><ent r="6" t="312" w="331" /><ent r="6" t="312" w="331" /><ent r="6" t="312" w="482" /><ent r="6" t="312" w="482" /><ent r="7" t="312" w="782" /><ent r="7" t="312" w="782" /><ent r="7" t="351" w="422" /><ent r="7" t="351" w="422" /><ent r="3" t="402" w="1623" /><ent r="3" t="402" w="1641" /><ent r="3" t="402" w="1641" /><ent r="3" t="402" w="1771" /><ent r="3" t="402" w="1789" /><ent r="3" t="402" w="1789" /><ent r="3" t="402" w="1798" /><ent r="3" t="402" w="1798" /><ent r="5" t="445" w="36" /><ent r="5" t="445" w="36" /><ent r="7" t="445" w="147" /><ent r="7" t="445" w="282" /><ent r="7" t="445" w="282" /><ent r="7" t="445" w="319" /><ent r="7" t="445" w="319" /><ent r="7" t="445" w="337" /><ent r="7" t="445" w="337" /><ent r="7" t="445" w="492" /><ent r="7" t="445" w="492" /><ent r="7" t="489" w="227" /><ent r="7" t="489" w="227" /><ent r="7" t="489" w="234" /><ent r="7" t="489" w="234" /><ent r="7" t="489" w="246" /><ent r="7" t="489" w="246" /><ent r="7" t="489" w="253" /><ent r="7" t="489" w="253" /><ent r="3" t="502" w="155" /><ent r="3" t="502" w="155" /></phr><phr n="Networked"><ent r="6" t="148" w="69" /><ent r="6" t="148" w="69" /><ent r="5" t="161" w="72" /><ent r="5" t="161" w="72" /><ent r="5" t="162" w="57" /><ent r="5" t="162" w="57" /><ent r="7" t="235" w="2154" /><ent r="7" t="235" w="2154" /><ent r="3" t="275" w="159" /><ent r="3" t="275" w="159" /><ent r="6" t="425" w="75" /><ent r="6" t="425" w="75" /></phr><phr n="NETworks"><ent r="9" t="235" w="3136" /><ent r="9" t="235" w="3136" /></phr><phr n="networked"><ent r="3" t="276" w="2329" /><ent r="3" t="276" w="2329" /></phr><phr n="networking"><ent r="3" t="297" w="76" /><ent r="3" t="297" w="76" /></phr><phr n="Networking"><ent r="6" t="311" w="260" /><ent r="6" t="311" w="260" /><ent r="6" t="312" w="601" /><ent r="6" t="312" w="601" /></phr><phr n="Networks"><ent r="6" t="312" w="861" /><ent r="6" t="312" w="861" /><ent r="4" t="502" w="116" /><ent r="4" t="502" w="116" /></phr><phr n="NETWORK"><ent r="7" t="445" w="290" /><ent r="7" t="445" w="290" /></phr></stem><stem n="common"><phr n="common"><ent r="3" t="5" w="34" /><ent r="3" t="5" w="34" /><ent r="3" t="7" w="24" /><ent r="3" t="7" w="24" /><ent r="3" t="7" w="115" /><ent r="3" t="7" w="115" /><ent r="3" t="11" w="440" /><ent r="3" t="11" w="440" /><ent r="3" t="11" w="467" /><ent r="3" t="11" w="467" /><ent r="3" t="33" w="40" /><ent r="3" t="33" w="40" /><ent r="3" t="35" w="43" /><ent r="3" t="35" w="43" /><ent r="3" t="64" w="40" /><ent r="3" t="64" w="40" /><ent r="3" t="84" w="40" /><ent r="3" t="84" w="40" /><ent r="3" t="87" w="43" /><ent r="3" t="87" w="43" /><ent r="3" t="115" w="96" /><ent r="3" t="115" w="96" /><ent r="3" t="115" w="315" /><ent r="3" t="115" w="315" /><ent r="3" t="117" w="43" /><ent r="3" t="117" w="43" /><ent r="3" t="138" w="99" /><ent r="3" t="138" w="99" /><ent r="3" t="138" w="251" /><ent r="3" t="138" w="251" /><ent r="3" t="140" w="43" /><ent r="3" t="140" w="43" /><ent r="3" t="189" w="40" /><ent r="3" t="189" w="40" /><ent r="3" t="191" w="43" /><ent r="3" t="191" w="43" /><ent r="3" t="194" w="140" /><ent r="3" t="194" w="140" /><ent r="3" t="216" w="144" /><ent r="3" t="216" w="144" /><ent r="3" t="218" w="140" /><ent r="3" t="218" w="140" /><ent r="7" t="235" w="2712" /><ent r="7" t="235" w="2712" /><ent r="3" t="290" w="107" /><ent r="3" t="290" w="107" /><ent r="3" t="296" w="361" /><ent r="3" t="296" w="361" /><ent r="3" t="296" w="393" /><ent r="3" t="296" w="393" /><ent r="6" t="349" w="119" /><ent r="6" t="349" w="119" /><ent r="6" t="350" w="119" /><ent r="6" t="350" w="119" /></phr><phr n="Common"><ent r="6" t="35" w="191" /><ent r="6" t="35" w="191" /><ent r="6" t="87" w="191" /><ent r="6" t="87" w="191" /><ent r="6" t="117" w="191" /><ent r="6" t="117" w="191" /><ent r="7" t="140" w="197" /><ent r="7" t="140" w="197" /><ent r="6" t="191" w="191" /><ent r="6" t="191" w="191" /><ent r="3" t="373" w="336" /><ent r="3" t="373" w="336" /><ent r="3" t="377" w="362" /><ent r="3" t="377" w="362" /><ent r="1000" t="394" w="4" /><ent r="1000" t="394" w="4" /><ent r="82" t="394" w="11" /><ent r="82" t="394" w="11" /></phr></stem><stem n="form"><phr n="form"><ent r="3" t="5" w="35" /><ent r="3" t="5" w="35" /><ent r="3" t="11" w="427" /><ent r="3" t="11" w="427" /><ent r="3" t="25" w="144" /><ent r="3" t="40" w="15" /><ent r="3" t="40" w="15" /><ent r="3" t="56" w="144" /><ent r="3" t="66" w="15" /><ent r="3" t="66" w="15" /><ent r="3" t="107" w="144" /><ent r="3" t="121" w="15" /><ent r="3" t="121" w="15" /><ent r="4" t="148" w="154" /><ent r="4" t="148" w="154" /><ent r="3" t="182" w="144" /><ent r="3" t="208" w="144" /><ent r="5" t="271" w="686" /><ent r="5" t="271" w="686" /><ent r="5" t="329" w="129" /><ent r="5" t="329" w="129" /><ent r="3" t="397" w="287" /><ent r="3" t="397" w="287" /><ent r="3" t="400" w="158" /><ent r="3" t="400" w="158" /><ent r="3" t="400" w="1423" /><ent r="3" t="400" w="1423" /><ent r="5" t="400" w="1618" /><ent r="5" t="400" w="1618" /><ent r="5" t="422" w="529" /><ent r="5" t="422" w="529" /><ent r="5" t="422" w="560" /><ent r="5" t="422" w="560" /><ent r="5" t="422" w="597" /><ent r="5" t="422" w="597" /><ent r="3" t="423" w="88" /><ent r="3" t="423" w="88" /><ent r="5" t="427" w="357" /><ent r="5" t="427" w="357" /></phr><phr n="formed"><ent r="3" t="246" w="226" /><ent r="3" t="399" w="392" /></phr><phr n="forms"><ent r="3" t="336" w="373" /><ent r="3" t="336" w="373" /><ent r="3" t="386" w="20" /></phr></stem><stem n="fix"><phr n="fixed"><ent r="3" t="5" w="37" /><ent r="3" t="5" w="37" /><ent r="4" t="26" w="55" /><ent r="4" t="26" w="55" /><ent r="4" t="58" w="55" /><ent r="4" t="58" w="55" /><ent r="4" t="109" w="55" /><ent r="4" t="109" w="55" /><ent r="5" t="164" w="319" /><ent r="5" t="164" w="319" /><ent r="4" t="164" w="378" /><ent r="4" t="164" w="378" /><ent r="4" t="183" w="55" /><ent r="4" t="183" w="55" /><ent r="4" t="209" w="55" /><ent r="4" t="209" w="55" /><ent r="5" t="226" w="285" /><ent r="5" t="226" w="285" /><ent r="4" t="226" w="345" /><ent r="4" t="226" w="345" /><ent r="6" t="345" w="504" /><ent r="6" t="345" w="504" /><ent r="6" t="345" w="524" /><ent r="6" t="345" w="524" /><ent r="6" t="345" w="548" /><ent r="6" t="345" w="548" /><ent r="7" t="351" w="380" /><ent r="7" t="351" w="380" /><ent r="7" t="351" w="391" /><ent r="7" t="351" w="391" /><ent r="7" t="351" w="403" /><ent r="7" t="351" w="403" /><ent r="6" t="351" w="433" /><ent r="6" t="351" w="433" /><ent r="6" t="355" w="58" /><ent r="6" t="355" w="58" /><ent r="6" t="355" w="68" /><ent r="6" t="355" w="68" /><ent r="6" t="356" w="68" /><ent r="6" t="356" w="68" /><ent r="6" t="356" w="82" /><ent r="6" t="356" w="82" /><ent r="3" t="400" w="1139" /><ent r="3" t="400" w="1139" /><ent r="7" t="438" w="183" /><ent r="7" t="438" w="183" /><ent r="7" t="445" w="234" /><ent r="7" t="445" w="234" /><ent r="7" t="475" w="139" /><ent r="7" t="475" w="139" /><ent r="7" t="477" w="359" /><ent r="7" t="477" w="359" /><ent r="7" t="481" w="113" /><ent r="7" t="484" w="76" /><ent r="7" t="484" w="76" /><ent r="7" t="484" w="91" /><ent r="7" t="484" w="91" /><ent r="7" t="484" w="142" /><ent r="7" t="484" w="142" /><ent r="7" t="489" w="232" /><ent r="7" t="489" w="232" /><ent r="7" t="489" w="251" /><ent r="7" t="489" w="251" /></phr><phr n="fixes"><ent r="3" t="8" w="15" /><ent r="3" t="8" w="15" /><ent r="3" t="8" w="50" /><ent r="3" t="8" w="50" /><ent r="7" t="235" w="1108" /><ent r="7" t="235" w="1108" /></phr><phr n="fix"><ent r="3" t="11" w="252" /><ent r="3" t="11" w="252" /><ent r="3" t="11" w="432" /><ent r="4" t="26" w="101" /><ent r="4" t="58" w="101" /><ent r="4" t="109" w="101" /><ent r="4" t="183" w="101" /><ent r="4" t="209" w="101" /><ent r="4" t="226" w="348" /><ent r="4" t="226" w="348" /><ent r="5" t="242" w="1010" /><ent r="5" t="270" w="230" /><ent r="5" t="270" w="230" /><ent r="7" t="351" w="358" /><ent r="7" t="351" w="358" /><ent r="7" t="351" w="376" /><ent r="7" t="351" w="376" /><ent r="7" t="351" w="390" /><ent r="7" t="351" w="390" /><ent r="7" t="351" w="402" /><ent r="7" t="351" w="402" /><ent r="6" t="355" w="40" /><ent r="6" t="355" w="40" /><ent r="7" t="393" w="225" /><ent r="7" t="393" w="225" /><ent r="7" t="393" w="234" /><ent r="7" t="393" w="238" /><ent r="3" t="404" w="531" /><ent r="3" t="404" w="531" /><ent r="7" t="433" w="229" /><ent r="7" t="433" w="229" /><ent r="7" t="435" w="89" /><ent r="7" t="435" w="89" /><ent r="7" t="435" w="118" /><ent r="7" t="435" w="118" /><ent r="7" t="438" w="33" /><ent r="7" t="438" w="33" /><ent r="7" t="445" w="153" /><ent r="7" t="445" w="153" /><ent r="7" t="474" w="66" /><ent r="7" t="474" w="66" /><ent r="72" t="475" w="14" /><ent r="72" t="475" w="14" /><ent r="7" t="475" w="79" /><ent r="7" t="475" w="79" /><ent r="7" t="475" w="126" /><ent r="7" t="475" w="126" /><ent r="7" t="475" w="131" /><ent r="72" t="476" w="14" /><ent r="72" t="476" w="18" /><ent r="72" t="477" w="12" /><ent r="72" t="477" w="12" /><ent r="3" t="477" w="54" /><ent r="3" t="477" w="54" /><ent r="7" t="477" w="148" /><ent r="7" t="477" w="148" /><ent r="7" t="477" w="170" /><ent r="7" t="477" w="170" /><ent r="7" t="477" w="175" /><ent r="7" t="477" w="175" /><ent r="7" t="477" w="191" /><ent r="7" t="477" w="191" /><ent r="7" t="477" w="273" /><ent r="7" t="477" w="280" /><ent r="7" t="477" w="282" /><ent r="7" t="477" w="282" /><ent r="7" t="477" w="297" /><ent r="7" t="477" w="297" /><ent r="7" t="477" w="313" /><ent r="7" t="477" w="313" /><ent r="7" t="477" w="346" /><ent r="7" t="477" w="346" /><ent r="7" t="479" w="105" /><ent r="7" t="479" w="105" /><ent r="7" t="481" w="92" /><ent r="7" t="481" w="92" /><ent r="7" t="485" w="115" /><ent r="7" t="485" w="115" /><ent r="7" t="486" w="129" /><ent r="7" t="486" w="129" /><ent r="7" t="486" w="182" /><ent r="7" t="486" w="182" /><ent r="7" t="487" w="110" /><ent r="7" t="487" w="138" /><ent r="7" t="487" w="217" /><ent r="7" t="487" w="217" /><ent r="7" t="487" w="253" /><ent r="7" t="487" w="253" /><ent r="7" t="489" w="76" /><ent r="7" t="489" w="104" /><ent r="7" t="489" w="193" /><ent r="7" t="489" w="193" /><ent r="7" t="489" w="202" /><ent r="7" t="489" w="202" /><ent r="7" t="489" w="286" /><ent r="7" t="489" w="286" /><ent r="7" t="489" w="294" /><ent r="7" t="489" w="294" /><ent r="7" t="489" w="302" /><ent r="7" t="489" w="302" /><ent r="7" t="490" w="89" /><ent r="7" t="490" w="89" /><ent r="7" t="490" w="145" /><ent r="7" t="490" w="145" /><ent r="7" t="490" w="154" /><ent r="7" t="490" w="154" /><ent r="7" t="490" w="229" /><ent r="7" t="490" w="229" /><ent r="7" t="490" w="235" /><ent r="7" t="490" w="235" /><ent r="7" t="492" w="120" /><ent r="7" t="492" w="120" /><ent r="7" t="492" w="129" /><ent r="7" t="492" w="129" /><ent r="7" t="492" w="204" /><ent r="7" t="492" w="204" /><ent r="7" t="492" w="211" /><ent r="7" t="492" w="211" /><ent r="7" t="493" w="147" /><ent r="7" t="493" w="147" /><ent r="7" t="493" w="156" /><ent r="7" t="493" w="156" /><ent r="7" t="494" w="86" /><ent r="7" t="494" w="86" /></phr><phr n="Fix"><ent r="3" t="17" w="11" /><ent r="3" t="17" w="11" /><ent r="6" t="17" w="58" /><ent r="6" t="17" w="58" /><ent r="3" t="48" w="11" /><ent r="3" t="48" w="11" /><ent r="6" t="48" w="58" /><ent r="6" t="48" w="58" /><ent r="3" t="72" w="11" /><ent r="3" t="72" w="11" /><ent r="6" t="72" w="58" /><ent r="6" t="72" w="58" /><ent r="3" t="99" w="11" /><ent r="3" t="99" w="11" /><ent r="6" t="99" w="58" /><ent r="6" t="99" w="58" /><ent r="6" t="363" w="663" /><ent r="6" t="363" w="663" /><ent r="6" t="363" w="674" /><ent r="7" t="393" w="245" /><ent r="7" t="393" w="245" /><ent r="3" t="404" w="457" /><ent r="3" t="404" w="457" /><ent r="3" t="404" w="520" /><ent r="3" t="404" w="603" /><ent r="7" t="433" w="220" /><ent r="7" t="433" w="220" /><ent r="7" t="438" w="452" /><ent r="7" t="438" w="452" /><ent r="7" t="438" w="622" /><ent r="7" t="438" w="622" /><ent r="7" t="475" w="120" /><ent r="7" t="475" w="120" /><ent r="7" t="480" w="90" /><ent r="7" t="480" w="90" /><ent r="7" t="484" w="105" /><ent r="7" t="484" w="108" /><ent r="7" t="484" w="111" /><ent r="7" t="486" w="173" /><ent r="7" t="486" w="173" /><ent r="7" t="486" w="198" /><ent r="7" t="487" w="244" /><ent r="7" t="487" w="244" /><ent r="7" t="489" w="184" /><ent r="7" t="489" w="184" /><ent r="7" t="490" w="136" /><ent r="7" t="490" w="136" /><ent r="7" t="492" w="111" /><ent r="7" t="492" w="111" /><ent r="7" t="493" w="138" /><ent r="7" t="493" w="138" /></phr><phr n="Fixed"><ent r="3" t="240" w="435" /><ent r="3" t="240" w="435" /><ent r="8" t="242" w="829" /><ent r="8" t="242" w="829" /><ent r="7" t="242" w="831" /><ent r="7" t="242" w="831" /><ent r="5" t="244" w="317" /><ent r="5" t="244" w="317" /><ent r="3" t="265" w="275" /><ent r="3" t="265" w="275" /><ent r="5" t="266" w="374" /><ent r="3" t="282" w="566" /><ent r="3" t="282" w="566" /><ent r="3" t="282" w="576" /><ent r="3" t="282" w="576" /><ent r="4" t="284" w="699" /><ent r="4" t="284" w="699" /><ent r="3" t="284" w="716" /><ent r="3" t="284" w="716" /><ent r="3" t="284" w="726" /><ent r="3" t="284" w="726" /><ent r="3" t="284" w="742" /><ent r="3" t="284" w="742" /><ent r="6" t="284" w="1110" /><ent r="6" t="284" w="1110" /><ent r="5" t="284" w="1114" /><ent r="5" t="284" w="1114" /><ent r="7" t="351" w="445" /><ent r="7" t="351" w="445" /><ent r="7" t="378" w="134" /><ent r="7" t="378" w="134" /><ent r="7" t="378" w="139" /><ent r="7" t="378" w="139" /><ent r="7" t="395" w="141" /><ent r="67" t="399" w="452" /><ent r="67" t="399" w="467" /><ent r="72" t="399" w="1396" /><ent r="72" t="399" w="1455" /><ent r="7" t="433" w="240" /><ent r="7" t="433" w="240" /><ent r="5" t="436" w="24" /><ent r="7" t="436" w="61" /><ent r="5" t="437" w="27" /><ent r="7" t="437" w="70" /><ent r="7" t="446" w="95" /><ent r="7" t="476" w="116" /><ent r="7" t="476" w="116" /><ent r="7" t="487" w="264" /><ent r="7" t="487" w="264" /><ent r="7" t="490" w="181" /><ent r="7" t="490" w="181" /><ent r="7" t="490" w="195" /><ent r="7" t="490" w="195" /><ent r="7" t="492" w="156" /><ent r="7" t="492" w="156" /><ent r="7" t="492" w="170" /><ent r="7" t="492" w="170" /><ent r="7" t="493" w="183" /><ent r="7" t="493" w="183" /><ent r="7" t="493" w="197" /><ent r="7" t="493" w="197" /></phr><phr n="FIX"><ent r="6" t="390" w="309" /><ent r="6" t="390" w="312" /></phr><phr n="Fixes"><ent r="3" t="404" w="387" /><ent r="3" t="404" w="387" /><ent r="3" t="404" w="401" /><ent r="3" t="404" w="401" /><ent r="3" t="404" w="495" /><ent r="3" t="404" w="495" /></phr></stem></index>