<?xml version="1.0" encoding="utf-8"?><index><!-- saved from url=(0016)http://localhost -->
<stem n="spend"><phr n="spend"><ent r="3" t="0" w="119" /><ent r="3" t="0" w="119" /><ent r="4" t="414" w="225" /><ent r="4" t="414" w="225" /></phr></stem><stem n="time"><phr n="time"><ent r="3" t="0" w="121" /><ent r="3" t="0" w="121" /><ent r="3" t="6" w="174" /><ent r="3" t="6" w="174" /><ent r="3" t="7" w="136" /><ent r="3" t="7" w="136" /><ent r="3" t="7" w="150" /><ent r="3" t="8" w="100" /><ent r="3" t="8" w="100" /><ent r="3" t="11" w="342" /><ent r="3" t="11" w="932" /><ent r="3" t="11" w="932" /><ent r="3" t="13" w="101" /><ent r="3" t="13" w="101" /><ent r="3" t="13" w="145" /><ent r="3" t="13" w="179" /><ent r="3" t="14" w="396" /><ent r="3" t="14" w="396" /><ent r="6" t="16" w="51" /><ent r="6" t="16" w="51" /><ent r="3" t="17" w="35" /><ent r="1000" t="25" w="4" /><ent r="1000" t="25" w="4" /><ent r="92" t="25" w="10" /><ent r="92" t="25" w="10" /><ent r="3" t="25" w="23" /><ent r="3" t="25" w="23" /><ent r="3" t="25" w="28" /><ent r="3" t="25" w="28" /><ent r="3" t="25" w="32" /><ent r="3" t="25" w="32" /><ent r="3" t="25" w="138" /><ent r="3" t="25" w="138" /><ent r="3" t="25" w="188" /><ent r="3" t="25" w="188" /><ent r="1000" t="26" w="2" /><ent r="1000" t="26" w="2" /><ent r="92" t="26" w="6" /><ent r="92" t="26" w="6" /><ent r="3" t="26" w="10" /><ent r="3" t="26" w="10" /><ent r="3" t="26" w="38" /><ent r="3" t="26" w="38" /><ent r="4" t="26" w="85" /><ent r="4" t="26" w="85" /><ent r="5" t="26" w="105" /><ent r="5" t="26" w="105" /><ent r="5" t="26" w="113" /><ent r="5" t="26" w="113" /><ent r="5" t="26" w="124" /><ent r="5" t="26" w="124" /><ent r="5" t="26" w="131" /><ent r="5" t="26" w="131" /><ent r="4" t="26" w="162" /><ent r="4" t="26" w="162" /><ent r="3" t="26" w="218" /><ent r="3" t="26" w="218" /><ent r="3" t="26" w="236" /><ent r="3" t="26" w="236" /><ent r="3" t="26" w="246" /><ent r="3" t="26" w="246" /><ent r="3" t="43" w="363" /><ent r="3" t="43" w="363" /><ent r="3" t="44" w="101" /><ent r="3" t="44" w="101" /><ent r="3" t="44" w="145" /><ent r="3" t="44" w="179" /><ent r="6" t="47" w="51" /><ent r="6" t="47" w="51" /><ent r="3" t="48" w="35" /><ent r="1000" t="56" w="4" /><ent r="1000" t="56" w="4" /><ent r="92" t="56" w="10" /><ent r="92" t="56" w="10" /><ent r="3" t="56" w="23" /><ent r="3" t="56" w="23" /><ent r="3" t="56" w="28" /><ent r="3" t="56" w="28" /><ent r="3" t="56" w="32" /><ent r="3" t="56" w="32" /><ent r="3" t="56" w="138" /><ent r="3" t="56" w="138" /><ent r="3" t="56" w="188" /><ent r="3" t="56" w="188" /><ent r="1000" t="58" w="2" /><ent r="1000" t="58" w="2" /><ent r="92" t="58" w="6" /><ent r="92" t="58" w="6" /><ent r="3" t="58" w="10" /><ent r="3" t="58" w="10" /><ent r="3" t="58" w="38" /><ent r="3" t="58" w="38" /><ent r="4" t="58" w="85" /><ent r="4" t="58" w="85" /><ent r="5" t="58" w="105" /><ent r="5" t="58" w="105" /><ent r="5" t="58" w="113" /><ent r="5" t="58" w="113" /><ent r="5" t="58" w="124" /><ent r="5" t="58" w="124" /><ent r="5" t="58" w="131" /><ent r="5" t="58" w="131" /><ent r="4" t="58" w="162" /><ent r="4" t="58" w="162" /><ent r="3" t="58" w="218" /><ent r="3" t="58" w="218" /><ent r="3" t="58" w="236" /><ent r="3" t="58" w="236" /><ent r="3" t="58" w="246" /><ent r="3" t="58" w="246" /><ent r="3" t="69" w="161" /><ent r="3" t="69" w="161" /><ent r="3" t="69" w="253" /><ent r="3" t="69" w="253" /><ent r="3" t="69" w="297" /><ent r="3" t="69" w="331" /><ent r="6" t="71" w="51" /><ent r="6" t="71" w="51" /><ent r="3" t="72" w="35" /><ent r="3" t="95" w="208" /><ent r="3" t="95" w="242" /><ent r="4" t="96" w="98" /><ent r="4" t="96" w="98" /><ent r="6" t="98" w="51" /><ent r="6" t="98" w="51" /><ent r="3" t="99" w="35" /><ent r="6" t="106" w="1965" /><ent r="6" t="106" w="1965" /><ent r="6" t="106" w="1998" /><ent r="1000" t="107" w="4" /><ent r="1000" t="107" w="4" /><ent r="92" t="107" w="10" /><ent r="92" t="107" w="10" /><ent r="3" t="107" w="23" /><ent r="3" t="107" w="23" /><ent r="3" t="107" w="28" /><ent r="3" t="107" w="28" /><ent r="3" t="107" w="32" /><ent r="3" t="107" w="32" /><ent r="3" t="107" w="138" /><ent r="3" t="107" w="138" /><ent r="3" t="107" w="188" /><ent r="3" t="107" w="188" /><ent r="1000" t="109" w="2" /><ent r="1000" t="109" w="2" /><ent r="92" t="109" w="6" /><ent r="92" t="109" w="6" /><ent r="3" t="109" w="10" /><ent r="3" t="109" w="10" /><ent r="3" t="109" w="38" /><ent r="3" t="109" w="38" /><ent r="4" t="109" w="85" /><ent r="4" t="109" w="85" /><ent r="5" t="109" w="105" /><ent r="5" t="109" w="105" /><ent r="5" t="109" w="113" /><ent r="5" t="109" w="113" /><ent r="5" t="109" w="124" /><ent r="5" t="109" w="124" /><ent r="5" t="109" w="131" /><ent r="5" t="109" w="131" /><ent r="4" t="109" w="162" /><ent r="4" t="109" w="162" /><ent r="3" t="109" w="218" /><ent r="3" t="109" w="218" /><ent r="3" t="109" w="236" /><ent r="3" t="109" w="236" /><ent r="3" t="109" w="246" /><ent r="3" t="109" w="246" /><ent r="6" t="111" w="248" /><ent r="6" t="111" w="248" /><ent r="3" t="124" w="255" /><ent r="3" t="124" w="289" /><ent r="5" t="125" w="102" /><ent r="5" t="125" w="102" /><ent r="7" t="131" w="337" /><ent r="7" t="131" w="337" /><ent r="7" t="134" w="244" /><ent r="7" t="134" w="244" /><ent r="3" t="146" w="359" /><ent r="3" t="146" w="359" /><ent r="3" t="146" w="399" /><ent r="3" t="146" w="399" /><ent r="3" t="147" w="101" /><ent r="3" t="147" w="101" /><ent r="3" t="147" w="145" /><ent r="3" t="147" w="179" /><ent r="9" t="150" w="42" /><ent r="9" t="150" w="42" /><ent r="6" t="150" w="256" /><ent r="6" t="150" w="256" /><ent r="9" t="165" w="42" /><ent r="9" t="165" w="42" /><ent r="6" t="165" w="255" /><ent r="6" t="165" w="255" /><ent r="3" t="172" w="101" /><ent r="3" t="172" w="101" /><ent r="3" t="172" w="145" /><ent r="3" t="172" w="179" /><ent r="9" t="175" w="109" /><ent r="9" t="175" w="109" /><ent r="6" t="175" w="238" /><ent r="6" t="175" w="238" /><ent r="1000" t="182" w="4" /><ent r="1000" t="182" w="4" /><ent r="92" t="182" w="10" /><ent r="92" t="182" w="10" /><ent r="3" t="182" w="23" /><ent r="3" t="182" w="23" /><ent r="3" t="182" w="28" /><ent r="3" t="182" w="28" /><ent r="3" t="182" w="32" /><ent r="3" t="182" w="32" /><ent r="3" t="182" w="138" /><ent r="3" t="182" w="138" /><ent r="3" t="182" w="188" /><ent r="3" t="182" w="188" /><ent r="1000" t="183" w="2" /><ent r="1000" t="183" w="2" /><ent r="92" t="183" w="6" /><ent r="92" t="183" w="6" /><ent r="3" t="183" w="10" /><ent r="3" t="183" w="10" /><ent r="3" t="183" w="38" /><ent r="3" t="183" w="38" /><ent r="4" t="183" w="85" /><ent r="4" t="183" w="85" /><ent r="5" t="183" w="105" /><ent r="5" t="183" w="105" /><ent r="5" t="183" w="113" /><ent r="5" t="183" w="113" /><ent r="5" t="183" w="124" /><ent r="5" t="183" w="124" /><ent r="5" t="183" w="131" /><ent r="5" t="183" w="131" /><ent r="4" t="183" w="162" /><ent r="4" t="183" w="162" /><ent r="3" t="183" w="218" /><ent r="3" t="183" w="218" /><ent r="3" t="183" w="236" /><ent r="3" t="183" w="236" /><ent r="3" t="183" w="246" /><ent r="3" t="183" w="246" /><ent r="7" t="188" w="201" /><ent r="3" t="194" w="57" /><ent r="3" t="198" w="101" /><ent r="3" t="198" w="101" /><ent r="3" t="198" w="145" /><ent r="3" t="198" w="179" /><ent r="9" t="201" w="154" /><ent r="9" t="201" w="154" /><ent r="6" t="201" w="297" /><ent r="6" t="201" w="297" /><ent r="1000" t="208" w="4" /><ent r="1000" t="208" w="4" /><ent r="92" t="208" w="10" /><ent r="92" t="208" w="10" /><ent r="3" t="208" w="23" /><ent r="3" t="208" w="23" /><ent r="3" t="208" w="28" /><ent r="3" t="208" w="28" /><ent r="3" t="208" w="32" /><ent r="3" t="208" w="32" /><ent r="3" t="208" w="138" /><ent r="3" t="208" w="138" /><ent r="3" t="208" w="188" /><ent r="3" t="208" w="188" /><ent r="1000" t="209" w="2" /><ent r="1000" t="209" w="2" /><ent r="92" t="209" w="6" /><ent r="92" t="209" w="6" /><ent r="3" t="209" w="10" /><ent r="3" t="209" w="10" /><ent r="3" t="209" w="38" /><ent r="3" t="209" w="38" /><ent r="4" t="209" w="85" /><ent r="4" t="209" w="85" /><ent r="5" t="209" w="105" /><ent r="5" t="209" w="105" /><ent r="5" t="209" w="113" /><ent r="5" t="209" w="113" /><ent r="5" t="209" w="124" /><ent r="5" t="209" w="124" /><ent r="5" t="209" w="131" /><ent r="5" t="209" w="131" /><ent r="4" t="209" w="162" /><ent r="4" t="209" w="162" /><ent r="3" t="209" w="218" /><ent r="3" t="209" w="218" /><ent r="3" t="209" w="236" /><ent r="3" t="209" w="236" /><ent r="3" t="209" w="246" /><ent r="3" t="209" w="246" /><ent r="7" t="215" w="201" /><ent r="3" t="218" w="57" /><ent r="9" t="227" w="154" /><ent r="9" t="227" w="154" /><ent r="6" t="227" w="279" /><ent r="6" t="227" w="279" /><ent r="7" t="235" w="22" /><ent r="7" t="235" w="22" /><ent r="7" t="235" w="30" /><ent r="7" t="235" w="30" /><ent r="7" t="235" w="146" /><ent r="7" t="235" w="167" /><ent r="7" t="235" w="196" /><ent r="7" t="235" w="512" /><ent r="7" t="235" w="576" /><ent r="7" t="235" w="604" /><ent r="7" t="235" w="658" /><ent r="7" t="235" w="658" /><ent r="68" t="235" w="863" /><ent r="7" t="235" w="934" /><ent r="68" t="235" w="952" /><ent r="7" t="235" w="1301" /><ent r="7" t="235" w="1346" /><ent r="7" t="235" w="2622" /><ent r="8" t="235" w="2631" /><ent r="7" t="235" w="2640" /><ent r="7" t="235" w="2694" /><ent r="7" t="235" w="2814" /><ent r="7" t="235" w="2814" /><ent r="7" t="235" w="2841" /><ent r="7" t="235" w="2916" /><ent r="68" t="235" w="2921" /><ent r="7" t="235" w="3209" /><ent r="7" t="235" w="3209" /><ent r="7" t="235" w="3216" /><ent r="7" t="235" w="3216" /><ent r="7" t="235" w="3349" /><ent r="7" t="235" w="3349" /><ent r="3" t="239" w="249" /><ent r="3" t="239" w="249" /><ent r="7" t="242" w="520" /><ent r="7" t="242" w="520" /><ent r="7" t="242" w="628" /><ent r="7" t="242" w="628" /><ent r="7" t="242" w="647" /><ent r="7" t="242" w="647" /><ent r="5" t="242" w="1005" /><ent r="5" t="242" w="1005" /><ent r="5" t="242" w="1268" /><ent r="5" t="242" w="1268" /><ent r="5" t="242" w="1295" /><ent r="5" t="242" w="1295" /><ent r="5" t="242" w="1303" /><ent r="5" t="242" w="1303" /><ent r="5" t="242" w="1324" /><ent r="5" t="242" w="1324" /><ent r="3" t="242" w="1341" /><ent r="3" t="242" w="1341" /><ent r="3" t="242" w="1540" /><ent r="3" t="242" w="1540" /><ent r="5" t="242" w="1787" /><ent r="5" t="242" w="1787" /><ent r="3" t="242" w="1810" /><ent r="3" t="242" w="1810" /><ent r="3" t="243" w="23" /><ent r="5" t="243" w="133" /><ent r="5" t="243" w="167" /><ent r="5" t="243" w="167" /><ent r="3" t="244" w="762" /><ent r="3" t="244" w="762" /><ent r="5" t="244" w="977" /><ent r="5" t="244" w="977" /><ent r="3" t="259" w="35" /><ent r="3" t="259" w="35" /><ent r="3" t="260" w="14" /><ent r="3" t="260" w="14" /><ent r="3" t="263" w="102" /><ent r="3" t="263" w="102" /><ent r="3" t="265" w="286" /><ent r="3" t="265" w="286" /><ent r="3" t="265" w="348" /><ent r="3" t="265" w="348" /><ent r="3" t="265" w="427" /><ent r="3" t="265" w="427" /><ent r="3" t="265" w="467" /><ent r="3" t="268" w="341" /><ent r="3" t="268" w="341" /><ent r="3" t="268" w="360" /><ent r="3" t="268" w="360" /><ent r="4" t="270" w="560" /><ent r="5" t="271" w="238" /><ent r="5" t="271" w="314" /><ent r="5" t="271" w="314" /><ent r="3" t="276" w="1999" /><ent r="3" t="276" w="1999" /><ent r="3" t="276" w="3296" /><ent r="3" t="276" w="3296" /><ent r="3" t="276" w="3301" /><ent r="3" t="276" w="3301" /><ent r="3" t="279" w="335" /><ent r="3" t="279" w="335" /><ent r="3" t="284" w="560" /><ent r="3" t="284" w="560" /><ent r="4" t="288" w="848" /><ent r="4" t="288" w="848" /><ent r="3" t="288" w="861" /><ent r="4" t="288" w="865" /><ent r="4" t="288" w="865" /><ent r="3" t="288" w="878" /><ent r="3" t="288" w="888" /><ent r="3" t="288" w="888" /><ent r="3" t="288" w="899" /><ent r="3" t="295" w="61" /><ent r="3" t="295" w="61" /><ent r="3" t="295" w="79" /><ent r="3" t="295" w="87" /><ent r="3" t="295" w="87" /><ent r="3" t="295" w="115" /><ent r="3" t="295" w="115" /><ent r="3" t="295" w="119" /><ent r="3" t="295" w="119" /><ent r="3" t="295" w="166" /><ent r="3" t="295" w="166" /><ent r="3" t="295" w="193" /><ent r="3" t="295" w="193" /><ent r="3" t="295" w="204" /><ent r="3" t="295" w="204" /><ent r="3" t="296" w="185" /><ent r="3" t="296" w="185" /><ent r="3" t="296" w="492" /><ent r="3" t="296" w="492" /><ent r="5" t="312" w="894" /><ent r="5" t="312" w="894" /><ent r="3" t="326" w="71" /><ent r="67" t="330" w="65" /><ent r="67" t="330" w="76" /><ent r="6" t="332" w="418" /><ent r="6" t="339" w="147" /><ent r="6" t="340" w="114" /><ent r="6" t="342" w="227" /><ent r="6" t="342" w="227" /><ent r="6" t="343" w="119" /><ent r="6" t="343" w="143" /><ent r="6" t="343" w="164" /><ent r="6" t="343" w="164" /><ent r="6" t="343" w="201" /><ent r="6" t="343" w="201" /><ent r="6" t="343" w="275" /><ent r="6" t="343" w="275" /><ent r="8" t="343" w="318" /><ent r="8" t="343" w="318" /><ent r="6" t="343" w="642" /><ent r="6" t="343" w="642" /><ent r="6" t="343" w="660" /><ent r="6" t="343" w="660" /><ent r="6" t="343" w="692" /><ent r="6" t="343" w="707" /><ent r="6" t="343" w="707" /><ent r="1000" t="347" w="7" /><ent r="92" t="347" w="18" /><ent r="7" t="347" w="289" /><ent r="7" t="347" w="307" /><ent r="1000" t="348" w="7" /><ent r="92" t="348" w="18" /><ent r="8" t="348" w="342" /><ent r="8" t="348" w="361" /><ent r="8" t="348" w="555" /><ent r="70" t="348" w="612" /><ent r="70" t="348" w="626" /><ent r="8" t="348" w="659" /><ent r="1000" t="349" w="6" /><ent r="92" t="349" w="20" /><ent r="65" t="349" w="64" /><ent r="6" t="349" w="77" /><ent r="6" t="349" w="113" /><ent r="6" t="349" w="113" /><ent r="1000" t="350" w="6" /><ent r="92" t="350" w="20" /><ent r="65" t="350" w="64" /><ent r="6" t="350" w="77" /><ent r="6" t="350" w="113" /><ent r="6" t="350" w="113" /><ent r="6" t="351" w="246" /><ent r="6" t="351" w="246" /><ent r="6" t="352" w="163" /><ent r="6" t="352" w="163" /><ent r="6" t="352" w="171" /><ent r="6" t="352" w="171" /><ent r="6" t="353" w="138" /><ent r="6" t="353" w="138" /><ent r="7" t="353" w="910" /><ent r="7" t="353" w="910" /><ent r="7" t="353" w="952" /><ent r="7" t="353" w="952" /><ent r="6" t="360" w="134" /><ent r="6" t="360" w="134" /><ent r="3" t="362" w="20" /><ent r="68" t="372" w="804" /><ent r="68" t="372" w="830" /><ent r="82" t="372" w="1671" /><ent r="82" t="372" w="1752" /><ent r="6" t="374" w="211" /><ent r="6" t="374" w="211" /><ent r="6" t="374" w="225" /><ent r="6" t="374" w="225" /><ent r="3" t="382" w="216" /><ent r="3" t="382" w="216" /><ent r="7" t="393" w="235" /><ent r="7" t="393" w="235" /><ent r="7" t="393" w="438" /><ent r="7" t="393" w="438" /><ent r="7" t="395" w="133" /><ent r="7" t="395" w="133" /><ent r="7" t="395" w="210" /><ent r="7" t="395" w="210" /><ent r="5" t="400" w="713" /><ent r="5" t="400" w="1354" /><ent r="5" t="400" w="1354" /><ent r="5" t="400" w="1554" /><ent r="5" t="400" w="1554" /><ent r="5" t="400" w="1821" /><ent r="5" t="400" w="1821" /><ent r="5" t="400" w="1864" /><ent r="5" t="400" w="1864" /><ent r="3" t="401" w="533" /><ent r="3" t="401" w="595" /><ent r="3" t="402" w="1165" /><ent r="3" t="402" w="1165" /><ent r="3" t="402" w="1173" /><ent r="3" t="402" w="1173" /><ent r="67" t="412" w="18" /><ent r="67" t="412" w="18" /><ent r="67" t="412" w="22" /><ent r="67" t="412" w="22" /><ent r="67" t="412" w="59" /><ent r="67" t="412" w="59" /><ent r="67" t="412" w="63" /><ent r="67" t="412" w="63" /><ent r="67" t="412" w="100" /><ent r="67" t="412" w="100" /><ent r="67" t="412" w="104" /><ent r="67" t="412" w="104" /><ent r="67" t="412" w="150" /><ent r="67" t="412" w="150" /><ent r="67" t="412" w="154" /><ent r="67" t="412" w="154" /><ent r="67" t="412" w="212" /><ent r="67" t="412" w="212" /><ent r="67" t="412" w="216" /><ent r="67" t="412" w="216" /><ent r="67" t="412" w="254" /><ent r="67" t="412" w="254" /><ent r="67" t="412" w="258" /><ent r="67" t="412" w="258" /><ent r="4" t="414" w="203" /><ent r="4" t="414" w="227" /><ent r="4" t="414" w="227" /><ent r="3" t="421" w="119" /><ent r="5" t="422" w="139" /><ent r="5" t="422" w="139" /><ent r="5" t="422" w="156" /><ent r="5" t="422" w="156" /><ent r="3" t="422" w="266" /><ent r="3" t="422" w="266" /><ent r="3" t="422" w="289" /><ent r="5" t="422" w="544" /><ent r="5" t="422" w="544" /><ent r="5" t="422" w="734" /><ent r="5" t="422" w="734" /><ent r="5" t="422" w="740" /><ent r="5" t="422" w="740" /><ent r="5" t="422" w="752" /><ent r="5" t="422" w="752" /><ent r="5" t="422" w="766" /><ent r="5" t="422" w="766" /><ent r="5" t="422" w="786" /><ent r="4" t="422" w="985" /><ent r="4" t="422" w="985" /><ent r="4" t="422" w="990" /><ent r="4" t="422" w="1057" /><ent r="4" t="422" w="1057" /><ent r="4" t="422" w="1062" /><ent r="3" t="423" w="59" /><ent r="3" t="423" w="59" /><ent r="3" t="423" w="96" /><ent r="3" t="427" w="222" /><ent r="5" t="427" w="378" /><ent r="5" t="427" w="378" /><ent r="5" t="427" w="469" /><ent r="5" t="427" w="469" /><ent r="5" t="427" w="475" /><ent r="5" t="427" w="475" /><ent r="5" t="427" w="487" /><ent r="5" t="427" w="487" /><ent r="5" t="427" w="501" /><ent r="5" t="427" w="501" /><ent r="5" t="427" w="521" /><ent r="7" t="432" w="145" /><ent r="7" t="432" w="145" /><ent r="7" t="432" w="152" /><ent r="7" t="432" w="152" /><ent r="7" t="433" w="87" /><ent r="7" t="433" w="87" /><ent r="7" t="433" w="106" /><ent r="7" t="433" w="106" /><ent r="7" t="433" w="114" /><ent r="7" t="433" w="114" /><ent r="7" t="434" w="105" /><ent r="7" t="434" w="105" /><ent r="3" t="445" w="15" /><ent r="3" t="445" w="15" /><ent r="7" t="445" w="89" /><ent r="7" t="445" w="89" /><ent r="7" t="445" w="263" /><ent r="7" t="445" w="263" /><ent r="3" t="452" w="13" /><ent r="3" t="452" w="13" /><ent r="5" t="452" w="22" /><ent r="7" t="452" w="67" /><ent r="7" t="452" w="67" /><ent r="7" t="452" w="88" /><ent r="7" t="452" w="88" /><ent r="7" t="452" w="96" /><ent r="3" t="454" w="13" /><ent r="3" t="454" w="13" /><ent r="5" t="454" w="22" /><ent r="5" t="454" w="36" /><ent r="5" t="454" w="36" /><ent r="7" t="454" w="123" /><ent r="7" t="454" w="123" /><ent r="7" t="454" w="138" /><ent r="7" t="454" w="138" /><ent r="3" t="463" w="124" /><ent r="3" t="463" w="124" /><ent r="3" t="463" w="255" /><ent r="3" t="463" w="289" /><ent r="72" t="476" w="15" /><ent r="72" t="476" w="15" /><ent r="7" t="477" w="370" /><ent r="7" t="477" w="370" /><ent r="7" t="484" w="54" /><ent r="7" t="484" w="54" /><ent r="7" t="487" w="107" /><ent r="7" t="487" w="107" /><ent r="7" t="488" w="300" /><ent r="7" t="488" w="300" /><ent r="7" t="489" w="73" /><ent r="7" t="489" w="73" /><ent r="72" t="494" w="14" /><ent r="72" t="494" w="14" /><ent r="72" t="497" w="18" /><ent r="72" t="497" w="18" /><ent r="7" t="497" w="84" /><ent r="7" t="497" w="84" /><ent r="7" t="497" w="99" /><ent r="7" t="497" w="99" /><ent r="3" t="497" w="142" /><ent r="3" t="497" w="142" /></phr><phr n="times"><ent r="3" t="4" w="258" /><ent r="3" t="4" w="258" /><ent r="3" t="11" w="293" /><ent r="3" t="11" w="296" /><ent r="3" t="11" w="296" /><ent r="3" t="11" w="663" /><ent r="3" t="11" w="663" /><ent r="3" t="25" w="157" /><ent r="3" t="25" w="157" /><ent r="3" t="56" w="157" /><ent r="3" t="56" w="157" /><ent r="3" t="107" w="157" /><ent r="3" t="107" w="157" /><ent r="3" t="182" w="157" /><ent r="3" t="182" w="157" /><ent r="3" t="208" w="157" /><ent r="3" t="208" w="157" /><ent r="5" t="243" w="321" /><ent r="5" t="243" w="321" /><ent r="3" t="260" w="74" /><ent r="3" t="260" w="79" /><ent r="3" t="260" w="79" /><ent r="3" t="260" w="109" /><ent r="3" t="260" w="148" /><ent r="3" t="260" w="148" /><ent r="3" t="261" w="23" /><ent r="3" t="261" w="23" /><ent r="3" t="261" w="60" /><ent r="3" t="261" w="65" /><ent r="3" t="261" w="65" /><ent r="3" t="261" w="95" /><ent r="5" t="311" w="300" /><ent r="5" t="311" w="300" /><ent r="3" t="314" w="1281" /><ent r="3" t="314" w="1281" /><ent r="3" t="422" w="64" /><ent r="5" t="422" w="189" /><ent r="5" t="422" w="189" /></phr><phr n="Time"><ent r="3" t="6" w="10" /><ent r="3" t="17" w="8" /><ent r="3" t="17" w="8" /><ent r="6" t="17" w="55" /><ent r="6" t="17" w="55" /><ent r="6" t="20" w="129" /><ent r="6" t="20" w="129" /><ent r="3" t="26" w="22" /><ent r="3" t="26" w="22" /><ent r="3" t="48" w="8" /><ent r="3" t="48" w="8" /><ent r="6" t="48" w="55" /><ent r="6" t="48" w="55" /><ent r="6" t="51" w="129" /><ent r="6" t="51" w="129" /><ent r="3" t="58" w="22" /><ent r="3" t="58" w="22" /><ent r="3" t="72" w="8" /><ent r="3" t="72" w="8" /><ent r="6" t="72" w="55" /><ent r="6" t="72" w="55" /><ent r="6" t="75" w="160" /><ent r="6" t="75" w="160" /><ent r="3" t="99" w="8" /><ent r="3" t="99" w="8" /><ent r="6" t="99" w="55" /><ent r="6" t="99" w="55" /><ent r="7" t="102" w="129" /><ent r="7" t="102" w="129" /><ent r="3" t="109" w="22" /><ent r="3" t="109" w="22" /><ent r="6" t="154" w="123" /><ent r="6" t="154" w="123" /><ent r="6" t="168" w="134" /><ent r="6" t="168" w="134" /><ent r="6" t="179" w="131" /><ent r="6" t="179" w="131" /><ent r="3" t="183" w="22" /><ent r="3" t="183" w="22" /><ent r="6" t="205" w="131" /><ent r="6" t="205" w="131" /><ent r="3" t="209" w="22" /><ent r="3" t="209" w="22" /><ent r="6" t="231" w="131" /><ent r="6" t="231" w="131" /><ent r="7" t="235" w="3206" /><ent r="7" t="235" w="3206" /><ent r="7" t="242" w="376" /><ent r="5" t="242" w="1776" /><ent r="5" t="242" w="1776" /><ent r="4" t="242" w="1795" /><ent r="4" t="242" w="1795" /><ent r="5" t="244" w="966" /><ent r="5" t="244" w="966" /><ent r="72" t="276" w="3263" /><ent r="72" t="276" w="3263" /><ent r="3" t="276" w="3274" /><ent r="3" t="276" w="3274" /><ent r="4" t="276" w="3287" /><ent r="4" t="276" w="3287" /><ent r="3" t="276" w="3293" /><ent r="3" t="276" w="3293" /><ent r="3" t="295" w="15" /><ent r="3" t="295" w="15" /><ent r="4" t="295" w="26" /><ent r="4" t="295" w="26" /><ent r="4" t="296" w="182" /><ent r="4" t="296" w="182" /><ent r="3" t="341" w="28" /><ent r="3" t="341" w="28" /><ent r="6" t="343" w="135" /><ent r="6" t="343" w="135" /><ent r="6" t="343" w="194" /><ent r="6" t="343" w="194" /><ent r="6" t="343" w="249" /><ent r="6" t="343" w="249" /><ent r="6" t="343" w="373" /><ent r="6" t="343" w="373" /><ent r="3" t="347" w="44" /><ent r="3" t="347" w="98" /><ent r="6" t="347" w="206" /><ent r="3" t="348" w="45" /><ent r="3" t="348" w="84" /><ent r="4" t="348" w="106" /><ent r="8" t="349" w="191" /><ent r="8" t="350" w="191" /><ent r="7" t="353" w="931" /><ent r="7" t="353" w="931" /><ent r="6" t="354" w="56" /><ent r="6" t="354" w="56" /><ent r="6" t="372" w="1695" /><ent r="7" t="393" w="222" /><ent r="7" t="393" w="320" /><ent r="7" t="393" w="363" /><ent r="7" t="393" w="374" /><ent r="7" t="393" w="391" /><ent r="7" t="393" w="410" /><ent r="7" t="393" w="410" /><ent r="7" t="394" w="199" /><ent r="7" t="394" w="199" /><ent r="7" t="394" w="201" /><ent r="7" t="394" w="201" /><ent r="7" t="394" w="207" /><ent r="7" t="394" w="207" /><ent r="68" t="395" w="128" /><ent r="68" t="395" w="128" /><ent r="68" t="395" w="207" /><ent r="68" t="395" w="207" /><ent r="7" t="396" w="169" /><ent r="7" t="396" w="169" /><ent r="67" t="399" w="501" /><ent r="67" t="399" w="501" /><ent r="67" t="399" w="532" /><ent r="67" t="399" w="532" /><ent r="72" t="399" w="1231" /><ent r="72" t="399" w="1231" /><ent r="72" t="399" w="1652" /><ent r="72" t="399" w="1652" /><ent r="3" t="399" w="1669" /><ent r="3" t="399" w="1669" /><ent r="3" t="399" w="2466" /><ent r="3" t="402" w="1145" /><ent r="3" t="402" w="1145" /><ent r="4" t="422" w="248" /><ent r="4" t="422" w="248" /><ent r="4" t="428" w="29" /><ent r="4" t="428" w="29" /><ent r="7" t="438" w="274" /><ent r="7" t="438" w="274" /><ent r="7" t="444" w="115" /><ent r="7" t="444" w="115" /><ent r="72" t="452" w="41" /><ent r="72" t="452" w="41" /><ent r="7" t="454" w="91" /><ent r="7" t="454" w="91" /><ent r="7" t="454" w="158" /><ent r="7" t="454" w="158" /><ent r="72" t="475" w="11" /><ent r="7" t="475" w="137" /><ent r="7" t="475" w="144" /><ent r="7" t="477" w="350" /><ent r="7" t="477" w="350" /><ent r="72" t="486" w="13" /><ent r="72" t="489" w="13" /><ent r="7" t="493" w="110" /><ent r="7" t="493" w="110" /><ent r="7" t="493" w="120" /><ent r="7" t="493" w="120" /><ent r="7" t="493" w="129" /><ent r="7" t="493" w="129" /></phr><phr n="timing"><ent r="3" t="11" w="512" /><ent r="3" t="11" w="512" /><ent r="7" t="235" w="13" /><ent r="3" t="240" w="834" /></phr><phr n="TIME"><ent r="6" t="339" w="129" /><ent r="6" t="339" w="129" /><ent r="6" t="340" w="100" /><ent r="6" t="340" w="100" /><ent r="6" t="342" w="191" /><ent r="6" t="342" w="191" /><ent r="6" t="343" w="107" /><ent r="6" t="343" w="107" /><ent r="6" t="343" w="125" /><ent r="6" t="343" w="125" /><ent r="6" t="343" w="129" /><ent r="6" t="343" w="129" /><ent r="6" t="343" w="153" /><ent r="6" t="343" w="153" /><ent r="6" t="343" w="184" /><ent r="6" t="343" w="184" /><ent r="6" t="343" w="188" /><ent r="6" t="343" w="188" /><ent r="6" t="343" w="242" /><ent r="6" t="343" w="242" /><ent r="6" t="343" w="368" /><ent r="6" t="343" w="368" /><ent r="6" t="349" w="105" /><ent r="6" t="349" w="105" /><ent r="6" t="350" w="105" /><ent r="6" t="350" w="105" /><ent r="6" t="353" w="130" /><ent r="6" t="353" w="130" /><ent r="6" t="353" w="792" /><ent r="6" t="353" w="792" /><ent r="6" t="353" w="810" /><ent r="6" t="353" w="810" /><ent r="6" t="372" w="793" /><ent r="6" t="372" w="819" /><ent r="6" t="372" w="1526" /><ent r="6" t="372" w="1526" /><ent r="6" t="372" w="1610" /><ent r="6" t="372" w="1610" /><ent r="6" t="372" w="1615" /><ent r="6" t="372" w="1615" /><ent r="6" t="400" w="697" /><ent r="6" t="400" w="697" /><ent r="6" t="400" w="951" /><ent r="6" t="400" w="951" /><ent r="6" t="400" w="1342" /><ent r="6" t="400" w="1342" /><ent r="6" t="400" w="1542" /><ent r="6" t="400" w="1542" /><ent r="6" t="400" w="1809" /><ent r="6" t="400" w="1809" /><ent r="6" t="400" w="1852" /><ent r="6" t="400" w="1852" /><ent r="7" t="400" w="1969" /><ent r="7" t="400" w="1969" /><ent r="1000" t="452" w="3" /><ent r="1000" t="452" w="3" /><ent r="82" t="452" w="7" /><ent r="82" t="452" w="7" /></phr></stem><stem n="read"><phr n="reading"><ent r="3" t="0" w="122" /><ent r="3" t="0" w="122" /><ent r="4" t="414" w="228" /><ent r="4" t="414" w="228" /></phr><phr n="readings"><ent r="3" t="26" w="237" /><ent r="3" t="26" w="237" /><ent r="3" t="26" w="247" /><ent r="3" t="26" w="247" /><ent r="3" t="58" w="237" /><ent r="3" t="58" w="237" /><ent r="3" t="58" w="247" /><ent r="3" t="58" w="247" /><ent r="3" t="109" w="237" /><ent r="3" t="109" w="237" /><ent r="3" t="109" w="247" /><ent r="3" t="109" w="247" /><ent r="3" t="183" w="237" /><ent r="3" t="183" w="237" /><ent r="3" t="183" w="247" /><ent r="3" t="183" w="247" /><ent r="3" t="209" w="237" /><ent r="3" t="209" w="237" /><ent r="3" t="209" w="247" /><ent r="3" t="209" w="247" /></phr><phr n="read"><ent r="3" t="234" w="24" /><ent r="3" t="234" w="24" /></phr><phr n="Read"><ent r="3" t="320" w="115" /></phr><phr n="Reading"><ent r="1000" t="327" w="1" /><ent r="1000" t="327" w="1" /><ent r="92" t="327" w="5" /><ent r="92" t="327" w="5" /><ent r="1000" t="397" w="3" /><ent r="1000" t="397" w="3" /><ent r="82" t="397" w="11" /><ent r="82" t="397" w="11" /><ent r="67" t="418" w="9" /><ent r="67" t="418" w="9" /></phr><phr n="reads"><ent r="3" t="359" w="255" /><ent r="3" t="359" w="255" /></phr></stem></index>