<?xml version="1.0" encoding="utf-8"?><index><!-- saved from url=(0016)http://localhost -->
<stem n="x"><phr n="x"><ent r="4" t="14" w="176" /><ent r="4" t="14" w="176" /><ent r="6" t="18" w="17" /><ent r="6" t="18" w="17" /><ent r="6" t="18" w="19" /><ent r="6" t="18" w="19" /><ent r="6" t="18" w="24" /><ent r="6" t="18" w="24" /><ent r="6" t="18" w="27" /><ent r="6" t="18" w="27" /><ent r="6" t="20" w="43" /><ent r="6" t="20" w="43" /><ent r="4" t="45" w="176" /><ent r="4" t="45" w="176" /><ent r="6" t="49" w="17" /><ent r="6" t="49" w="17" /><ent r="6" t="49" w="19" /><ent r="6" t="49" w="19" /><ent r="6" t="49" w="24" /><ent r="6" t="49" w="24" /><ent r="6" t="49" w="27" /><ent r="6" t="49" w="27" /><ent r="6" t="51" w="43" /><ent r="6" t="51" w="43" /><ent r="4" t="70" w="228" /><ent r="4" t="70" w="228" /><ent r="4" t="70" w="240" /><ent r="4" t="70" w="240" /><ent r="6" t="73" w="17" /><ent r="6" t="73" w="17" /><ent r="6" t="73" w="19" /><ent r="6" t="73" w="19" /><ent r="6" t="73" w="24" /><ent r="6" t="73" w="24" /><ent r="6" t="73" w="27" /><ent r="6" t="73" w="27" /><ent r="6" t="75" w="43" /><ent r="6" t="75" w="43" /><ent r="6" t="75" w="61" /><ent r="6" t="75" w="61" /><ent r="4" t="96" w="219" /><ent r="4" t="96" w="219" /><ent r="6" t="100" w="17" /><ent r="6" t="100" w="17" /><ent r="6" t="100" w="19" /><ent r="6" t="100" w="19" /><ent r="6" t="100" w="24" /><ent r="6" t="100" w="24" /><ent r="6" t="100" w="27" /><ent r="6" t="100" w="27" /><ent r="7" t="102" w="43" /><ent r="7" t="102" w="43" /><ent r="5" t="125" w="223" /><ent r="5" t="125" w="223" /><ent r="7" t="127" w="17" /><ent r="7" t="127" w="17" /><ent r="7" t="127" w="19" /><ent r="7" t="127" w="19" /><ent r="7" t="127" w="24" /><ent r="7" t="127" w="24" /><ent r="7" t="127" w="27" /><ent r="7" t="127" w="27" /><ent r="6" t="151" w="13" /><ent r="6" t="151" w="13" /><ent r="6" t="151" w="15" /><ent r="6" t="151" w="15" /><ent r="6" t="151" w="20" /><ent r="6" t="151" w="20" /><ent r="6" t="151" w="24" /><ent r="6" t="151" w="24" /><ent r="6" t="154" w="43" /><ent r="6" t="154" w="43" /><ent r="5" t="162" w="145" /><ent r="5" t="162" w="145" /><ent r="5" t="162" w="150" /><ent r="5" t="162" w="150" /><ent r="6" t="166" w="13" /><ent r="6" t="166" w="13" /><ent r="6" t="166" w="15" /><ent r="6" t="166" w="15" /><ent r="6" t="166" w="20" /><ent r="6" t="166" w="20" /><ent r="6" t="166" w="23" /><ent r="6" t="166" w="23" /><ent r="4" t="173" w="167" /><ent r="4" t="173" w="167" /><ent r="6" t="176" w="13" /><ent r="6" t="176" w="13" /><ent r="6" t="176" w="15" /><ent r="6" t="176" w="15" /><ent r="6" t="176" w="20" /><ent r="6" t="176" w="20" /><ent r="6" t="176" w="23" /><ent r="6" t="176" w="23" /><ent r="6" t="179" w="43" /><ent r="6" t="179" w="43" /><ent r="6" t="202" w="13" /><ent r="6" t="202" w="13" /><ent r="6" t="202" w="15" /><ent r="6" t="202" w="15" /><ent r="6" t="202" w="20" /><ent r="6" t="202" w="20" /><ent r="6" t="202" w="24" /><ent r="6" t="202" w="24" /><ent r="6" t="202" w="80" /><ent r="6" t="202" w="80" /><ent r="6" t="205" w="43" /><ent r="6" t="205" w="43" /><ent r="6" t="228" w="13" /><ent r="6" t="228" w="13" /><ent r="6" t="228" w="15" /><ent r="6" t="228" w="15" /><ent r="6" t="228" w="20" /><ent r="6" t="228" w="20" /><ent r="6" t="228" w="23" /><ent r="6" t="228" w="23" /><ent r="6" t="231" w="43" /><ent r="6" t="231" w="43" /><ent r="3" t="240" w="497" /><ent r="3" t="240" w="497" /><ent r="3" t="240" w="527" /><ent r="3" t="240" w="527" /><ent r="4" t="263" w="394" /><ent r="4" t="263" w="394" /><ent r="4" t="263" w="415" /><ent r="4" t="263" w="415" /><ent r="4" t="265" w="65" /><ent r="4" t="265" w="65" /><ent r="3" t="265" w="75" /><ent r="3" t="265" w="75" /><ent r="4" t="265" w="87" /><ent r="4" t="265" w="87" /><ent r="3" t="276" w="2334" /><ent r="4" t="329" w="57" /><ent r="4" t="329" w="57" /><ent r="3" t="329" w="431" /><ent r="3" t="329" w="431" /><ent r="3" t="329" w="439" /><ent r="3" t="329" w="439" /><ent r="6" t="365" w="212" /><ent r="6" t="365" w="212" /><ent r="6" t="365" w="228" /><ent r="6" t="365" w="228" /><ent r="6" t="365" w="573" /><ent r="6" t="365" w="573" /><ent r="6" t="365" w="589" /><ent r="6" t="365" w="589" /><ent r="3" t="397" w="215" /><ent r="3" t="397" w="215" /><ent r="3" t="397" w="498" /><ent r="3" t="397" w="498" /><ent r="3" t="397" w="504" /><ent r="3" t="397" w="504" /><ent r="5" t="398" w="539" /><ent r="5" t="398" w="539" /><ent r="5" t="398" w="632" /><ent r="5" t="398" w="632" /><ent r="5" t="422" w="659" /><ent r="5" t="422" w="659" /><ent r="4" t="425" w="162" /><ent r="4" t="425" w="162" /><ent r="4" t="425" w="185" /><ent r="4" t="425" w="185" /><ent r="4" t="425" w="197" /><ent r="4" t="425" w="197" /><ent r="4" t="425" w="202" /><ent r="4" t="425" w="202" /><ent r="7" t="478" w="86" /><ent r="7" t="478" w="105" /><ent r="7" t="478" w="124" /><ent r="7" t="484" w="96" /><ent r="7" t="484" w="96" /><ent r="7" t="484" w="115" /><ent r="7" t="484" w="115" /></phr><phr n="X"><ent r="4" t="148" w="233" /><ent r="4" t="148" w="233" /><ent r="3" t="240" w="39" /><ent r="3" t="240" w="39" /><ent r="3" t="240" w="560" /><ent r="3" t="240" w="560" /><ent r="3" t="240" w="583" /><ent r="3" t="240" w="583" /><ent r="4" t="269" w="526" /><ent r="4" t="269" w="526" /><ent r="3" t="276" w="2246" /><ent r="3" t="276" w="2246" /><ent r="6" t="343" w="529" /><ent r="6" t="343" w="529" /><ent r="6" t="343" w="539" /><ent r="6" t="343" w="539" /><ent r="6" t="343" w="551" /><ent r="6" t="343" w="551" /><ent r="3" t="399" w="1411" /><ent r="3" t="399" w="1424" /><ent r="3" t="399" w="1424" /><ent r="3" t="399" w="1437" /><ent r="3" t="399" w="1444" /><ent r="3" t="399" w="1471" /><ent r="3" t="399" w="1485" /><ent r="3" t="399" w="1485" /><ent r="3" t="399" w="1498" /><ent r="3" t="399" w="1505" /><ent r="4" t="421" w="205" /><ent r="4" t="421" w="205" /><ent r="5" t="436" w="25" /><ent r="7" t="436" w="83" /><ent r="7" t="436" w="83" /><ent r="7" t="436" w="92" /><ent r="7" t="436" w="124" /><ent r="5" t="437" w="28" /><ent r="7" t="437" w="93" /><ent r="7" t="437" w="93" /><ent r="7" t="437" w="100" /></phr></stem><stem n="rs-232"><phr n="RS-232"><ent r="4" t="14" w="177" /><ent r="4" t="14" w="177" /><ent r="6" t="20" w="44" /><ent r="6" t="20" w="44" /><ent r="6" t="24" w="655" /><ent r="6" t="24" w="655" /><ent r="6" t="24" w="688" /><ent r="6" t="24" w="688" /><ent r="6" t="24" w="720" /><ent r="6" t="24" w="720" /><ent r="6" t="24" w="747" /><ent r="6" t="24" w="747" /><ent r="6" t="24" w="770" /><ent r="6" t="24" w="770" /><ent r="6" t="24" w="805" /><ent r="6" t="24" w="805" /><ent r="6" t="24" w="1489" /><ent r="6" t="24" w="1489" /><ent r="6" t="24" w="1542" /><ent r="6" t="24" w="1542" /><ent r="6" t="24" w="1589" /><ent r="6" t="24" w="1589" /><ent r="6" t="24" w="1636" /><ent r="6" t="24" w="1636" /><ent r="6" t="24" w="1659" /><ent r="6" t="24" w="1659" /><ent r="6" t="24" w="1682" /><ent r="6" t="24" w="1682" /><ent r="6" t="32" w="37" /><ent r="6" t="32" w="37" /><ent r="7" t="32" w="74" /><ent r="7" t="32" w="74" /><ent r="7" t="32" w="137" /><ent r="7" t="32" w="137" /><ent r="7" t="32" w="174" /><ent r="7" t="32" w="174" /><ent r="6" t="32" w="227" /><ent r="6" t="32" w="227" /><ent r="7" t="32" w="264" /><ent r="7" t="32" w="264" /><ent r="6" t="32" w="327" /><ent r="6" t="32" w="327" /><ent r="7" t="32" w="364" /><ent r="7" t="32" w="364" /><ent r="4" t="45" w="177" /><ent r="4" t="45" w="177" /><ent r="6" t="51" w="44" /><ent r="6" t="51" w="44" /><ent r="6" t="55" w="663" /><ent r="6" t="55" w="663" /><ent r="6" t="55" w="696" /><ent r="6" t="55" w="696" /><ent r="6" t="55" w="728" /><ent r="6" t="55" w="728" /><ent r="6" t="55" w="755" /><ent r="6" t="55" w="755" /><ent r="6" t="55" w="778" /><ent r="6" t="55" w="778" /><ent r="6" t="55" w="813" /><ent r="6" t="55" w="813" /><ent r="6" t="55" w="1509" /><ent r="6" t="55" w="1509" /><ent r="6" t="55" w="1562" /><ent r="6" t="55" w="1562" /><ent r="6" t="55" w="1609" /><ent r="6" t="55" w="1609" /><ent r="6" t="55" w="1656" /><ent r="6" t="55" w="1656" /><ent r="6" t="55" w="1679" /><ent r="6" t="55" w="1679" /><ent r="6" t="55" w="1702" /><ent r="6" t="55" w="1702" /><ent r="7" t="63" w="37" /><ent r="7" t="63" w="37" /><ent r="7" t="63" w="74" /><ent r="7" t="63" w="74" /><ent r="7" t="63" w="137" /><ent r="7" t="63" w="137" /><ent r="7" t="63" w="174" /><ent r="7" t="63" w="174" /><ent r="7" t="63" w="227" /><ent r="7" t="63" w="227" /><ent r="7" t="63" w="264" /><ent r="7" t="63" w="264" /><ent r="7" t="63" w="327" /><ent r="7" t="63" w="327" /><ent r="7" t="63" w="364" /><ent r="7" t="63" w="364" /><ent r="4" t="70" w="229" /><ent r="4" t="70" w="229" /><ent r="6" t="75" w="44" /><ent r="6" t="75" w="44" /><ent r="6" t="78" w="407" /><ent r="6" t="78" w="407" /><ent r="6" t="78" w="419" /><ent r="6" t="78" w="419" /><ent r="6" t="78" w="621" /><ent r="6" t="78" w="621" /><ent r="7" t="78" w="650" /><ent r="7" t="78" w="650" /><ent r="6" t="78" w="664" /><ent r="6" t="78" w="664" /><ent r="6" t="78" w="676" /><ent r="6" t="78" w="676" /><ent r="6" t="78" w="697" /><ent r="6" t="78" w="697" /><ent r="6" t="78" w="720" /><ent r="6" t="78" w="720" /><ent r="7" t="83" w="13" /><ent r="7" t="83" w="13" /><ent r="7" t="83" w="25" /><ent r="7" t="83" w="25" /><ent r="7" t="83" w="55" /><ent r="7" t="83" w="55" /><ent r="7" t="83" w="67" /><ent r="7" t="83" w="67" /><ent r="7" t="83" w="130" /><ent r="7" t="83" w="130" /><ent r="7" t="83" w="167" /><ent r="7" t="83" w="167" /><ent r="4" t="96" w="220" /><ent r="4" t="96" w="220" /><ent r="7" t="102" w="44" /><ent r="7" t="102" w="44" /><ent r="6" t="106" w="663" /><ent r="6" t="106" w="663" /><ent r="6" t="106" w="696" /><ent r="6" t="106" w="696" /><ent r="6" t="106" w="728" /><ent r="6" t="106" w="728" /><ent r="6" t="106" w="755" /><ent r="6" t="106" w="755" /><ent r="6" t="106" w="778" /><ent r="6" t="106" w="778" /><ent r="6" t="106" w="813" /><ent r="6" t="106" w="813" /><ent r="6" t="106" w="1545" /><ent r="6" t="106" w="1545" /><ent r="6" t="106" w="1598" /><ent r="6" t="106" w="1598" /><ent r="6" t="106" w="1645" /><ent r="6" t="106" w="1645" /><ent r="6" t="106" w="1692" /><ent r="6" t="106" w="1692" /><ent r="6" t="106" w="1715" /><ent r="6" t="106" w="1715" /><ent r="6" t="106" w="1738" /><ent r="6" t="106" w="1738" /><ent r="7" t="114" w="38" /><ent r="7" t="114" w="38" /><ent r="7" t="114" w="75" /><ent r="7" t="114" w="75" /><ent r="7" t="114" w="139" /><ent r="7" t="114" w="139" /><ent r="7" t="114" w="176" /><ent r="7" t="114" w="176" /><ent r="7" t="114" w="230" /><ent r="7" t="114" w="230" /><ent r="7" t="114" w="267" /><ent r="7" t="114" w="267" /><ent r="7" t="114" w="331" /><ent r="7" t="114" w="331" /><ent r="7" t="114" w="368" /><ent r="7" t="114" w="368" /><ent r="5" t="125" w="224" /><ent r="5" t="125" w="224" /><ent r="7" t="131" w="445" /><ent r="7" t="131" w="445" /><ent r="7" t="131" w="459" /><ent r="7" t="131" w="459" /><ent r="7" t="131" w="469" /><ent r="7" t="131" w="469" /><ent r="7" t="131" w="675" /><ent r="7" t="131" w="675" /><ent r="7" t="131" w="704" /><ent r="7" t="131" w="704" /><ent r="7" t="131" w="727" /><ent r="7" t="131" w="727" /><ent r="7" t="131" w="750" /><ent r="7" t="131" w="750" /><ent r="7" t="131" w="773" /><ent r="7" t="131" w="773" /><ent r="7" t="131" w="796" /><ent r="7" t="131" w="796" /><ent r="7" t="137" w="38" /><ent r="7" t="137" w="38" /><ent r="7" t="137" w="75" /><ent r="7" t="137" w="75" /><ent r="7" t="137" w="139" /><ent r="7" t="137" w="139" /><ent r="7" t="137" w="175" /><ent r="7" t="137" w="175" /><ent r="7" t="137" w="229" /><ent r="7" t="137" w="229" /><ent r="7" t="137" w="266" /><ent r="7" t="137" w="266" /><ent r="4" t="148" w="234" /><ent r="4" t="148" w="234" /><ent r="6" t="154" w="44" /><ent r="6" t="154" w="44" /><ent r="6" t="156" w="226" /><ent r="6" t="156" w="226" /><ent r="6" t="156" w="240" /><ent r="6" t="156" w="240" /><ent r="6" t="156" w="261" /><ent r="6" t="156" w="261" /><ent r="6" t="156" w="275" /><ent r="6" t="156" w="275" /><ent r="6" t="156" w="289" /><ent r="6" t="156" w="289" /><ent r="6" t="156" w="305" /><ent r="6" t="156" w="305" /><ent r="6" t="156" w="328" /><ent r="6" t="156" w="328" /><ent r="6" t="156" w="342" /><ent r="6" t="156" w="342" /><ent r="6" t="156" w="356" /><ent r="6" t="156" w="356" /><ent r="6" t="156" w="372" /><ent r="6" t="156" w="372" /><ent r="6" t="168" w="42" /><ent r="6" t="168" w="42" /><ent r="8" t="168" w="56" /><ent r="8" t="168" w="56" /><ent r="8" t="168" w="64" /><ent r="8" t="168" w="64" /><ent r="6" t="170" w="35" /><ent r="6" t="170" w="35" /><ent r="6" t="170" w="46" /><ent r="6" t="170" w="46" /><ent r="6" t="170" w="156" /><ent r="6" t="170" w="156" /><ent r="6" t="170" w="216" /><ent r="6" t="170" w="216" /><ent r="6" t="171" w="37" /><ent r="6" t="171" w="37" /><ent r="6" t="171" w="48" /><ent r="6" t="171" w="48" /><ent r="6" t="171" w="108" /><ent r="6" t="171" w="108" /><ent r="6" t="171" w="119" /><ent r="6" t="171" w="119" /><ent r="6" t="171" w="229" /><ent r="6" t="171" w="229" /><ent r="6" t="171" w="289" /><ent r="6" t="171" w="289" /><ent r="6" t="179" w="44" /><ent r="6" t="179" w="44" /><ent r="7" t="181" w="318" /><ent r="7" t="181" w="318" /><ent r="6" t="181" w="504" /><ent r="6" t="181" w="504" /><ent r="6" t="181" w="552" /><ent r="6" t="181" w="552" /><ent r="6" t="181" w="575" /><ent r="6" t="181" w="575" /><ent r="6" t="181" w="605" /><ent r="6" t="181" w="605" /><ent r="6" t="181" w="626" /><ent r="6" t="181" w="626" /><ent r="7" t="181" w="672" /><ent r="7" t="181" w="672" /><ent r="6" t="181" w="686" /><ent r="6" t="181" w="686" /><ent r="7" t="188" w="13" /><ent r="7" t="188" w="13" /><ent r="7" t="188" w="25" /><ent r="7" t="188" w="25" /><ent r="7" t="188" w="89" /><ent r="7" t="188" w="89" /><ent r="7" t="188" w="125" /><ent r="7" t="188" w="125" /><ent r="7" t="188" w="211" /><ent r="7" t="188" w="211" /><ent r="7" t="188" w="248" /><ent r="7" t="188" w="248" /><ent r="7" t="188" w="271" /><ent r="4" t="199" w="240" /><ent r="4" t="199" w="240" /><ent r="6" t="205" w="44" /><ent r="6" t="205" w="44" /><ent r="7" t="207" w="311" /><ent r="7" t="207" w="311" /><ent r="6" t="207" w="497" /><ent r="6" t="207" w="497" /><ent r="6" t="207" w="545" /><ent r="6" t="207" w="545" /><ent r="6" t="207" w="568" /><ent r="6" t="207" w="568" /><ent r="6" t="207" w="598" /><ent r="6" t="207" w="598" /><ent r="6" t="207" w="619" /><ent r="6" t="207" w="619" /><ent r="7" t="207" w="665" /><ent r="7" t="207" w="665" /><ent r="6" t="207" w="679" /><ent r="6" t="207" w="679" /><ent r="6" t="207" w="1004" /><ent r="6" t="207" w="1004" /><ent r="6" t="207" w="1017" /><ent r="6" t="207" w="1017" /><ent r="7" t="215" w="13" /><ent r="7" t="215" w="13" /><ent r="7" t="215" w="25" /><ent r="7" t="215" w="25" /><ent r="7" t="215" w="89" /><ent r="7" t="215" w="89" /><ent r="7" t="215" w="125" /><ent r="7" t="215" w="125" /><ent r="7" t="215" w="211" /><ent r="7" t="215" w="211" /><ent r="7" t="215" w="248" /><ent r="7" t="215" w="248" /><ent r="7" t="215" w="271" /><ent r="7" t="215" w="287" /><ent r="7" t="215" w="287" /><ent r="6" t="215" w="302" /><ent r="6" t="215" w="302" /><ent r="4" t="224" w="248" /><ent r="4" t="224" w="248" /><ent r="6" t="231" w="44" /><ent r="6" t="231" w="44" /><ent r="6" t="233" w="26" /><ent r="6" t="233" w="26" /><ent r="6" t="233" w="37" /><ent r="6" t="233" w="37" /><ent r="6" t="233" w="164" /><ent r="6" t="233" w="164" /><ent r="6" t="233" w="174" /><ent r="6" t="233" w="174" /><ent r="6" t="233" w="203" /><ent r="6" t="233" w="203" /><ent r="6" t="233" w="272" /><ent r="6" t="233" w="272" /><ent r="5" t="275" w="126" /><ent r="5" t="275" w="126" /><ent r="3" t="318" w="68" /><ent r="3" t="318" w="68" /><ent r="1000" t="319" w="1" /><ent r="1000" t="319" w="1" /><ent r="92" t="319" w="7" /><ent r="92" t="319" w="7" /><ent r="3" t="319" w="14" /><ent r="3" t="319" w="14" /><ent r="3" t="319" w="32" /><ent r="3" t="319" w="32" /><ent r="3" t="319" w="41" /><ent r="3" t="319" w="41" /><ent r="3" t="321" w="18" /><ent r="3" t="321" w="18" /><ent r="3" t="321" w="75" /><ent r="3" t="321" w="75" /><ent r="3" t="322" w="13" /><ent r="3" t="322" w="13" /><ent r="4" t="326" w="45" /><ent r="4" t="326" w="45" /><ent r="3" t="326" w="89" /><ent r="3" t="326" w="89" /><ent r="3" t="347" w="444" /><ent r="3" t="347" w="444" /><ent r="7" t="352" w="91" /><ent r="7" t="352" w="91" /><ent r="3" t="359" w="388" /><ent r="3" t="359" w="388" /><ent r="7" t="372" w="195" /><ent r="7" t="372" w="195" /><ent r="3" t="382" w="56" /><ent r="3" t="382" w="56" /><ent r="3" t="402" w="416" /><ent r="3" t="402" w="416" /><ent r="3" t="402" w="992" /><ent r="3" t="402" w="992" /><ent r="3" t="402" w="1077" /><ent r="3" t="402" w="1077" /><ent r="3" t="402" w="1510" /><ent r="3" t="402" w="1510" /><ent r="3" t="402" w="1515" /><ent r="3" t="402" w="1515" /><ent r="72" t="402" w="1675" /><ent r="72" t="402" w="1675" /><ent r="1000" t="416" w="1" /><ent r="1000" t="416" w="1" /><ent r="102" t="416" w="7" /><ent r="102" t="416" w="7" /><ent r="67" t="416" w="13" /><ent r="67" t="416" w="13" /><ent r="4" t="416" w="34" /><ent r="4" t="416" w="34" /><ent r="4" t="416" w="53" /><ent r="4" t="416" w="53" /></phr></stem><stem n="rs"><phr n="RS"><ent r="4" t="14" w="177" /><ent r="6" t="20" w="44" /><ent r="6" t="24" w="655" /><ent r="6" t="24" w="688" /><ent r="6" t="24" w="720" /><ent r="6" t="24" w="747" /><ent r="6" t="24" w="770" /><ent r="6" t="24" w="805" /><ent r="6" t="24" w="1489" /><ent r="6" t="24" w="1542" /><ent r="6" t="24" w="1589" /><ent r="6" t="24" w="1636" /><ent r="6" t="24" w="1659" /><ent r="6" t="24" w="1682" /><ent r="6" t="32" w="37" /><ent r="7" t="32" w="74" /><ent r="7" t="32" w="137" /><ent r="7" t="32" w="174" /><ent r="6" t="32" w="227" /><ent r="7" t="32" w="264" /><ent r="6" t="32" w="327" /><ent r="7" t="32" w="364" /><ent r="4" t="45" w="177" /><ent r="6" t="51" w="44" /><ent r="6" t="55" w="663" /><ent r="6" t="55" w="696" /><ent r="6" t="55" w="728" /><ent r="6" t="55" w="755" /><ent r="6" t="55" w="778" /><ent r="6" t="55" w="813" /><ent r="6" t="55" w="1509" /><ent r="6" t="55" w="1562" /><ent r="6" t="55" w="1609" /><ent r="6" t="55" w="1656" /><ent r="6" t="55" w="1679" /><ent r="6" t="55" w="1702" /><ent r="7" t="63" w="37" /><ent r="7" t="63" w="74" /><ent r="7" t="63" w="137" /><ent r="7" t="63" w="174" /><ent r="7" t="63" w="227" /><ent r="7" t="63" w="264" /><ent r="7" t="63" w="327" /><ent r="7" t="63" w="364" /><ent r="4" t="70" w="229" /><ent r="6" t="75" w="44" /><ent r="6" t="78" w="407" /><ent r="6" t="78" w="419" /><ent r="6" t="78" w="621" /><ent r="7" t="78" w="650" /><ent r="6" t="78" w="664" /><ent r="6" t="78" w="676" /><ent r="6" t="78" w="697" /><ent r="6" t="78" w="720" /><ent r="7" t="83" w="13" /><ent r="7" t="83" w="25" /><ent r="7" t="83" w="55" /><ent r="7" t="83" w="67" /><ent r="7" t="83" w="130" /><ent r="7" t="83" w="167" /><ent r="4" t="96" w="220" /><ent r="7" t="102" w="44" /><ent r="6" t="106" w="663" /><ent r="6" t="106" w="696" /><ent r="6" t="106" w="728" /><ent r="6" t="106" w="755" /><ent r="6" t="106" w="778" /><ent r="6" t="106" w="813" /><ent r="6" t="106" w="1545" /><ent r="6" t="106" w="1598" /><ent r="6" t="106" w="1645" /><ent r="6" t="106" w="1692" /><ent r="6" t="106" w="1715" /><ent r="6" t="106" w="1738" /><ent r="7" t="114" w="38" /><ent r="7" t="114" w="75" /><ent r="7" t="114" w="139" /><ent r="7" t="114" w="176" /><ent r="7" t="114" w="230" /><ent r="7" t="114" w="267" /><ent r="7" t="114" w="331" /><ent r="7" t="114" w="368" /><ent r="5" t="125" w="224" /><ent r="7" t="131" w="445" /><ent r="7" t="131" w="459" /><ent r="7" t="131" w="469" /><ent r="7" t="131" w="675" /><ent r="7" t="131" w="704" /><ent r="7" t="131" w="727" /><ent r="7" t="131" w="750" /><ent r="7" t="131" w="773" /><ent r="7" t="131" w="796" /><ent r="7" t="137" w="38" /><ent r="7" t="137" w="75" /><ent r="7" t="137" w="139" /><ent r="7" t="137" w="175" /><ent r="7" t="137" w="229" /><ent r="7" t="137" w="266" /><ent r="4" t="148" w="234" /><ent r="6" t="154" w="44" /><ent r="6" t="156" w="226" /><ent r="6" t="156" w="240" /><ent r="6" t="156" w="261" /><ent r="6" t="156" w="275" /><ent r="6" t="156" w="289" /><ent r="6" t="156" w="305" /><ent r="6" t="156" w="328" /><ent r="6" t="156" w="342" /><ent r="6" t="156" w="356" /><ent r="6" t="156" w="372" /><ent r="6" t="168" w="42" /><ent r="8" t="168" w="56" /><ent r="8" t="168" w="64" /><ent r="6" t="170" w="35" /><ent r="6" t="170" w="46" /><ent r="6" t="170" w="156" /><ent r="6" t="170" w="216" /><ent r="6" t="171" w="37" /><ent r="6" t="171" w="48" /><ent r="6" t="171" w="108" /><ent r="6" t="171" w="119" /><ent r="6" t="171" w="229" /><ent r="6" t="171" w="289" /><ent r="6" t="179" w="44" /><ent r="7" t="181" w="318" /><ent r="6" t="181" w="504" /><ent r="6" t="181" w="552" /><ent r="6" t="181" w="575" /><ent r="6" t="181" w="605" /><ent r="6" t="181" w="626" /><ent r="7" t="181" w="672" /><ent r="6" t="181" w="686" /><ent r="7" t="188" w="13" /><ent r="7" t="188" w="25" /><ent r="7" t="188" w="89" /><ent r="7" t="188" w="125" /><ent r="7" t="188" w="211" /><ent r="7" t="188" w="248" /><ent r="7" t="188" w="271" /><ent r="4" t="199" w="240" /><ent r="6" t="205" w="44" /><ent r="7" t="207" w="311" /><ent r="6" t="207" w="497" /><ent r="6" t="207" w="545" /><ent r="6" t="207" w="568" /><ent r="6" t="207" w="598" /><ent r="6" t="207" w="619" /><ent r="7" t="207" w="665" /><ent r="6" t="207" w="679" /><ent r="6" t="207" w="1004" /><ent r="6" t="207" w="1017" /><ent r="7" t="215" w="13" /><ent r="7" t="215" w="25" /><ent r="7" t="215" w="89" /><ent r="7" t="215" w="125" /><ent r="7" t="215" w="211" /><ent r="7" t="215" w="248" /><ent r="7" t="215" w="271" /><ent r="7" t="215" w="287" /><ent r="6" t="215" w="302" /><ent r="4" t="224" w="248" /><ent r="6" t="231" w="44" /><ent r="6" t="233" w="26" /><ent r="6" t="233" w="37" /><ent r="6" t="233" w="164" /><ent r="6" t="233" w="174" /><ent r="6" t="233" w="203" /><ent r="6" t="233" w="272" /><ent r="5" t="275" w="126" /><ent r="3" t="318" w="68" /><ent r="1000" t="319" w="1" /><ent r="92" t="319" w="7" /><ent r="3" t="319" w="14" /><ent r="3" t="319" w="32" /><ent r="3" t="319" w="41" /><ent r="3" t="321" w="18" /><ent r="3" t="321" w="75" /><ent r="3" t="322" w="13" /><ent r="4" t="326" w="45" /><ent r="3" t="326" w="89" /><ent r="3" t="347" w="444" /><ent r="7" t="352" w="91" /><ent r="3" t="359" w="388" /><ent r="7" t="372" w="195" /><ent r="3" t="382" w="56" /><ent r="3" t="402" w="416" /><ent r="3" t="402" w="992" /><ent r="3" t="402" w="1077" /><ent r="3" t="402" w="1510" /><ent r="3" t="402" w="1515" /><ent r="72" t="402" w="1675" /><ent r="1000" t="416" w="1" /><ent r="102" t="416" w="7" /><ent r="67" t="416" w="13" /><ent r="4" t="416" w="34" /><ent r="4" t="416" w="53" /></phr><phr n="Rs"><ent r="7" t="29" w="59" /><ent r="7" t="29" w="59" /><ent r="7" t="29" w="67" /><ent r="7" t="29" w="67" /><ent r="7" t="60" w="59" /><ent r="7" t="60" w="59" /><ent r="7" t="60" w="67" /><ent r="7" t="60" w="67" /><ent r="7" t="81" w="59" /><ent r="7" t="81" w="59" /><ent r="7" t="81" w="67" /><ent r="7" t="81" w="67" /><ent r="7" t="111" w="61" /><ent r="7" t="111" w="61" /><ent r="7" t="111" w="69" /><ent r="7" t="111" w="69" /><ent r="7" t="134" w="61" /><ent r="7" t="134" w="61" /><ent r="7" t="134" w="69" /><ent r="7" t="134" w="69" /><ent r="7" t="212" w="59" /><ent r="7" t="212" w="59" /><ent r="7" t="212" w="67" /><ent r="7" t="212" w="67" /></phr></stem><stem n="232"><phr n="232"><ent r="4" t="14" w="178" /><ent r="6" t="20" w="45" /><ent r="6" t="24" w="656" /><ent r="6" t="24" w="689" /><ent r="6" t="24" w="721" /><ent r="6" t="24" w="748" /><ent r="6" t="24" w="771" /><ent r="6" t="24" w="806" /><ent r="6" t="24" w="1490" /><ent r="6" t="24" w="1543" /><ent r="6" t="24" w="1590" /><ent r="6" t="24" w="1637" /><ent r="6" t="24" w="1660" /><ent r="6" t="24" w="1683" /><ent r="6" t="32" w="38" /><ent r="7" t="32" w="75" /><ent r="7" t="32" w="138" /><ent r="7" t="32" w="175" /><ent r="6" t="32" w="228" /><ent r="7" t="32" w="265" /><ent r="6" t="32" w="328" /><ent r="7" t="32" w="365" /><ent r="4" t="45" w="178" /><ent r="6" t="51" w="45" /><ent r="6" t="55" w="664" /><ent r="6" t="55" w="697" /><ent r="6" t="55" w="729" /><ent r="6" t="55" w="756" /><ent r="6" t="55" w="779" /><ent r="6" t="55" w="814" /><ent r="6" t="55" w="1510" /><ent r="6" t="55" w="1563" /><ent r="6" t="55" w="1610" /><ent r="6" t="55" w="1657" /><ent r="6" t="55" w="1680" /><ent r="6" t="55" w="1703" /><ent r="7" t="63" w="38" /><ent r="7" t="63" w="75" /><ent r="7" t="63" w="138" /><ent r="7" t="63" w="175" /><ent r="7" t="63" w="228" /><ent r="7" t="63" w="265" /><ent r="7" t="63" w="328" /><ent r="7" t="63" w="365" /><ent r="4" t="70" w="230" /><ent r="6" t="75" w="45" /><ent r="6" t="78" w="408" /><ent r="6" t="78" w="420" /><ent r="6" t="78" w="622" /><ent r="7" t="78" w="651" /><ent r="6" t="78" w="665" /><ent r="6" t="78" w="677" /><ent r="6" t="78" w="698" /><ent r="6" t="78" w="721" /><ent r="7" t="83" w="14" /><ent r="7" t="83" w="26" /><ent r="7" t="83" w="56" /><ent r="7" t="83" w="68" /><ent r="7" t="83" w="131" /><ent r="7" t="83" w="168" /><ent r="4" t="96" w="221" /><ent r="7" t="102" w="45" /><ent r="6" t="106" w="664" /><ent r="6" t="106" w="697" /><ent r="6" t="106" w="729" /><ent r="6" t="106" w="756" /><ent r="6" t="106" w="779" /><ent r="6" t="106" w="814" /><ent r="6" t="106" w="1546" /><ent r="6" t="106" w="1599" /><ent r="6" t="106" w="1646" /><ent r="6" t="106" w="1693" /><ent r="6" t="106" w="1716" /><ent r="6" t="106" w="1739" /><ent r="7" t="114" w="39" /><ent r="7" t="114" w="76" /><ent r="7" t="114" w="140" /><ent r="7" t="114" w="177" /><ent r="7" t="114" w="231" /><ent r="7" t="114" w="268" /><ent r="7" t="114" w="332" /><ent r="7" t="114" w="369" /><ent r="5" t="125" w="225" /><ent r="7" t="131" w="446" /><ent r="7" t="131" w="460" /><ent r="7" t="131" w="470" /><ent r="7" t="131" w="676" /><ent r="7" t="131" w="705" /><ent r="7" t="131" w="728" /><ent r="7" t="131" w="751" /><ent r="7" t="131" w="774" /><ent r="7" t="131" w="797" /><ent r="7" t="137" w="39" /><ent r="7" t="137" w="76" /><ent r="7" t="137" w="140" /><ent r="7" t="137" w="176" /><ent r="7" t="137" w="230" /><ent r="7" t="137" w="267" /><ent r="4" t="148" w="235" /><ent r="6" t="154" w="45" /><ent r="6" t="156" w="227" /><ent r="6" t="156" w="241" /><ent r="6" t="156" w="262" /><ent r="6" t="156" w="276" /><ent r="6" t="156" w="290" /><ent r="6" t="156" w="306" /><ent r="6" t="156" w="329" /><ent r="6" t="156" w="343" /><ent r="6" t="156" w="357" /><ent r="6" t="156" w="373" /><ent r="6" t="168" w="43" /><ent r="8" t="168" w="57" /><ent r="8" t="168" w="65" /><ent r="6" t="170" w="36" /><ent r="6" t="170" w="47" /><ent r="6" t="170" w="157" /><ent r="6" t="170" w="217" /><ent r="6" t="171" w="38" /><ent r="6" t="171" w="49" /><ent r="6" t="171" w="109" /><ent r="6" t="171" w="120" /><ent r="6" t="171" w="230" /><ent r="6" t="171" w="290" /><ent r="6" t="179" w="45" /><ent r="7" t="181" w="319" /><ent r="6" t="181" w="505" /><ent r="6" t="181" w="553" /><ent r="6" t="181" w="576" /><ent r="6" t="181" w="606" /><ent r="6" t="181" w="627" /><ent r="7" t="181" w="673" /><ent r="6" t="181" w="687" /><ent r="7" t="188" w="14" /><ent r="7" t="188" w="26" /><ent r="7" t="188" w="90" /><ent r="7" t="188" w="126" /><ent r="7" t="188" w="212" /><ent r="7" t="188" w="249" /><ent r="7" t="188" w="272" /><ent r="4" t="199" w="241" /><ent r="6" t="205" w="45" /><ent r="7" t="207" w="312" /><ent r="6" t="207" w="498" /><ent r="6" t="207" w="546" /><ent r="6" t="207" w="569" /><ent r="6" t="207" w="599" /><ent r="6" t="207" w="620" /><ent r="7" t="207" w="666" /><ent r="6" t="207" w="680" /><ent r="6" t="207" w="1005" /><ent r="6" t="207" w="1018" /><ent r="7" t="215" w="14" /><ent r="7" t="215" w="26" /><ent r="7" t="215" w="90" /><ent r="7" t="215" w="126" /><ent r="7" t="215" w="212" /><ent r="7" t="215" w="249" /><ent r="7" t="215" w="272" /><ent r="7" t="215" w="288" /><ent r="6" t="215" w="303" /><ent r="4" t="224" w="249" /><ent r="6" t="231" w="45" /><ent r="6" t="233" w="27" /><ent r="6" t="233" w="38" /><ent r="6" t="233" w="165" /><ent r="6" t="233" w="175" /><ent r="6" t="233" w="204" /><ent r="6" t="233" w="273" /><ent r="5" t="275" w="127" /><ent r="3" t="318" w="69" /><ent r="1000" t="319" w="2" /><ent r="92" t="319" w="8" /><ent r="3" t="319" w="15" /><ent r="3" t="319" w="33" /><ent r="3" t="319" w="42" /><ent r="3" t="321" w="19" /><ent r="3" t="321" w="76" /><ent r="3" t="322" w="14" /><ent r="4" t="326" w="46" /><ent r="3" t="326" w="90" /><ent r="3" t="347" w="445" /><ent r="7" t="352" w="92" /><ent r="3" t="359" w="389" /><ent r="7" t="372" w="196" /><ent r="3" t="382" w="57" /><ent r="3" t="402" w="417" /><ent r="3" t="402" w="993" /><ent r="3" t="402" w="1078" /><ent r="3" t="402" w="1511" /><ent r="3" t="402" w="1516" /><ent r="72" t="402" w="1676" /><ent r="1000" t="416" w="2" /><ent r="102" t="416" w="8" /><ent r="67" t="416" w="14" /><ent r="4" t="416" w="35" /><ent r="4" t="416" w="54" /><ent r="7" t="488" w="165" /><ent r="7" t="488" w="165" /><ent r="7" t="488" w="184" /><ent r="7" t="488" w="184" /></phr></stem></index>