<?xml version="1.0" encoding="utf-8"?><index><!-- saved from url=(0016)http://localhost -->
<stem n="constrain"><phr n="constrained"><ent r="7" t="242" w="1051" /><ent r="7" t="242" w="1051" /><ent r="3" t="400" w="198" /><ent r="3" t="400" w="198" /></phr><phr n="Constrained"><ent r="8" t="242" w="1056" /><ent r="8" t="242" w="1056" /></phr><phr n="constraining"><ent r="3" t="263" w="111" /><ent r="3" t="263" w="111" /><ent r="3" t="400" w="256" /><ent r="3" t="400" w="256" /></phr></stem><stem n="constraint"><phr n="constraint"><ent r="7" t="242" w="1062" /><ent r="7" t="242" w="1062" /><ent r="7" t="438" w="224" /><ent r="7" t="438" w="224" /><ent r="7" t="446" w="274" /><ent r="7" t="449" w="323" /></phr><phr n="constraints"><ent r="7" t="242" w="1076" /><ent r="7" t="242" w="1076" /></phr></stem><stem n="offn"><phr n="OffN"><ent r="8" t="242" w="1086" /><ent r="8" t="242" w="1086" /></phr></stem><stem n="user-defin"><phr n="user-defined"><ent r="7" t="242" w="1091" /><ent r="7" t="242" w="1091" /><ent r="5" t="269" w="171" /><ent r="5" t="269" w="171" /><ent r="3" t="269" w="301" /><ent r="3" t="269" w="301" /><ent r="3" t="269" w="331" /><ent r="3" t="269" w="331" /><ent r="3" t="269" w="586" /><ent r="3" t="269" w="586" /><ent r="3" t="284" w="468" /><ent r="3" t="284" w="468" /><ent r="3" t="284" w="509" /><ent r="3" t="284" w="509" /><ent r="5" t="284" w="1141" /><ent r="5" t="284" w="1141" /><ent r="3" t="382" w="117" /><ent r="3" t="382" w="117" /><ent r="3" t="407" w="76" /><ent r="3" t="407" w="76" /><ent r="3" t="475" w="317" /><ent r="3" t="475" w="317" /><ent r="3" t="475" w="356" /><ent r="3" t="475" w="356" /><ent r="3" t="475" w="373" /><ent r="3" t="475" w="373" /><ent r="3" t="477" w="594" /><ent r="3" t="477" w="594" /><ent r="3" t="477" w="633" /><ent r="3" t="477" w="633" /><ent r="3" t="477" w="650" /><ent r="3" t="477" w="650" /><ent r="3" t="489" w="349" /><ent r="3" t="489" w="349" /><ent r="3" t="490" w="283" /><ent r="3" t="490" w="283" /><ent r="3" t="490" w="324" /><ent r="3" t="490" w="324" /></phr><phr n="User-defined"><ent r="7" t="242" w="1098" /><ent r="7" t="242" w="1098" /><ent r="5" t="244" w="998" /><ent r="5" t="244" w="998" /></phr></stem><stem n="ont"><phr n="Ont"><ent r="8" t="242" w="1096" /><ent r="8" t="242" w="1096" /></phr></stem><stem n="dual-antenna"><phr n="dual-antenna"><ent r="3" t="242" w="1210" /><ent r="3" t="242" w="1210" /><ent r="3" t="244" w="86" /><ent r="3" t="244" w="86" /><ent r="3" t="244" w="128" /><ent r="3" t="244" w="128" /><ent r="5" t="244" w="599" /><ent r="5" t="244" w="599" /><ent r="5" t="244" w="621" /><ent r="5" t="244" w="621" /><ent r="3" t="249" w="326" /><ent r="3" t="249" w="326" /><ent r="3" t="250" w="82" /><ent r="3" t="250" w="82" /><ent r="3" t="264" w="29" /><ent r="3" t="264" w="29" /><ent r="3" t="266" w="20" /><ent r="3" t="266" w="20" /></phr></stem><stem n="1-po"><phr n="1-Pos"><ent r="3" t="242" w="1219" /><ent r="3" t="242" w="1219" /></phr></stem><stem n="po"><phr n="Pos"><ent r="3" t="242" w="1220" /><ent r="4" t="284" w="613" /><ent r="4" t="284" w="613" /><ent r="4" t="284" w="701" /><ent r="4" t="284" w="701" /><ent r="6" t="284" w="1125" /><ent r="6" t="284" w="1125" /></phr><phr n="POS"><ent r="3" t="244" w="824" /><ent r="3" t="245" w="121" /><ent r="3" t="245" w="188" /><ent r="3" t="245" w="249" /><ent r="3" t="249" w="319" /><ent r="3" t="264" w="80" /><ent r="7" t="266" w="180" /><ent r="7" t="266" w="194" /><ent r="7" t="266" w="194" /></phr></stem><stem n="2-vector"><phr n="2-vector"><ent r="3" t="242" w="1228" /></phr></stem><stem n="week"><phr n="Week"><ent r="6" t="242" w="1243" /><ent r="6" t="242" w="1243" /><ent r="6" t="338" w="145" /><ent r="6" t="338" w="145" /><ent r="6" t="343" w="113" /><ent r="6" t="343" w="113" /><ent r="6" t="343" w="137" /><ent r="6" t="343" w="137" /><ent r="6" t="343" w="159" /><ent r="6" t="343" w="159" /><ent r="6" t="343" w="196" /><ent r="6" t="343" w="196" /><ent r="6" t="345" w="166" /><ent r="6" t="345" w="166" /><ent r="6" t="346" w="132" /><ent r="6" t="346" w="132" /><ent r="3" t="399" w="1296" /><ent r="7" t="454" w="116" /><ent r="7" t="454" w="116" /></phr><phr n="week"><ent r="5" t="242" w="1247" /><ent r="6" t="349" w="118" /><ent r="6" t="349" w="118" /><ent r="6" t="350" w="118" /><ent r="6" t="350" w="118" /><ent r="6" t="352" w="173" /><ent r="6" t="352" w="173" /><ent r="6" t="353" w="120" /><ent r="6" t="353" w="120" /><ent r="6" t="353" w="142" /><ent r="3" t="399" w="1698" /><ent r="7" t="432" w="157" /><ent r="7" t="432" w="157" /><ent r="7" t="433" w="119" /><ent r="7" t="433" w="119" /><ent r="7" t="433" w="125" /><ent r="7" t="433" w="125" /><ent r="7" t="433" w="133" /><ent r="7" t="433" w="133" /><ent r="7" t="438" w="276" /><ent r="7" t="438" w="276" /><ent r="7" t="438" w="280" /><ent r="5" t="452" w="27" /><ent r="5" t="452" w="27" /><ent r="5" t="452" w="30" /><ent r="5" t="452" w="30" /><ent r="7" t="452" w="101" /><ent r="7" t="452" w="101" /><ent r="7" t="452" w="107" /><ent r="7" t="452" w="107" /><ent r="7" t="452" w="115" /><ent r="7" t="452" w="115" /><ent r="5" t="454" w="27" /><ent r="5" t="454" w="27" /><ent r="5" t="454" w="30" /><ent r="5" t="454" w="30" /><ent r="7" t="454" w="85" /><ent r="7" t="454" w="85" /><ent r="7" t="454" w="103" /><ent r="7" t="454" w="103" /><ent r="7" t="454" w="109" /><ent r="7" t="454" w="109" /></phr><phr n="weeks"><ent r="5" t="242" w="1251" /></phr><phr n="WEEK"><ent r="6" t="338" w="135" /><ent r="6" t="338" w="135" /><ent r="6" t="343" w="103" /><ent r="6" t="343" w="103" /><ent r="6" t="343" w="149" /><ent r="6" t="343" w="149" /><ent r="6" t="344" w="120" /><ent r="6" t="344" w="120" /><ent r="6" t="345" w="159" /><ent r="6" t="345" w="159" /><ent r="6" t="346" w="126" /><ent r="6" t="346" w="126" /><ent r="6" t="351" w="237" /><ent r="6" t="351" w="237" /><ent r="6" t="353" w="113" /><ent r="6" t="353" w="113" /></phr></stem><stem n="increment"><phr n="Incremental"><ent r="5" t="242" w="1248" /><ent r="5" t="242" w="1248" /><ent r="5" t="242" w="1272" /><ent r="5" t="242" w="1272" /></phr><phr n="incremented"><ent r="6" t="348" w="474" /><ent r="6" t="348" w="474" /><ent r="6" t="349" w="737" /><ent r="6" t="349" w="737" /><ent r="6" t="349" w="764" /><ent r="6" t="349" w="764" /><ent r="6" t="350" w="670" /><ent r="6" t="350" w="670" /><ent r="6" t="350" w="697" /><ent r="6" t="350" w="697" /><ent r="6" t="352" w="154" /><ent r="6" t="352" w="154" /></phr><phr n="increments"><ent r="6" t="349" w="780" /><ent r="6" t="349" w="780" /><ent r="6" t="350" w="713" /><ent r="6" t="350" w="713" /><ent r="3" t="353" w="50" /><ent r="3" t="353" w="50" /><ent r="3" t="399" w="3576" /><ent r="3" t="399" w="3576" /><ent r="3" t="401" w="369" /><ent r="3" t="401" w="369" /><ent r="3" t="401" w="378" /><ent r="3" t="401" w="378" /></phr><phr n="increment"><ent r="3" t="353" w="58" /><ent r="3" t="353" w="58" /><ent r="6" t="353" w="746" /><ent r="6" t="353" w="746" /></phr><phr n="Increment"><ent r="6" t="353" w="320" /><ent r="6" t="353" w="320" /><ent r="6" t="353" w="342" /><ent r="6" t="353" w="342" /><ent r="6" t="353" w="365" /><ent r="6" t="353" w="365" /><ent r="6" t="353" w="389" /><ent r="6" t="353" w="389" /><ent r="6" t="353" w="414" /><ent r="6" t="353" w="414" /><ent r="6" t="353" w="439" /><ent r="6" t="353" w="439" /><ent r="6" t="353" w="463" /><ent r="6" t="353" w="463" /><ent r="6" t="353" w="491" /><ent r="6" t="353" w="491" /><ent r="6" t="353" w="512" /><ent r="6" t="353" w="512" /><ent r="6" t="353" w="531" /><ent r="6" t="353" w="531" /><ent r="6" t="353" w="550" /><ent r="6" t="353" w="550" /><ent r="6" t="353" w="571" /><ent r="6" t="353" w="571" /><ent r="6" t="353" w="594" /><ent r="6" t="353" w="594" /><ent r="6" t="353" w="617" /><ent r="6" t="353" w="617" /><ent r="6" t="353" w="639" /><ent r="6" t="353" w="639" /><ent r="6" t="353" w="667" /><ent r="6" t="353" w="667" /><ent r="6" t="353" w="805" /><ent r="6" t="353" w="805" /><ent r="6" t="353" w="824" /><ent r="6" t="353" w="824" /><ent r="6" t="353" w="853" /><ent r="6" t="353" w="853" /></phr><phr n="incrementing"><ent r="6" t="360" w="130" /><ent r="6" t="360" w="130" /><ent r="3" t="399" w="3560" /><ent r="3" t="399" w="3560" /></phr><phr n="Increments"><ent r="7" t="452" w="201" /><ent r="7" t="452" w="201" /></phr></stem><stem n="1980"><phr n="1980"><ent r="5" t="242" w="1262" /><ent r="5" t="242" w="1262" /><ent r="5" t="242" w="1286" /><ent r="7" t="433" w="137" /><ent r="7" t="433" w="137" /><ent r="7" t="452" w="119" /><ent r="7" t="452" w="119" /></phr></stem><stem n="drift"><phr n="Drift"><ent r="6" t="242" w="1311" /><ent r="6" t="242" w="1311" /><ent r="6" t="242" w="1407" /><ent r="6" t="242" w="1407" /><ent r="6" t="242" w="1433" /><ent r="6" t="242" w="1433" /></phr><phr n="drifting"><ent r="5" t="242" w="1321" /><ent r="5" t="242" w="1321" /></phr><phr n="DRIFT"><ent r="6" t="353" w="476" /><ent r="6" t="353" w="476" /><ent r="6" t="353" w="811" /><ent r="6" t="353" w="811" /></phr><phr n="drift"><ent r="6" t="353" w="482" /><ent r="6" t="353" w="482" /></phr></stem><stem n="multi-system"><phr n="Multi-system"><ent r="4" t="242" w="1332" /><ent r="4" t="242" w="1332" /></phr><phr n="Multi-System"><ent r="4" t="276" w="2900" /><ent r="4" t="276" w="2900" /><ent r="6" t="372" w="1766" /><ent r="6" t="372" w="1766" /></phr></stem><stem n="appar"><phr n="apparent"><ent r="3" t="242" w="1462" /><ent r="3" t="242" w="1462" /><ent r="5" t="242" w="1484" /><ent r="5" t="242" w="1484" /><ent r="5" t="242" w="1499" /><ent r="5" t="242" w="1499" /><ent r="5" t="242" w="1514" /><ent r="5" t="242" w="1514" /><ent r="5" t="242" w="1583" /><ent r="5" t="242" w="1583" /><ent r="5" t="242" w="1600" /><ent r="5" t="242" w="1600" /><ent r="5" t="242" w="1617" /><ent r="5" t="242" w="1617" /><ent r="5" t="244" w="156" /><ent r="5" t="244" w="156" /><ent r="5" t="244" w="171" /><ent r="5" t="244" w="171" /><ent r="5" t="244" w="186" /><ent r="5" t="244" w="186" /><ent r="5" t="244" w="634" /><ent r="5" t="244" w="634" /><ent r="5" t="244" w="652" /><ent r="5" t="244" w="652" /><ent r="5" t="244" w="670" /><ent r="5" t="244" w="670" /><ent r="5" t="244" w="695" /><ent r="5" t="244" w="695" /><ent r="5" t="244" w="714" /><ent r="5" t="244" w="714" /><ent r="5" t="245" w="279" /><ent r="5" t="245" w="279" /><ent r="5" t="245" w="294" /><ent r="5" t="245" w="294" /><ent r="5" t="245" w="309" /><ent r="5" t="245" w="309" /></phr></stem><stem n="grid"><phr n="grid"><ent r="5" t="242" w="1488" /><ent r="5" t="242" w="1488" /><ent r="5" t="242" w="1503" /><ent r="5" t="242" w="1503" /><ent r="5" t="242" w="1591" /><ent r="5" t="242" w="1591" /><ent r="5" t="242" w="1608" /><ent r="5" t="242" w="1608" /></phr><phr n="Grid"><ent r="7" t="484" w="68" /><ent r="7" t="484" w="68" /><ent r="7" t="484" w="83" /><ent r="7" t="484" w="83" /></phr></stem><stem n="meaning"><phr n="meaningful"><ent r="3" t="242" w="1554" /><ent r="3" t="242" w="1554" /><ent r="5" t="311" w="112" /><ent r="5" t="311" w="112" /></phr></stem><stem n="1-sigma"><phr n="1-Sigma"><ent r="4" t="242" w="1565" /><ent r="4" t="244" w="573" /></phr></stem><stem n="variat"><phr n="variation"><ent r="3" t="242" w="1570" /><ent r="3" t="242" w="1570" /><ent r="5" t="242" w="1584" /><ent r="5" t="242" w="1584" /><ent r="5" t="242" w="1601" /><ent r="5" t="242" w="1601" /><ent r="5" t="242" w="1618" /><ent r="5" t="242" w="1618" /><ent r="3" t="244" w="577" /><ent r="3" t="244" w="577" /><ent r="5" t="244" w="635" /><ent r="5" t="244" w="635" /><ent r="5" t="244" w="653" /><ent r="5" t="244" w="653" /><ent r="5" t="244" w="671" /><ent r="5" t="244" w="671" /><ent r="5" t="244" w="696" /><ent r="5" t="244" w="696" /><ent r="5" t="244" w="715" /><ent r="5" t="244" w="715" /><ent r="7" t="494" w="129" /></phr></stem><stem n="confid"><phr n="confidence"><ent r="3" t="242" w="1578" /><ent r="3" t="242" w="1578" /><ent r="3" t="244" w="585" /><ent r="6" t="284" w="835" /><ent r="6" t="284" w="835" /><ent r="5" t="284" w="858" /><ent r="5" t="284" w="858" /><ent r="5" t="284" w="870" /><ent r="5" t="284" w="870" /><ent r="7" t="445" w="124" /><ent r="7" t="445" w="124" /></phr></stem><stem n="semi"><phr n="Semi"><ent r="6" t="242" w="1630" /><ent r="6" t="242" w="1630" /><ent r="6" t="242" w="1643" /><ent r="6" t="242" w="1643" /><ent r="6" t="244" w="685" /><ent r="6" t="244" w="685" /><ent r="6" t="244" w="704" /><ent r="6" t="244" w="704" /><ent r="6" t="344" w="199" /><ent r="6" t="344" w="211" /><ent r="6" t="344" w="223" /><ent r="6" t="344" w="259" /><ent r="6" t="344" w="296" /><ent r="6" t="344" w="321" /><ent r="6" t="344" w="333" /><ent r="6" t="344" w="358" /><ent r="6" t="344" w="379" /><ent r="6" t="344" w="390" /><ent r="6" t="344" w="402" /><ent r="6" t="351" w="102" /><ent r="6" t="351" w="121" /><ent r="5" t="449" w="46" /><ent r="5" t="449" w="54" /><ent r="5" t="449" w="62" /><ent r="7" t="449" w="205" /><ent r="7" t="449" w="213" /><ent r="7" t="449" w="223" /><ent r="7" t="449" w="231" /></phr><phr n="semi"><ent r="5" t="242" w="1635" /><ent r="5" t="242" w="1635" /><ent r="5" t="242" w="1648" /><ent r="5" t="242" w="1648" /><ent r="5" t="244" w="690" /><ent r="5" t="244" w="690" /><ent r="5" t="244" w="709" /><ent r="5" t="244" w="709" /><ent r="6" t="351" w="99" /><ent r="6" t="351" w="118" /><ent r="7" t="449" w="249" /><ent r="7" t="481" w="120" /><ent r="7" t="481" w="133" /><ent r="7" t="485" w="181" /><ent r="7" t="485" w="193" /><ent r="7" t="485" w="204" /></phr></stem><stem n="ellips"><phr n="ellipse"><ent r="5" t="242" w="1641" /><ent r="5" t="242" w="1654" /><ent r="5" t="242" w="1667" /><ent r="5" t="244" w="702" /><ent r="5" t="244" w="721" /><ent r="5" t="244" w="734" /><ent r="7" t="449" w="218" /><ent r="7" t="449" w="218" /><ent r="7" t="449" w="236" /><ent r="7" t="449" w="236" /><ent r="7" t="481" w="119" /><ent r="7" t="481" w="119" /><ent r="7" t="481" w="132" /><ent r="7" t="481" w="132" /><ent r="7" t="481" w="145" /><ent r="7" t="481" w="145" /><ent r="7" t="485" w="178" /><ent r="7" t="485" w="178" /><ent r="7" t="485" w="190" /><ent r="7" t="485" w="190" /><ent r="7" t="485" w="210" /></phr><phr n="Ellipse"><ent r="5" t="449" w="45" /><ent r="5" t="449" w="45" /><ent r="5" t="449" w="53" /><ent r="5" t="449" w="53" /></phr></stem><stem n="probabl"><phr n="probability"><ent r="3" t="242" w="1722" /><ent r="3" t="242" w="1722" /><ent r="3" t="244" w="912" /><ent r="3" t="244" w="912" /></phr><phr n="probably"><ent r="3" t="296" w="390" /><ent r="3" t="296" w="390" /></phr><phr n="Probability"><ent r="7" t="474" w="125" /><ent r="7" t="474" w="125" /></phr></stem><stem n="tdop"><phr n="TDOP"><ent r="6" t="242" w="1774" /><ent r="6" t="242" w="1774" /><ent r="6" t="244" w="964" /><ent r="6" t="244" w="964" /><ent r="6" t="353" w="540" /><ent r="6" t="353" w="540" /><ent r="6" t="353" w="837" /><ent r="6" t="353" w="840" /><ent r="6" t="353" w="840" /><ent r="3" t="399" w="1778" /><ent r="5" t="444" w="27" /><ent r="5" t="444" w="27" /><ent r="7" t="444" w="111" /><ent r="7" t="444" w="111" /></phr><phr n="tdop"><ent r="3" t="399" w="1743" /><ent r="3" t="399" w="1743" /><ent r="3" t="399" w="1767" /><ent r="3" t="399" w="1767" /><ent r="3" t="399" w="1788" /><ent r="3" t="399" w="1788" /></phr></stem><stem n="yyyi"><phr n="YYYY"><ent r="3" t="242" w="1816" /><ent r="5" t="422" w="531" /><ent r="5" t="422" w="562" /><ent r="5" t="422" w="600" /><ent r="5" t="422" w="698" /><ent r="5" t="427" w="359" /><ent r="7" t="427" w="429" /></phr></stem><stem n="yyyy-mm"><phr n="YYYY-MM"><ent r="3" t="242" w="1816" /></phr></stem><stem n="yyyy-mm-ddthh"><phr n="YYYY-MM-DDTHH"><ent r="3" t="242" w="1816" /></phr></stem><stem n="mm-ddthh"><phr n="MM-DDTHH"><ent r="3" t="242" w="1817" /></phr></stem><stem n="ddthh"><phr n="DDTHH"><ent r="3" t="242" w="1818" /></phr></stem><stem n="ssz"><phr n="SSZ"><ent r="3" t="242" w="1820" /><ent r="3" t="242" w="1820" /></phr></stem><stem n="graph"><phr n="Graph"><ent r="1000" t="243" w="2" /><ent r="82" t="243" w="5" /><ent r="1000" t="250" w="3" /><ent r="82" t="250" w="7" /><ent r="1000" t="261" w="3" /><ent r="82" t="261" w="7" /><ent r="4" t="421" w="257" /><ent r="4" t="421" w="257" /><ent r="3" t="421" w="261" /><ent r="3" t="421" w="261" /><ent r="3" t="421" w="266" /><ent r="64" t="421" w="294" /></phr><phr n="graph"><ent r="3" t="243" w="8" /><ent r="5" t="243" w="145" /><ent r="5" t="243" w="145" /><ent r="3" t="243" w="184" /><ent r="3" t="243" w="184" /><ent r="5" t="243" w="258" /><ent r="5" t="243" w="258" /><ent r="5" t="243" w="325" /><ent r="5" t="243" w="325" /><ent r="5" t="243" w="361" /><ent r="5" t="243" w="361" /><ent r="5" t="243" w="372" /><ent r="5" t="243" w="372" /><ent r="3" t="243" w="403" /><ent r="3" t="243" w="403" /><ent r="3" t="250" w="10" /><ent r="3" t="250" w="10" /><ent r="3" t="250" w="24" /><ent r="3" t="250" w="33" /><ent r="3" t="250" w="33" /><ent r="3" t="250" w="62" /><ent r="3" t="251" w="33" /><ent r="3" t="256" w="28" /><ent r="3" t="257" w="38" /><ent r="3" t="258" w="39" /><ent r="3" t="259" w="25" /><ent r="3" t="259" w="25" /><ent r="3" t="259" w="50" /></phr><phr n="graphs"><ent r="5" t="243" w="91" /><ent r="5" t="243" w="91" /><ent r="5" t="243" w="163" /><ent r="5" t="243" w="163" /><ent r="3" t="472" w="6" /></phr></stem><stem n="histor"><phr n="historical"><ent r="3" t="243" w="11" /><ent r="3" t="243" w="11" /><ent r="3" t="243" w="431" /><ent r="3" t="243" w="431" /></phr></stem><stem n="volatil"><phr n="volatile"><ent r="3" t="243" w="60" /><ent r="3" t="243" w="60" /><ent r="5" t="271" w="418" /><ent r="3" t="272" w="103" /></phr></stem><stem n="time-span"><phr n="time-span"><ent r="5" t="243" w="133" /><ent r="5" t="243" w="133" /></phr></stem><stem n="span"><phr n="span"><ent r="5" t="243" w="134" /><ent r="3" t="348" w="138" /><ent r="3" t="348" w="138" /></phr></stem><stem n="drawn"><phr n="drawn"><ent r="5" t="243" w="147" /><ent r="3" t="243" w="186" /><ent r="3" t="243" w="186" /><ent r="3" t="243" w="423" /></phr></stem><stem n="url"><phr n="URL"><ent r="3" t="243" w="195" /><ent r="3" t="243" w="195" /><ent r="3" t="296" w="437" /></phr></stem><stem n="ifram"><phr n="iFrame"><ent r="3" t="243" w="201" /></phr><phr n="iframes"><ent r="3" t="246" w="259" /></phr></stem><stem n="community™"><phr n="Community™"><ent r="3" t="243" w="210" /><ent r="3" t="243" w="210" /></phr></stem><stem n="adob"><phr n="Adobe"><ent r="3" t="243" w="223" /><ent r="3" t="243" w="223" /><ent r="3" t="243" w="238" /><ent r="3" t="243" w="238" /><ent r="3" t="472" w="30" /><ent r="3" t="472" w="30" /><ent r="3" t="472" w="36" /><ent r="3" t="472" w="36" /></phr><phr n="adobe"><ent r="64" t="472" w="40" /></phr></stem><stem n="plugin"><phr n="Plugin"><ent r="3" t="243" w="225" /><ent r="3" t="243" w="225" /></phr><phr n="plugins"><ent r="3" t="297" w="393" /><ent r="3" t="297" w="393" /></phr></stem><stem n="graphic"><phr n="graphics"><ent r="3" t="243" w="230" /><ent r="3" t="243" w="230" /></phr><phr n="graphical"><ent r="3" t="245" w="52" /><ent r="3" t="245" w="52" /><ent r="3" t="245" w="79" /><ent r="3" t="245" w="79" /><ent r="3" t="315" w="132" /><ent r="3" t="315" w="132" /></phr><phr n="graphic"><ent r="3" t="246" w="312" /></phr><phr n="Graphic"><ent r="3" t="472" w="11" /><ent r="3" t="472" w="11" /></phr></stem><stem n="player"><phr n="Player"><ent r="3" t="243" w="240" /></phr></stem><stem n="zoom-in"><phr n="Zoom-in"><ent r="6" t="243" w="252" /><ent r="6" t="243" w="252" /></phr></stem><stem n="zoom"><phr n="Zoom"><ent r="6" t="243" w="252" /><ent r="6" t="243" w="286" /></phr><phr n="zoom"><ent r="5" t="243" w="272" /><ent r="5" t="243" w="272" /><ent r="5" t="243" w="297" /><ent r="5" t="243" w="297" /><ent r="5" t="243" w="301" /><ent r="5" t="243" w="301" /><ent r="5" t="243" w="303" /><ent r="5" t="243" w="303" /><ent r="5" t="243" w="309" /><ent r="5" t="243" w="309" /><ent r="5" t="243" w="343" /></phr><phr n="zooms"><ent r="5" t="243" w="279" /><ent r="5" t="243" w="279" /></phr></stem><stem n="mous"><phr n="mouse"><ent r="5" t="243" w="263" /><ent r="5" t="243" w="263" /><ent r="5" t="243" w="276" /></phr></stem><stem n="plot"><phr n="plot"><ent r="5" t="243" w="278" /><ent r="5" t="243" w="278" /><ent r="3" t="251" w="10" /><ent r="3" t="251" w="10" /></phr><phr n="plots"><ent r="3" t="421" w="268" /><ent r="3" t="421" w="268" /></phr></stem><stem n="zoom-out"><phr n="Zoom-out"><ent r="6" t="243" w="286" /><ent r="6" t="243" w="286" /></phr></stem><stem n="right-click"><phr n="Right-click"><ent r="5" t="243" w="289" /><ent r="5" t="243" w="353" /><ent r="5" t="311" w="361" /><ent r="5" t="311" w="361" /></phr></stem><stem n="shortcut"><phr n="shortcut"><ent r="5" t="243" w="293" /><ent r="5" t="243" w="293" /><ent r="5" t="243" w="356" /><ent r="5" t="243" w="356" /><ent r="6" t="311" w="156" /><ent r="6" t="311" w="156" /></phr><phr n="shortcuts"><ent r="5" t="243" w="334" /><ent r="5" t="243" w="334" /></phr></stem><stem n="canva"><phr n="canvas"><ent r="5" t="243" w="326" /><ent r="5" t="243" w="326" /></phr></stem><stem n="keyboard"><phr n="keyboard"><ent r="5" t="243" w="333" /><ent r="5" t="243" w="333" /><ent r="3" t="314" w="1380" /></phr></stem><stem n="p-previou"><phr n="p-previous"><ent r="5" t="243" w="336" /></phr></stem><stem n="r-reset"><phr n="r-reset"><ent r="5" t="243" w="338" /><ent r="5" t="243" w="338" /></phr></stem><stem n="o-zoom"><phr n="o-zoom"><ent r="5" t="243" w="342" /><ent r="5" t="243" w="342" /></phr></stem><stem n="print"><phr n="Print"><ent r="6" t="243" w="351" /><ent r="6" t="243" w="351" /><ent r="5" t="243" w="359" /><ent r="5" t="243" w="359" /></phr><phr n="printed"><ent r="3" t="278" w="399" /><ent r="3" t="278" w="399" /></phr></stem><stem n="appear"><phr n="appears"><ent r="5" t="243" w="358" /><ent r="5" t="270" w="214" /><ent r="5" t="270" w="214" /><ent r="5" t="271" w="459" /><ent r="3" t="276" w="320" /><ent r="3" t="276" w="320" /><ent r="3" t="276" w="429" /><ent r="3" t="276" w="1725" /><ent r="3" t="276" w="1797" /><ent r="3" t="276" w="1873" /><ent r="3" t="279" w="460" /><ent r="3" t="279" w="460" /><ent r="3" t="297" w="153" /><ent r="3" t="297" w="153" /><ent r="5" t="309" w="394" /><ent r="5" t="309" w="394" /><ent r="5" t="311" w="311" /><ent r="4" t="312" w="81" /><ent r="5" t="312" w="112" /><ent r="5" t="312" w="502" /><ent r="5" t="312" w="502" /><ent r="5" t="312" w="524" /><ent r="5" t="312" w="720" /><ent r="4" t="312" w="755" /><ent r="5" t="312" w="849" /><ent r="5" t="312" w="867" /><ent r="5" t="312" w="946" /><ent r="5" t="312" w="972" /><ent r="3" t="314" w="928" /><ent r="3" t="314" w="928" /><ent r="3" t="314" w="1312" /><ent r="3" t="314" w="1312" /><ent r="5" t="315" w="408" /><ent r="5" t="315" w="408" /><ent r="5" t="315" w="477" /><ent r="4" t="317" w="290" /><ent r="5" t="317" w="337" /><ent r="5" t="317" w="388" /><ent r="5" t="317" w="430" /><ent r="5" t="317" w="474" /><ent r="5" t="317" w="474" /><ent r="5" t="317" w="505" /><ent r="5" t="317" w="505" /><ent r="3" t="393" w="162" /><ent r="3" t="393" w="162" /><ent r="3" t="408" w="52" /><ent r="3" t="408" w="52" /><ent r="3" t="409" w="240" /><ent r="3" t="409" w="240" /><ent r="3" t="421" w="228" /><ent r="3" t="421" w="228" /></phr><phr n="appear"><ent r="3" t="243" w="482" /><ent r="3" t="256" w="176" /><ent r="3" t="256" w="176" /><ent r="3" t="257" w="182" /><ent r="3" t="257" w="182" /><ent r="3" t="260" w="159" /><ent r="3" t="260" w="159" /><ent r="3" t="261" w="143" /><ent r="3" t="261" w="143" /><ent r="5" t="271" w="775" /><ent r="3" t="276" w="1904" /><ent r="3" t="276" w="1904" /><ent r="3" t="276" w="2097" /><ent r="3" t="276" w="2097" /><ent r="3" t="276" w="2199" /><ent r="3" t="276" w="2199" /><ent r="3" t="276" w="2437" /><ent r="3" t="276" w="2437" /><ent r="3" t="276" w="2761" /><ent r="3" t="276" w="2761" /><ent r="3" t="276" w="3006" /><ent r="3" t="276" w="3006" /><ent r="3" t="276" w="3052" /><ent r="3" t="276" w="3052" /><ent r="3" t="276" w="3269" /><ent r="3" t="276" w="3269" /><ent r="3" t="282" w="448" /><ent r="3" t="282" w="448" /><ent r="3" t="304" w="96" /><ent r="3" t="304" w="96" /><ent r="4" t="312" w="747" /><ent r="3" t="314" w="314" /><ent r="3" t="314" w="314" /><ent r="3" t="314" w="339" /><ent r="3" t="314" w="339" /><ent r="3" t="314" w="1060" /><ent r="3" t="314" w="1060" /><ent r="3" t="314" w="1103" /><ent r="3" t="314" w="1103" /><ent r="3" t="314" w="1224" /><ent r="3" t="314" w="1224" /><ent r="3" t="409" w="173" /><ent r="3" t="409" w="173" /><ent r="3" t="421" w="255" /></phr></stem><stem n="printer"><phr n="printer"><ent r="5" t="243" w="364" /></phr></stem><stem n="save"><phr n="Save"><ent r="6" t="243" w="366" /><ent r="6" t="243" w="366" /><ent r="4" t="279" w="414" /><ent r="4" t="279" w="414" /><ent r="4" t="288" w="1011" /><ent r="4" t="288" w="1011" /><ent r="6" t="315" w="325" /><ent r="6" t="315" w="325" /><ent r="4" t="405" w="191" /><ent r="4" t="405" w="191" /><ent r="4" t="409" w="188" /><ent r="4" t="409" w="188" /><ent r="3" t="409" w="191" /><ent r="3" t="409" w="191" /></phr><phr n="Saves"><ent r="5" t="243" w="370" /><ent r="5" t="243" w="370" /><ent r="3" t="279" w="416" /><ent r="3" t="279" w="416" /><ent r="3" t="288" w="1013" /><ent r="3" t="288" w="1013" /><ent r="3" t="405" w="193" /><ent r="3" t="405" w="193" /></phr><phr n="saves"><ent r="3" t="279" w="395" /><ent r="3" t="279" w="395" /><ent r="3" t="288" w="1043" /><ent r="3" t="288" w="1043" /></phr><phr n="save"><ent r="5" t="312" w="315" /><ent r="5" t="312" w="315" /><ent r="4" t="315" w="206" /><ent r="4" t="315" w="206" /><ent r="3" t="315" w="259" /><ent r="3" t="315" w="259" /><ent r="5" t="315" w="329" /><ent r="5" t="315" w="329" /><ent r="3" t="359" w="551" /><ent r="3" t="359" w="551" /><ent r="3" t="409" w="193" /><ent r="3" t="409" w="193" /></phr><phr n="saving"><ent r="6" t="314" w="777" /><ent r="6" t="314" w="777" /></phr><phr n="saved"><ent r="3" t="314" w="1453" /><ent r="3" t="319" w="174" /><ent r="3" t="319" w="174" /><ent r="3" t="405" w="211" /><ent r="3" t="405" w="211" /></phr></stem><stem n="png"><phr n="PNG"><ent r="6" t="243" w="368" /><ent r="6" t="243" w="368" /><ent r="5" t="243" w="375" /><ent r="5" t="243" w="375" /></phr><phr n="png"><ent r="4" t="246" w="290" /><ent r="3" t="246" w="306" /></phr></stem><stem n="redraw"><phr n="redraw"><ent r="3" t="243" w="394" /><ent r="3" t="243" w="394" /><ent r="3" t="243" w="406" /><ent r="3" t="243" w="409" /><ent r="3" t="243" w="409" /><ent r="3" t="243" w="439" /></phr></stem><stem n="cach"><phr n="cached"><ent r="3" t="243" w="417" /><ent r="3" t="243" w="417" /></phr><phr n="cache"><ent r="3" t="273" w="33" /><ent r="3" t="273" w="42" /><ent r="3" t="273" w="42" /></phr></stem><stem n="re-drawn"><phr n="re-drawn"><ent r="3" t="243" w="422" /></phr></stem></index>