<?xml version="1.0" encoding="utf-8"?><index><!-- saved from url=(0016)http://localhost -->
<stem n="help"><phr n="Help"><ent r="92" t="0" w="7" /><ent r="92" t="0" w="7" /><ent r="3" t="0" w="10" /><ent r="3" t="0" w="10" /><ent r="3" t="0" w="78" /><ent r="3" t="0" w="78" /><ent r="1000" t="306" w="1" /><ent r="1000" t="306" w="1" /><ent r="92" t="306" w="4" /><ent r="92" t="306" w="4" /><ent r="4" t="306" w="26" /><ent r="4" t="306" w="26" /><ent r="3" t="306" w="42" /><ent r="3" t="306" w="42" /><ent r="3" t="306" w="67" /><ent r="3" t="306" w="93" /><ent r="3" t="306" w="93" /><ent r="1000" t="307" w="1" /><ent r="1000" t="307" w="1" /><ent r="82" t="307" w="3" /><ent r="82" t="307" w="3" /><ent r="64" t="307" w="77" /><ent r="64" t="307" w="77" /><ent r="3" t="307" w="86" /><ent r="3" t="307" w="86" /><ent r="1000" t="308" w="1" /><ent r="1000" t="308" w="1" /><ent r="82" t="308" w="4" /><ent r="82" t="308" w="4" /><ent r="4" t="308" w="10" /><ent r="4" t="308" w="10" /><ent r="3" t="308" w="21" /><ent r="3" t="308" w="21" /><ent r="3" t="308" w="25" /><ent r="3" t="308" w="25" /><ent r="3" t="308" w="33" /><ent r="3" t="308" w="33" /><ent r="5" t="308" w="192" /><ent r="6" t="308" w="206" /><ent r="6" t="308" w="206" /><ent r="5" t="308" w="236" /><ent r="5" t="308" w="236" /><ent r="6" t="308" w="246" /><ent r="6" t="308" w="246" /><ent r="3" t="317" w="273" /><ent r="3" t="403" w="89" /><ent r="3" t="403" w="89" /><ent r="4" t="404" w="166" /><ent r="4" t="404" w="166" /></phr><phr n="help"><ent r="3" t="11" w="833" /><ent r="3" t="11" w="833" /><ent r="3" t="91" w="435" /><ent r="54" t="239" w="67" /><ent r="54" t="239" w="67" /><ent r="54" t="239" w="118" /><ent r="54" t="239" w="118" /><ent r="3" t="276" w="1380" /><ent r="3" t="276" w="1380" /><ent r="3" t="276" w="1396" /><ent r="3" t="276" w="1396" /><ent r="3" t="307" w="10" /><ent r="3" t="307" w="10" /><ent r="3" t="308" w="70" /><ent r="3" t="308" w="70" /><ent r="3" t="308" w="89" /><ent r="3" t="308" w="89" /><ent r="5" t="308" w="171" /><ent r="5" t="308" w="171" /><ent r="5" t="308" w="222" /><ent r="5" t="308" w="222" /><ent r="5" t="308" w="284" /><ent r="5" t="308" w="284" /><ent r="5" t="308" w="343" /><ent r="5" t="308" w="343" /><ent r="3" t="315" w="136" /><ent r="3" t="315" w="136" /><ent r="3" t="317" w="146" /><ent r="3" t="317" w="146" /><ent r="3" t="403" w="102" /><ent r="3" t="403" w="102" /></phr><phr n="HELP"><ent r="3" t="429" w="14" /><ent r="3" t="429" w="14" /><ent r="3" t="429" w="33" /><ent r="3" t="429" w="33" /></phr></stem><stem n="describ"><phr n="describes"><ent r="3" t="0" w="11" /><ent r="3" t="0" w="11" /><ent r="3" t="234" w="11" /><ent r="3" t="234" w="11" /><ent r="3" t="347" w="113" /><ent r="3" t="347" w="113" /><ent r="3" t="381" w="53" /><ent r="3" t="381" w="53" /><ent r="3" t="382" w="208" /><ent r="3" t="382" w="208" /><ent r="3" t="384" w="90" /><ent r="3" t="384" w="90" /><ent r="3" t="388" w="16" /><ent r="3" t="388" w="16" /><ent r="3" t="390" w="167" /><ent r="3" t="390" w="167" /><ent r="3" t="391" w="98" /><ent r="3" t="391" w="98" /><ent r="3" t="398" w="9" /><ent r="3" t="398" w="9" /><ent r="3" t="399" w="15" /><ent r="3" t="399" w="15" /><ent r="3" t="399" w="16" /><ent r="3" t="399" w="16" /><ent r="3" t="401" w="27" /><ent r="3" t="401" w="27" /><ent r="3" t="402" w="11" /><ent r="3" t="402" w="11" /><ent r="3" t="402" w="1393" /><ent r="3" t="402" w="1393" /><ent r="3" t="402" w="1486" /><ent r="3" t="402" w="1486" /><ent r="4" t="414" w="149" /><ent r="4" t="414" w="149" /><ent r="4" t="416" w="32" /><ent r="4" t="416" w="32" /><ent r="3" t="423" w="48" /><ent r="3" t="423" w="48" /><ent r="5" t="423" w="168" /><ent r="5" t="423" w="168" /><ent r="5" t="423" w="181" /><ent r="5" t="423" w="181" /><ent r="3" t="431" w="15" /><ent r="3" t="431" w="15" /><ent r="3" t="432" w="11" /><ent r="3" t="432" w="11" /><ent r="3" t="433" w="19" /><ent r="3" t="433" w="19" /><ent r="3" t="435" w="13" /><ent r="3" t="435" w="13" /><ent r="3" t="436" w="11" /><ent r="3" t="436" w="11" /><ent r="3" t="437" w="13" /><ent r="3" t="437" w="13" /><ent r="3" t="439" w="17" /><ent r="3" t="439" w="17" /><ent r="3" t="440" w="11" /><ent r="3" t="440" w="11" /><ent r="3" t="441" w="15" /><ent r="3" t="441" w="15" /><ent r="3" t="442" w="15" /><ent r="3" t="442" w="15" /><ent r="3" t="443" w="19" /><ent r="3" t="443" w="19" /><ent r="3" t="444" w="11" /><ent r="3" t="444" w="11" /><ent r="3" t="445" w="13" /><ent r="3" t="445" w="13" /><ent r="3" t="446" w="13" /><ent r="3" t="446" w="13" /><ent r="3" t="447" w="15" /><ent r="3" t="447" w="15" /><ent r="3" t="449" w="11" /><ent r="3" t="449" w="11" /><ent r="3" t="451" w="15" /><ent r="3" t="451" w="15" /><ent r="3" t="452" w="11" /><ent r="3" t="452" w="11" /><ent r="3" t="454" w="11" /><ent r="3" t="454" w="11" /><ent r="3" t="455" w="11" /><ent r="3" t="455" w="11" /><ent r="3" t="487" w="22" /><ent r="3" t="487" w="22" /></phr><phr n="describe"><ent r="5" t="1" w="20" /><ent r="5" t="1" w="20" /><ent r="3" t="69" w="108" /><ent r="3" t="69" w="108" /><ent r="7" t="235" w="3340" /><ent r="7" t="235" w="3340" /><ent r="3" t="318" w="66" /><ent r="3" t="318" w="66" /></phr><phr n="described"><ent r="3" t="236" w="74" /><ent r="3" t="236" w="74" /><ent r="3" t="314" w="483" /><ent r="3" t="314" w="483" /><ent r="3" t="317" w="264" /><ent r="3" t="317" w="264" /><ent r="3" t="338" w="108" /><ent r="3" t="338" w="108" /><ent r="6" t="343" w="294" /><ent r="6" t="343" w="294" /><ent r="3" t="345" w="109" /><ent r="3" t="345" w="109" /><ent r="3" t="390" w="644" /><ent r="3" t="390" w="644" /><ent r="3" t="402" w="1452" /><ent r="3" t="402" w="1452" /></phr><phr n="describing"><ent r="3" t="390" w="707" /><ent r="3" t="390" w="707" /></phr></stem><stem n="how"><phr n="how"><ent r="3" t="0" w="12" /><ent r="3" t="0" w="12" /><ent r="3" t="8" w="25" /><ent r="3" t="8" w="25" /><ent r="3" t="164" w="534" /><ent r="3" t="164" w="534" /><ent r="3" t="226" w="576" /><ent r="3" t="226" w="576" /><ent r="3" t="234" w="19" /><ent r="3" t="234" w="19" /><ent r="3" t="236" w="87" /><ent r="3" t="236" w="87" /><ent r="3" t="248" w="66" /><ent r="3" t="248" w="66" /><ent r="3" t="248" w="100" /><ent r="3" t="248" w="100" /><ent r="3" t="252" w="65" /><ent r="3" t="252" w="65" /><ent r="3" t="252" w="370" /><ent r="3" t="252" w="370" /><ent r="3" t="253" w="62" /><ent r="3" t="253" w="62" /><ent r="3" t="254" w="65" /><ent r="3" t="254" w="65" /><ent r="3" t="263" w="179" /><ent r="3" t="263" w="179" /><ent r="3" t="264" w="192" /><ent r="3" t="264" w="192" /><ent r="3" t="269" w="123" /><ent r="3" t="269" w="123" /><ent r="7" t="271" w="255" /><ent r="7" t="271" w="255" /><ent r="5" t="282" w="292" /><ent r="5" t="282" w="292" /><ent r="3" t="284" w="1205" /><ent r="3" t="284" w="1205" /><ent r="3" t="297" w="633" /><ent r="3" t="297" w="633" /><ent r="3" t="308" w="95" /><ent r="3" t="308" w="95" /><ent r="6" t="348" w="386" /><ent r="6" t="348" w="386" /><ent r="3" t="398" w="10" /><ent r="3" t="398" w="10" /><ent r="3" t="400" w="22" /><ent r="3" t="400" w="22" /><ent r="3" t="401" w="28" /><ent r="3" t="401" w="28" /><ent r="3" t="401" w="429" /><ent r="3" t="401" w="429" /><ent r="3" t="402" w="12" /><ent r="3" t="402" w="12" /><ent r="4" t="414" w="150" /><ent r="4" t="414" w="150" /></phr><phr n="HOW"><ent r="6" t="338" w="559" /><ent r="6" t="338" w="625" /><ent r="6" t="345" w="557" /><ent r="6" t="345" w="628" /><ent r="6" t="346" w="458" /><ent r="6" t="346" w="524" /></phr><phr n="How"><ent r="3" t="404" w="689" /><ent r="3" t="404" w="689" /></phr></stem><stem n="follow"><phr n="following"><ent r="3" t="0" w="16" /><ent r="3" t="0" w="16" /><ent r="3" t="1" w="13" /><ent r="3" t="11" w="14" /><ent r="3" t="11" w="14" /><ent r="3" t="14" w="11" /><ent r="3" t="14" w="11" /><ent r="3" t="16" w="8" /><ent r="3" t="16" w="8" /><ent r="3" t="24" w="22" /><ent r="3" t="24" w="22" /><ent r="3" t="25" w="196" /><ent r="3" t="25" w="196" /><ent r="3" t="40" w="300" /><ent r="3" t="40" w="300" /><ent r="3" t="41" w="31" /><ent r="3" t="41" w="117" /><ent r="3" t="41" w="117" /><ent r="5" t="42" w="33" /><ent r="5" t="42" w="33" /><ent r="3" t="43" w="58" /><ent r="3" t="43" w="58" /><ent r="3" t="43" w="76" /><ent r="3" t="43" w="76" /><ent r="3" t="45" w="11" /><ent r="3" t="45" w="11" /><ent r="3" t="47" w="8" /><ent r="3" t="47" w="8" /><ent r="3" t="55" w="22" /><ent r="3" t="55" w="22" /><ent r="3" t="56" w="196" /><ent r="3" t="56" w="196" /><ent r="3" t="66" w="300" /><ent r="3" t="66" w="300" /><ent r="3" t="67" w="31" /><ent r="3" t="67" w="105" /><ent r="3" t="67" w="105" /><ent r="5" t="68" w="33" /><ent r="5" t="68" w="33" /><ent r="3" t="70" w="13" /><ent r="3" t="70" w="13" /><ent r="3" t="71" w="8" /><ent r="3" t="71" w="8" /><ent r="3" t="76" w="16" /><ent r="3" t="76" w="16" /><ent r="3" t="78" w="24" /><ent r="3" t="78" w="24" /><ent r="3" t="85" w="87" /><ent r="3" t="85" w="87" /><ent r="3" t="91" w="387" /><ent r="3" t="91" w="387" /><ent r="3" t="91" w="615" /><ent r="3" t="91" w="615" /><ent r="7" t="91" w="751" /><ent r="7" t="91" w="751" /><ent r="7" t="91" w="1450" /><ent r="7" t="91" w="1450" /><ent r="7" t="91" w="1533" /><ent r="7" t="91" w="1533" /><ent r="3" t="92" w="31" /><ent r="3" t="92" w="108" /><ent r="3" t="92" w="108" /><ent r="5" t="93" w="33" /><ent r="5" t="93" w="33" /><ent r="3" t="94" w="58" /><ent r="3" t="94" w="58" /><ent r="3" t="94" w="76" /><ent r="3" t="94" w="76" /><ent r="3" t="96" w="11" /><ent r="3" t="96" w="11" /><ent r="3" t="98" w="8" /><ent r="3" t="98" w="8" /><ent r="3" t="106" w="22" /><ent r="3" t="106" w="22" /><ent r="3" t="107" w="196" /><ent r="3" t="107" w="196" /><ent r="3" t="121" w="302" /><ent r="3" t="121" w="302" /><ent r="3" t="122" w="31" /><ent r="3" t="122" w="105" /><ent r="3" t="122" w="105" /><ent r="5" t="123" w="33" /><ent r="5" t="123" w="33" /><ent r="3" t="125" w="15" /><ent r="3" t="125" w="15" /><ent r="3" t="128" w="80" /><ent r="3" t="128" w="80" /><ent r="3" t="131" w="24" /><ent r="3" t="131" w="24" /><ent r="3" t="144" w="31" /><ent r="3" t="144" w="107" /><ent r="3" t="144" w="107" /><ent r="5" t="145" w="33" /><ent r="5" t="145" w="33" /><ent r="3" t="146" w="58" /><ent r="3" t="146" w="58" /><ent r="3" t="146" w="76" /><ent r="3" t="146" w="76" /><ent r="3" t="148" w="11" /><ent r="3" t="148" w="11" /><ent r="4" t="148" w="63" /><ent r="4" t="148" w="63" /><ent r="3" t="155" w="11" /><ent r="3" t="155" w="11" /><ent r="3" t="156" w="20" /><ent r="3" t="156" w="20" /><ent r="3" t="157" w="311" /><ent r="3" t="157" w="311" /><ent r="5" t="159" w="33" /><ent r="5" t="159" w="33" /><ent r="3" t="161" w="11" /><ent r="3" t="161" w="11" /><ent r="5" t="161" w="66" /><ent r="5" t="161" w="66" /><ent r="3" t="162" w="13" /><ent r="3" t="162" w="13" /><ent r="5" t="162" w="51" /><ent r="5" t="162" w="51" /><ent r="3" t="164" w="46" /><ent r="3" t="164" w="46" /><ent r="4" t="164" w="193" /><ent r="3" t="169" w="11" /><ent r="3" t="169" w="11" /><ent r="3" t="173" w="11" /><ent r="3" t="173" w="11" /><ent r="3" t="180" w="11" /><ent r="3" t="180" w="11" /><ent r="3" t="182" w="196" /><ent r="3" t="182" w="196" /><ent r="3" t="194" w="123" /><ent r="3" t="194" w="123" /><ent r="3" t="195" w="307" /><ent r="3" t="195" w="307" /><ent r="3" t="196" w="153" /><ent r="3" t="196" w="153" /><ent r="5" t="197" w="33" /><ent r="5" t="197" w="33" /><ent r="3" t="206" w="11" /><ent r="3" t="206" w="11" /><ent r="3" t="207" w="20" /><ent r="3" t="207" w="20" /><ent r="3" t="208" w="196" /><ent r="3" t="208" w="196" /><ent r="3" t="218" w="123" /><ent r="3" t="218" w="123" /><ent r="3" t="219" w="307" /><ent r="3" t="219" w="307" /><ent r="3" t="220" w="34" /><ent r="3" t="220" w="157" /><ent r="3" t="220" w="157" /><ent r="5" t="221" w="33" /><ent r="5" t="221" w="33" /><ent r="3" t="222" w="58" /><ent r="3" t="222" w="58" /><ent r="3" t="222" w="76" /><ent r="3" t="222" w="76" /><ent r="3" t="222" w="355" /><ent r="3" t="222" w="355" /><ent r="3" t="224" w="11" /><ent r="3" t="224" w="11" /><ent r="3" t="226" w="40" /><ent r="3" t="226" w="40" /><ent r="4" t="226" w="139" /><ent r="4" t="226" w="483" /><ent r="4" t="226" w="483" /><ent r="3" t="232" w="11" /><ent r="3" t="232" w="11" /><ent r="7" t="235" w="3123" /><ent r="3" t="237" w="26" /><ent r="3" t="237" w="26" /><ent r="3" t="240" w="863" /><ent r="3" t="240" w="863" /><ent r="3" t="242" w="510" /><ent r="3" t="242" w="510" /><ent r="3" t="246" w="146" /><ent r="3" t="246" w="146" /><ent r="3" t="246" w="311" /><ent r="3" t="246" w="311" /><ent r="54" t="264" w="125" /><ent r="54" t="264" w="125" /><ent r="5" t="266" w="138" /><ent r="5" t="266" w="138" /><ent r="7" t="267" w="372" /><ent r="7" t="267" w="372" /><ent r="3" t="269" w="86" /><ent r="3" t="269" w="86" /><ent r="3" t="269" w="154" /><ent r="3" t="269" w="154" /><ent r="3" t="271" w="211" /><ent r="3" t="273" w="60" /><ent r="3" t="273" w="60" /><ent r="3" t="276" w="29" /><ent r="3" t="276" w="29" /><ent r="3" t="276" w="317" /><ent r="3" t="276" w="317" /><ent r="3" t="276" w="427" /><ent r="3" t="276" w="427" /><ent r="3" t="276" w="1723" /><ent r="3" t="276" w="1723" /><ent r="3" t="276" w="1795" /><ent r="3" t="276" w="1795" /><ent r="3" t="276" w="1871" /><ent r="3" t="276" w="1871" /><ent r="3" t="276" w="1902" /><ent r="3" t="276" w="1902" /><ent r="3" t="276" w="2095" /><ent r="3" t="276" w="2095" /><ent r="3" t="276" w="2197" /><ent r="3" t="276" w="2197" /><ent r="3" t="276" w="2435" /><ent r="3" t="276" w="2435" /><ent r="3" t="276" w="2759" /><ent r="3" t="276" w="2759" /><ent r="3" t="276" w="3004" /><ent r="3" t="276" w="3004" /><ent r="3" t="276" w="3050" /><ent r="3" t="276" w="3050" /><ent r="3" t="276" w="3267" /><ent r="3" t="276" w="3267" /><ent r="3" t="279" w="71" /><ent r="3" t="279" w="71" /><ent r="3" t="279" w="195" /><ent r="3" t="279" w="195" /><ent r="3" t="279" w="550" /><ent r="3" t="279" w="550" /><ent r="3" t="282" w="146" /><ent r="3" t="282" w="146" /><ent r="5" t="282" w="190" /><ent r="5" t="282" w="190" /><ent r="5" t="282" w="338" /><ent r="5" t="282" w="338" /><ent r="5" t="282" w="347" /><ent r="5" t="282" w="347" /><ent r="3" t="286" w="227" /><ent r="3" t="286" w="227" /><ent r="3" t="286" w="317" /><ent r="3" t="286" w="317" /><ent r="5" t="288" w="411" /><ent r="5" t="288" w="411" /><ent r="3" t="296" w="149" /><ent r="3" t="296" w="231" /><ent r="3" t="296" w="413" /><ent r="3" t="296" w="413" /><ent r="3" t="297" w="189" /><ent r="3" t="297" w="677" /><ent r="3" t="297" w="677" /><ent r="3" t="308" w="92" /><ent r="3" t="308" w="92" /><ent r="5" t="308" w="148" /><ent r="5" t="308" w="148" /><ent r="3" t="309" w="52" /><ent r="3" t="309" w="52" /><ent r="4" t="312" w="758" /><ent r="5" t="312" w="949" /><ent r="5" t="312" w="949" /><ent r="3" t="315" w="201" /><ent r="3" t="315" w="201" /><ent r="3" t="318" w="64" /><ent r="3" t="318" w="64" /><ent r="3" t="324" w="29" /><ent r="3" t="324" w="29" /><ent r="3" t="325" w="65" /><ent r="3" t="325" w="65" /><ent r="3" t="326" w="28" /><ent r="3" t="326" w="28" /><ent r="3" t="326" w="99" /><ent r="3" t="326" w="99" /><ent r="3" t="327" w="75" /><ent r="3" t="327" w="75" /><ent r="3" t="329" w="47" /><ent r="3" t="329" w="47" /><ent r="3" t="335" w="581" /><ent r="3" t="335" w="581" /><ent r="6" t="336" w="175" /><ent r="6" t="336" w="175" /><ent r="3" t="336" w="394" /><ent r="3" t="336" w="394" /><ent r="3" t="337" w="56" /><ent r="3" t="337" w="56" /><ent r="6" t="337" w="135" /><ent r="6" t="337" w="135" /><ent r="6" t="337" w="150" /><ent r="6" t="337" w="150" /><ent r="3" t="338" w="49" /><ent r="3" t="338" w="49" /><ent r="3" t="338" w="112" /><ent r="3" t="338" w="112" /><ent r="3" t="338" w="502" /><ent r="3" t="338" w="502" /><ent r="3" t="339" w="74" /><ent r="3" t="339" w="74" /><ent r="3" t="340" w="61" /><ent r="3" t="340" w="61" /><ent r="3" t="341" w="83" /><ent r="3" t="341" w="83" /><ent r="3" t="342" w="54" /><ent r="3" t="342" w="54" /><ent r="3" t="343" w="51" /><ent r="3" t="343" w="51" /><ent r="3" t="344" w="51" /><ent r="3" t="344" w="51" /><ent r="3" t="345" w="52" /><ent r="3" t="345" w="52" /><ent r="3" t="345" w="113" /><ent r="3" t="345" w="113" /><ent r="3" t="345" w="439" /><ent r="3" t="345" w="439" /><ent r="3" t="346" w="50" /><ent r="3" t="346" w="50" /><ent r="3" t="346" w="401" /><ent r="3" t="346" w="401" /><ent r="3" t="347" w="111" /><ent r="3" t="347" w="111" /><ent r="3" t="348" w="98" /><ent r="3" t="348" w="98" /><ent r="3" t="348" w="126" /><ent r="3" t="348" w="126" /><ent r="3" t="349" w="30" /><ent r="3" t="349" w="30" /><ent r="3" t="350" w="30" /><ent r="3" t="350" w="30" /><ent r="3" t="351" w="20" /><ent r="3" t="351" w="20" /><ent r="3" t="352" w="22" /><ent r="3" t="352" w="22" /><ent r="3" t="353" w="22" /><ent r="3" t="353" w="22" /><ent r="6" t="353" w="1219" /><ent r="6" t="353" w="1219" /><ent r="3" t="354" w="12" /><ent r="3" t="354" w="12" /><ent r="3" t="355" w="12" /><ent r="3" t="355" w="12" /><ent r="3" t="356" w="12" /><ent r="3" t="356" w="12" /><ent r="3" t="357" w="12" /><ent r="3" t="357" w="12" /><ent r="3" t="358" w="18" /><ent r="3" t="358" w="18" /><ent r="3" t="360" w="16" /><ent r="3" t="360" w="16" /><ent r="6" t="360" w="209" /><ent r="6" t="360" w="209" /><ent r="3" t="361" w="12" /><ent r="3" t="361" w="12" /><ent r="3" t="361" w="198" /><ent r="3" t="361" w="198" /><ent r="3" t="362" w="50" /><ent r="3" t="362" w="50" /><ent r="3" t="363" w="39" /><ent r="3" t="363" w="39" /><ent r="3" t="363" w="595" /><ent r="3" t="363" w="595" /><ent r="3" t="364" w="43" /><ent r="3" t="364" w="43" /><ent r="3" t="364" w="217" /><ent r="3" t="364" w="217" /><ent r="3" t="365" w="34" /><ent r="3" t="365" w="34" /><ent r="3" t="365" w="250" /><ent r="3" t="365" w="250" /><ent r="3" t="366" w="88" /><ent r="3" t="366" w="88" /><ent r="3" t="366" w="209" /><ent r="3" t="366" w="209" /><ent r="3" t="367" w="88" /><ent r="3" t="367" w="88" /><ent r="3" t="367" w="211" /><ent r="3" t="367" w="211" /><ent r="3" t="368" w="88" /><ent r="3" t="368" w="88" /><ent r="3" t="368" w="211" /><ent r="3" t="368" w="211" /><ent r="3" t="369" w="88" /><ent r="3" t="369" w="88" /><ent r="3" t="369" w="210" /><ent r="3" t="369" w="210" /><ent r="3" t="370" w="88" /><ent r="3" t="370" w="88" /><ent r="3" t="370" w="209" /><ent r="3" t="370" w="209" /><ent r="3" t="371" w="89" /><ent r="3" t="371" w="89" /><ent r="3" t="371" w="283" /><ent r="3" t="371" w="283" /><ent r="3" t="372" w="69" /><ent r="3" t="372" w="69" /><ent r="3" t="372" w="973" /><ent r="3" t="372" w="973" /><ent r="3" t="373" w="28" /><ent r="3" t="373" w="28" /><ent r="3" t="373" w="190" /><ent r="3" t="373" w="190" /><ent r="3" t="374" w="51" /><ent r="3" t="374" w="51" /><ent r="3" t="374" w="299" /><ent r="3" t="374" w="299" /><ent r="3" t="375" w="31" /><ent r="3" t="375" w="31" /><ent r="3" t="375" w="123" /><ent r="3" t="375" w="123" /><ent r="3" t="376" w="26" /><ent r="3" t="376" w="26" /><ent r="3" t="376" w="120" /><ent r="3" t="376" w="120" /><ent r="3" t="377" w="23" /><ent r="3" t="377" w="23" /><ent r="3" t="377" w="216" /><ent r="3" t="377" w="216" /><ent r="3" t="378" w="28" /><ent r="3" t="378" w="28" /><ent r="3" t="379" w="115" /><ent r="3" t="379" w="115" /><ent r="3" t="381" w="51" /><ent r="3" t="381" w="51" /><ent r="3" t="382" w="206" /><ent r="3" t="382" w="206" /><ent r="3" t="382" w="595" /><ent r="3" t="382" w="595" /><ent r="3" t="384" w="88" /><ent r="3" t="384" w="88" /><ent r="3" t="385" w="142" /><ent r="3" t="385" w="142" /><ent r="3" t="386" w="75" /><ent r="3" t="386" w="75" /><ent r="3" t="387" w="53" /><ent r="3" t="387" w="53" /><ent r="3" t="388" w="14" /><ent r="3" t="388" w="14" /><ent r="3" t="390" w="74" /><ent r="3" t="390" w="74" /><ent r="3" t="390" w="165" /><ent r="3" t="390" w="165" /><ent r="3" t="390" w="550" /><ent r="3" t="390" w="550" /><ent r="3" t="390" w="647" /><ent r="3" t="390" w="647" /><ent r="3" t="390" w="688" /><ent r="3" t="390" w="688" /><ent r="3" t="390" w="1036" /><ent r="3" t="390" w="1036" /><ent r="3" t="390" w="1073" /><ent r="3" t="390" w="1073" /><ent r="3" t="390" w="1110" /><ent r="3" t="390" w="1110" /><ent r="3" t="391" w="96" /><ent r="3" t="391" w="96" /><ent r="3" t="391" w="283" /><ent r="3" t="391" w="283" /><ent r="3" t="393" w="166" /><ent r="3" t="393" w="166" /><ent r="3" t="393" w="456" /><ent r="3" t="394" w="66" /><ent r="3" t="394" w="66" /><ent r="3" t="394" w="121" /><ent r="3" t="394" w="121" /><ent r="3" t="395" w="62" /><ent r="3" t="395" w="62" /><ent r="3" t="397" w="108" /><ent r="3" t="397" w="108" /><ent r="3" t="397" w="205" /><ent r="3" t="397" w="205" /><ent r="3" t="398" w="31" /><ent r="3" t="398" w="31" /><ent r="3" t="398" w="111" /><ent r="3" t="398" w="111" /><ent r="5" t="398" w="228" /><ent r="5" t="398" w="228" /><ent r="3" t="398" w="1035" /><ent r="3" t="398" w="1035" /><ent r="5" t="398" w="1153" /><ent r="5" t="398" w="1153" /><ent r="3" t="398" w="1601" /><ent r="3" t="398" w="1601" /><ent r="5" t="398" w="1820" /><ent r="5" t="398" w="1820" /><ent r="3" t="400" w="42" /><ent r="3" t="400" w="42" /><ent r="3" t="400" w="930" /><ent r="3" t="400" w="930" /><ent r="3" t="400" w="1491" /><ent r="3" t="400" w="1491" /><ent r="3" t="400" w="1502" /><ent r="3" t="400" w="1502" /><ent r="3" t="400" w="1755" /><ent r="3" t="400" w="1755" /><ent r="3" t="400" w="1766" /><ent r="3" t="400" w="1766" /><ent r="5" t="400" w="1877" /><ent r="5" t="400" w="1877" /><ent r="3" t="401" w="186" /><ent r="3" t="401" w="186" /><ent r="3" t="402" w="74" /><ent r="3" t="402" w="74" /><ent r="3" t="402" w="127" /><ent r="3" t="402" w="127" /><ent r="3" t="402" w="1016" /><ent r="3" t="402" w="1016" /><ent r="3" t="402" w="1459" /><ent r="3" t="402" w="1459" /><ent r="3" t="403" w="9" /><ent r="3" t="403" w="9" /><ent r="3" t="404" w="223" /><ent r="3" t="404" w="223" /><ent r="3" t="404" w="515" /><ent r="3" t="404" w="515" /><ent r="3" t="404" w="1492" /><ent r="3" t="404" w="1492" /><ent r="3" t="405" w="215" /><ent r="3" t="405" w="215" /><ent r="3" t="405" w="231" /><ent r="3" t="405" w="231" /><ent r="3" t="425" w="17" /><ent r="3" t="425" w="17" /><ent r="4" t="425" w="69" /><ent r="4" t="425" w="69" /><ent r="3" t="427" w="136" /><ent r="3" t="427" w="136" /><ent r="4" t="427" w="767" /><ent r="4" t="427" w="767" /><ent r="3" t="430" w="31" /><ent r="3" t="430" w="31" /><ent r="7" t="430" w="136" /><ent r="7" t="430" w="136" /><ent r="7" t="430" w="158" /><ent r="7" t="430" w="158" /><ent r="3" t="431" w="31" /><ent r="3" t="431" w="31" /><ent r="7" t="431" w="227" /><ent r="7" t="431" w="227" /><ent r="7" t="431" w="247" /><ent r="7" t="431" w="247" /><ent r="7" t="431" w="412" /><ent r="7" t="431" w="412" /><ent r="3" t="432" w="30" /><ent r="3" t="432" w="30" /><ent r="3" t="434" w="25" /><ent r="3" t="434" w="25" /><ent r="3" t="435" w="20" /><ent r="3" t="435" w="20" /><ent r="3" t="436" w="18" /><ent r="3" t="436" w="18" /><ent r="3" t="437" w="21" /><ent r="3" t="437" w="21" /><ent r="3" t="440" w="19" /><ent r="3" t="440" w="19" /><ent r="3" t="441" w="23" /><ent r="3" t="441" w="23" /><ent r="3" t="442" w="53" /><ent r="3" t="442" w="53" /><ent r="3" t="443" w="35" /><ent r="3" t="443" w="35" /><ent r="7" t="443" w="231" /><ent r="7" t="443" w="231" /><ent r="7" t="443" w="412" /><ent r="7" t="443" w="412" /><ent r="3" t="444" w="18" /><ent r="3" t="444" w="18" /><ent r="3" t="445" w="20" /><ent r="3" t="445" w="20" /><ent r="3" t="446" w="21" /><ent r="3" t="446" w="21" /><ent r="3" t="447" w="22" /><ent r="3" t="447" w="22" /><ent r="3" t="449" w="19" /><ent r="3" t="449" w="19" /><ent r="3" t="450" w="22" /><ent r="3" t="450" w="22" /><ent r="7" t="450" w="122" /><ent r="7" t="450" w="122" /><ent r="3" t="451" w="22" /><ent r="3" t="451" w="22" /><ent r="7" t="451" w="160" /><ent r="7" t="451" w="160" /><ent r="3" t="452" w="18" /><ent r="3" t="452" w="18" /><ent r="3" t="453" w="21" /><ent r="3" t="453" w="21" /><ent r="3" t="454" w="18" /><ent r="3" t="454" w="18" /><ent r="3" t="455" w="17" /><ent r="3" t="455" w="17" /><ent r="9" t="475" w="263" /><ent r="9" t="475" w="263" /><ent r="7" t="477" w="269" /><ent r="9" t="477" w="518" /><ent r="9" t="477" w="518" /><ent r="3" t="498" w="51" /><ent r="3" t="498" w="51" /><ent r="3" t="499" w="156" /><ent r="3" t="499" w="156" /></phr><phr n="Follow"><ent r="3" t="40" w="206" /><ent r="3" t="40" w="206" /><ent r="3" t="66" w="206" /><ent r="3" t="66" w="206" /><ent r="3" t="121" w="208" /><ent r="3" t="121" w="208" /><ent r="3" t="157" w="217" /><ent r="3" t="157" w="217" /><ent r="3" t="195" w="213" /><ent r="3" t="195" w="213" /><ent r="3" t="219" w="213" /><ent r="3" t="219" w="213" /><ent r="4" t="317" w="247" /><ent r="4" t="317" w="247" /></phr><phr n="followed"><ent r="3" t="43" w="44" /><ent r="3" t="43" w="44" /><ent r="3" t="94" w="44" /><ent r="3" t="94" w="44" /><ent r="3" t="146" w="44" /><ent r="3" t="146" w="44" /><ent r="3" t="222" w="44" /><ent r="3" t="222" w="44" /><ent r="4" t="226" w="496" /><ent r="4" t="226" w="496" /><ent r="3" t="309" w="147" /><ent r="3" t="309" w="147" /><ent r="3" t="323" w="263" /><ent r="3" t="323" w="263" /><ent r="3" t="390" w="671" /><ent r="3" t="390" w="671" /><ent r="3" t="390" w="675" /><ent r="3" t="390" w="675" /><ent r="3" t="390" w="1000" /><ent r="3" t="390" w="1000" /><ent r="3" t="390" w="1093" /><ent r="3" t="390" w="1093" /><ent r="5" t="394" w="25" /><ent r="5" t="394" w="25" /><ent r="3" t="394" w="77" /><ent r="3" t="394" w="77" /><ent r="3" t="396" w="257" /><ent r="3" t="396" w="257" /><ent r="4" t="422" w="656" /><ent r="4" t="422" w="656" /><ent r="5" t="422" w="692" /><ent r="5" t="422" w="692" /><ent r="4" t="422" w="833" /><ent r="4" t="422" w="833" /><ent r="4" t="422" w="907" /><ent r="4" t="422" w="907" /></phr><phr n="follow"><ent r="8" t="150" w="151" /><ent r="8" t="150" w="151" /><ent r="8" t="165" w="168" /><ent r="8" t="165" w="168" /><ent r="8" t="175" w="176" /><ent r="8" t="175" w="176" /><ent r="8" t="201" w="221" /><ent r="8" t="201" w="221" /><ent r="8" t="227" w="213" /><ent r="8" t="227" w="213" /><ent r="3" t="276" w="2726" /><ent r="3" t="276" w="2726" /><ent r="3" t="315" w="63" /><ent r="3" t="315" w="63" /><ent r="4" t="317" w="224" /><ent r="4" t="317" w="224" /><ent r="3" t="359" w="598" /><ent r="6" t="388" w="888" /><ent r="6" t="388" w="1232" /><ent r="6" t="388" w="1232" /><ent r="6" t="388" w="1527" /><ent r="6" t="388" w="1527" /><ent r="3" t="393" w="82" /><ent r="3" t="393" w="82" /><ent r="3" t="393" w="93" /><ent r="3" t="393" w="93" /><ent r="3" t="393" w="107" /><ent r="3" t="393" w="107" /><ent r="3" t="427" w="239" /><ent r="3" t="427" w="239" /><ent r="7" t="477" w="489" /><ent r="7" t="477" w="489" /><ent r="7" t="477" w="573" /><ent r="7" t="477" w="573" /></phr><phr n="follows"><ent r="7" t="235" w="1071" /><ent r="3" t="309" w="295" /><ent r="3" t="313" w="32" /><ent r="3" t="334" w="417" /><ent r="3" t="337" w="425" /><ent r="3" t="338" w="71" /><ent r="3" t="338" w="71" /><ent r="3" t="339" w="64" /><ent r="3" t="339" w="64" /><ent r="3" t="340" w="51" /><ent r="3" t="340" w="51" /><ent r="3" t="341" w="52" /><ent r="3" t="341" w="52" /><ent r="3" t="343" w="74" /><ent r="3" t="343" w="74" /><ent r="3" t="344" w="74" /><ent r="3" t="344" w="74" /><ent r="3" t="345" w="75" /><ent r="3" t="345" w="75" /><ent r="3" t="346" w="72" /><ent r="3" t="346" w="72" /><ent r="7" t="353" w="944" /><ent r="7" t="353" w="996" /><ent r="6" t="354" w="83" /><ent r="3" t="400" w="687" /><ent r="7" t="445" w="139" /></phr><phr n="Following"><ent r="3" t="278" w="460" /><ent r="3" t="278" w="460" /></phr></stem></index>