<?xml version="1.0" encoding="utf-8"?><index><!-- saved from url=(0016)http://localhost -->
<stem n="008"><phr n="008"><ent r="6" t="16" w="83" /><ent r="6" t="16" w="83" /><ent r="6" t="47" w="83" /><ent r="6" t="47" w="83" /><ent r="6" t="71" w="83" /><ent r="6" t="71" w="83" /><ent r="6" t="98" w="83" /><ent r="6" t="98" w="83" /></phr></stem><stem n="+"><phr n="+"><ent r="6" t="16" w="85" /><ent r="6" t="16" w="85" /><ent r="6" t="16" w="99" /><ent r="6" t="16" w="99" /><ent r="6" t="16" w="109" /><ent r="6" t="16" w="109" /><ent r="6" t="16" w="123" /><ent r="6" t="16" w="123" /><ent r="6" t="18" w="46" /><ent r="6" t="18" w="46" /><ent r="7" t="19" w="50" /><ent r="7" t="19" w="55" /><ent r="6" t="24" w="851" /><ent r="6" t="24" w="855" /><ent r="6" t="24" w="861" /><ent r="3" t="25" w="191" /><ent r="8" t="27" w="52" /><ent r="8" t="27" w="52" /><ent r="6" t="35" w="105" /><ent r="6" t="35" w="146" /><ent r="6" t="35" w="146" /><ent r="6" t="35" w="234" /><ent r="6" t="38" w="154" /><ent r="6" t="47" w="85" /><ent r="6" t="47" w="85" /><ent r="6" t="47" w="99" /><ent r="6" t="47" w="99" /><ent r="6" t="47" w="109" /><ent r="6" t="47" w="109" /><ent r="6" t="47" w="123" /><ent r="6" t="47" w="123" /><ent r="6" t="49" w="47" /><ent r="6" t="49" w="47" /><ent r="7" t="50" w="50" /><ent r="7" t="50" w="55" /><ent r="6" t="55" w="859" /><ent r="6" t="55" w="863" /><ent r="6" t="55" w="869" /><ent r="3" t="56" w="191" /><ent r="8" t="57" w="61" /><ent r="8" t="57" w="61" /><ent r="6" t="65" w="154" /><ent r="4" t="70" w="122" /><ent r="4" t="70" w="122" /><ent r="6" t="71" w="85" /><ent r="6" t="71" w="85" /><ent r="6" t="71" w="99" /><ent r="6" t="71" w="99" /><ent r="6" t="71" w="109" /><ent r="6" t="71" w="109" /><ent r="6" t="71" w="123" /><ent r="6" t="71" w="123" /><ent r="7" t="73" w="44" /><ent r="7" t="73" w="44" /><ent r="7" t="73" w="52" /><ent r="7" t="73" w="52" /><ent r="7" t="73" w="61" /><ent r="7" t="73" w="61" /><ent r="7" t="73" w="63" /><ent r="7" t="73" w="63" /><ent r="7" t="74" w="70" /><ent r="7" t="74" w="75" /><ent r="6" t="75" w="68" /><ent r="6" t="75" w="68" /><ent r="6" t="78" w="462" /><ent r="6" t="78" w="466" /><ent r="6" t="78" w="472" /><ent r="8" t="79" w="49" /><ent r="8" t="79" w="49" /><ent r="8" t="79" w="57" /><ent r="8" t="79" w="57" /><ent r="8" t="79" w="66" /><ent r="8" t="79" w="66" /><ent r="8" t="79" w="68" /><ent r="8" t="79" w="68" /><ent r="6" t="87" w="105" /><ent r="6" t="87" w="146" /><ent r="6" t="87" w="146" /><ent r="6" t="87" w="234" /><ent r="6" t="98" w="85" /><ent r="6" t="98" w="85" /><ent r="6" t="98" w="99" /><ent r="6" t="98" w="99" /><ent r="6" t="98" w="109" /><ent r="6" t="98" w="109" /><ent r="6" t="98" w="123" /><ent r="6" t="98" w="123" /><ent r="7" t="100" w="47" /><ent r="7" t="100" w="47" /><ent r="7" t="101" w="50" /><ent r="7" t="101" w="55" /><ent r="6" t="106" w="877" /><ent r="6" t="106" w="881" /><ent r="6" t="106" w="887" /><ent r="3" t="107" w="191" /><ent r="9" t="108" w="54" /><ent r="9" t="108" w="54" /><ent r="9" t="108" w="64" /><ent r="9" t="108" w="64" /><ent r="9" t="108" w="66" /><ent r="9" t="108" w="66" /><ent r="9" t="108" w="68" /><ent r="9" t="108" w="68" /><ent r="6" t="117" w="105" /><ent r="6" t="117" w="146" /><ent r="6" t="117" w="146" /><ent r="6" t="117" w="234" /><ent r="7" t="120" w="158" /><ent r="7" t="127" w="47" /><ent r="7" t="127" w="47" /><ent r="7" t="128" w="33" /><ent r="7" t="131" w="514" /><ent r="7" t="131" w="518" /><ent r="7" t="131" w="524" /><ent r="8" t="132" w="54" /><ent r="8" t="132" w="54" /><ent r="8" t="132" w="64" /><ent r="8" t="132" w="64" /><ent r="8" t="132" w="66" /><ent r="8" t="132" w="66" /><ent r="8" t="132" w="68" /><ent r="8" t="132" w="68" /><ent r="7" t="140" w="107" /><ent r="7" t="140" w="151" /><ent r="7" t="140" w="151" /><ent r="7" t="140" w="239" /><ent r="7" t="143" w="158" /><ent r="6" t="150" w="229" /><ent r="6" t="150" w="229" /><ent r="6" t="150" w="238" /><ent r="6" t="150" w="238" /><ent r="7" t="153" w="50" /><ent r="7" t="153" w="55" /><ent r="6" t="156" w="143" /><ent r="6" t="156" w="143" /><ent r="6" t="156" w="181" /><ent r="6" t="156" w="181" /><ent r="6" t="165" w="240" /><ent r="6" t="165" w="240" /><ent r="6" t="165" w="249" /><ent r="6" t="165" w="249" /><ent r="6" t="175" w="223" /><ent r="6" t="175" w="223" /><ent r="6" t="175" w="232" /><ent r="6" t="175" w="232" /><ent r="6" t="176" w="64" /><ent r="6" t="176" w="64" /><ent r="7" t="178" w="50" /><ent r="7" t="178" w="55" /><ent r="6" t="181" w="718" /><ent r="6" t="181" w="722" /><ent r="6" t="181" w="728" /><ent r="3" t="182" w="191" /><ent r="8" t="184" w="75" /><ent r="8" t="184" w="75" /><ent r="6" t="191" w="105" /><ent r="6" t="191" w="146" /><ent r="6" t="191" w="146" /><ent r="6" t="191" w="234" /><ent r="6" t="201" w="228" /><ent r="6" t="201" w="228" /><ent r="6" t="201" w="236" /><ent r="6" t="201" w="236" /><ent r="6" t="201" w="270" /><ent r="6" t="201" w="270" /><ent r="6" t="201" w="279" /><ent r="6" t="201" w="279" /><ent r="7" t="204" w="50" /><ent r="7" t="204" w="55" /><ent r="6" t="207" w="709" /><ent r="6" t="207" w="713" /><ent r="6" t="207" w="719" /><ent r="3" t="208" w="191" /><ent r="8" t="210" w="191" /><ent r="8" t="210" w="191" /><ent r="6" t="227" w="252" /><ent r="6" t="227" w="252" /><ent r="6" t="227" w="261" /><ent r="6" t="227" w="261" /><ent r="7" t="230" w="50" /><ent r="7" t="230" w="55" /><ent r="6" t="233" w="185" /><ent r="6" t="233" w="185" /><ent r="7" t="235" w="1074" /><ent r="7" t="235" w="1074" /><ent r="7" t="267" w="251" /><ent r="7" t="267" w="251" /><ent r="4" t="269" w="340" /><ent r="4" t="269" w="340" /><ent r="4" t="269" w="356" /><ent r="4" t="269" w="356" /><ent r="4" t="269" w="433" /><ent r="4" t="269" w="433" /><ent r="6" t="324" w="104" /><ent r="6" t="324" w="104" /><ent r="6" t="324" w="112" /><ent r="6" t="324" w="112" /><ent r="6" t="324" w="114" /><ent r="6" t="324" w="114" /><ent r="6" t="324" w="116" /><ent r="6" t="324" w="116" /><ent r="6" t="324" w="126" /><ent r="6" t="324" w="126" /><ent r="6" t="329" w="176" /><ent r="6" t="329" w="176" /><ent r="6" t="329" w="183" /><ent r="6" t="329" w="183" /><ent r="6" t="336" w="327" /><ent r="6" t="336" w="327" /><ent r="6" t="336" w="342" /><ent r="6" t="336" w="342" /><ent r="6" t="348" w="748" /><ent r="6" t="348" w="748" /><ent r="6" t="348" w="769" /><ent r="6" t="348" w="769" /><ent r="6" t="349" w="471" /><ent r="6" t="350" w="410" /><ent r="3" t="351" w="50" /><ent r="3" t="351" w="50" /><ent r="6" t="353" w="317" /><ent r="6" t="353" w="339" /><ent r="6" t="353" w="361" /><ent r="6" t="353" w="385" /><ent r="6" t="353" w="410" /><ent r="6" t="353" w="435" /><ent r="6" t="353" w="460" /><ent r="6" t="353" w="487" /><ent r="6" t="353" w="801" /><ent r="6" t="353" w="820" /><ent r="7" t="353" w="1046" /><ent r="7" t="353" w="1053" /><ent r="7" t="353" w="1060" /><ent r="7" t="353" w="1069" /><ent r="7" t="353" w="1075" /><ent r="7" t="353" w="1082" /><ent r="7" t="353" w="1089" /><ent r="6" t="360" w="297" /><ent r="6" t="360" w="297" /><ent r="6" t="360" w="313" /><ent r="6" t="360" w="313" /><ent r="6" t="373" w="185" /><ent r="6" t="373" w="185" /><ent r="6" t="377" w="153" /><ent r="6" t="377" w="153" /><ent r="4" t="390" w="103" /><ent r="4" t="390" w="103" /><ent r="7" t="396" w="220" /><ent r="7" t="396" w="220" /><ent r="7" t="396" w="228" /><ent r="7" t="396" w="228" /><ent r="7" t="396" w="230" /><ent r="7" t="396" w="230" /><ent r="7" t="396" w="232" /><ent r="7" t="396" w="232" /><ent r="7" t="396" w="239" /><ent r="7" t="396" w="239" /><ent r="3" t="397" w="332" /><ent r="3" t="397" w="332" /><ent r="3" t="397" w="337" /><ent r="3" t="397" w="337" /><ent r="3" t="399" w="726" /><ent r="3" t="399" w="726" /><ent r="3" t="399" w="864" /><ent r="3" t="399" w="864" /><ent r="3" t="399" w="1002" /><ent r="3" t="399" w="1002" /><ent r="3" t="399" w="1166" /><ent r="3" t="399" w="1166" /><ent r="3" t="399" w="2783" /><ent r="3" t="399" w="3152" /><ent r="3" t="399" w="3152" /><ent r="3" t="399" w="3191" /><ent r="3" t="399" w="3207" /><ent r="3" t="399" w="3223" /><ent r="3" t="399" w="3239" /><ent r="3" t="399" w="3255" /><ent r="3" t="399" w="3271" /><ent r="3" t="399" w="3287" /><ent r="3" t="399" w="3303" /><ent r="3" t="399" w="3319" /><ent r="3" t="399" w="3335" /><ent r="3" t="399" w="3351" /><ent r="3" t="399" w="3367" /><ent r="3" t="399" w="3383" /><ent r="3" t="399" w="3399" /><ent r="3" t="399" w="3415" /><ent r="3" t="399" w="3431" /><ent r="7" t="431" w="145" /><ent r="7" t="431" w="145" /><ent r="7" t="439" w="218" /><ent r="7" t="439" w="218" /><ent r="7" t="439" w="223" /><ent r="7" t="439" w="223" /><ent r="7" t="443" w="149" /><ent r="7" t="443" w="149" /><ent r="7" t="447" w="83" /><ent r="7" t="447" w="83" /><ent r="7" t="451" w="113" /><ent r="7" t="451" w="113" /><ent r="7" t="477" w="183" /><ent r="7" t="477" w="183" /><ent r="7" t="478" w="103" /><ent r="7" t="478" w="122" /></phr></stem><stem n="ppm"><phr n="ppm"><ent r="6" t="16" w="87" /><ent r="6" t="16" w="87" /><ent r="6" t="16" w="101" /><ent r="6" t="16" w="101" /><ent r="6" t="16" w="111" /><ent r="6" t="16" w="111" /><ent r="6" t="16" w="125" /><ent r="6" t="16" w="125" /><ent r="6" t="47" w="87" /><ent r="6" t="47" w="87" /><ent r="6" t="47" w="101" /><ent r="6" t="47" w="101" /><ent r="6" t="47" w="111" /><ent r="6" t="47" w="111" /><ent r="6" t="47" w="125" /><ent r="6" t="47" w="125" /><ent r="6" t="71" w="87" /><ent r="6" t="71" w="87" /><ent r="6" t="71" w="101" /><ent r="6" t="71" w="101" /><ent r="6" t="71" w="111" /><ent r="6" t="71" w="111" /><ent r="6" t="71" w="125" /><ent r="6" t="71" w="125" /><ent r="6" t="98" w="87" /><ent r="6" t="98" w="87" /><ent r="6" t="98" w="101" /><ent r="6" t="98" w="101" /><ent r="6" t="98" w="111" /><ent r="6" t="98" w="111" /><ent r="6" t="98" w="125" /><ent r="6" t="98" w="125" /><ent r="6" t="150" w="231" /><ent r="6" t="150" w="240" /><ent r="6" t="165" w="242" /><ent r="6" t="165" w="251" /><ent r="6" t="175" w="225" /><ent r="6" t="175" w="234" /><ent r="6" t="201" w="230" /><ent r="6" t="201" w="230" /><ent r="6" t="201" w="238" /><ent r="6" t="201" w="238" /><ent r="6" t="201" w="272" /><ent r="6" t="201" w="281" /><ent r="6" t="227" w="254" /><ent r="6" t="227" w="263" /><ent r="6" t="353" w="490" /><ent r="6" t="353" w="497" /><ent r="7" t="435" w="146" /><ent r="7" t="435" w="146" /></phr><phr n="PPM"><ent r="7" t="128" w="35" /><ent r="7" t="128" w="35" /><ent r="6" t="353" w="484" /><ent r="6" t="353" w="484" /></phr></stem><stem n="horizont"><phr n="horizontal"><ent r="6" t="16" w="88" /><ent r="6" t="16" w="88" /><ent r="6" t="16" w="112" /><ent r="6" t="16" w="112" /><ent r="6" t="16" w="151" /><ent r="6" t="16" w="151" /><ent r="6" t="47" w="88" /><ent r="6" t="47" w="88" /><ent r="6" t="47" w="112" /><ent r="6" t="47" w="112" /><ent r="6" t="47" w="151" /><ent r="6" t="47" w="151" /><ent r="6" t="71" w="88" /><ent r="6" t="71" w="88" /><ent r="6" t="71" w="112" /><ent r="6" t="71" w="112" /><ent r="6" t="71" w="151" /><ent r="6" t="71" w="151" /><ent r="6" t="98" w="88" /><ent r="6" t="98" w="88" /><ent r="6" t="98" w="112" /><ent r="6" t="98" w="112" /><ent r="6" t="98" w="151" /><ent r="6" t="98" w="151" /><ent r="7" t="235" w="1054" /><ent r="7" t="235" w="1054" /><ent r="7" t="235" w="1663" /><ent r="7" t="235" w="1663" /><ent r="7" t="235" w="1922" /><ent r="7" t="235" w="1922" /><ent r="7" t="235" w="1932" /><ent r="7" t="235" w="1932" /><ent r="7" t="235" w="2560" /><ent r="7" t="235" w="2560" /><ent r="5" t="242" w="1754" /><ent r="5" t="242" w="1754" /><ent r="5" t="244" w="944" /><ent r="5" t="244" w="944" /><ent r="3" t="250" w="152" /><ent r="3" t="250" w="152" /><ent r="3" t="284" w="470" /><ent r="3" t="284" w="470" /><ent r="5" t="284" w="903" /><ent r="5" t="284" w="903" /><ent r="5" t="400" w="2179" /><ent r="5" t="400" w="2179" /><ent r="5" t="400" w="2288" /><ent r="5" t="400" w="2288" /><ent r="5" t="432" w="51" /><ent r="5" t="432" w="51" /><ent r="7" t="432" w="253" /><ent r="7" t="432" w="253" /><ent r="7" t="439" w="346" /><ent r="7" t="439" w="346" /><ent r="7" t="439" w="357" /><ent r="7" t="439" w="357" /></phr><phr n="Horizontal"><ent r="6" t="17" w="118" /><ent r="6" t="17" w="118" /><ent r="6" t="48" w="118" /><ent r="6" t="48" w="118" /><ent r="6" t="72" w="118" /><ent r="6" t="72" w="118" /><ent r="6" t="99" w="118" /><ent r="6" t="99" w="118" /><ent r="6" t="150" w="175" /><ent r="7" t="150" w="193" /><ent r="7" t="150" w="193" /><ent r="7" t="150" w="201" /><ent r="7" t="150" w="201" /><ent r="7" t="150" w="211" /><ent r="7" t="150" w="211" /><ent r="6" t="150" w="225" /><ent r="7" t="165" w="192" /><ent r="6" t="165" w="208" /><ent r="6" t="165" w="208" /><ent r="6" t="165" w="214" /><ent r="6" t="165" w="214" /><ent r="6" t="165" w="223" /><ent r="6" t="165" w="223" /><ent r="6" t="165" w="237" /><ent r="6" t="175" w="200" /><ent r="6" t="175" w="219" /><ent r="6" t="201" w="231" /><ent r="6" t="201" w="231" /><ent r="6" t="201" w="266" /><ent r="6" t="227" w="248" /><ent r="7" t="235" w="1043" /><ent r="7" t="235" w="1043" /><ent r="7" t="235" w="1647" /><ent r="7" t="235" w="1647" /><ent r="7" t="235" w="2542" /><ent r="7" t="235" w="2542" /><ent r="3" t="240" w="643" /><ent r="7" t="242" w="535" /><ent r="7" t="242" w="535" /><ent r="7" t="242" w="542" /><ent r="7" t="242" w="542" /><ent r="5" t="242" w="1744" /><ent r="5" t="242" w="1744" /><ent r="3" t="243" w="33" /><ent r="5" t="244" w="934" /><ent r="5" t="244" w="934" /><ent r="4" t="284" w="463" /><ent r="4" t="284" w="463" /><ent r="6" t="400" w="2270" /><ent r="6" t="400" w="2270" /><ent r="5" t="400" w="2276" /><ent r="5" t="400" w="2276" /><ent r="7" t="438" w="45" /><ent r="7" t="438" w="45" /><ent r="7" t="444" w="91" /><ent r="7" t="444" w="91" /><ent r="5" t="455" w="20" /><ent r="5" t="455" w="20" /><ent r="7" t="455" w="142" /><ent r="7" t="455" w="142" /></phr><phr n="horizontally"><ent r="3" t="400" w="1157" /></phr></stem><stem n="&lt;30"><phr n="&lt;30"><ent r="6" t="16" w="90" /><ent r="6" t="16" w="90" /><ent r="6" t="17" w="70" /><ent r="6" t="17" w="70" /><ent r="6" t="47" w="79" /><ent r="6" t="47" w="79" /><ent r="6" t="47" w="90" /><ent r="6" t="47" w="90" /><ent r="6" t="48" w="70" /><ent r="6" t="48" w="70" /><ent r="6" t="71" w="79" /><ent r="6" t="71" w="79" /><ent r="6" t="72" w="70" /><ent r="6" t="72" w="70" /><ent r="6" t="98" w="79" /><ent r="6" t="98" w="79" /><ent r="6" t="98" w="90" /><ent r="6" t="98" w="90" /><ent r="6" t="99" w="70" /><ent r="6" t="99" w="70" /><ent r="7" t="150" w="222" /><ent r="7" t="150" w="222" /><ent r="6" t="165" w="234" /><ent r="6" t="165" w="234" /><ent r="6" t="175" w="216" /><ent r="6" t="175" w="216" /><ent r="6" t="201" w="263" /><ent r="6" t="201" w="263" /><ent r="6" t="227" w="245" /><ent r="6" t="227" w="245" /></phr></stem><stem n="ms"><phr n="ms"><ent r="6" t="16" w="91" /><ent r="6" t="16" w="91" /><ent r="6" t="16" w="115" /><ent r="6" t="16" w="115" /><ent r="6" t="16" w="154" /><ent r="6" t="16" w="154" /><ent r="7" t="43" w="276" /><ent r="7" t="43" w="276" /><ent r="6" t="47" w="91" /><ent r="6" t="47" w="91" /><ent r="6" t="47" w="115" /><ent r="6" t="47" w="115" /><ent r="6" t="47" w="154" /><ent r="6" t="47" w="154" /><ent r="6" t="71" w="91" /><ent r="6" t="71" w="91" /><ent r="6" t="71" w="115" /><ent r="6" t="71" w="115" /><ent r="6" t="71" w="154" /><ent r="6" t="71" w="154" /><ent r="7" t="94" w="276" /><ent r="7" t="94" w="276" /><ent r="6" t="98" w="91" /><ent r="6" t="98" w="91" /><ent r="6" t="98" w="115" /><ent r="6" t="98" w="115" /><ent r="6" t="98" w="154" /><ent r="6" t="98" w="154" /><ent r="7" t="146" w="276" /><ent r="7" t="146" w="276" /><ent r="6" t="222" w="276" /><ent r="6" t="222" w="276" /><ent r="6" t="222" w="649" /><ent r="6" t="222" w="649" /><ent r="7" t="242" w="915" /><ent r="3" t="263" w="108" /><ent r="3" t="263" w="108" /><ent r="3" t="263" w="118" /><ent r="7" t="353" w="1071" /><ent r="7" t="353" w="1071" /><ent r="3" t="399" w="1696" /><ent r="7" t="433" w="107" /><ent r="7" t="452" w="89" /></phr><phr n="mS"><ent r="6" t="30" w="37" /><ent r="6" t="30" w="37" /><ent r="6" t="61" w="37" /><ent r="6" t="61" w="37" /><ent r="6" t="82" w="37" /><ent r="6" t="82" w="37" /><ent r="7" t="112" w="37" /><ent r="7" t="112" w="37" /><ent r="7" t="135" w="37" /><ent r="7" t="135" w="37" /><ent r="6" t="186" w="132" /><ent r="6" t="186" w="132" /><ent r="6" t="213" w="132" /><ent r="6" t="213" w="132" /></phr><phr n="MS"><ent r="3" t="314" w="168" /><ent r="3" t="314" w="168" /><ent r="7" t="357" w="93" /><ent r="7" t="357" w="93" /></phr></stem><stem n="15"><phr n="15"><ent r="6" t="16" w="97" /><ent r="6" t="16" w="97" /><ent r="6" t="24" w="578" /><ent r="6" t="24" w="578" /><ent r="6" t="35" w="106" /><ent r="6" t="47" w="97" /><ent r="6" t="47" w="97" /><ent r="6" t="55" w="586" /><ent r="6" t="55" w="586" /><ent r="6" t="71" w="97" /><ent r="6" t="71" w="97" /><ent r="6" t="78" w="573" /><ent r="6" t="78" w="573" /><ent r="7" t="83" w="35" /><ent r="7" t="83" w="35" /><ent r="7" t="83" w="77" /><ent r="7" t="83" w="77" /><ent r="6" t="87" w="106" /><ent r="3" t="91" w="286" /><ent r="3" t="91" w="286" /><ent r="7" t="91" w="741" /><ent r="7" t="91" w="741" /><ent r="7" t="91" w="1440" /><ent r="7" t="91" w="1440" /><ent r="7" t="91" w="1523" /><ent r="7" t="91" w="1523" /><ent r="3" t="91" w="1602" /><ent r="3" t="91" w="1602" /><ent r="6" t="98" w="97" /><ent r="6" t="98" w="97" /><ent r="6" t="106" w="586" /><ent r="6" t="106" w="586" /><ent r="6" t="117" w="106" /><ent r="7" t="127" w="28" /><ent r="7" t="127" w="28" /><ent r="7" t="131" w="625" /><ent r="7" t="131" w="625" /><ent r="7" t="136" w="13" /><ent r="7" t="136" w="13" /><ent r="7" t="140" w="108" /><ent r="7" t="150" w="215" /><ent r="7" t="150" w="215" /><ent r="6" t="150" w="236" /><ent r="6" t="150" w="236" /><ent r="6" t="156" w="224" /><ent r="6" t="156" w="224" /><ent r="6" t="165" w="227" /><ent r="6" t="165" w="227" /><ent r="6" t="165" w="247" /><ent r="6" t="165" w="247" /><ent r="6" t="170" w="175" /><ent r="6" t="170" w="175" /><ent r="6" t="171" w="248" /><ent r="6" t="171" w="248" /><ent r="6" t="175" w="230" /><ent r="6" t="175" w="230" /><ent r="6" t="181" w="581" /><ent r="6" t="181" w="581" /><ent r="7" t="188" w="35" /><ent r="7" t="188" w="35" /><ent r="6" t="191" w="106" /><ent r="6" t="201" w="277" /><ent r="6" t="201" w="277" /><ent r="6" t="207" w="574" /><ent r="6" t="207" w="574" /><ent r="7" t="215" w="35" /><ent r="7" t="215" w="35" /><ent r="6" t="215" w="310" /><ent r="6" t="215" w="310" /><ent r="6" t="227" w="259" /><ent r="6" t="227" w="259" /><ent r="6" t="233" w="229" /><ent r="6" t="233" w="229" /><ent r="7" t="235" w="1378" /><ent r="7" t="235" w="1378" /><ent r="3" t="329" w="451" /><ent r="3" t="329" w="451" /><ent r="6" t="334" w="213" /><ent r="6" t="334" w="213" /><ent r="3" t="334" w="502" /><ent r="6" t="338" w="183" /><ent r="6" t="338" w="183" /><ent r="6" t="338" w="608" /><ent r="6" t="338" w="608" /><ent r="6" t="339" w="162" /><ent r="6" t="339" w="162" /><ent r="6" t="340" w="125" /><ent r="6" t="340" w="125" /><ent r="8" t="343" w="515" /><ent r="6" t="344" w="170" /><ent r="6" t="345" w="606" /><ent r="6" t="345" w="606" /><ent r="6" t="346" w="158" /><ent r="6" t="346" w="158" /><ent r="6" t="346" w="507" /><ent r="6" t="346" w="507" /><ent r="7" t="348" w="423" /><ent r="7" t="348" w="423" /><ent r="6" t="349" w="102" /><ent r="6" t="349" w="102" /><ent r="6" t="350" w="102" /><ent r="6" t="350" w="102" /><ent r="6" t="351" w="90" /><ent r="6" t="351" w="90" /><ent r="6" t="353" w="147" /><ent r="6" t="353" w="147" /><ent r="6" t="356" w="129" /><ent r="6" t="356" w="129" /><ent r="6" t="363" w="311" /><ent r="6" t="363" w="311" /><ent r="6" t="371" w="475" /><ent r="6" t="371" w="475" /><ent r="6" t="372" w="1099" /><ent r="6" t="372" w="1099" /><ent r="6" t="372" w="1324" /><ent r="6" t="372" w="1324" /><ent r="6" t="372" w="1477" /><ent r="6" t="372" w="1477" /><ent r="6" t="372" w="1487" /><ent r="6" t="372" w="1487" /><ent r="6" t="372" w="1601" /><ent r="6" t="372" w="1601" /><ent r="6" t="372" w="2017" /><ent r="6" t="372" w="2017" /><ent r="6" t="372" w="2044" /><ent r="6" t="372" w="2044" /><ent r="6" t="388" w="1174" /><ent r="6" t="388" w="1174" /><ent r="6" t="388" w="1469" /><ent r="6" t="388" w="1469" /><ent r="3" t="397" w="647" /><ent r="3" t="397" w="647" /><ent r="5" t="398" w="661" /><ent r="5" t="398" w="661" /><ent r="5" t="398" w="1203" /><ent r="5" t="398" w="1203" /><ent r="5" t="398" w="1870" /><ent r="5" t="398" w="1870" /><ent r="3" t="398" w="2806" /><ent r="3" t="398" w="2806" /><ent r="3" t="398" w="2809" /><ent r="3" t="398" w="2809" /><ent r="3" t="399" w="3481" /><ent r="3" t="399" w="3481" /><ent r="3" t="402" w="1251" /><ent r="3" t="402" w="1251" /><ent r="5" t="427" w="153" /><ent r="5" t="427" w="153" /><ent r="7" t="433" w="140" /><ent r="7" t="433" w="140" /><ent r="7" t="439" w="421" /><ent r="7" t="439" w="421" /><ent r="7" t="445" w="563" /><ent r="72" t="448" w="24" /><ent r="72" t="448" w="24" /><ent r="7" t="455" w="178" /><ent r="7" t="475" w="306" /><ent r="7" t="475" w="306" /><ent r="3" t="482" w="47" /><ent r="7" t="482" w="279" /><ent r="7" t="482" w="279" /><ent r="3" t="484" w="33" /><ent r="3" t="484" w="37" /><ent r="3" t="484" w="37" /><ent r="3" t="497" w="147" /><ent r="3" t="497" w="147" /></phr></stem><stem n="&lt;20"><phr n="&lt;20"><ent r="6" t="16" w="114" /><ent r="6" t="16" w="114" /><ent r="6" t="16" w="153" /><ent r="6" t="16" w="153" /><ent r="6" t="47" w="114" /><ent r="6" t="47" w="114" /><ent r="6" t="47" w="153" /><ent r="6" t="47" w="153" /><ent r="6" t="71" w="90" /><ent r="6" t="71" w="90" /><ent r="6" t="71" w="114" /><ent r="6" t="71" w="114" /><ent r="6" t="71" w="153" /><ent r="6" t="71" w="153" /><ent r="6" t="98" w="114" /><ent r="6" t="98" w="114" /><ent r="6" t="98" w="153" /><ent r="6" t="98" w="153" /></phr></stem><stem n="&lt;5m"><phr n="&lt;5m"><ent r="8" t="16" w="145" /><ent r="8" t="16" w="145" /><ent r="8" t="47" w="145" /><ent r="8" t="47" w="145" /><ent r="8" t="71" w="145" /><ent r="8" t="71" w="145" /><ent r="8" t="98" w="145" /><ent r="8" t="98" w="145" /></phr></stem><stem n="3drm"><phr n="3DRMS"><ent r="8" t="16" w="146" /><ent r="8" t="47" w="146" /><ent r="8" t="71" w="146" /><ent r="8" t="98" w="146" /><ent r="6" t="201" w="257" /><ent r="6" t="201" w="257" /><ent r="6" t="227" w="239" /><ent r="6" t="227" w="239" /></phr></stem><stem n="85"><phr n="85"><ent r="6" t="16" w="160" /><ent r="6" t="16" w="160" /><ent r="4" t="40" w="82" /><ent r="4" t="40" w="82" /><ent r="6" t="47" w="160" /><ent r="6" t="47" w="160" /><ent r="4" t="66" w="82" /><ent r="4" t="66" w="82" /><ent r="6" t="71" w="160" /><ent r="6" t="71" w="160" /><ent r="6" t="98" w="160" /><ent r="6" t="98" w="160" /><ent r="6" t="341" w="242" /><ent r="6" t="341" w="242" /><ent r="6" t="351" w="270" /><ent r="6" t="351" w="270" /><ent r="6" t="365" w="513" /><ent r="6" t="365" w="513" /><ent r="6" t="373" w="217" /><ent r="6" t="373" w="217" /><ent r="6" t="377" w="243" /><ent r="6" t="377" w="243" /></phr></stem><stem n="first"><phr n="First"><ent r="3" t="17" w="10" /><ent r="3" t="17" w="10" /><ent r="6" t="17" w="57" /><ent r="6" t="17" w="57" /><ent r="3" t="48" w="10" /><ent r="3" t="48" w="10" /><ent r="6" t="48" w="57" /><ent r="6" t="48" w="57" /><ent r="3" t="72" w="10" /><ent r="3" t="72" w="10" /><ent r="6" t="72" w="57" /><ent r="6" t="72" w="57" /><ent r="3" t="99" w="10" /><ent r="3" t="99" w="10" /><ent r="6" t="99" w="57" /><ent r="6" t="99" w="57" /><ent r="7" t="382" w="372" /><ent r="7" t="382" w="372" /><ent r="7" t="450" w="159" /><ent r="7" t="450" w="159" /><ent r="7" t="451" w="194" /><ent r="7" t="451" w="194" /><ent r="6" t="473" w="178" /><ent r="6" t="473" w="178" /><ent r="9" t="477" w="241" /><ent r="9" t="477" w="241" /></phr><phr n="first"><ent r="3" t="43" w="378" /><ent r="3" t="43" w="378" /><ent r="6" t="111" w="263" /><ent r="6" t="111" w="263" /><ent r="7" t="131" w="352" /><ent r="7" t="131" w="352" /><ent r="7" t="134" w="259" /><ent r="7" t="134" w="259" /><ent r="3" t="146" w="374" /><ent r="3" t="146" w="374" /><ent r="3" t="146" w="414" /><ent r="3" t="146" w="414" /><ent r="7" t="235" w="232" /><ent r="7" t="235" w="232" /><ent r="7" t="242" w="173" /><ent r="7" t="242" w="173" /><ent r="3" t="242" w="1214" /><ent r="3" t="242" w="1214" /><ent r="3" t="249" w="201" /><ent r="3" t="249" w="201" /><ent r="3" t="270" w="54" /><ent r="3" t="270" w="54" /><ent r="3" t="270" w="68" /><ent r="3" t="270" w="68" /><ent r="5" t="276" w="281" /><ent r="5" t="276" w="281" /><ent r="3" t="284" w="740" /><ent r="3" t="284" w="740" /><ent r="3" t="291" w="40" /><ent r="3" t="291" w="40" /><ent r="3" t="304" w="57" /><ent r="3" t="304" w="57" /><ent r="3" t="314" w="477" /><ent r="3" t="314" w="477" /><ent r="3" t="314" w="490" /><ent r="3" t="314" w="490" /><ent r="3" t="323" w="217" /><ent r="3" t="323" w="219" /><ent r="6" t="337" w="169" /><ent r="6" t="337" w="169" /><ent r="6" t="337" w="195" /><ent r="6" t="337" w="195" /><ent r="6" t="337" w="221" /><ent r="6" t="337" w="221" /><ent r="6" t="337" w="249" /><ent r="6" t="337" w="249" /><ent r="6" t="337" w="278" /><ent r="6" t="337" w="278" /><ent r="3" t="338" w="48" /><ent r="3" t="338" w="48" /><ent r="6" t="342" w="184" /><ent r="6" t="342" w="184" /><ent r="6" t="343" w="382" /><ent r="6" t="343" w="382" /><ent r="3" t="345" w="51" /><ent r="3" t="345" w="51" /><ent r="3" t="346" w="49" /><ent r="3" t="346" w="49" /><ent r="3" t="348" w="160" /><ent r="3" t="348" w="160" /><ent r="7" t="349" w="177" /><ent r="7" t="349" w="177" /><ent r="7" t="350" w="177" /><ent r="7" t="350" w="177" /><ent r="3" t="359" w="434" /><ent r="3" t="359" w="434" /><ent r="3" t="359" w="562" /><ent r="3" t="359" w="562" /><ent r="3" t="361" w="42" /><ent r="3" t="361" w="42" /><ent r="3" t="362" w="43" /><ent r="3" t="362" w="43" /><ent r="6" t="366" w="189" /><ent r="6" t="366" w="189" /><ent r="6" t="367" w="191" /><ent r="6" t="367" w="191" /><ent r="6" t="368" w="191" /><ent r="6" t="368" w="191" /><ent r="6" t="369" w="190" /><ent r="6" t="369" w="190" /><ent r="6" t="370" w="189" /><ent r="6" t="370" w="189" /><ent r="6" t="371" w="257" /><ent r="6" t="371" w="257" /><ent r="4" t="390" w="1077" /><ent r="4" t="390" w="1077" /><ent r="3" t="393" w="163" /><ent r="3" t="399" w="3726" /><ent r="3" t="399" w="3726" /><ent r="3" t="421" w="13" /><ent r="3" t="421" w="13" /><ent r="5" t="422" w="116" /><ent r="5" t="422" w="116" /><ent r="5" t="422" w="714" /><ent r="5" t="422" w="714" /><ent r="5" t="423" w="166" /><ent r="5" t="423" w="166" /><ent r="3" t="423" w="302" /><ent r="7" t="427" w="447" /><ent r="7" t="427" w="447" /><ent r="5" t="431" w="79" /><ent r="5" t="431" w="79" /><ent r="7" t="431" w="650" /><ent r="7" t="431" w="650" /><ent r="7" t="431" w="663" /><ent r="7" t="431" w="663" /><ent r="9" t="439" w="121" /><ent r="9" t="439" w="121" /><ent r="7" t="447" w="197" /><ent r="7" t="447" w="197" /><ent r="7" t="452" w="158" /><ent r="7" t="452" w="158" /><ent r="6" t="473" w="187" /><ent r="6" t="473" w="187" /><ent r="6" t="473" w="198" /><ent r="6" t="473" w="198" /></phr><phr n="FIRST"><ent r="6" t="342" w="174" /><ent r="6" t="342" w="174" /><ent r="6" t="388" w="799" /><ent r="6" t="388" w="799" /><ent r="3" t="398" w="2820" /><ent r="3" t="398" w="2820" /></phr></stem></index>