<?xml version="1.0" encoding="utf-8"?><index><!-- saved from url=(0016)http://localhost -->
<stem n="definit"><phr n="definition"><ent r="6" t="351" w="352" /><ent r="6" t="351" w="352" /></phr><phr n="definitions"><ent r="3" t="404" w="516" /><ent r="3" t="404" w="516" /></phr></stem><stem n="0-d"><phr n="0-D"><ent r="7" t="351" w="355" /><ent r="7" t="351" w="355" /></phr></stem><stem n="clock-onli"><phr n="clock-only"><ent r="7" t="351" w="359" /><ent r="7" t="351" w="359" /></phr></stem><stem n="1-d"><phr n="1-D"><ent r="7" t="351" w="373" /><ent r="7" t="351" w="373" /></phr></stem><stem n="2+"><phr n="2+"><ent r="7" t="351" w="383" /><ent r="7" t="351" w="383" /><ent r="7" t="351" w="395" /><ent r="7" t="351" w="395" /></phr></stem><stem n="2-d"><phr n="2-D"><ent r="7" t="351" w="387" /><ent r="7" t="351" w="387" /><ent r="7" t="351" w="399" /><ent r="7" t="351" w="399" /></phr></stem><stem n="3+"><phr n="3+"><ent r="7" t="351" w="405" /><ent r="7" t="351" w="405" /></phr></stem><stem n="3-d"><phr n="3-D"><ent r="7" t="351" w="409" /><ent r="7" t="351" w="409" /></phr></stem><stem n="4+"><phr n="4+"><ent r="7" t="351" w="412" /><ent r="7" t="351" w="412" /><ent r="7" t="351" w="418" /><ent r="7" t="351" w="418" /></phr></stem><stem n="fals"><phr n="False"><ent r="7" t="351" w="496" /><ent r="7" t="351" w="496" /><ent r="7" t="351" w="511" /><ent r="7" t="351" w="511" /><ent r="3" t="390" w="898" /><ent r="3" t="407" w="15" /><ent r="3" t="407" w="43" /><ent r="3" t="408" w="108" /><ent r="3" t="408" w="136" /></phr></stem><stem n="1st"><phr n="1st"><ent r="7" t="352" w="114" /><ent r="7" t="352" w="114" /><ent r="6" t="372" w="1348" /><ent r="3" t="401" w="520" /><ent r="3" t="401" w="520" /><ent r="3" t="401" w="582" /><ent r="3" t="401" w="582" /></phr></stem><stem n="2^39"><phr n="2^39"><ent r="4" t="353" w="69" /><ent r="4" t="353" w="69" /><ent r="6" t="353" w="343" /></phr></stem><stem n="2^40"><phr n="2^40"><ent r="6" t="353" w="321" /></phr></stem><stem n="1e"><phr n="1e"><ent r="6" t="353" w="324" /><ent r="6" t="353" w="643" /></phr><phr n="1E"><ent r="3" t="398" w="2807" /><ent r="3" t="398" w="2807" /></phr></stem><stem n="180"><phr n="180"><ent r="6" t="353" w="340" /><ent r="6" t="353" w="340" /><ent r="3" t="399" w="1358" /><ent r="3" t="399" w="1365" /><ent r="3" t="399" w="1618" /><ent r="3" t="399" w="2437" /><ent r="3" t="399" w="2444" /><ent r="3" t="399" w="2451" /></phr></stem><stem n="8e"><phr n="8e"><ent r="6" t="353" w="346" /></phr></stem><stem n="524"><phr n="524"><ent r="6" t="353" w="362" /><ent r="7" t="353" w="1083" /></phr></stem><stem n="288"><phr n="288"><ent r="6" t="353" w="363" /><ent r="6" t="353" w="363" /></phr></stem><stem n="2^12"><phr n="2^12"><ent r="6" t="353" w="366" /></phr></stem><stem n="2^21"><phr n="2^21"><ent r="6" t="353" w="390" /><ent r="6" t="353" w="415" /><ent r="6" t="353" w="440" /></phr></stem><stem n="00048"><phr n="00048"><ent r="6" t="353" w="393" /><ent r="6" t="353" w="393" /><ent r="6" t="353" w="418" /><ent r="6" t="353" w="418" /><ent r="6" t="353" w="443" /><ent r="6" t="353" w="443" /></phr></stem><stem n="2^26"><phr n="2^26"><ent r="6" t="353" w="464" /></phr></stem><stem n="5e"><phr n="5e"><ent r="6" t="353" w="467" /></phr><phr n="5E"><ent r="3" t="398" w="2562" /><ent r="3" t="398" w="2562" /><ent r="3" t="398" w="2574" /><ent r="3" t="398" w="2574" /></phr></stem><stem n="384"><phr n="384"><ent r="6" t="353" w="489" /><ent r="6" t="353" w="489" /></phr></stem><stem n="2^17"><phr n="2^17"><ent r="6" t="353" w="492" /></phr></stem><stem n="6e"><phr n="6e"><ent r="6" t="353" w="495" /></phr></stem><stem n="unitless"><phr n="Unitless"><ent r="6" t="353" w="507" /><ent r="6" t="353" w="507" /><ent r="6" t="353" w="526" /><ent r="6" t="353" w="526" /><ent r="6" t="353" w="545" /><ent r="6" t="353" w="545" /></phr></stem><stem n="4096"><phr n="4096"><ent r="6" t="353" w="511" /><ent r="6" t="353" w="530" /><ent r="6" t="353" w="549" /></phr></stem><stem n="2^4"><phr n="2^4"><ent r="6" t="353" w="513" /><ent r="6" t="353" w="532" /><ent r="6" t="353" w="551" /><ent r="6" t="353" w="854" /></phr></stem><stem n="0625"><phr n="0625"><ent r="6" t="353" w="516" /><ent r="6" t="353" w="535" /><ent r="6" t="353" w="554" /></phr></stem><stem n="1sigma"><phr n="1SIGMA"><ent r="6" t="353" w="559" /><ent r="6" t="353" w="559" /><ent r="6" t="353" w="582" /><ent r="6" t="353" w="582" /><ent r="6" t="353" w="605" /><ent r="6" t="353" w="605" /></phr></stem><stem n="2^11"><phr n="2^11"><ent r="6" t="353" w="572" /><ent r="6" t="353" w="595" /><ent r="6" t="353" w="618" /><ent r="6" t="353" w="668" /></phr></stem><stem n="9e"><phr n="9e"><ent r="6" t="353" w="575" /><ent r="6" t="353" w="598" /><ent r="6" t="353" w="621" /><ent r="6" t="353" w="671" /></phr></stem><stem n="2^14"><phr n="2^14"><ent r="6" t="353" w="640" /></phr></stem><stem n="std"><phr n="STD"><ent r="6" t="353" w="651" /><ent r="6" t="353" w="651" /><ent r="7" t="445" w="578" /><ent r="7" t="445" w="578" /></phr></stem><stem n="dev"><phr n="DEV"><ent r="6" t="353" w="652" /><ent r="6" t="353" w="652" /></phr></stem><stem n="2^6"><phr n="2^6"><ent r="6" t="353" w="747" /></phr></stem><stem n="768"><phr n="768"><ent r="6" t="353" w="803" /><ent r="6" t="353" w="803" /><ent r="6" t="353" w="822" /><ent r="6" t="353" w="822" /></phr></stem><stem n="2^16"><phr n="2^16"><ent r="6" t="353" w="806" /><ent r="6" t="353" w="825" /></phr></stem><stem n="inter-system"><phr n="Inter-System"><ent r="7" t="353" w="856" /><ent r="7" t="353" w="856" /><ent r="68" t="353" w="916" /><ent r="68" t="353" w="916" /><ent r="68" t="353" w="973" /><ent r="68" t="353" w="973" /></phr><phr n="INTER-SYSTEM"><ent r="6" t="353" w="893" /><ent r="6" t="353" w="893" /><ent r="6" t="353" w="956" /><ent r="6" t="353" w="956" /><ent r="6" t="353" w="998" /><ent r="6" t="353" w="998" /><ent r="3" t="358" w="25" /><ent r="3" t="358" w="25" /></phr><phr n="Inter-system"><ent r="1000" t="358" w="1" /><ent r="1000" t="358" w="1" /><ent r="92" t="358" w="9" /><ent r="92" t="358" w="9" /></phr></stem><stem n="inter"><phr n="Inter"><ent r="7" t="353" w="856" /><ent r="68" t="353" w="916" /><ent r="68" t="353" w="973" /><ent r="1000" t="358" w="1" /><ent r="92" t="358" w="9" /></phr><phr n="INTER"><ent r="6" t="353" w="893" /><ent r="6" t="353" w="956" /><ent r="6" t="353" w="998" /><ent r="3" t="358" w="25" /></phr></stem><stem n="4-6"><phr n="4-6"><ent r="7" t="353" w="926" /><ent r="7" t="353" w="983" /></phr></stem><stem n="0-7"><phr n="0-7"><ent r="7" t="353" w="935" /><ent r="7" t="443" w="602" /><ent r="7" t="476" w="66" /><ent r="7" t="476" w="66" /><ent r="7" t="476" w="89" /><ent r="7" t="476" w="89" /></phr></stem><stem n="m-byte"><phr n="M-byte"><ent r="7" t="353" w="1011" /><ent r="7" t="353" w="1011" /></phr></stem><stem n="2^28"><phr n="2^28"><ent r="7" t="353" w="1019" /></phr></stem><stem n="0037"><phr n="0037"><ent r="7" t="353" w="1028" /><ent r="7" t="353" w="1028" /></phr></stem><stem n="ns"><phr n="ns"><ent r="7" t="353" w="1029" /><ent r="7" t="353" w="1029" /><ent r="7" t="353" w="1049" /><ent r="7" t="353" w="1049" /><ent r="7" t="353" w="1056" /><ent r="7" t="353" w="1056" /><ent r="7" t="353" w="1063" /><ent r="7" t="353" w="1063" /></phr></stem><stem n="07"><phr n="07"><ent r="7" t="353" w="1055" /><ent r="7" t="353" w="1055" /><ent r="5" t="398" w="826" /><ent r="5" t="398" w="826" /><ent r="5" t="398" w="902" /><ent r="5" t="398" w="902" /><ent r="5" t="398" w="1356" /><ent r="5" t="398" w="1356" /><ent r="5" t="398" w="1362" /><ent r="5" t="398" w="1362" /><ent r="5" t="398" w="1430" /><ent r="5" t="398" w="1430" /><ent r="5" t="398" w="1479" /><ent r="5" t="398" w="1479" /><ent r="5" t="398" w="2025" /><ent r="5" t="398" w="2025" /><ent r="5" t="398" w="2104" /><ent r="5" t="398" w="2104" /><ent r="5" t="398" w="2232" /><ent r="5" t="398" w="2232" /><ent r="5" t="398" w="2238" /><ent r="5" t="398" w="2238" /><ent r="5" t="398" w="2306" /><ent r="5" t="398" w="2306" /><ent r="5" t="398" w="2355" /><ent r="5" t="398" w="2355" /><ent r="7" t="487" w="130" /><ent r="7" t="489" w="96" /><ent r="3" t="492" w="38" /><ent r="3" t="493" w="64" /><ent r="3" t="497" w="35" /></phr></stem><stem n="31250"><phr n="31250"><ent r="7" t="353" w="1061" /></phr></stem><stem n="048"><phr n="048"><ent r="7" t="353" w="1077" /><ent r="7" t="353" w="1077" /></phr></stem><stem n="283"><phr n="283"><ent r="7" t="353" w="1091" /><ent r="7" t="353" w="1091" /></phr></stem><stem n="48mm"><phr n="48mm"><ent r="7" t="353" w="1095" /><ent r="7" t="353" w="1095" /></phr></stem><stem n="7th"><phr n="7th"><ent r="7" t="353" w="1101" /><ent r="7" t="353" w="1101" /></phr></stem><stem n="overdetermin"><phr n="Overdetermined"><ent r="6" t="355" w="49" /><ent r="6" t="355" w="49" /></phr></stem><stem n="wide-area"><phr n="Wide-area"><ent r="6" t="356" w="72" /><ent r="6" t="356" w="72" /></phr></stem><stem n="hpg2"><phr n="HPG2"><ent r="7" t="357" w="82" /><ent r="7" t="357" w="82" /></phr></stem><stem n="prescrib"><phr n="prescribe"><ent r="3" t="359" w="44" /><ent r="3" t="359" w="44" /></phr></stem><stem n="embed"><phr n="embedded"><ent r="3" t="359" w="260" /><ent r="3" t="359" w="260" /><ent r="3" t="399" w="149" /><ent r="3" t="399" w="149" /><ent r="3" t="404" w="306" /><ent r="3" t="404" w="306" /></phr></stem><stem n="extran"><phr n="extraneous"><ent r="3" t="359" w="263" /><ent r="3" t="359" w="263" /><ent r="3" t="359" w="306" /><ent r="3" t="359" w="306" /></phr></stem><stem n="backward"><phr n="backward"><ent r="3" t="359" w="270" /><ent r="3" t="359" w="270" /><ent r="3" t="423" w="115" /><ent r="3" t="423" w="115" /></phr></stem><stem n="concern"><phr n="concerned"><ent r="3" t="359" w="286" /><ent r="3" t="359" w="286" /></phr></stem><stem n="subpacket"><phr n="subpackets"><ent r="3" t="359" w="401" /><ent r="3" t="359" w="401" /><ent r="3" t="382" w="129" /><ent r="3" t="382" w="129" /></phr></stem><stem n="245"><phr n="245"><ent r="3" t="359" w="454" /><ent r="3" t="359" w="454" /><ent r="3" t="359" w="468" /><ent r="3" t="359" w="468" /></phr></stem><stem n="wherev"><phr n="wherever"><ent r="3" t="359" w="466" /><ent r="3" t="359" w="466" /></phr></stem><stem n="reassembl"><phr n="reassemble"><ent r="3" t="359" w="541" /><ent r="3" t="359" w="541" /></phr></stem><stem n="littl"><phr n="little"><ent r="3" t="359" w="583" /><ent r="3" t="359" w="583" /><ent r="3" t="399" w="683" /><ent r="3" t="399" w="822" /><ent r="3" t="399" w="960" /><ent r="3" t="399" w="1123" /></phr></stem><stem n="uint16"><phr n="UINT16"><ent r="3" t="359" w="588" /></phr></stem><stem n="consecut"><phr n="consecutive"><ent r="3" t="361" w="54" /><ent r="3" t="361" w="54" /><ent r="7" t="396" w="216" /><ent r="7" t="396" w="216" /><ent r="7" t="438" w="330" /><ent r="7" t="438" w="330" /><ent r="3" t="455" w="53" /><ent r="3" t="455" w="53" /><ent r="3" t="494" w="25" /><ent r="3" t="494" w="25" /><ent r="3" t="495" w="26" /><ent r="3" t="495" w="26" /><ent r="3" t="496" w="28" /><ent r="3" t="496" w="28" /></phr></stem><stem n="dec"><phr n="Dec"><ent r="6" t="361" w="223" /><ent r="6" t="361" w="223" /><ent r="6" t="361" w="293" /><ent r="6" t="361" w="293" /><ent r="6" t="361" w="341" /><ent r="6" t="361" w="341" /><ent r="6" t="363" w="619" /><ent r="6" t="363" w="619" /><ent r="6" t="364" w="243" /><ent r="6" t="364" w="243" /><ent r="6" t="364" w="354" /><ent r="6" t="364" w="354" /><ent r="6" t="364" w="398" /><ent r="6" t="364" w="398" /><ent r="6" t="366" w="237" /><ent r="6" t="366" w="237" /><ent r="6" t="367" w="240" /><ent r="6" t="367" w="240" /><ent r="6" t="368" w="240" /><ent r="6" t="368" w="240" /><ent r="6" t="369" w="239" /><ent r="6" t="369" w="239" /><ent r="6" t="370" w="238" /><ent r="6" t="370" w="238" /><ent r="6" t="371" w="308" /><ent r="6" t="371" w="308" /><ent r="6" t="371" w="356" /><ent r="6" t="371" w="356" /><ent r="6" t="372" w="1386" /><ent r="6" t="372" w="1386" /><ent r="6" t="373" w="213" /><ent r="6" t="373" w="213" /><ent r="6" t="374" w="323" /><ent r="6" t="374" w="323" /><ent r="6" t="374" w="393" /><ent r="6" t="374" w="393" /><ent r="6" t="374" w="427" /><ent r="6" t="374" w="427" /><ent r="6" t="374" w="461" /><ent r="6" t="374" w="461" /><ent r="6" t="375" w="147" /><ent r="6" t="375" w="147" /><ent r="6" t="377" w="239" /><ent r="6" t="377" w="239" /><ent r="6" t="382" w="611" /><ent r="6" t="382" w="611" /><ent r="6" t="391" w="299" /><ent r="6" t="391" w="299" /></phr></stem><stem n="hex"><phr n="Hex"><ent r="6" t="361" w="225" /><ent r="6" t="361" w="225" /><ent r="6" t="361" w="295" /><ent r="6" t="361" w="295" /><ent r="6" t="361" w="343" /><ent r="6" t="361" w="343" /><ent r="6" t="363" w="621" /><ent r="6" t="363" w="621" /><ent r="6" t="364" w="245" /><ent r="6" t="364" w="245" /><ent r="6" t="364" w="356" /><ent r="6" t="364" w="356" /><ent r="6" t="364" w="400" /><ent r="6" t="364" w="400" /><ent r="6" t="366" w="239" /><ent r="6" t="366" w="239" /><ent r="6" t="367" w="242" /><ent r="6" t="367" w="242" /><ent r="6" t="368" w="242" /><ent r="6" t="368" w="242" /><ent r="6" t="369" w="241" /><ent r="6" t="369" w="241" /><ent r="6" t="370" w="240" /><ent r="6" t="370" w="240" /><ent r="6" t="371" w="310" /><ent r="6" t="371" w="310" /><ent r="6" t="371" w="358" /><ent r="6" t="371" w="358" /><ent r="6" t="372" w="1388" /><ent r="6" t="372" w="1388" /><ent r="6" t="373" w="215" /><ent r="6" t="373" w="215" /><ent r="6" t="374" w="325" /><ent r="6" t="374" w="325" /><ent r="6" t="374" w="395" /><ent r="6" t="374" w="395" /><ent r="6" t="374" w="429" /><ent r="6" t="374" w="429" /><ent r="6" t="374" w="463" /><ent r="6" t="374" w="463" /><ent r="6" t="375" w="149" /><ent r="6" t="375" w="149" /><ent r="6" t="377" w="241" /><ent r="6" t="377" w="241" /><ent r="6" t="382" w="613" /><ent r="6" t="382" w="613" /><ent r="6" t="391" w="301" /><ent r="6" t="391" w="301" /><ent r="3" t="399" w="228" /><ent r="3" t="399" w="228" /><ent r="3" t="399" w="325" /><ent r="3" t="399" w="325" /><ent r="3" t="399" w="3444" /><ent r="3" t="399" w="3444" /></phr><phr n="hex"><ent r="3" t="399" w="3120" /></phr></stem><stem n="0eh"><phr n="0Eh"><ent r="6" t="361" w="236" /><ent r="6" t="361" w="236" /><ent r="6" t="388" w="125" /><ent r="8" t="388" w="166" /><ent r="5" t="388" w="380" /><ent r="67" t="388" w="406" /><ent r="6" t="388" w="931" /><ent r="7" t="388" w="981" /><ent r="7" t="388" w="981" /><ent r="3" t="398" w="2921" /><ent r="3" t="398" w="2921" /><ent r="7" t="451" w="97" /><ent r="7" t="451" w="97" /></phr></stem><stem n="bd950"><phr n="BD950"><ent r="6" t="361" w="238" /><ent r="6" t="361" w="238" /></phr></stem><stem n="29h"><phr n="29h"><ent r="6" t="361" w="243" /><ent r="6" t="361" w="243" /></phr></stem><stem n="35h"><phr n="35h"><ent r="6" t="361" w="250" /><ent r="6" t="361" w="250" /><ent r="6" t="373" w="261" /><ent r="6" t="373" w="261" /><ent r="6" t="377" w="287" /><ent r="6" t="377" w="287" /><ent r="6" t="385" w="250" /><ent r="6" t="385" w="250" /></phr></stem><stem n="3ch"><phr n="3Ch"><ent r="6" t="361" w="257" /><ent r="6" t="361" w="257" /></phr></stem><stem n="3dh"><phr n="3Dh"><ent r="6" t="361" w="264" /><ent r="6" t="361" w="264" /></phr></stem><stem n="42h"><phr n="42h"><ent r="6" t="361" w="271" /><ent r="6" t="361" w="271" /><ent r="6" t="365" w="369" /><ent r="6" t="365" w="369" /><ent r="6" t="385" w="186" /><ent r="6" t="385" w="186" /></phr></stem><stem n="alter"><phr n="Alter"><ent r="6" t="361" w="349" /><ent r="6" t="361" w="349" /></phr><phr n="alter"><ent r="5" t="501" w="197" /><ent r="5" t="501" w="197" /></phr></stem><stem n="unspecifi"><phr n="unspecified"><ent r="6" t="361" w="360" /><ent r="6" t="361" w="360" /></phr><phr n="Unspecified"><ent r="6" t="378" w="178" /><ent r="6" t="378" w="178" /></phr></stem><stem n="creation"><phr n="creation"><ent r="3" t="362" w="17" /><ent r="3" t="362" w="17" /><ent r="3" t="404" w="1110" /><ent r="4" t="422" w="989" /><ent r="4" t="422" w="989" /><ent r="4" t="422" w="1061" /><ent r="4" t="422" w="1061" /></phr><phr n="CREATION"><ent r="6" t="362" w="148" /><ent r="6" t="362" w="148" /><ent r="6" t="362" w="173" /><ent r="6" t="362" w="173" /><ent r="6" t="362" w="194" /><ent r="6" t="362" w="194" /><ent r="6" t="362" w="218" /><ent r="6" t="362" w="218" /><ent r="6" t="362" w="242" /><ent r="6" t="362" w="242" /><ent r="6" t="382" w="434" /><ent r="6" t="382" w="434" /><ent r="6" t="382" w="459" /><ent r="6" t="382" w="459" /><ent r="6" t="382" w="481" /><ent r="6" t="382" w="481" /><ent r="6" t="382" w="503" /><ent r="6" t="382" w="503" /><ent r="6" t="382" w="522" /><ent r="6" t="382" w="522" /></phr></stem><stem n="0dh"><phr n="0Dh"><ent r="6" t="362" w="103" /><ent r="6" t="362" w="103" /><ent r="6" t="372" w="1482" /><ent r="6" t="372" w="1482" /><ent r="6" t="374" w="111" /><ent r="6" t="374" w="111" /><ent r="6" t="385" w="169" /><ent r="6" t="385" w="169" /><ent r="6" t="388" w="124" /><ent r="8" t="388" w="160" /><ent r="5" t="388" w="349" /><ent r="5" t="388" w="349" /><ent r="5" t="388" w="353" /><ent r="67" t="388" w="373" /><ent r="6" t="388" w="781" /><ent r="7" t="388" w="928" /><ent r="7" t="388" w="928" /><ent r="3" t="398" w="2796" /><ent r="3" t="398" w="2796" /><ent r="7" t="450" w="67" /><ent r="7" t="450" w="67" /><ent r="7" t="455" w="106" /></phr></stem><stem n="_"><phr n="_"><ent r="7" t="362" w="133" /></phr></stem><stem n="underscor"><phr n="underscore"><ent r="7" t="362" w="134" /></phr></stem><stem n="eight-charact"><phr n="Eight-character"><ent r="6" t="362" w="136" /><ent r="6" t="362" w="136" /><ent r="6" t="365" w="141" /><ent r="6" t="365" w="141" /></phr></stem><stem n="1fh"><phr n="1Fh"><ent r="6" t="362" w="200" /><ent r="6" t="362" w="200" /><ent r="6" t="365" w="240" /><ent r="6" t="365" w="240" /><ent r="6" t="382" w="488" /><ent r="6" t="382" w="488" /></phr></stem><stem n="17h"><phr n="17h"><ent r="6" t="362" w="224" /><ent r="6" t="362" w="224" /><ent r="6" t="382" w="510" /><ent r="6" t="382" w="510" /></phr></stem><stem n="00-23"><phr n="00-23"><ent r="6" t="362" w="235" /></phr></stem><stem n="3bh"><phr n="3Bh"><ent r="6" t="362" w="248" /><ent r="6" t="362" w="248" /><ent r="6" t="382" w="529" /><ent r="6" t="382" w="529" /></phr></stem><stem n="08h"><phr n="08h"><ent r="6" t="363" w="92" /><ent r="6" t="363" w="92" /><ent r="6" t="364" w="310" /><ent r="6" t="364" w="310" /><ent r="6" t="372" w="1447" /><ent r="6" t="372" w="1447" /><ent r="6" t="373" w="66" /><ent r="6" t="373" w="66" /><ent r="5" t="398" w="711" /><ent r="5" t="398" w="711" /><ent r="5" t="398" w="1251" /><ent r="5" t="398" w="1251" /><ent r="5" t="398" w="1918" /><ent r="5" t="398" w="1918" /><ent r="7" t="455" w="92" /><ent r="7" t="455" w="92" /></phr></stem><stem n="5ah"><phr n="5Ah"><ent r="6" t="363" w="114" /><ent r="6" t="363" w="114" /></phr></stem><stem n="16-19"><phr n="16-19"><ent r="6" t="363" w="325" /><ent r="6" t="363" w="325" /></phr></stem><stem n="3eh"><phr n="3Eh"><ent r="6" t="363" w="333" /><ent r="6" t="363" w="333" /><ent r="6" t="363" w="352" /><ent r="6" t="363" w="352" /></phr></stem><stem n="99h"><phr n="99h"><ent r="6" t="363" w="334" /><ent r="6" t="363" w="334" /><ent r="6" t="363" w="335" /><ent r="6" t="363" w="335" /><ent r="6" t="363" w="353" /><ent r="6" t="363" w="353" /><ent r="6" t="363" w="354" /><ent r="6" t="363" w="354" /></phr></stem><stem n="9ah"><phr n="9Ah"><ent r="6" t="363" w="336" /><ent r="6" t="363" w="336" /><ent r="6" t="363" w="355" /><ent r="6" t="363" w="355" /></phr></stem><stem n="20-23"><phr n="20-23"><ent r="6" t="363" w="344" /><ent r="6" t="363" w="344" /></phr></stem><stem n="26-27"><phr n="26-27"><ent r="6" t="363" w="392" /><ent r="6" t="363" w="392" /></phr></stem><stem n="2ch"><phr n="2Ch"><ent r="6" t="363" w="406" /><ent r="6" t="363" w="406" /><ent r="6" t="363" w="437" /><ent r="6" t="363" w="437" /><ent r="6" t="363" w="468" /><ent r="6" t="363" w="468" /><ent r="6" t="363" w="499" /><ent r="6" t="363" w="499" /><ent r="6" t="373" w="80" /><ent r="6" t="373" w="80" /></phr></stem><stem n="1-300"><phr n="1-300"><ent r="6" t="363" w="419" /><ent r="6" t="363" w="419" /><ent r="6" t="363" w="450" /><ent r="6" t="363" w="450" /><ent r="6" t="363" w="481" /><ent r="6" t="363" w="481" /><ent r="6" t="363" w="512" /><ent r="6" t="363" w="512" /></phr></stem><stem n="28-29"><phr n="28-29"><ent r="6" t="363" w="423" /><ent r="6" t="363" w="423" /></phr></stem><stem n="30-31"><phr n="30-31"><ent r="6" t="363" w="454" /><ent r="6" t="363" w="454" /></phr></stem><stem n="32-33"><phr n="32-33"><ent r="6" t="363" w="485" /><ent r="6" t="363" w="485" /></phr></stem><stem n="rtcm2"><phr n="RTCM2"><ent r="6" t="363" w="547" /><ent r="6" t="363" w="547" /></phr></stem><stem n="least-squar"><phr n="least-squares"><ent r="6" t="363" w="583" /></phr></stem><stem n="2k"><phr n="2K"><ent r="6" t="364" w="280" /><ent r="6" t="364" w="280" /><ent r="6" t="364" w="305" /><ent r="6" t="364" w="305" /></phr></stem><stem n="4k"><phr n="4K"><ent r="6" t="364" w="288" /><ent r="6" t="364" w="288" /><ent r="5" t="398" w="884" /><ent r="5" t="398" w="884" /><ent r="5" t="398" w="1412" /><ent r="5" t="398" w="1412" /><ent r="5" t="398" w="2083" /><ent r="5" t="398" w="2083" /><ent r="5" t="398" w="2288" /><ent r="5" t="398" w="2288" /></phr></stem><stem n="6k"><phr n="6K"><ent r="6" t="364" w="297" /><ent r="6" t="364" w="297" /></phr></stem><stem n="0ah"><phr n="0Ah"><ent r="6" t="364" w="324" /><ent r="6" t="364" w="324" /><ent r="6" t="372" w="1461" /><ent r="6" t="372" w="1461" /><ent r="6" t="373" w="253" /><ent r="6" t="373" w="253" /><ent r="6" t="375" w="70" /><ent r="6" t="375" w="70" /><ent r="6" t="377" w="279" /><ent r="6" t="377" w="279" /><ent r="7" t="396" w="179" /><ent r="7" t="396" w="179" /><ent r="5" t="398" w="193" /><ent r="5" t="398" w="193" /><ent r="5" t="398" w="1118" /><ent r="5" t="398" w="1118" /><ent r="5" t="398" w="1703" /><ent r="5" t="398" w="1703" /><ent r="7" t="434" w="68" /><ent r="7" t="434" w="68" /><ent r="7" t="435" w="53" /><ent r="7" t="435" w="53" /><ent r="7" t="452" w="78" /><ent r="7" t="452" w="78" /></phr></stem><stem n="1200"><phr n="1200"><ent r="6" t="364" w="326" /><ent r="6" t="364" w="326" /><ent r="3" t="488" w="84" /></phr></stem><stem n="230"><phr n="230"><ent r="6" t="364" w="333" /></phr></stem><stem n="10-bit"><phr n="10-bit"><ent r="6" t="364" w="364" /><ent r="6" t="364" w="364" /><ent r="5" t="398" w="2091" /><ent r="5" t="398" w="2091" /></phr></stem><stem n="11-bit"><phr n="11-bit"><ent r="6" t="364" w="374" /><ent r="6" t="364" w="374" /><ent r="6" t="364" w="384" /><ent r="6" t="364" w="384" /></phr></stem><stem n="lla"><phr n="LLA"><ent r="3" t="365" w="21" /><ent r="3" t="365" w="21" /></phr></stem><stem n="25h"><phr n="25h"><ent r="6" t="365" w="87" /><ent r="6" t="365" w="87" /><ent r="7" t="434" w="59" /><ent r="7" t="434" w="59" /></phr></stem><stem n="999"><phr n="999"><ent r="6" t="365" w="200" /><ent r="6" t="365" w="200" /><ent r="6" t="365" w="205" /><ent r="7" t="478" w="72" /><ent r="7" t="478" w="72" /><ent r="7" t="478" w="152" /><ent r="7" t="478" w="152" /></phr></stem><stem n="+9999"><phr n="+9999"><ent r="6" t="365" w="204" /></phr></stem><stem n="0000h"><phr n="0000h"><ent r="6" t="365" w="219" /><ent r="6" t="365" w="580" /><ent r="6" t="372" w="850" /><ent r="6" t="372" w="850" /><ent r="6" t="388" w="1058" /><ent r="6" t="388" w="1183" /><ent r="6" t="388" w="1353" /><ent r="6" t="388" w="1478" /></phr></stem><stem n="03ffh"><phr n="03FFh"><ent r="6" t="365" w="220" /><ent r="6" t="365" w="220" /></phr></stem><stem n="39-88"><phr n="39-88"><ent r="6" t="365" w="287" /><ent r="6" t="365" w="287" /></phr></stem><stem n="41h"><phr n="41h"><ent r="6" t="365" w="301" /><ent r="6" t="365" w="301" /><ent r="6" t="385" w="178" /><ent r="6" t="385" w="178" /></phr></stem><stem n="space-pad"><phr n="space-padded"><ent r="6" t="365" w="327" /><ent r="6" t="365" w="327" /><ent r="6" t="365" w="394" /><ent r="6" t="365" w="394" /></phr></stem><stem n="retbas"><phr n="RETBASE"><ent r="6" t="365" w="347" /><ent r="6" t="365" w="347" /></phr></stem><stem n="0x20"><phr n="0x20"><ent r="6" t="365" w="427" /><ent r="6" t="365" w="441" /><ent r="6" t="365" w="455" /><ent r="6" t="365" w="469" /><ent r="6" t="365" w="483" /><ent r="6" t="365" w="497" /><ent r="6" t="365" w="511" /><ent r="6" t="365" w="525" /><ent r="6" t="365" w="539" /><ent r="6" t="365" w="553" /><ent r="5" t="398" w="599" /><ent r="5" t="398" w="600" /><ent r="5" t="398" w="600" /><ent r="5" t="398" w="607" /><ent r="5" t="398" w="608" /><ent r="5" t="398" w="608" /><ent r="5" t="398" w="615" /><ent r="5" t="398" w="616" /><ent r="5" t="398" w="616" /><ent r="5" t="398" w="623" /><ent r="5" t="398" w="624" /><ent r="5" t="398" w="624" /></phr></stem><stem n="v3"><phr n="v3"><ent r="6" t="365" w="572" /><ent r="6" t="365" w="588" /><ent r="7" t="372" w="1908" /><ent r="5" t="398" w="631" /><ent r="3" t="402" w="1380" /><ent r="3" t="402" w="1380" /><ent r="7" t="445" w="318" /><ent r="7" t="445" w="318" /><ent r="7" t="445" w="336" /><ent r="7" t="445" w="336" /><ent r="7" t="445" w="379" /><ent r="7" t="445" w="379" /></phr><phr n="V3"><ent r="7" t="445" w="391" /><ent r="7" t="445" w="391" /><ent r="7" t="445" w="396" /><ent r="7" t="445" w="396" /></phr></stem><stem n="0fffh"><phr n="0FFFh"><ent r="6" t="365" w="581" /><ent r="6" t="365" w="581" /></phr></stem><stem n="sv1"><phr n="SV1"><ent r="6" t="366" w="198" /><ent r="6" t="367" w="200" /><ent r="6" t="368" w="200" /><ent r="6" t="369" w="199" /><ent r="6" t="370" w="198" /></phr></stem><stem n="sv2"><phr n="SV2"><ent r="6" t="366" w="205" /><ent r="6" t="367" w="207" /><ent r="6" t="368" w="207" /><ent r="6" t="369" w="206" /><ent r="6" t="370" w="205" /></phr></stem><stem n="37h"><phr n="37h"><ent r="6" t="367" w="129" /><ent r="6" t="367" w="129" /><ent r="6" t="385" w="262" /><ent r="6" t="385" w="262" /></phr></stem><stem n="18h"><phr n="18h"><ent r="6" t="367" w="145" /><ent r="6" t="367" w="145" /><ent r="6" t="371" w="146" /><ent r="6" t="371" w="146" /><ent r="7" t="436" w="74" /><ent r="7" t="436" w="74" /><ent r="7" t="437" w="83" /><ent r="7" t="437" w="83" /><ent r="7" t="440" w="77" /><ent r="7" t="440" w="77" /><ent r="7" t="450" w="95" /><ent r="7" t="450" w="95" /><ent r="7" t="451" w="133" /><ent r="7" t="453" w="108" /><ent r="7" t="453" w="108" /></phr></stem><stem n="5fh"><phr n="5Fh"><ent r="6" t="368" w="129" /><ent r="6" t="368" w="129" /><ent r="7" t="372" w="728" /></phr></stem><stem n="4fh"><phr n="4Fh"><ent r="6" t="369" w="129" /><ent r="6" t="369" w="129" /><ent r="6" t="385" w="299" /><ent r="6" t="385" w="299" /></phr></stem><stem n="50h"><phr n="50h"><ent r="6" t="370" w="129" /><ent r="6" t="370" w="129" /><ent r="6" t="385" w="312" /><ent r="6" t="385" w="312" /></phr></stem><stem n="1eh"><phr n="1Eh"><ent r="6" t="370" w="144" /><ent r="6" t="370" w="144" /></phr></stem><stem n="16h"><phr n="16h"><ent r="6" t="371" w="130" /><ent r="6" t="371" w="130" /><ent r="3" t="398" w="2927" /></phr></stem></index>