<?xml version="1.0" encoding="utf-8"?><index><!-- saved from url=(0016)http://localhost -->
<stem n="index"><phr n="index"><ent r="66" t="252" w="626" /><ent r="66" t="254" w="339" /><ent r="3" t="364" w="39" /><ent r="3" t="364" w="39" /><ent r="3" t="379" w="108" /><ent r="3" t="379" w="108" /><ent r="6" t="382" w="327" /><ent r="6" t="382" w="327" /><ent r="6" t="382" w="346" /><ent r="6" t="382" w="346" /><ent r="68" t="382" w="400" /><ent r="68" t="382" w="400" /><ent r="82" t="382" w="591" /><ent r="82" t="382" w="591" /><ent r="3" t="382" w="603" /><ent r="3" t="382" w="603" /><ent r="7" t="396" w="143" /><ent r="7" t="396" w="143" /><ent r="3" t="399" w="3620" /><ent r="3" t="399" w="3620" /><ent r="5" t="422" w="662" /><ent r="5" t="422" w="662" /></phr><phr n="Index"><ent r="3" t="359" w="333" /><ent r="6" t="360" w="152" /><ent r="6" t="360" w="152" /><ent r="6" t="360" w="174" /><ent r="6" t="360" w="174" /><ent r="3" t="380" w="50" /><ent r="3" t="383" w="38" /><ent r="3" t="383" w="38" /><ent r="3" t="384" w="41" /><ent r="3" t="384" w="41" /><ent r="3" t="384" w="53" /><ent r="3" t="384" w="67" /><ent r="3" t="384" w="67" /><ent r="7" t="396" w="125" /><ent r="7" t="396" w="125" /><ent r="5" t="398" w="508" /><ent r="5" t="398" w="508" /><ent r="3" t="399" w="3572" /><ent r="3" t="399" w="3593" /><ent r="3" t="399" w="3635" /><ent r="3" t="399" w="3635" /><ent r="3" t="399" w="3664" /><ent r="3" t="399" w="3664" /><ent r="3" t="399" w="3667" /></phr><phr n="INDEX"><ent r="3" t="359" w="406" /><ent r="3" t="359" w="406" /><ent r="3" t="359" w="419" /><ent r="3" t="359" w="419" /><ent r="6" t="360" w="144" /><ent r="6" t="360" w="144" /><ent r="6" t="360" w="166" /><ent r="6" t="360" w="166" /><ent r="6" t="364" w="120" /><ent r="6" t="364" w="120" /><ent r="6" t="365" w="117" /><ent r="6" t="365" w="117" /><ent r="6" t="372" w="179" /><ent r="6" t="372" w="179" /><ent r="6" t="379" w="223" /><ent r="6" t="379" w="223" /><ent r="3" t="382" w="105" /><ent r="3" t="382" w="105" /><ent r="3" t="382" w="141" /><ent r="3" t="382" w="141" /><ent r="3" t="382" w="145" /><ent r="3" t="382" w="145" /><ent r="3" t="382" w="191" /><ent r="3" t="382" w="191" /><ent r="6" t="382" w="318" /><ent r="6" t="382" w="318" /><ent r="6" t="382" w="337" /><ent r="6" t="382" w="337" /><ent r="6" t="382" w="391" /><ent r="6" t="382" w="391" /><ent r="6" t="383" w="116" /><ent r="6" t="383" w="116" /><ent r="6" t="384" w="167" /><ent r="6" t="384" w="167" /><ent r="7" t="396" w="118" /><ent r="7" t="396" w="118" /><ent r="7" t="396" w="135" /><ent r="7" t="396" w="135" /><ent r="5" t="398" w="872" /><ent r="5" t="398" w="872" /><ent r="5" t="398" w="940" /><ent r="5" t="398" w="940" /><ent r="5" t="398" w="1400" /><ent r="5" t="398" w="1400" /><ent r="5" t="398" w="1459" /><ent r="5" t="398" w="1459" /><ent r="5" t="398" w="1508" /><ent r="5" t="398" w="1508" /><ent r="5" t="398" w="2071" /><ent r="5" t="398" w="2071" /><ent r="5" t="398" w="2142" /><ent r="5" t="398" w="2142" /><ent r="5" t="398" w="2276" /><ent r="5" t="398" w="2276" /><ent r="5" t="398" w="2335" /><ent r="5" t="398" w="2335" /><ent r="5" t="398" w="2384" /><ent r="5" t="398" w="2384" /></phr></stem><stem n="ob"><phr n="Obs"><ent r="6" t="252" w="631" /><ent r="6" t="252" w="631" /><ent r="6" t="254" w="344" /><ent r="6" t="254" w="344" /></phr></stem><stem n="planningsoftware_t"><phr n="planningsoftware_ts"><ent r="64" t="255" w="42" /></phr></stem><stem n="citi"><phr n="city"><ent r="3" t="256" w="155" /><ent r="3" t="256" w="155" /><ent r="3" t="257" w="162" /><ent r="3" t="257" w="162" /><ent r="3" t="260" w="139" /><ent r="3" t="260" w="139" /><ent r="3" t="261" w="123" /><ent r="3" t="261" w="123" /></phr><phr n="cities"><ent r="3" t="261" w="171" /></phr></stem><stem n="next"><phr n="next"><ent r="3" t="257" w="30" /><ent r="3" t="257" w="30" /><ent r="3" t="269" w="358" /><ent r="3" t="269" w="358" /><ent r="5" t="269" w="487" /><ent r="5" t="269" w="487" /><ent r="3" t="269" w="529" /><ent r="3" t="269" w="529" /><ent r="3" t="273" w="101" /><ent r="3" t="273" w="101" /><ent r="3" t="287" w="614" /><ent r="3" t="287" w="614" /><ent r="3" t="297" w="570" /><ent r="3" t="297" w="570" /><ent r="3" t="314" w="1397" /><ent r="3" t="314" w="1397" /><ent r="3" t="329" w="307" /><ent r="3" t="329" w="307" /><ent r="3" t="329" w="395" /><ent r="3" t="329" w="395" /><ent r="3" t="397" w="462" /><ent r="3" t="397" w="462" /><ent r="3" t="397" w="596" /><ent r="3" t="397" w="596" /><ent r="3" t="399" w="1188" /><ent r="3" t="399" w="1188" /><ent r="3" t="399" w="3618" /><ent r="3" t="399" w="3618" /><ent r="3" t="421" w="159" /><ent r="3" t="421" w="159" /><ent r="3" t="421" w="174" /><ent r="3" t="421" w="174" /><ent r="7" t="445" w="307" /><ent r="7" t="445" w="307" /></phr><phr n="Next"><ent r="6" t="309" w="357" /><ent r="6" t="309" w="357" /><ent r="6" t="309" w="377" /><ent r="6" t="311" w="72" /><ent r="6" t="311" w="72" /><ent r="6" t="311" w="85" /><ent r="6" t="311" w="85" /><ent r="6" t="311" w="98" /><ent r="6" t="311" w="98" /><ent r="6" t="311" w="107" /><ent r="6" t="311" w="107" /><ent r="6" t="311" w="124" /><ent r="6" t="311" w="124" /><ent r="6" t="311" w="138" /><ent r="6" t="311" w="138" /><ent r="5" t="311" w="149" /><ent r="5" t="311" w="149" /><ent r="6" t="312" w="136" /><ent r="6" t="312" w="136" /><ent r="6" t="312" w="153" /><ent r="6" t="312" w="153" /><ent r="6" t="312" w="174" /><ent r="6" t="312" w="174" /><ent r="6" t="312" w="364" /><ent r="6" t="312" w="364" /><ent r="4" t="314" w="333" /><ent r="7" t="314" w="731" /><ent r="7" t="314" w="936" /><ent r="7" t="314" w="1011" /><ent r="4" t="314" w="1236" /><ent r="4" t="314" w="1262" /><ent r="4" t="314" w="1332" /><ent r="4" t="314" w="1370" /><ent r="6" t="317" w="328" /><ent r="6" t="317" w="328" /><ent r="6" t="317" w="378" /><ent r="6" t="317" w="378" /><ent r="6" t="317" w="421" /><ent r="6" t="317" w="421" /><ent r="3" t="402" w="1575" /><ent r="3" t="402" w="1575" /></phr></stem><stem n="entir"><phr n="entire"><ent r="3" t="258" w="19" /><ent r="3" t="258" w="19" /><ent r="3" t="359" w="251" /><ent r="3" t="359" w="251" /><ent r="3" t="399" w="3823" /><ent r="3" t="399" w="3823" /><ent r="3" t="402" w="1245" /><ent r="3" t="402" w="1245" /><ent r="3" t="403" w="86" /><ent r="3" t="403" w="86" /><ent r="3" t="404" w="1062" /><ent r="3" t="404" w="1062" /><ent r="3" t="404" w="1196" /><ent r="3" t="404" w="1196" /></phr><phr n="entirely"><ent r="3" t="314" w="1111" /><ent r="3" t="314" w="1111" /><ent r="3" t="314" w="1139" /><ent r="3" t="314" w="1139" /></phr></stem><stem n="beneath"><phr n="beneath"><ent r="3" t="258" w="32" /><ent r="3" t="258" w="32" /></phr></stem><stem n="magenta"><phr n="Magenta"><ent r="6" t="258" w="57" /><ent r="6" t="258" w="57" /></phr></stem><stem n="dot"><phr n="dot"><ent r="6" t="258" w="69" /><ent r="6" t="258" w="69" /><ent r="5" t="259" w="114" /><ent r="6" t="388" w="549" /><ent r="6" t="388" w="676" /></phr><phr n="DOT"><ent r="6" t="338" w="450" /><ent r="6" t="338" w="450" /><ent r="6" t="338" w="463" /><ent r="6" t="338" w="463" /><ent r="6" t="346" w="361" /><ent r="6" t="346" w="361" /><ent r="6" t="346" w="370" /><ent r="6" t="346" w="370" /></phr></stem><stem n="project"><phr n="projected"><ent r="3" t="259" w="20" /><ent r="3" t="259" w="20" /><ent r="5" t="453" w="40" /><ent r="5" t="453" w="40" /><ent r="7" t="453" w="134" /><ent r="7" t="453" w="134" /><ent r="7" t="453" w="169" /><ent r="7" t="453" w="169" /></phr><phr n="Projection"><ent r="3" t="271" w="142" /><ent r="3" t="271" w="142" /><ent r="6" t="271" w="624" /><ent r="6" t="271" w="624" /><ent r="3" t="271" w="701" /><ent r="3" t="271" w="701" /><ent r="6" t="271" w="748" /><ent r="6" t="271" w="748" /><ent r="6" t="271" w="780" /><ent r="6" t="271" w="780" /><ent r="7" t="393" w="385" /><ent r="7" t="393" w="385" /><ent r="72" t="491" w="13" /><ent r="72" t="491" w="13" /></phr><phr n="projection"><ent r="3" t="271" w="163" /><ent r="3" t="271" w="163" /><ent r="5" t="271" w="677" /><ent r="5" t="271" w="677" /><ent r="5" t="271" w="767" /><ent r="5" t="271" w="767" /><ent r="7" t="395" w="188" /><ent r="3" t="442" w="31" /><ent r="3" t="442" w="31" /><ent r="3" t="469" w="45" /><ent r="3" t="469" w="45" /></phr><phr n="projections"><ent r="3" t="400" w="819" /><ent r="3" t="400" w="819" /></phr><phr n="Project"><ent r="7" t="491" w="64" /><ent r="7" t="491" w="64" /></phr></stem><stem n="pass"><phr n="pass"><ent r="3" t="259" w="42" /><ent r="3" t="259" w="42" /><ent r="3" t="305" w="38" /><ent r="3" t="305" w="38" /><ent r="3" t="421" w="382" /><ent r="3" t="421" w="382" /></phr><phr n="passed"><ent r="3" t="304" w="158" /><ent r="3" t="399" w="1203" /><ent r="3" t="399" w="1203" /><ent r="3" t="399" w="3916" /><ent r="3" t="399" w="3916" /></phr><phr n="passing"><ent r="3" t="402" w="25" /><ent r="3" t="402" w="25" /><ent r="7" t="453" w="208" /><ent r="7" t="453" w="208" /></phr></stem><stem n="criteria"><phr n="criteria"><ent r="3" t="260" w="88" /><ent r="3" t="261" w="74" /><ent r="5" t="266" w="139" /><ent r="3" t="269" w="70" /><ent r="3" t="269" w="303" /><ent r="3" t="269" w="333" /><ent r="3" t="269" w="349" /><ent r="3" t="269" w="415" /><ent r="3" t="269" w="588" /><ent r="3" t="269" w="588" /><ent r="3" t="336" w="395" /><ent r="3" t="402" w="325" /><ent r="3" t="402" w="325" /></phr></stem><stem n="summari"><phr n="Summary"><ent r="1000" t="263" w="3" /><ent r="1000" t="263" w="3" /><ent r="82" t="263" w="7" /><ent r="82" t="263" w="7" /><ent r="4" t="263" w="25" /><ent r="4" t="263" w="25" /><ent r="1000" t="275" w="5" /><ent r="1000" t="275" w="5" /><ent r="82" t="275" w="11" /><ent r="82" t="275" w="11" /><ent r="1000" t="278" w="3" /><ent r="1000" t="278" w="3" /><ent r="92" t="278" w="7" /><ent r="92" t="278" w="7" /><ent r="64" t="279" w="41" /><ent r="64" t="279" w="41" /><ent r="1000" t="281" w="2" /><ent r="1000" t="281" w="2" /><ent r="82" t="281" w="5" /><ent r="82" t="281" w="5" /><ent r="1000" t="286" w="3" /><ent r="1000" t="286" w="3" /><ent r="82" t="286" w="7" /><ent r="82" t="286" w="7" /><ent r="1000" t="299" w="2" /><ent r="1000" t="299" w="2" /><ent r="82" t="299" w="5" /><ent r="82" t="299" w="5" /><ent r="4" t="301" w="99" /><ent r="4" t="301" w="99" /><ent r="8" t="388" w="158" /><ent r="8" t="388" w="158" /><ent r="8" t="388" w="164" /><ent r="8" t="388" w="164" /><ent r="67" t="388" w="377" /><ent r="67" t="388" w="377" /><ent r="6" t="388" w="785" /><ent r="6" t="388" w="785" /><ent r="6" t="398" w="994" /><ent r="6" t="398" w="994" /><ent r="6" t="398" w="1531" /><ent r="6" t="398" w="1531" /><ent r="6" t="398" w="2407" /><ent r="6" t="398" w="2407" /><ent r="1000" t="423" w="3" /><ent r="1000" t="423" w="3" /><ent r="82" t="423" w="7" /><ent r="82" t="423" w="7" /></phr><phr n="summary"><ent r="3" t="278" w="13" /><ent r="3" t="278" w="13" /><ent r="3" t="278" w="32" /><ent r="3" t="278" w="32" /><ent r="5" t="278" w="156" /><ent r="5" t="278" w="156" /><ent r="3" t="281" w="11" /><ent r="3" t="281" w="11" /><ent r="3" t="299" w="26" /><ent r="3" t="299" w="26" /><ent r="3" t="301" w="106" /><ent r="3" t="301" w="106" /><ent r="3" t="304" w="13" /><ent r="3" t="304" w="13" /><ent r="3" t="314" w="914" /><ent r="3" t="314" w="914" /><ent r="1000" t="330" w="6" /><ent r="1000" t="330" w="6" /><ent r="92" t="330" w="13" /><ent r="92" t="330" w="13" /><ent r="5" t="388" w="362" /><ent r="5" t="388" w="362" /><ent r="64" t="392" w="76" /><ent r="64" t="392" w="76" /><ent r="67" t="415" w="16" /><ent r="67" t="415" w="16" /><ent r="3" t="423" w="149" /><ent r="3" t="423" w="149" /><ent r="3" t="428" w="19" /><ent r="3" t="428" w="19" /></phr></stem><stem n="suspend"><phr n="suspended"><ent r="3" t="263" w="61" /><ent r="3" t="263" w="61" /><ent r="3" t="268" w="52" /><ent r="3" t="268" w="52" /></phr></stem><stem n="steer"><phr n="Steering"><ent r="4" t="263" w="90" /><ent r="4" t="263" w="90" /></phr><phr n="steered"><ent r="3" t="263" w="98" /><ent r="3" t="263" w="98" /></phr></stem><stem n="step"><phr n="steps"><ent r="3" t="263" w="109" /><ent r="3" t="263" w="109" /><ent r="3" t="311" w="19" /><ent r="3" t="311" w="19" /><ent r="3" t="315" w="202" /><ent r="3" t="398" w="112" /><ent r="5" t="398" w="229" /><ent r="5" t="398" w="229" /><ent r="3" t="398" w="1036" /><ent r="5" t="398" w="1154" /><ent r="5" t="398" w="1154" /><ent r="3" t="398" w="1602" /><ent r="5" t="398" w="1821" /><ent r="5" t="398" w="1821" /><ent r="3" t="399" w="289" /><ent r="3" t="399" w="289" /><ent r="5" t="422" w="665" /><ent r="5" t="422" w="665" /><ent r="5" t="422" w="855" /><ent r="5" t="422" w="855" /><ent r="5" t="422" w="929" /><ent r="5" t="422" w="929" /></phr><phr n="step"><ent r="4" t="312" w="750" /><ent r="4" t="312" w="750" /></phr></stem><stem n="everest™"><phr n="Everest™"><ent r="4" t="263" w="130" /><ent r="4" t="263" w="130" /></phr></stem><stem n="represent"><phr n="representation"><ent r="3" t="263" w="149" /><ent r="3" t="263" w="149" /><ent r="3" t="328" w="35" /><ent r="3" t="386" w="43" /><ent r="3" t="386" w="43" /><ent r="3" t="387" w="31" /><ent r="3" t="387" w="31" /><ent r="3" t="397" w="106" /></phr></stem><stem n="1023"><phr n="1023"><ent r="3" t="263" w="411" /><ent r="3" t="265" w="83" /><ent r="3" t="269" w="279" /><ent r="3" t="329" w="419" /><ent r="3" t="397" w="620" /></phr></stem><stem n="4095"><phr n="4095"><ent r="3" t="263" w="432" /><ent r="3" t="265" w="104" /><ent r="7" t="475" w="234" /><ent r="7" t="477" w="562" /></phr></stem><stem n="sixteen-charact"><phr n="sixteen-character"><ent r="3" t="263" w="457" /><ent r="3" t="263" w="457" /></phr></stem><stem n="sixteen"><phr n="sixteen"><ent r="3" t="263" w="457" /><ent r="3" t="339" w="55" /><ent r="3" t="339" w="55" /></phr></stem><stem n="preced"><phr n="preceding"><ent r="3" t="264" w="170" /><ent r="3" t="264" w="170" /></phr></stem><stem n="south"><phr n="south"><ent r="3" t="265" w="165" /><ent r="3" t="265" w="165" /><ent r="7" t="394" w="175" /></phr><phr n="South"><ent r="7" t="475" w="95" /><ent r="7" t="475" w="95" /><ent r="7" t="476" w="79" /><ent r="7" t="476" w="79" /><ent r="7" t="477" w="207" /><ent r="7" t="477" w="207" /><ent r="7" t="485" w="129" /><ent r="7" t="487" w="180" /><ent r="7" t="487" w="180" /><ent r="7" t="489" w="146" /><ent r="7" t="489" w="146" /></phr></stem><stem n="hemispher"><phr n="hemisphere"><ent r="3" t="265" w="166" /><ent r="3" t="265" w="192" /></phr></stem><stem n="west"><phr n="west"><ent r="3" t="265" w="191" /><ent r="3" t="265" w="191" /><ent r="7" t="394" w="178" /></phr><phr n="West"><ent r="7" t="475" w="111" /><ent r="7" t="475" w="111" /><ent r="7" t="476" w="102" /><ent r="7" t="476" w="102" /><ent r="7" t="477" w="223" /><ent r="7" t="477" w="223" /><ent r="7" t="485" w="143" /><ent r="7" t="487" w="209" /><ent r="7" t="487" w="209" /><ent r="7" t="489" w="175" /><ent r="7" t="489" w="175" /></phr></stem><stem n="xyz"><phr n="XYZ"><ent r="3" t="265" w="276" /><ent r="3" t="265" w="276" /><ent r="5" t="284" w="955" /><ent r="5" t="284" w="955" /></phr></stem><stem n="600"><phr n="600"><ent r="3" t="265" w="352" /><ent r="3" t="265" w="352" /><ent r="6" t="364" w="319" /><ent r="6" t="364" w="319" /><ent r="6" t="372" w="2006" /><ent r="6" t="372" w="2006" /></phr></stem><stem n="auto-averag"><phr n="auto-average"><ent r="3" t="265" w="408" /><ent r="3" t="265" w="418" /><ent r="3" t="265" w="418" /><ent r="3" t="265" w="432" /><ent r="3" t="265" w="432" /><ent r="3" t="265" w="455" /><ent r="3" t="265" w="455" /><ent r="3" t="265" w="460" /><ent r="3" t="265" w="460" /></phr></stem><stem n="cancel"><phr n="canceled"><ent r="3" t="265" w="464" /><ent r="3" t="265" w="464" /></phr><phr n="Cancel"><ent r="4" t="279" w="431" /><ent r="4" t="279" w="431" /><ent r="6" t="311" w="203" /><ent r="6" t="311" w="203" /></phr><phr n="Cancels"><ent r="3" t="279" w="433" /><ent r="3" t="279" w="433" /></phr><phr n="cancel"><ent r="3" t="322" w="44" /><ent r="3" t="322" w="44" /></phr></stem><stem n="recalcul"><phr n="Recalculate"><ent r="8" t="266" w="149" /><ent r="8" t="266" w="149" /><ent r="6" t="266" w="216" /><ent r="6" t="266" w="216" /><ent r="6" t="266" w="220" /><ent r="6" t="266" w="220" /><ent r="5" t="266" w="273" /><ent r="5" t="266" w="273" /></phr><phr n="recalculation"><ent r="5" t="266" w="226" /><ent r="5" t="266" w="226" /></phr></stem><stem n="delta"><phr n="Delta"><ent r="8" t="266" w="162" /><ent r="8" t="266" w="162" /><ent r="68" t="395" w="135" /><ent r="68" t="395" w="135" /><ent r="7" t="395" w="142" /><ent r="7" t="395" w="142" /><ent r="7" t="395" w="248" /><ent r="7" t="395" w="248" /><ent r="67" t="399" w="468" /><ent r="67" t="399" w="468" /><ent r="67" t="399" w="480" /><ent r="67" t="399" w="480" /><ent r="72" t="399" w="1456" /><ent r="72" t="399" w="1456" /><ent r="3" t="399" w="1479" /><ent r="3" t="399" w="1479" /><ent r="72" t="399" w="1515" /><ent r="72" t="399" w="1515" /><ent r="3" t="399" w="1538" /><ent r="3" t="399" w="1538" /><ent r="6" t="400" w="974" /><ent r="6" t="400" w="974" /><ent r="4" t="401" w="601" /><ent r="4" t="401" w="601" /><ent r="3" t="437" w="16" /><ent r="3" t="437" w="16" /><ent r="72" t="437" w="42" /><ent r="72" t="437" w="42" /><ent r="7" t="437" w="72" /><ent r="7" t="437" w="72" /><ent r="7" t="437" w="92" /><ent r="7" t="437" w="92" /><ent r="7" t="437" w="113" /><ent r="7" t="437" w="113" /><ent r="7" t="437" w="134" /><ent r="7" t="437" w="134" /><ent r="3" t="453" w="16" /><ent r="3" t="453" w="16" /><ent r="7" t="453" w="97" /><ent r="7" t="453" w="97" /><ent r="7" t="453" w="117" /><ent r="7" t="453" w="117" /><ent r="7" t="453" w="152" /><ent r="7" t="453" w="152" /><ent r="7" t="453" w="187" /><ent r="7" t="453" w="187" /></phr><phr n="delta"><ent r="7" t="266" w="167" /><ent r="7" t="266" w="167" /><ent r="7" t="266" w="207" /><ent r="7" t="266" w="207" /><ent r="7" t="437" w="102" /><ent r="7" t="437" w="102" /><ent r="7" t="437" w="123" /><ent r="7" t="437" w="123" /><ent r="7" t="437" w="144" /><ent r="7" t="437" w="144" /></phr><phr n="DELTA"><ent r="6" t="338" w="281" /><ent r="6" t="338" w="281" /><ent r="6" t="343" w="742" /><ent r="6" t="343" w="742" /><ent r="6" t="344" w="193" /><ent r="6" t="344" w="193" /><ent r="6" t="345" w="258" /><ent r="6" t="345" w="258" /><ent r="6" t="346" w="224" /><ent r="6" t="346" w="224" /><ent r="6" t="372" w="1554" /><ent r="6" t="372" w="1554" /><ent r="6" t="372" w="1560" /><ent r="6" t="372" w="1560" /><ent r="1000" t="437" w="4" /><ent r="1000" t="437" w="4" /><ent r="82" t="437" w="9" /><ent r="82" t="437" w="9" /></phr><phr n="deltas"><ent r="5" t="437" w="31" /><ent r="5" t="437" w="31" /><ent r="5" t="453" w="28" /><ent r="5" t="453" w="28" /></phr></stem><stem n="vessel"><phr n="vessel"><ent r="5" t="266" w="247" /><ent r="5" t="266" w="329" /><ent r="5" t="266" w="329" /></phr></stem><stem n="partial"><phr n="partially"><ent r="3" t="266" w="400" /><ent r="3" t="266" w="400" /><ent r="3" t="322" w="46" /><ent r="3" t="322" w="46" /></phr></stem><stem n="legaci"><phr n="Legacy"><ent r="7" t="267" w="50" /><ent r="7" t="267" w="50" /><ent r="7" t="267" w="77" /><ent r="7" t="267" w="77" /><ent r="7" t="267" w="108" /><ent r="7" t="267" w="108" /><ent r="7" t="267" w="113" /><ent r="7" t="267" w="113" /><ent r="7" t="267" w="122" /><ent r="7" t="267" w="122" /><ent r="7" t="267" w="156" /><ent r="7" t="267" w="156" /></phr><phr n="legacy"><ent r="3" t="276" w="2560" /><ent r="3" t="276" w="2560" /><ent r="3" t="276" w="2605" /><ent r="3" t="276" w="2605" /><ent r="3" t="276" w="2713" /><ent r="3" t="276" w="2713" /><ent r="3" t="318" w="54" /><ent r="3" t="318" w="54" /><ent r="3" t="319" w="86" /><ent r="3" t="319" w="86" /><ent r="6" t="343" w="726" /><ent r="6" t="343" w="726" /></phr></stem><stem n="cs"><phr n="CS"><ent r="7" t="267" w="65" /><ent r="7" t="267" w="65" /><ent r="7" t="267" w="85" /><ent r="7" t="267" w="85" /><ent r="7" t="267" w="94" /><ent r="7" t="267" w="94" /><ent r="7" t="267" w="120" /><ent r="7" t="267" w="120" /><ent r="7" t="267" w="127" /><ent r="7" t="267" w="127" /><ent r="7" t="267" w="134" /><ent r="7" t="267" w="134" /><ent r="7" t="267" w="143" /><ent r="7" t="267" w="143" /><ent r="3" t="399" w="4006" /><ent r="8" t="430" w="353" /><ent r="8" t="430" w="353" /><ent r="8" t="431" w="444" /><ent r="8" t="431" w="444" /><ent r="7" t="443" w="446" /><ent r="7" t="443" w="446" /></phr></stem><stem n="fallback"><phr n="fallback"><ent r="7" t="267" w="78" /><ent r="7" t="267" w="78" /><ent r="6" t="427" w="528" /><ent r="6" t="427" w="528" /></phr></stem><stem n="cl"><phr n="CL"><ent r="7" t="267" w="161" /><ent r="7" t="267" w="161" /><ent r="7" t="267" w="171" /><ent r="7" t="267" w="171" /><ent r="7" t="267" w="187" /><ent r="7" t="267" w="187" /><ent r="7" t="267" w="195" /><ent r="7" t="267" w="195" /></phr></stem><stem n="q"><phr n="Q"><ent r="7" t="267" w="236" /><ent r="7" t="267" w="236" /><ent r="7" t="267" w="243" /><ent r="7" t="267" w="243" /><ent r="7" t="267" w="252" /><ent r="7" t="267" w="252" /><ent r="7" t="267" w="261" /><ent r="7" t="267" w="261" /><ent r="4" t="281" w="353" /><ent r="4" t="281" w="353" /><ent r="3" t="399" w="2929" /><ent r="3" t="399" w="2929" /><ent r="7" t="439" w="406" /><ent r="7" t="439" w="406" /><ent r="7" t="439" w="419" /><ent r="7" t="439" w="419" /></phr></stem><stem n="l2-"><phr n="L2-"><ent r="7" t="267" w="375" /><ent r="7" t="267" w="375" /></phr></stem><stem n="l2-p"><phr n="L2-P"><ent r="7" t="267" w="380" /><ent r="7" t="267" w="382" /><ent r="7" t="267" w="382" /></phr></stem><stem n="e5-a"><phr n="E5-A"><ent r="7" t="267" w="405" /><ent r="7" t="267" w="405" /><ent r="7" t="267" w="416" /><ent r="7" t="267" w="416" /></phr></stem><stem n="e5-b"><phr n="E5-B"><ent r="7" t="267" w="423" /><ent r="7" t="267" w="423" /><ent r="7" t="267" w="434" /><ent r="7" t="267" w="434" /></phr></stem><stem n="e5-altboc"><phr n="E5-AltBOC"><ent r="7" t="267" w="441" /><ent r="7" t="267" w="441" /><ent r="7" t="267" w="452" /><ent r="7" t="267" w="452" /></phr></stem><stem n="altboc"><phr n="AltBOC"><ent r="7" t="267" w="442" /><ent r="7" t="267" w="453" /></phr><phr n="AltBoc"><ent r="8" t="431" w="778" /><ent r="8" t="431" w="778" /><ent r="7" t="443" w="776" /><ent r="7" t="443" w="776" /></phr></stem><stem n="b3"><phr n="B3"><ent r="7" t="267" w="493" /><ent r="7" t="267" w="493" /><ent r="7" t="267" w="503" /><ent r="7" t="267" w="503" /><ent r="8" t="430" w="518" /><ent r="8" t="430" w="518" /><ent r="8" t="431" w="609" /><ent r="8" t="431" w="609" /><ent r="8" t="431" w="854" /><ent r="8" t="431" w="854" /><ent r="7" t="443" w="868" /><ent r="7" t="443" w="868" /></phr><phr n="b3"><ent r="6" t="335" w="649" /><ent r="6" t="335" w="655" /><ent r="6" t="335" w="661" /><ent r="6" t="335" w="670" /><ent r="6" t="335" w="676" /><ent r="6" t="335" w="682" /><ent r="6" t="335" w="688" /><ent r="7" t="443" w="182" /></phr></stem><stem n="l1-ca"><phr n="L1-CA"><ent r="7" t="267" w="511" /><ent r="7" t="267" w="511" /><ent r="7" t="267" w="522" /><ent r="7" t="267" w="522" /></phr></stem><stem n="l1-saif"><phr n="L1-SAIF"><ent r="7" t="267" w="545" /><ent r="7" t="267" w="545" /></phr></stem><stem n="territori"><phr n="territory"><ent r="7" t="267" w="564" /></phr></stem><stem n="lex"><phr n="LEX"><ent r="7" t="267" w="617" /><ent r="7" t="267" w="617" /><ent r="7" t="267" w="627" /><ent r="7" t="267" w="627" /><ent r="7" t="443" w="593" /><ent r="7" t="443" w="593" /></phr></stem><stem n="position-rel"><phr n="position-related"><ent r="3" t="268" w="15" /><ent r="3" t="268" w="15" /></phr></stem><stem n="low-dynam"><phr n="low-dynamic"><ent r="5" t="268" w="167" /><ent r="5" t="268" w="167" /></phr></stem><stem n="constant"><phr n="constant"><ent r="5" t="268" w="186" /><ent r="5" t="268" w="186" /><ent r="5" t="329" w="202" /><ent r="5" t="329" w="202" /><ent r="3" t="345" w="455" /><ent r="3" t="345" w="455" /><ent r="6" t="348" w="480" /><ent r="6" t="348" w="480" /><ent r="3" t="397" w="356" /><ent r="3" t="397" w="356" /><ent r="7" t="445" w="117" /><ent r="7" t="445" w="117" /></phr><phr n="constants"><ent r="3" t="345" w="468" /><ent r="3" t="345" w="468" /></phr></stem><stem n="high-dynam"><phr n="high-dynamic"><ent r="5" t="268" w="201" /><ent r="5" t="268" w="201" /></phr></stem><stem n="pz90"><phr n="PZ90"><ent r="3" t="268" w="261" /><ent r="3" t="268" w="261" /><ent r="3" t="268" w="263" /><ent r="6" t="363" w="550" /><ent r="6" t="363" w="552" /></phr></stem><stem n="exceed"><phr n="exceeded"><ent r="3" t="268" w="409" /><ent r="3" t="276" w="2415" /><ent r="3" t="382" w="138" /><ent r="7" t="445" w="442" /></phr></stem><stem n="predefin"><phr n="predefined"><ent r="3" t="269" w="69" /><ent r="3" t="269" w="69" /><ent r="3" t="314" w="630" /><ent r="3" t="314" w="630" /><ent r="6" t="314" w="741" /><ent r="6" t="314" w="741" /><ent r="5" t="422" w="1139" /><ent r="5" t="422" w="1139" /><ent r="5" t="422" w="1194" /><ent r="5" t="422" w="1194" /><ent r="7" t="445" w="242" /><ent r="7" t="445" w="242" /></phr></stem><stem n="group"><phr n="grouped"><ent r="3" t="269" w="117" /><ent r="3" t="269" w="117" /></phr><phr n="groups"><ent r="3" t="276" w="319" /><ent r="3" t="276" w="319" /><ent r="3" t="276" w="428" /><ent r="3" t="276" w="428" /><ent r="3" t="276" w="1724" /><ent r="3" t="276" w="1724" /><ent r="3" t="276" w="1796" /><ent r="3" t="276" w="1796" /><ent r="3" t="276" w="1872" /><ent r="3" t="276" w="1872" /></phr><phr n="group"><ent r="7" t="396" w="96" /><ent r="7" t="396" w="96" /><ent r="7" t="396" w="149" /><ent r="7" t="396" w="149" /></phr><phr n="GROUP"><ent r="3" t="429" w="11" /><ent r="3" t="429" w="11" /></phr></stem><stem n="categori"><phr n="categories"><ent r="3" t="269" w="120" /><ent r="3" t="269" w="120" /><ent r="3" t="269" w="147" /><ent r="3" t="326" w="29" /></phr><phr n="category"><ent r="5" t="269" w="178" /><ent r="5" t="269" w="178" /></phr><phr n="Category"><ent r="6" t="330" w="15" /><ent r="6" t="330" w="15" /></phr></stem><stem n="lowest"><phr n="lowest"><ent r="5" t="269" w="202" /><ent r="5" t="269" w="202" /><ent r="7" t="332" w="154" /><ent r="7" t="332" w="154" /><ent r="3" t="332" w="499" /><ent r="3" t="332" w="499" /><ent r="7" t="353" w="1021" /><ent r="7" t="353" w="1021" /><ent r="6" t="388" w="810" /><ent r="6" t="388" w="810" /></phr></stem><stem n="refstnid"><phr n="RefStnId"><ent r="5" t="269" w="203" /></phr></stem><stem n="instead"><phr n="instead"><ent r="3" t="269" w="323" /><ent r="3" t="276" w="228" /><ent r="3" t="276" w="228" /><ent r="3" t="276" w="397" /><ent r="3" t="276" w="397" /><ent r="3" t="282" w="523" /><ent r="3" t="282" w="523" /><ent r="7" t="332" w="173" /><ent r="6" t="332" w="319" /><ent r="6" t="332" w="319" /><ent r="3" t="332" w="517" /><ent r="3" t="402" w="895" /><ent r="3" t="402" w="895" /><ent r="3" t="427" w="172" /><ent r="3" t="427" w="172" /></phr><phr n="Instead"><ent r="5" t="308" w="310" /><ent r="5" t="308" w="310" /><ent r="3" t="409" w="132" /><ent r="3" t="409" w="132" /></phr></stem></index>