<?xml version="1.0" encoding="utf-8"?><index><!-- saved from url=(0016)http://localhost -->
<stem n="field"><phr n="field"><ent r="3" t="12" w="286" /><ent r="3" t="12" w="286" /><ent r="3" t="12" w="297" /><ent r="3" t="12" w="297" /><ent r="3" t="12" w="414" /><ent r="3" t="12" w="421" /><ent r="3" t="12" w="421" /><ent r="7" t="235" w="2690" /><ent r="7" t="235" w="2784" /><ent r="7" t="235" w="3250" /><ent r="7" t="235" w="3250" /><ent r="3" t="239" w="43" /><ent r="3" t="239" w="43" /><ent r="5" t="242" w="137" /><ent r="5" t="242" w="137" /><ent r="5" t="244" w="412" /><ent r="5" t="244" w="412" /><ent r="3" t="246" w="272" /><ent r="3" t="246" w="272" /><ent r="54" t="264" w="116" /><ent r="54" t="264" w="116" /><ent r="54" t="264" w="126" /><ent r="3" t="264" w="161" /><ent r="3" t="264" w="161" /><ent r="3" t="264" w="171" /><ent r="5" t="266" w="339" /><ent r="5" t="266" w="339" /><ent r="3" t="269" w="238" /><ent r="3" t="269" w="270" /><ent r="3" t="269" w="364" /><ent r="3" t="269" w="391" /><ent r="3" t="269" w="391" /><ent r="3" t="271" w="95" /><ent r="5" t="271" w="458" /><ent r="5" t="271" w="458" /><ent r="3" t="271" w="871" /><ent r="3" t="271" w="871" /><ent r="3" t="276" w="2393" /><ent r="3" t="276" w="2393" /><ent r="3" t="276" w="2542" /><ent r="3" t="276" w="2542" /><ent r="3" t="276" w="2589" /><ent r="3" t="276" w="2589" /><ent r="5" t="279" w="104" /><ent r="5" t="279" w="104" /><ent r="5" t="279" w="124" /><ent r="5" t="279" w="124" /><ent r="5" t="279" w="146" /><ent r="5" t="279" w="146" /><ent r="3" t="287" w="436" /><ent r="3" t="287" w="436" /><ent r="3" t="287" w="521" /><ent r="3" t="287" w="521" /><ent r="3" t="288" w="1009" /><ent r="3" t="296" w="206" /><ent r="3" t="296" w="206" /><ent r="3" t="296" w="226" /><ent r="3" t="296" w="226" /><ent r="3" t="300" w="21" /><ent r="3" t="300" w="21" /><ent r="3" t="305" w="72" /><ent r="3" t="305" w="72" /><ent r="3" t="308" w="13" /><ent r="3" t="308" w="13" /><ent r="5" t="308" w="249" /><ent r="5" t="311" w="411" /><ent r="5" t="312" w="240" /><ent r="5" t="312" w="240" /><ent r="5" t="312" w="269" /><ent r="5" t="312" w="425" /><ent r="5" t="312" w="565" /><ent r="5" t="312" w="565" /><ent r="5" t="312" w="922" /><ent r="6" t="314" w="668" /><ent r="6" t="314" w="668" /><ent r="6" t="314" w="742" /><ent r="6" t="314" w="742" /><ent r="6" t="314" w="759" /><ent r="6" t="314" w="759" /><ent r="6" t="314" w="963" /><ent r="6" t="314" w="963" /><ent r="6" t="314" w="990" /><ent r="6" t="314" w="990" /><ent r="72" t="314" w="1054" /><ent r="72" t="314" w="1054" /><ent r="3" t="314" w="1059" /><ent r="3" t="314" w="1059" /><ent r="3" t="314" w="1083" /><ent r="3" t="314" w="1083" /><ent r="3" t="314" w="1258" /><ent r="3" t="314" w="1390" /><ent r="3" t="314" w="1390" /><ent r="3" t="314" w="1417" /><ent r="4" t="317" w="310" /><ent r="5" t="317" w="366" /><ent r="3" t="329" w="31" /><ent r="3" t="329" w="34" /><ent r="3" t="329" w="38" /><ent r="5" t="329" w="65" /><ent r="5" t="329" w="65" /><ent r="5" t="329" w="70" /><ent r="5" t="329" w="70" /><ent r="5" t="329" w="96" /><ent r="5" t="329" w="96" /><ent r="5" t="329" w="100" /><ent r="5" t="329" w="100" /><ent r="5" t="329" w="147" /><ent r="5" t="329" w="147" /><ent r="5" t="329" w="190" /><ent r="5" t="329" w="190" /><ent r="5" t="329" w="194" /><ent r="5" t="329" w="194" /><ent r="5" t="329" w="212" /><ent r="5" t="329" w="212" /><ent r="5" t="329" w="229" /><ent r="5" t="329" w="229" /><ent r="5" t="329" w="233" /><ent r="5" t="329" w="233" /><ent r="3" t="329" w="315" /><ent r="3" t="329" w="324" /><ent r="3" t="329" w="403" /><ent r="3" t="329" w="412" /><ent r="7" t="332" w="151" /><ent r="7" t="332" w="151" /><ent r="7" t="332" w="169" /><ent r="7" t="332" w="169" /><ent r="3" t="332" w="496" /><ent r="3" t="332" w="496" /><ent r="3" t="332" w="513" /><ent r="3" t="332" w="513" /><ent r="3" t="335" w="578" /><ent r="3" t="335" w="578" /><ent r="6" t="336" w="171" /><ent r="6" t="336" w="171" /><ent r="6" t="343" w="291" /><ent r="6" t="343" w="291" /><ent r="7" t="349" w="327" /><ent r="7" t="349" w="327" /><ent r="7" t="350" w="327" /><ent r="7" t="350" w="327" /><ent r="6" t="353" w="1216" /><ent r="6" t="353" w="1216" /><ent r="6" t="365" w="358" /><ent r="6" t="365" w="376" /><ent r="6" t="365" w="376" /><ent r="7" t="378" w="195" /><ent r="7" t="378" w="195" /><ent r="3" t="390" w="849" /><ent r="3" t="390" w="849" /><ent r="3" t="393" w="110" /><ent r="3" t="393" w="110" /><ent r="3" t="397" w="189" /><ent r="3" t="397" w="192" /><ent r="3" t="397" w="196" /><ent r="62" t="397" w="223" /><ent r="62" t="397" w="223" /><ent r="3" t="397" w="228" /><ent r="3" t="397" w="228" /><ent r="62" t="397" w="254" /><ent r="62" t="397" w="254" /><ent r="3" t="397" w="258" /><ent r="3" t="397" w="258" /><ent r="3" t="397" w="305" /><ent r="3" t="397" w="305" /><ent r="62" t="397" w="344" /><ent r="62" t="397" w="344" /><ent r="3" t="397" w="348" /><ent r="3" t="397" w="348" /><ent r="3" t="397" w="366" /><ent r="3" t="397" w="366" /><ent r="3" t="397" w="383" /><ent r="3" t="397" w="383" /><ent r="3" t="397" w="387" /><ent r="3" t="397" w="387" /><ent r="3" t="397" w="470" /><ent r="3" t="397" w="479" /><ent r="3" t="397" w="604" /><ent r="3" t="397" w="613" /><ent r="3" t="402" w="406" /><ent r="3" t="407" w="11" /><ent r="3" t="407" w="11" /><ent r="3" t="407" w="18" /><ent r="3" t="407" w="18" /><ent r="3" t="407" w="39" /><ent r="3" t="407" w="39" /><ent r="3" t="408" w="104" /><ent r="3" t="408" w="104" /><ent r="3" t="408" w="111" /><ent r="3" t="408" w="111" /><ent r="3" t="408" w="132" /><ent r="3" t="408" w="132" /><ent r="3" t="422" w="23" /><ent r="3" t="422" w="23" /><ent r="3" t="422" w="223" /><ent r="3" t="422" w="223" /><ent r="3" t="422" w="251" /><ent r="3" t="422" w="251" /><ent r="3" t="423" w="340" /><ent r="3" t="423" w="340" /><ent r="9" t="439" w="108" /><ent r="9" t="439" w="108" /><ent r="7" t="445" w="292" /><ent r="7" t="445" w="292" /><ent r="7" t="447" w="167" /><ent r="7" t="447" w="167" /><ent r="7" t="447" w="191" /><ent r="7" t="447" w="191" /><ent r="7" t="475" w="220" /><ent r="7" t="475" w="220" /><ent r="7" t="475" w="237" /><ent r="7" t="475" w="237" /><ent r="9" t="477" w="232" /><ent r="9" t="477" w="232" /><ent r="3" t="490" w="308" /><ent r="3" t="490" w="308" /><ent r="3" t="490" w="338" /><ent r="3" t="490" w="338" /><ent r="3" t="497" w="132" /><ent r="3" t="497" w="132" /><ent r="3" t="497" w="137" /><ent r="3" t="497" w="137" /></phr><phr n="fields"><ent r="4" t="40" w="260" /><ent r="4" t="66" w="260" /><ent r="4" t="121" w="262" /><ent r="4" t="157" w="271" /><ent r="4" t="195" w="267" /><ent r="4" t="219" w="267" /><ent r="7" t="235" w="3165" /><ent r="7" t="235" w="3165" /><ent r="3" t="276" w="1903" /><ent r="3" t="276" w="1903" /><ent r="3" t="276" w="2096" /><ent r="3" t="276" w="2096" /><ent r="3" t="276" w="2198" /><ent r="3" t="276" w="2198" /><ent r="3" t="276" w="2436" /><ent r="3" t="276" w="2436" /><ent r="3" t="276" w="2760" /><ent r="3" t="276" w="2760" /><ent r="3" t="276" w="3005" /><ent r="3" t="276" w="3005" /><ent r="3" t="276" w="3051" /><ent r="3" t="276" w="3051" /><ent r="3" t="276" w="3268" /><ent r="3" t="276" w="3268" /><ent r="3" t="279" w="72" /><ent r="3" t="279" w="72" /><ent r="3" t="279" w="196" /><ent r="3" t="279" w="196" /><ent r="3" t="279" w="302" /><ent r="3" t="279" w="302" /><ent r="3" t="279" w="591" /><ent r="3" t="279" w="591" /><ent r="3" t="314" w="252" /><ent r="3" t="314" w="256" /><ent r="3" t="314" w="256" /><ent r="3" t="314" w="265" /><ent r="3" t="314" w="268" /><ent r="3" t="314" w="275" /><ent r="65" t="314" w="282" /><ent r="65" t="314" w="282" /><ent r="3" t="314" w="383" /><ent r="3" t="314" w="383" /><ent r="3" t="314" w="635" /><ent r="6" t="314" w="691" /><ent r="6" t="314" w="691" /><ent r="6" t="314" w="700" /><ent r="6" t="314" w="719" /><ent r="6" t="314" w="752" /><ent r="6" t="314" w="767" /><ent r="6" t="314" w="784" /><ent r="82" t="314" w="911" /><ent r="82" t="314" w="911" /><ent r="6" t="314" w="949" /><ent r="6" t="314" w="956" /><ent r="6" t="314" w="983" /><ent r="6" t="314" w="1031" /><ent r="6" t="314" w="1031" /><ent r="6" t="314" w="1045" /><ent r="4" t="314" w="1069" /><ent r="4" t="314" w="1069" /><ent r="4" t="314" w="1073" /><ent r="4" t="314" w="1073" /><ent r="3" t="314" w="1078" /><ent r="3" t="314" w="1078" /><ent r="72" t="314" w="1097" /><ent r="72" t="314" w="1097" /><ent r="3" t="314" w="1101" /><ent r="3" t="314" w="1101" /><ent r="3" t="314" w="1115" /><ent r="3" t="314" w="1143" /><ent r="3" t="314" w="1155" /><ent r="3" t="314" w="1164" /><ent r="72" t="314" w="1168" /><ent r="72" t="314" w="1168" /><ent r="3" t="314" w="1172" /><ent r="3" t="314" w="1172" /><ent r="3" t="314" w="1184" /><ent r="3" t="314" w="1184" /><ent r="3" t="314" w="1200" /><ent r="3" t="314" w="1200" /><ent r="82" t="314" w="1346" /><ent r="82" t="314" w="1346" /><ent r="3" t="314" w="1374" /><ent r="3" t="314" w="1374" /><ent r="3" t="314" w="1475" /><ent r="3" t="314" w="1475" /><ent r="3" t="319" w="154" /><ent r="3" t="319" w="154" /><ent r="3" t="329" w="40" /><ent r="3" t="329" w="40" /><ent r="6" t="337" w="136" /><ent r="3" t="382" w="217" /><ent r="3" t="382" w="217" /><ent r="4" t="388" w="311" /><ent r="4" t="388" w="311" /><ent r="4" t="388" w="318" /><ent r="4" t="388" w="318" /><ent r="3" t="390" w="781" /><ent r="3" t="390" w="781" /><ent r="3" t="390" w="1025" /><ent r="3" t="393" w="81" /><ent r="3" t="393" w="81" /><ent r="3" t="393" w="91" /><ent r="3" t="393" w="91" /><ent r="3" t="393" w="136" /><ent r="5" t="394" w="48" /><ent r="3" t="394" w="80" /><ent r="3" t="394" w="80" /><ent r="7" t="396" w="186" /><ent r="7" t="396" w="186" /><ent r="3" t="397" w="198" /><ent r="3" t="397" w="198" /><ent r="3" t="402" w="896" /><ent r="3" t="402" w="896" /><ent r="72" t="473" w="33" /><ent r="72" t="473" w="33" /><ent r="72" t="473" w="123" /><ent r="72" t="473" w="123" /><ent r="72" t="474" w="47" /><ent r="72" t="474" w="47" /><ent r="72" t="475" w="62" /><ent r="72" t="475" w="62" /><ent r="72" t="476" w="46" /><ent r="72" t="476" w="46" /><ent r="72" t="477" w="109" /><ent r="72" t="477" w="109" /><ent r="72" t="478" w="47" /><ent r="72" t="478" w="47" /><ent r="72" t="479" w="87" /><ent r="72" t="479" w="87" /><ent r="72" t="480" w="65" /><ent r="72" t="480" w="65" /><ent r="72" t="481" w="75" /><ent r="72" t="481" w="75" /><ent r="72" t="482" w="189" /><ent r="72" t="482" w="189" /><ent r="7" t="482" w="273" /><ent r="7" t="482" w="273" /><ent r="7" t="482" w="288" /><ent r="7" t="482" w="288" /><ent r="7" t="482" w="303" /><ent r="7" t="482" w="303" /><ent r="72" t="483" w="55" /><ent r="72" t="483" w="55" /><ent r="72" t="485" w="91" /><ent r="72" t="485" w="91" /><ent r="72" t="486" w="111" /><ent r="72" t="486" w="111" /><ent r="72" t="487" w="89" /><ent r="72" t="487" w="89" /><ent r="72" t="488" w="93" /><ent r="72" t="488" w="93" /><ent r="72" t="489" w="52" /><ent r="72" t="489" w="52" /><ent r="72" t="490" w="71" /><ent r="72" t="490" w="71" /><ent r="3" t="490" w="359" /><ent r="3" t="490" w="359" /><ent r="72" t="491" w="39" /><ent r="72" t="491" w="39" /><ent r="72" t="492" w="47" /><ent r="72" t="492" w="47" /><ent r="72" t="493" w="73" /><ent r="72" t="493" w="73" /><ent r="72" t="494" w="69" /><ent r="72" t="494" w="69" /><ent r="72" t="495" w="60" /><ent r="72" t="495" w="60" /><ent r="72" t="496" w="71" /><ent r="72" t="496" w="71" /><ent r="72" t="497" w="43" /><ent r="72" t="497" w="43" /></phr><phr n="Fields"><ent r="3" t="256" w="174" /><ent r="3" t="256" w="174" /><ent r="3" t="257" w="180" /><ent r="3" t="257" w="180" /><ent r="3" t="260" w="157" /><ent r="3" t="260" w="157" /><ent r="3" t="261" w="142" /><ent r="3" t="261" w="142" /><ent r="3" t="497" w="120" /><ent r="3" t="497" w="120" /></phr><phr n="Field"><ent r="6" t="339" w="278" /><ent r="6" t="339" w="278" /><ent r="6" t="339" w="296" /><ent r="6" t="339" w="296" /><ent r="6" t="339" w="316" /><ent r="6" t="339" w="316" /><ent r="6" t="339" w="333" /><ent r="6" t="339" w="333" /><ent r="6" t="430" w="66" /><ent r="6" t="430" w="66" /><ent r="6" t="431" w="107" /><ent r="6" t="431" w="107" /><ent r="6" t="432" w="107" /><ent r="6" t="432" w="107" /><ent r="6" t="433" w="66" /><ent r="6" t="433" w="66" /><ent r="6" t="434" w="41" /><ent r="6" t="434" w="41" /><ent r="6" t="435" w="35" /><ent r="6" t="435" w="35" /><ent r="6" t="436" w="38" /><ent r="6" t="436" w="38" /><ent r="6" t="437" w="47" /><ent r="6" t="437" w="47" /><ent r="6" t="439" w="32" /><ent r="6" t="439" w="32" /><ent r="6" t="440" w="43" /><ent r="6" t="440" w="43" /><ent r="6" t="441" w="47" /><ent r="6" t="441" w="47" /><ent r="6" t="442" w="62" /><ent r="6" t="442" w="62" /><ent r="6" t="443" w="111" /><ent r="6" t="443" w="111" /><ent r="6" t="444" w="34" /><ent r="6" t="444" w="34" /><ent r="6" t="445" w="70" /><ent r="6" t="445" w="70" /><ent r="6" t="446" w="72" /><ent r="6" t="446" w="72" /><ent r="6" t="447" w="49" /><ent r="6" t="447" w="49" /><ent r="6" t="448" w="27" /><ent r="6" t="448" w="27" /><ent r="6" t="449" w="97" /><ent r="6" t="449" w="97" /><ent r="6" t="450" w="49" /><ent r="6" t="450" w="49" /><ent r="6" t="451" w="79" /><ent r="6" t="451" w="79" /><ent r="6" t="452" w="46" /><ent r="6" t="452" w="46" /><ent r="6" t="453" w="75" /><ent r="6" t="453" w="75" /><ent r="6" t="454" w="46" /><ent r="6" t="454" w="46" /><ent r="6" t="455" w="74" /><ent r="6" t="455" w="74" /><ent r="6" t="473" w="56" /><ent r="6" t="473" w="56" /><ent r="6" t="473" w="160" /><ent r="6" t="473" w="160" /><ent r="6" t="474" w="49" /><ent r="6" t="474" w="49" /><ent r="6" t="475" w="64" /><ent r="6" t="475" w="64" /><ent r="6" t="476" w="48" /><ent r="6" t="476" w="48" /><ent r="6" t="477" w="111" /><ent r="6" t="477" w="111" /><ent r="6" t="478" w="49" /><ent r="6" t="478" w="49" /><ent r="6" t="479" w="89" /><ent r="6" t="479" w="89" /><ent r="6" t="480" w="67" /><ent r="6" t="480" w="67" /><ent r="6" t="481" w="77" /><ent r="6" t="481" w="77" /><ent r="6" t="482" w="191" /><ent r="6" t="482" w="191" /><ent r="6" t="483" w="57" /><ent r="6" t="483" w="57" /><ent r="6" t="484" w="39" /><ent r="6" t="484" w="39" /><ent r="6" t="485" w="93" /><ent r="6" t="485" w="93" /><ent r="6" t="486" w="113" /><ent r="6" t="486" w="113" /><ent r="6" t="487" w="91" /><ent r="6" t="487" w="91" /><ent r="6" t="488" w="95" /><ent r="6" t="488" w="95" /><ent r="6" t="489" w="54" /><ent r="6" t="489" w="54" /><ent r="6" t="490" w="73" /><ent r="6" t="490" w="73" /><ent r="6" t="491" w="41" /><ent r="6" t="491" w="41" /><ent r="6" t="492" w="49" /><ent r="6" t="492" w="49" /><ent r="6" t="493" w="75" /><ent r="6" t="493" w="75" /><ent r="6" t="494" w="71" /><ent r="6" t="494" w="71" /><ent r="6" t="495" w="62" /><ent r="6" t="495" w="62" /><ent r="6" t="496" w="73" /><ent r="6" t="496" w="73" /><ent r="6" t="497" w="45" /><ent r="6" t="497" w="45" /></phr></stem><stem n="rinex"><phr n="RINEX"><ent r="4" t="12" w="294" /><ent r="4" t="12" w="294" /><ent r="6" t="152" w="62" /><ent r="6" t="152" w="62" /><ent r="54" t="264" w="121" /><ent r="54" t="264" w="121" /><ent r="4" t="264" w="128" /><ent r="4" t="264" w="128" /><ent r="3" t="264" w="146" /><ent r="3" t="264" w="146" /><ent r="3" t="421" w="322" /><ent r="4" t="421" w="329" /><ent r="4" t="421" w="329" /><ent r="3" t="421" w="341" /><ent r="3" t="421" w="341" /><ent r="3" t="421" w="349" /><ent r="3" t="421" w="349" /><ent r="3" t="421" w="373" /><ent r="3" t="421" w="373" /><ent r="3" t="421" w="434" /><ent r="3" t="421" w="436" /><ent r="3" t="421" w="440" /><ent r="3" t="421" w="440" /><ent r="3" t="421" w="443" /><ent r="3" t="421" w="451" /><ent r="3" t="421" w="451" /><ent r="3" t="421" w="459" /><ent r="3" t="421" w="459" /><ent r="5" t="422" w="1225" /><ent r="1000" t="498" w="1" /><ent r="1000" t="498" w="1" /><ent r="102" t="498" w="5" /><ent r="102" t="498" w="5" /><ent r="3" t="498" w="29" /><ent r="3" t="498" w="29" /><ent r="3" t="498" w="61" /><ent r="3" t="498" w="61" /><ent r="3" t="498" w="67" /><ent r="3" t="498" w="67" /></phr></stem><stem n="vice"><phr n="vice"><ent r="3" t="12" w="302" /><ent r="6" t="349" w="792" /><ent r="6" t="349" w="792" /><ent r="6" t="350" w="725" /><ent r="6" t="350" w="725" /></phr></stem><stem n="vice-versa"><phr n="vice-versa"><ent r="3" t="12" w="302" /></phr></stem><stem n="versa"><phr n="versa"><ent r="3" t="12" w="303" /><ent r="6" t="349" w="793" /><ent r="6" t="350" w="726" /></phr></stem><stem n="proper"><phr n="proper"><ent r="3" t="12" w="307" /><ent r="3" t="12" w="307" /><ent r="6" t="24" w="412" /><ent r="6" t="24" w="412" /><ent r="6" t="24" w="449" /><ent r="6" t="24" w="449" /><ent r="6" t="24" w="473" /><ent r="6" t="24" w="473" /><ent r="6" t="24" w="497" /><ent r="6" t="24" w="497" /><ent r="6" t="24" w="561" /><ent r="6" t="24" w="561" /><ent r="6" t="24" w="585" /><ent r="6" t="24" w="585" /><ent r="6" t="24" w="609" /><ent r="6" t="24" w="609" /><ent r="6" t="24" w="944" /><ent r="6" t="24" w="944" /><ent r="6" t="24" w="968" /><ent r="6" t="24" w="968" /><ent r="6" t="24" w="992" /><ent r="6" t="24" w="992" /><ent r="6" t="24" w="1016" /><ent r="6" t="24" w="1016" /><ent r="6" t="24" w="1052" /><ent r="6" t="24" w="1052" /><ent r="6" t="24" w="1091" /><ent r="6" t="24" w="1091" /><ent r="6" t="24" w="1130" /><ent r="6" t="24" w="1130" /><ent r="6" t="24" w="1178" /><ent r="6" t="24" w="1178" /><ent r="6" t="24" w="1202" /><ent r="6" t="24" w="1202" /><ent r="6" t="24" w="1226" /><ent r="6" t="24" w="1226" /><ent r="6" t="24" w="1250" /><ent r="6" t="24" w="1250" /><ent r="6" t="24" w="1286" /><ent r="6" t="24" w="1286" /><ent r="6" t="24" w="1310" /><ent r="6" t="24" w="1310" /><ent r="6" t="24" w="1334" /><ent r="6" t="24" w="1334" /><ent r="6" t="24" w="1358" /><ent r="6" t="24" w="1358" /><ent r="6" t="24" w="1382" /><ent r="6" t="24" w="1382" /><ent r="6" t="24" w="1406" /><ent r="6" t="24" w="1406" /><ent r="6" t="24" w="1430" /><ent r="6" t="24" w="1430" /><ent r="6" t="24" w="1454" /><ent r="6" t="24" w="1454" /><ent r="6" t="24" w="1502" /><ent r="6" t="24" w="1502" /><ent r="6" t="24" w="1555" /><ent r="6" t="24" w="1555" /><ent r="6" t="24" w="1602" /><ent r="6" t="24" w="1602" /><ent r="6" t="24" w="1828" /><ent r="6" t="24" w="1828" /><ent r="7" t="29" w="134" /><ent r="7" t="29" w="134" /><ent r="6" t="32" w="41" /><ent r="6" t="32" w="41" /><ent r="7" t="32" w="141" /><ent r="7" t="32" w="141" /><ent r="6" t="32" w="231" /><ent r="6" t="32" w="231" /><ent r="6" t="32" w="331" /><ent r="6" t="32" w="331" /><ent r="6" t="55" w="457" /><ent r="6" t="55" w="457" /><ent r="6" t="55" w="481" /><ent r="6" t="55" w="481" /><ent r="6" t="55" w="505" /><ent r="6" t="55" w="505" /><ent r="6" t="55" w="569" /><ent r="6" t="55" w="569" /><ent r="6" t="55" w="593" /><ent r="6" t="55" w="593" /><ent r="6" t="55" w="617" /><ent r="6" t="55" w="617" /><ent r="6" t="55" w="952" /><ent r="6" t="55" w="952" /><ent r="6" t="55" w="976" /><ent r="6" t="55" w="976" /><ent r="6" t="55" w="1000" /><ent r="6" t="55" w="1000" /><ent r="6" t="55" w="1024" /><ent r="6" t="55" w="1024" /><ent r="6" t="55" w="1048" /><ent r="6" t="55" w="1048" /><ent r="6" t="55" w="1072" /><ent r="6" t="55" w="1072" /><ent r="6" t="55" w="1111" /><ent r="6" t="55" w="1111" /><ent r="6" t="55" w="1150" /><ent r="6" t="55" w="1150" /><ent r="6" t="55" w="1198" /><ent r="6" t="55" w="1198" /><ent r="6" t="55" w="1222" /><ent r="6" t="55" w="1222" /><ent r="6" t="55" w="1246" /><ent r="6" t="55" w="1246" /><ent r="6" t="55" w="1270" /><ent r="6" t="55" w="1270" /><ent r="6" t="55" w="1306" /><ent r="6" t="55" w="1306" /><ent r="6" t="55" w="1330" /><ent r="6" t="55" w="1330" /><ent r="6" t="55" w="1354" /><ent r="6" t="55" w="1354" /><ent r="6" t="55" w="1378" /><ent r="6" t="55" w="1378" /><ent r="6" t="55" w="1402" /><ent r="6" t="55" w="1402" /><ent r="6" t="55" w="1426" /><ent r="6" t="55" w="1426" /><ent r="6" t="55" w="1450" /><ent r="6" t="55" w="1450" /><ent r="6" t="55" w="1474" /><ent r="6" t="55" w="1474" /><ent r="6" t="55" w="1522" /><ent r="6" t="55" w="1522" /><ent r="6" t="55" w="1575" /><ent r="6" t="55" w="1575" /><ent r="6" t="55" w="1622" /><ent r="6" t="55" w="1622" /><ent r="6" t="55" w="1727" /><ent r="6" t="55" w="1727" /><ent r="6" t="55" w="1763" /><ent r="6" t="55" w="1763" /><ent r="6" t="55" w="1872" /><ent r="6" t="55" w="1872" /><ent r="7" t="60" w="134" /><ent r="7" t="60" w="134" /><ent r="7" t="63" w="41" /><ent r="7" t="63" w="41" /><ent r="7" t="63" w="141" /><ent r="7" t="63" w="141" /><ent r="7" t="63" w="231" /><ent r="7" t="63" w="231" /><ent r="7" t="63" w="331" /><ent r="7" t="63" w="331" /><ent r="8" t="74" w="28" /><ent r="8" t="74" w="28" /><ent r="7" t="81" w="134" /><ent r="7" t="81" w="134" /><ent r="7" t="83" w="134" /><ent r="7" t="83" w="134" /><ent r="6" t="106" w="457" /><ent r="6" t="106" w="457" /><ent r="6" t="106" w="481" /><ent r="6" t="106" w="481" /><ent r="6" t="106" w="505" /><ent r="6" t="106" w="505" /><ent r="6" t="106" w="569" /><ent r="6" t="106" w="569" /><ent r="6" t="106" w="593" /><ent r="6" t="106" w="593" /><ent r="6" t="106" w="617" /><ent r="6" t="106" w="617" /><ent r="6" t="106" w="988" /><ent r="6" t="106" w="988" /><ent r="6" t="106" w="1012" /><ent r="6" t="106" w="1012" /><ent r="6" t="106" w="1036" /><ent r="6" t="106" w="1036" /><ent r="6" t="106" w="1060" /><ent r="6" t="106" w="1060" /><ent r="6" t="106" w="1084" /><ent r="6" t="106" w="1084" /><ent r="6" t="106" w="1108" /><ent r="6" t="106" w="1108" /><ent r="6" t="106" w="1147" /><ent r="6" t="106" w="1147" /><ent r="6" t="106" w="1186" /><ent r="6" t="106" w="1186" /><ent r="6" t="106" w="1234" /><ent r="6" t="106" w="1234" /><ent r="6" t="106" w="1258" /><ent r="6" t="106" w="1258" /><ent r="6" t="106" w="1282" /><ent r="6" t="106" w="1282" /><ent r="6" t="106" w="1306" /><ent r="6" t="106" w="1306" /><ent r="6" t="106" w="1342" /><ent r="6" t="106" w="1342" /><ent r="6" t="106" w="1366" /><ent r="6" t="106" w="1366" /><ent r="6" t="106" w="1390" /><ent r="6" t="106" w="1390" /><ent r="6" t="106" w="1414" /><ent r="6" t="106" w="1414" /><ent r="6" t="106" w="1438" /><ent r="6" t="106" w="1438" /><ent r="6" t="106" w="1462" /><ent r="6" t="106" w="1462" /><ent r="6" t="106" w="1486" /><ent r="6" t="106" w="1486" /><ent r="6" t="106" w="1510" /><ent r="6" t="106" w="1510" /><ent r="6" t="106" w="1558" /><ent r="6" t="106" w="1558" /><ent r="6" t="106" w="1611" /><ent r="6" t="106" w="1611" /><ent r="6" t="106" w="1658" /><ent r="6" t="106" w="1658" /><ent r="6" t="106" w="1763" /><ent r="6" t="106" w="1763" /><ent r="6" t="106" w="1799" /><ent r="6" t="106" w="1799" /><ent r="6" t="106" w="1908" /><ent r="6" t="106" w="1908" /><ent r="7" t="111" w="138" /><ent r="7" t="111" w="138" /><ent r="7" t="114" w="42" /><ent r="7" t="114" w="42" /><ent r="7" t="114" w="143" /><ent r="7" t="114" w="143" /><ent r="7" t="114" w="234" /><ent r="7" t="114" w="234" /><ent r="7" t="114" w="335" /><ent r="7" t="114" w="335" /><ent r="7" t="134" w="138" /><ent r="7" t="134" w="138" /><ent r="7" t="137" w="42" /><ent r="7" t="137" w="42" /><ent r="7" t="137" w="143" /><ent r="7" t="137" w="143" /><ent r="7" t="137" w="233" /><ent r="7" t="137" w="233" /><ent r="7" t="188" w="93" /><ent r="7" t="188" w="93" /><ent r="7" t="188" w="215" /><ent r="7" t="188" w="215" /><ent r="3" t="190" w="43" /><ent r="3" t="190" w="43" /><ent r="3" t="194" w="157" /><ent r="3" t="194" w="157" /><ent r="7" t="212" w="134" /><ent r="7" t="212" w="134" /><ent r="7" t="215" w="93" /><ent r="7" t="215" w="93" /><ent r="7" t="215" w="215" /><ent r="7" t="215" w="215" /><ent r="3" t="218" w="157" /><ent r="3" t="218" w="157" /><ent r="3" t="399" w="3114" /><ent r="3" t="399" w="3114" /></phr><phr n="Proper"><ent r="3" t="91" w="602" /><ent r="3" t="91" w="602" /></phr></stem><stem n="elevation-depend"><phr n="elevation-dependent"><ent r="3" t="12" w="339" /><ent r="3" t="12" w="339" /><ent r="3" t="12" w="493" /><ent r="3" t="12" w="493" /></phr></stem><stem n="variou"><phr n="various"><ent r="3" t="12" w="353" /><ent r="3" t="12" w="353" /><ent r="3" t="12" w="371" /><ent r="3" t="12" w="371" /><ent r="7" t="235" w="775" /><ent r="7" t="235" w="775" /><ent r="3" t="237" w="219" /><ent r="3" t="237" w="219" /><ent r="3" t="242" w="1690" /><ent r="3" t="242" w="1690" /><ent r="3" t="244" w="876" /><ent r="3" t="244" w="876" /><ent r="3" t="259" w="44" /><ent r="3" t="259" w="44" /><ent r="5" t="271" w="477" /><ent r="5" t="271" w="477" /><ent r="3" t="314" w="245" /><ent r="3" t="314" w="245" /><ent r="3" t="317" w="120" /><ent r="3" t="317" w="120" /><ent r="3" t="390" w="1119" /><ent r="3" t="390" w="1119" /><ent r="7" t="396" w="196" /><ent r="7" t="396" w="196" /></phr><phr n="Various"><ent r="3" t="308" w="80" /><ent r="3" t="308" w="80" /><ent r="7" t="396" w="185" /><ent r="7" t="396" w="185" /></phr></stem><stem n="want"><phr n="want"><ent r="3" t="12" w="359" /><ent r="3" t="12" w="359" /><ent r="3" t="12" w="439" /><ent r="3" t="12" w="439" /><ent r="3" t="12" w="527" /><ent r="3" t="12" w="527" /><ent r="7" t="235" w="1412" /><ent r="7" t="235" w="1412" /><ent r="5" t="242" w="83" /><ent r="5" t="242" w="83" /><ent r="5" t="243" w="270" /><ent r="5" t="243" w="270" /><ent r="4" t="244" w="510" /><ent r="4" t="244" w="510" /><ent r="3" t="256" w="47" /><ent r="3" t="256" w="47" /><ent r="3" t="260" w="67" /><ent r="3" t="260" w="67" /><ent r="3" t="261" w="53" /><ent r="3" t="261" w="53" /><ent r="3" t="261" w="186" /><ent r="3" t="261" w="186" /><ent r="3" t="269" w="534" /><ent r="3" t="269" w="534" /><ent r="5" t="271" w="465" /><ent r="5" t="271" w="465" /><ent r="5" t="271" w="641" /><ent r="5" t="271" w="641" /><ent r="5" t="276" w="765" /><ent r="5" t="276" w="765" /><ent r="3" t="279" w="469" /><ent r="3" t="279" w="469" /><ent r="3" t="287" w="168" /><ent r="3" t="287" w="168" /><ent r="3" t="297" w="617" /><ent r="3" t="297" w="617" /><ent r="5" t="317" w="399" /><ent r="5" t="317" w="399" /><ent r="3" t="318" w="101" /><ent r="3" t="318" w="101" /><ent r="3" t="393" w="516" /><ent r="3" t="393" w="516" /><ent r="3" t="395" w="311" /><ent r="3" t="395" w="311" /><ent r="3" t="401" w="431" /><ent r="3" t="401" w="431" /><ent r="3" t="405" w="398" /><ent r="3" t="405" w="398" /><ent r="3" t="423" w="488" /><ent r="3" t="423" w="488" /><ent r="3" t="501" w="283" /><ent r="3" t="501" w="283" /><ent r="3" t="501" w="301" /><ent r="3" t="501" w="301" /></phr></stem></index>