<?xml version="1.0" encoding="utf-8"?><index><!-- saved from url=(0016)http://localhost -->
<stem n="primarili"><phr n="primarily"><ent r="3" t="405" w="242" /><ent r="3" t="405" w="242" /></phr></stem><stem n="ib"><phr n="IBS"><ent r="3" t="405" w="322" /><ent r="3" t="405" w="381" /><ent r="3" t="405" w="381" /><ent r="3" t="405" w="415" /><ent r="3" t="405" w="415" /></phr></stem><stem n="discover"><phr n="Discoverable"><ent r="4" t="407" w="7" /><ent r="4" t="407" w="7" /><ent r="4" t="408" w="100" /><ent r="4" t="408" w="100" /></phr></stem><stem n="bluetooth-en"><phr n="Bluetooth-enabled"><ent r="3" t="407" w="34" /><ent r="3" t="407" w="34" /><ent r="3" t="407" w="69" /><ent r="3" t="407" w="69" /><ent r="3" t="408" w="59" /><ent r="3" t="408" w="59" /><ent r="3" t="408" w="127" /><ent r="3" t="408" w="127" /><ent r="3" t="408" w="161" /><ent r="3" t="408" w="161" /><ent r="3" t="409" w="20" /><ent r="3" t="409" w="20" /><ent r="3" t="409" w="92" /><ent r="3" t="409" w="92" /><ent r="3" t="409" w="106" /><ent r="3" t="409" w="106" /></phr></stem><stem n="inquiri"><phr n="Inquiry"><ent r="1000" t="409" w="2" /><ent r="1000" t="409" w="2" /><ent r="133" t="409" w="8" /><ent r="133" t="409" w="8" /><ent r="4" t="409" w="74" /><ent r="4" t="409" w="74" /></phr><phr n="inquiry"><ent r="3" t="409" w="60" /><ent r="3" t="409" w="60" /><ent r="4" t="409" w="128" /><ent r="4" t="409" w="128" /></phr></stem><stem n="nearbi"><phr n="nearby"><ent r="3" t="409" w="19" /><ent r="3" t="409" w="19" /><ent r="3" t="409" w="91" /><ent r="3" t="409" w="91" /><ent r="3" t="499" w="55" /><ent r="3" t="499" w="55" /><ent r="3" t="502" w="124" /><ent r="3" t="502" w="124" /></phr></stem><stem n="intervent"><phr n="intervention"><ent r="3" t="409" w="283" /><ent r="3" t="409" w="283" /></phr></stem><stem n="chapter"><phr n="chapter"><ent r="4" t="410" w="26" /><ent r="4" t="410" w="26" /><ent r="4" t="415" w="48" /><ent r="4" t="415" w="48" /><ent r="4" t="416" w="31" /><ent r="4" t="416" w="31" /><ent r="4" t="417" w="194" /><ent r="4" t="417" w="194" /><ent r="4" t="418" w="23" /><ent r="4" t="418" w="23" /><ent r="4" t="462" w="7" /></phr></stem><stem n="450"><phr n="450"><ent r="6" t="419" w="22" /><ent r="6" t="419" w="22" /></phr></stem><stem n="clientconfig"><phr n="clientConfig"><ent r="1000" t="420" w="1" /><ent r="102" t="420" w="4" /><ent r="3" t="420" w="12" /></phr></stem><stem n="gari"><phr n="Gary"><ent r="3" t="420" w="7" /><ent r="3" t="420" w="7" /></phr></stem><stem n="gave"><phr n="gave"><ent r="3" t="420" w="8" /><ent r="3" t="420" w="8" /></phr></stem><stem n="upward"><phr n="upward"><ent r="3" t="421" w="53" /><ent r="3" t="421" w="53" /></phr></stem><stem n="downward"><phr n="downward"><ent r="3" t="421" w="55" /><ent r="3" t="421" w="55" /></phr></stem><stem n="parent"><phr n="Parent"><ent r="4" t="421" w="91" /><ent r="4" t="421" w="91" /></phr></stem><stem n="subdirectori"><phr n="subdirectories"><ent r="3" t="421" w="95" /><ent r="3" t="421" w="95" /><ent r="5" t="422" w="473" /><ent r="5" t="422" w="473" /><ent r="5" t="427" w="280" /><ent r="5" t="427" w="280" /></phr><phr n="subdirectory"><ent r="3" t="421" w="202" /><ent r="3" t="421" w="209" /><ent r="3" t="421" w="209" /></phr></stem><stem n="t01"><phr n="T01"><ent r="3" t="421" w="283" /><ent r="3" t="421" w="283" /><ent r="3" t="421" w="311" /><ent r="3" t="421" w="311" /><ent r="3" t="421" w="332" /><ent r="3" t="421" w="332" /><ent r="3" t="421" w="415" /><ent r="5" t="422" w="535" /><ent r="5" t="422" w="567" /><ent r="5" t="422" w="604" /><ent r="3" t="422" w="637" /><ent r="5" t="422" w="1207" /><ent r="5" t="427" w="363" /><ent r="5" t="427" w="754" /></phr></stem><stem n="t02"><phr n="T02"><ent r="3" t="421" w="285" /><ent r="3" t="421" w="285" /><ent r="3" t="421" w="313" /><ent r="3" t="421" w="313" /><ent r="3" t="421" w="335" /><ent r="3" t="421" w="335" /><ent r="3" t="421" w="416" /><ent r="3" t="421" w="416" /><ent r="5" t="422" w="1208" /><ent r="5" t="422" w="1208" /><ent r="3" t="427" w="704" /><ent r="3" t="427" w="704" /><ent r="5" t="427" w="755" /><ent r="5" t="427" w="755" /></phr></stem><stem n="kml"><phr n="KML"><ent r="3" t="421" w="327" /></phr></stem><stem n="convers"><phr n="Conversion"><ent r="4" t="421" w="330" /><ent r="4" t="421" w="330" /></phr><phr n="conversion"><ent r="3" t="421" w="364" /><ent r="3" t="421" w="364" /></phr><phr n="conversions"><ent r="5" t="422" w="1203" /><ent r="5" t="422" w="1203" /><ent r="5" t="422" w="1223" /><ent r="5" t="422" w="1223" /></phr></stem><stem n="hatanaka"><phr n="Hatanaka"><ent r="3" t="421" w="435" /><ent r="3" t="421" w="435" /><ent r="3" t="421" w="442" /><ent r="3" t="421" w="442" /></phr></stem><stem n="daili"><phr n="Daily"><ent r="6" t="422" w="147" /><ent r="6" t="422" w="147" /><ent r="3" t="422" w="259" /><ent r="3" t="422" w="259" /></phr></stem><stem n="fluctuat"><phr n="fluctuations"><ent r="3" t="422" w="327" /><ent r="3" t="422" w="348" /></phr></stem><stem n="satelit"><phr n="Satelite"><ent r="3" t="422" w="412" /><ent r="3" t="422" w="412" /></phr></stem><stem n="top-level"><phr n="top-level"><ent r="5" t="422" w="464" /><ent r="5" t="422" w="464" /><ent r="5" t="422" w="500" /><ent r="5" t="422" w="500" /><ent r="5" t="427" w="271" /><ent r="5" t="427" w="271" /><ent r="5" t="427" w="323" /><ent r="5" t="427" w="323" /></phr></stem><stem n="compactflash"><phr n="CompactFlash"><ent r="5" t="422" w="485" /><ent r="5" t="422" w="485" /></phr></stem><stem n="sessnam"><phr n="SessName"><ent r="5" t="422" w="565" /><ent r="5" t="422" w="599" /></phr></stem><stem n="jjjx"><phr n="JJJx"><ent r="5" t="422" w="639" /><ent r="5" t="422" w="639" /></phr></stem><stem n="yyyymmddhhmm"><phr n="YYYYMMDDhhmm"><ent r="6" t="422" w="677" /><ent r="6" t="422" w="677" /><ent r="5" t="422" w="1157" /><ent r="5" t="422" w="1157" /><ent r="6" t="427" w="407" /><ent r="6" t="427" w="407" /></phr></stem><stem n="22-charact"><phr n="22-character"><ent r="5" t="422" w="681" /><ent r="5" t="422" w="681" /></phr></stem><stem n="4-digit"><phr n="4-digit"><ent r="5" t="422" w="695" /><ent r="5" t="422" w="695" /></phr></stem><stem n="2-digit"><phr n="2-digit"><ent r="5" t="422" w="700" /><ent r="5" t="422" w="700" /><ent r="5" t="422" w="707" /><ent r="5" t="422" w="707" /><ent r="5" t="422" w="719" /><ent r="5" t="422" w="719" /><ent r="5" t="422" w="726" /><ent r="5" t="422" w="726" /><ent r="5" t="422" w="947" /><ent r="5" t="422" w="947" /></phr></stem><stem n="day-of-month"><phr n="day-of-month"><ent r="5" t="422" w="709" /><ent r="5" t="422" w="709" /><ent r="5" t="422" w="1018" /><ent r="5" t="422" w="1018" /><ent r="5" t="422" w="1090" /><ent r="5" t="422" w="1090" /><ent r="7" t="427" w="442" /><ent r="7" t="427" w="442" /></phr></stem><stem n="day-of"><phr n="day-of"><ent r="5" t="422" w="709" /><ent r="5" t="422" w="1018" /><ent r="5" t="422" w="1090" /><ent r="7" t="427" w="442" /></phr></stem><stem n="of-month"><phr n="of-month"><ent r="5" t="422" w="710" /><ent r="5" t="422" w="1019" /><ent r="5" t="422" w="1091" /><ent r="7" t="427" w="443" /></phr></stem><stem n="sitejjjh"><phr n="SITEJJJh"><ent r="5" t="422" w="788" /><ent r="5" t="422" w="788" /></phr></stem><stem n="exact"><phr n="exact"><ent r="4" t="422" w="805" /><ent r="4" t="422" w="805" /><ent r="4" t="422" w="972" /><ent r="4" t="422" w="972" /></phr></stem><stem n="jjj"><phr n="JJJ"><ent r="5" t="422" w="836" /><ent r="5" t="422" w="836" /><ent r="5" t="422" w="910" /><ent r="5" t="422" w="910" /></phr></stem><stem n="julian"><phr n="Julian"><ent r="5" t="422" w="839" /><ent r="5" t="422" w="839" /><ent r="5" t="422" w="913" /><ent r="5" t="422" w="913" /></phr></stem><stem n="001"><phr n="001"><ent r="5" t="422" w="843" /><ent r="5" t="422" w="843" /><ent r="5" t="422" w="917" /><ent r="5" t="422" w="917" /></phr></stem><stem n="jan"><phr n="Jan"><ent r="5" t="422" w="846" /><ent r="5" t="422" w="920" /></phr></stem><stem n="sitejjjhmm"><phr n="SITEJJJhmm"><ent r="5" t="422" w="870" /><ent r="5" t="422" w="870" /></phr></stem><stem n="yymmddhh"><phr n="YYMMDDHH"><ent r="5" t="422" w="955" /><ent r="5" t="422" w="955" /></phr></stem><stem n="ig"><phr n="IGS"><ent r="4" t="422" w="957" /><ent r="4" t="422" w="957" /><ent r="4" t="422" w="1037" /><ent r="4" t="422" w="1037" /></phr></stem><stem n="yymmddhhmm"><phr n="YYMMDDHHmm"><ent r="5" t="422" w="1035" /><ent r="5" t="422" w="1035" /></phr></stem><stem n="suffix"><phr n="suffix"><ent r="5" t="422" w="1166" /><ent r="5" t="422" w="1166" /></phr></stem><stem n="klm"><phr n="KLM"><ent r="5" t="422" w="1230" /></phr></stem><stem n="single-sess"><phr n="single-session"><ent r="4" t="423" w="79" /><ent r="4" t="423" w="79" /></phr></stem><stem n="megabyt"><phr n="megabytes"><ent r="3" t="423" w="243" /><ent r="3" t="423" w="243" /><ent r="3" t="423" w="263" /><ent r="3" t="423" w="263" /></phr></stem><stem n="mb"><phr n="MB"><ent r="3" t="423" w="244" /><ent r="3" t="423" w="264" /></phr></stem><stem n="percent"><phr n="percent"><ent r="3" t="423" w="268" /><ent r="3" t="423" w="268" /></phr></stem><stem n="kbyte"><phr n="Kbytes"><ent r="3" t="423" w="295" /></phr></stem><stem n="oldest"><phr n="oldest"><ent r="3" t="423" w="300" /><ent r="3" t="423" w="300" /></phr></stem><stem n="insuffici"><phr n="insufficient"><ent r="3" t="423" w="317" /><ent r="3" t="423" w="317" /><ent r="7" t="445" w="366" /><ent r="7" t="445" w="366" /></phr><phr n="Insufficient"><ent r="7" t="445" w="219" /><ent r="7" t="445" w="219" /></phr></stem><stem n="pathnam"><phr n="pathname"><ent r="3" t="423" w="409" /><ent r="3" t="423" w="409" /></phr></stem><stem n="+149"><phr n="+149"><ent r="4" t="425" w="106" /><ent r="4" t="425" w="106" /></phr></stem><stem n="sps351"><phr n="SPS351"><ent r="6" t="426" w="9" /><ent r="6" t="426" w="9" /></phr></stem><stem n="sps555h"><phr n="SPS555H"><ent r="6" t="426" w="12" /><ent r="6" t="426" w="12" /></phr></stem><stem n="sps855"><phr n="SPS855"><ent r="6" t="426" w="15" /><ent r="6" t="426" w="15" /></phr></stem><stem n="sps985"><phr n="SPS985"><ent r="6" t="426" w="18" /><ent r="6" t="426" w="18" /></phr></stem><stem n="sps985l"><phr n="SPS985L"><ent r="6" t="426" w="21" /><ent r="6" t="426" w="21" /></phr></stem><stem n="sps361"><phr n="SPS361"><ent r="6" t="426" w="24" /><ent r="6" t="426" w="24" /></phr></stem><stem n="sps461"><phr n="SPS461"><ent r="6" t="426" w="26" /><ent r="6" t="426" w="26" /></phr></stem><stem n="soon"><phr n="soon"><ent r="3" t="427" w="40" /><ent r="3" t="427" w="40" /></phr></stem><stem n="rememb"><phr n="remember"><ent r="3" t="427" w="134" /><ent r="3" t="427" w="134" /></phr></stem><stem n="ftp-push"><phr n="FTP-pushing"><ent r="3" t="427" w="197" /></phr><phr n="FTP-push"><ent r="3" t="427" w="217" /><ent r="3" t="427" w="217" /></phr></stem><stem n="overload"><phr n="overloading"><ent r="3" t="427" w="208" /><ent r="3" t="427" w="208" /></phr></stem><stem n="data_fil"><phr n="Data_Files"><ent r="3" t="427" w="246" /></phr></stem><stem n="yyi"><phr n="YYY"><ent r="6" t="427" w="344" /></phr></stem><stem n="ten-digit"><phr n="ten-digit"><ent r="7" t="427" w="420" /><ent r="7" t="427" w="420" /></phr></stem><stem n="four-digit"><phr n="four-digit"><ent r="7" t="427" w="426" /><ent r="7" t="427" w="426" /></phr></stem><stem n="two-digit"><phr n="two-digit"><ent r="7" t="427" w="432" /><ent r="7" t="427" w="432" /><ent r="7" t="427" w="440" /><ent r="7" t="427" w="440" /><ent r="7" t="427" w="453" /><ent r="7" t="427" w="453" /><ent r="7" t="427" w="461" /><ent r="7" t="427" w="461" /></phr></stem><stem n="passiv"><phr n="Passive"><ent r="6" t="427" w="526" /><ent r="6" t="427" w="526" /><ent r="6" t="427" w="545" /><ent r="6" t="427" w="545" /></phr></stem><stem n="pasv"><phr n="PASV"><ent r="5" t="427" w="551" /><ent r="5" t="427" w="551" /></phr></stem><stem n="hi"><phr n="Hi"><ent r="5" t="427" w="663" /></phr></stem><stem n="txt"><phr n="txt"><ent r="5" t="427" w="664" /><ent r="5" t="427" w="664" /></phr></stem><stem n="filespac"><phr n="filespace"><ent r="3" t="427" w="711" /><ent r="4" t="427" w="725" /></phr></stem><stem n="organis"><phr n="Organisations"><ent r="4" t="427" w="724" /><ent r="4" t="427" w="724" /></phr></stem><stem n="&lt;orgname&gt;"><phr n="&lt;orgname&gt;"><ent r="4" t="427" w="728" /><ent r="4" t="427" w="795" /></phr></stem><stem n="&lt;filespac"><phr n="&lt;filespace"><ent r="4" t="427" w="729" /><ent r="4" t="427" w="796" /></phr></stem><stem n="shortname&gt;"><phr n="shortname&gt;"><ent r="4" t="427" w="731" /><ent r="4" t="427" w="731" /><ent r="4" t="427" w="798" /><ent r="4" t="427" w="798" /></phr></stem><stem n="myconnectedsit"><phr n="myconnectedsite"><ent r="4" t="427" w="774" /></phr></stem><stem n="&lt;tccusername&gt;"><phr n="&lt;tccusername&gt;"><ent r="4" t="427" w="779" /></phr></stem><stem n="&lt;tccorgname&gt;"><phr n="&lt;tccorgname&gt;"><ent r="4" t="427" w="780" /><ent r="4" t="427" w="780" /></phr></stem><stem n="&lt;tccpassword&gt;"><phr n="&lt;tccpassword&gt;"><ent r="4" t="427" w="784" /><ent r="4" t="427" w="784" /><ent r="4" t="427" w="789" /><ent r="4" t="427" w="789" /></phr></stem><stem n="programm"><phr n="PROGRAMMERS"><ent r="3" t="429" w="25" /><ent r="3" t="429" w="25" /></phr></stem><stem n="googlemap"><phr n="GoogleMap"><ent r="3" t="429" w="35" /></phr></stem><stem n="belong"><phr n="belongs"><ent r="5" t="430" w="52" /><ent r="5" t="430" w="52" /><ent r="7" t="430" w="188" /><ent r="7" t="430" w="188" /><ent r="5" t="431" w="52" /><ent r="5" t="431" w="52" /><ent r="7" t="431" w="277" /><ent r="7" t="431" w="277" /><ent r="5" t="443" w="56" /><ent r="5" t="443" w="56" /><ent r="7" t="443" w="261" /><ent r="7" t="443" w="261" /></phr></stem><stem n="21h"><phr n="21h"><ent r="6" t="430" w="84" /><ent r="6" t="430" w="84" /></phr></stem><stem n="l1saif"><phr n="L1SAIF"><ent r="8" t="430" w="477" /><ent r="8" t="430" w="477" /><ent r="8" t="431" w="568" /><ent r="8" t="431" w="568" /><ent r="7" t="443" w="575" /><ent r="7" t="443" w="575" /></phr></stem><stem n="g1c"><phr n="G1C"><ent r="8" t="431" w="702" /><ent r="8" t="431" w="702" /><ent r="7" t="443" w="692" /><ent r="7" t="443" w="692" /></phr></stem><stem n="l2p"><phr n="L2P"><ent r="8" t="431" w="765" /><ent r="8" t="431" w="765" /><ent r="7" t="443" w="763" /><ent r="7" t="443" w="763" /></phr></stem><stem n="g2c"><phr n="G2C"><ent r="8" t="431" w="770" /><ent r="8" t="431" w="770" /><ent r="7" t="443" w="768" /><ent r="7" t="443" w="768" /></phr></stem><stem n="g2p"><phr n="G2P"><ent r="8" t="431" w="772" /><ent r="8" t="431" w="772" /><ent r="7" t="443" w="770" /><ent r="7" t="443" w="770" /></phr></stem><stem n="g3"><phr n="G3"><ent r="8" t="431" w="837" /><ent r="8" t="431" w="837" /></phr></stem><stem n="two-antenna"><phr n="two-antenna"><ent r="3" t="432" w="98" /><ent r="3" t="432" w="98" /><ent r="3" t="483" w="32" /><ent r="3" t="483" w="32" /><ent r="3" t="486" w="39" /><ent r="3" t="486" w="39" /><ent r="3" t="493" w="32" /><ent r="3" t="493" w="32" /></phr></stem><stem n="dive"><phr n="dive"><ent r="7" t="432" w="229" /></phr></stem><stem n="climb"><phr n="climb"><ent r="7" t="432" w="230" /><ent r="7" t="432" w="230" /></phr></stem><stem n="side-to-sid"><phr n="Side-to-side"><ent r="7" t="432" w="268" /><ent r="7" t="432" w="268" /></phr></stem><stem n="side-to"><phr n="Side-to"><ent r="7" t="432" w="268" /></phr></stem><stem n="to-sid"><phr n="to-side"><ent r="7" t="432" w="269" /></phr></stem><stem n="master-slav"><phr n="Master-Slave"><ent r="7" t="432" w="277" /><ent r="7" t="432" w="277" /><ent r="7" t="432" w="448" /><ent r="7" t="432" w="448" /></phr><phr n="master-slave"><ent r="7" t="432" w="465" /><ent r="7" t="432" w="465" /></phr></stem><stem n="44-47"><phr n="44-47"><ent r="7" t="432" w="310" /><ent r="7" t="432" w="310" /></phr></stem><stem n="48-51"><phr n="48-51"><ent r="7" t="432" w="331" /><ent r="7" t="432" w="331" /></phr></stem><stem n="52-55"><phr n="52-55"><ent r="7" t="432" w="352" /><ent r="7" t="432" w="352" /></phr></stem><stem n="56-59"><phr n="56-59"><ent r="7" t="432" w="373" /><ent r="7" t="432" w="373" /></phr></stem><stem n="60-63"><phr n="60-63"><ent r="7" t="432" w="397" /><ent r="7" t="432" w="397" /></phr></stem><stem n="64-67"><phr n="64-67"><ent r="7" t="432" w="421" /><ent r="7" t="432" w="421" /></phr></stem><stem n="68-71"><phr n="68-71"><ent r="7" t="432" w="445" /><ent r="7" t="432" w="445" /></phr></stem><stem n="estimat"><phr n="estimat"><ent r="7" t="432" w="468" /><ent r="7" t="432" w="468" /></phr></stem><stem n="centerpoint"><phr n="CenterPoint"><ent r="7" t="433" w="247" /><ent r="7" t="433" w="247" /><ent r="7" t="487" w="271" /><ent r="7" t="487" w="271" /><ent r="7" t="489" w="277" /><ent r="7" t="489" w="277" /><ent r="7" t="490" w="220" /><ent r="7" t="490" w="220" /><ent r="7" t="492" w="195" /><ent r="7" t="492" w="195" /><ent r="7" t="493" w="222" /><ent r="7" t="493" w="222" /></phr></stem><stem n="batt"><phr n="Batt"><ent r="1000" t="434" w="3" /><ent r="82" t="434" w="8" /><ent r="72" t="434" w="35" /></phr></stem><stem n="mem"><phr n="Mem"><ent r="1000" t="434" w="4" /><ent r="1000" t="434" w="4" /><ent r="82" t="434" w="9" /><ent r="82" t="434" w="9" /><ent r="72" t="434" w="36" /><ent r="72" t="434" w="36" /></phr></stem><stem n="percentag"><phr n="percentage"><ent r="7" t="434" w="83" /><ent r="7" t="434" w="83" /><ent r="7" t="434" w="89" /><ent r="7" t="434" w="89" /><ent r="7" t="488" w="293" /></phr></stem><stem n="oscil"><phr n="oscillator"><ent r="7" t="435" w="153" /><ent r="7" t="435" w="153" /></phr></stem><stem n="x-axi"><phr n="X-axis"><ent r="7" t="436" w="92" /><ent r="7" t="436" w="92" /><ent r="7" t="436" w="124" /><ent r="7" t="436" w="124" /><ent r="7" t="437" w="100" /><ent r="7" t="437" w="100" /></phr></stem><stem n="y-axi"><phr n="Y-axis"><ent r="7" t="436" w="108" /><ent r="7" t="436" w="108" /><ent r="7" t="437" w="121" /><ent r="7" t="437" w="121" /></phr></stem><stem n="z-axi"><phr n="Z-axis"><ent r="7" t="437" w="142" /><ent r="7" t="437" w="142" /></phr></stem><stem n="ye"><phr n="Yes"><ent r="7" t="438" w="28" /><ent r="7" t="438" w="41" /><ent r="7" t="438" w="53" /><ent r="7" t="438" w="64" /><ent r="7" t="438" w="80" /><ent r="7" t="438" w="98" /><ent r="7" t="438" w="228" /><ent r="7" t="438" w="240" /><ent r="7" t="438" w="251" /><ent r="7" t="438" w="262" /><ent r="7" t="438" w="359" /><ent r="7" t="438" w="375" /><ent r="7" t="438" w="388" /><ent r="7" t="438" w="401" /><ent r="7" t="438" w="415" /><ent r="7" t="438" w="429" /><ent r="7" t="438" w="440" /><ent r="7" t="438" w="457" /><ent r="7" t="438" w="481" /><ent r="7" t="438" w="495" /><ent r="7" t="438" w="520" /><ent r="7" t="438" w="529" /><ent r="7" t="438" w="538" /><ent r="7" t="438" w="547" /><ent r="7" t="438" w="556" /></phr></stem><stem n="scalar"><phr n="Scalar"><ent r="7" t="438" w="551" /><ent r="7" t="438" w="551" /></phr></stem><stem n="cobra"><phr n="COBRA"><ent r="7" t="438" w="560" /><ent r="7" t="438" w="560" /><ent r="7" t="438" w="566" /><ent r="7" t="438" w="572" /><ent r="7" t="438" w="572" /><ent r="7" t="438" w="578" /><ent r="7" t="438" w="584" /><ent r="7" t="438" w="584" /><ent r="7" t="438" w="591" /></phr></stem><stem n="non-cobra"><phr n="non-COBRA"><ent r="7" t="438" w="565" /><ent r="7" t="438" w="565" /><ent r="7" t="438" w="577" /><ent r="7" t="438" w="577" /><ent r="7" t="438" w="590" /><ent r="7" t="438" w="590" /></phr></stem><stem n="pick"><phr n="picks"><ent r="9" t="439" w="101" /><ent r="9" t="439" w="101" /></phr></stem><stem n="custo"><phr n="Custo"><ent r="9" t="439" w="130" /></phr></stem><stem n="inact"><phr n="inactive"><ent r="7" t="439" w="241" /><ent r="7" t="439" w="241" /><ent r="7" t="439" w="259" /><ent r="7" t="439" w="259" /></phr><phr n="inactivity"><ent r="4" t="500" w="140" /><ent r="4" t="500" w="140" /><ent r="3" t="500" w="148" /><ent r="3" t="500" w="148" /><ent r="3" t="501" w="358" /><ent r="3" t="501" w="358" /></phr><phr n="Inactivity"><ent r="4" t="501" w="350" /><ent r="4" t="501" w="350" /></phr></stem><stem n="fft"><phr n="FFT"><ent r="7" t="439" w="285" /><ent r="7" t="439" w="285" /><ent r="7" t="439" w="289" /><ent r="7" t="439" w="289" /><ent r="7" t="488" w="201" /><ent r="7" t="488" w="201" /></phr></stem><stem n="ffffff00"><phr n="FFFFFF00"><ent r="7" t="439" w="506" /><ent r="7" t="439" w="506" /></phr></stem><stem n="non-0"><phr n="non-0"><ent r="7" t="439" w="560" /><ent r="7" t="439" w="560" /></phr></stem><stem n="flush"><phr n="flush"><ent r="7" t="439" w="562" /><ent r="7" t="439" w="562" /></phr></stem><stem n="28h"><phr n="28h"><ent r="7" t="442" w="93" /><ent r="7" t="442" w="93" /></phr></stem><stem n="b0-b3"><phr n="b0-b3"><ent r="7" t="443" w="181" /><ent r="7" t="443" w="181" /></phr></stem><stem n="b0"><phr n="b0"><ent r="7" t="443" w="181" /></phr></stem><stem n="b4-b7"><phr n="b4-b7"><ent r="7" t="443" w="188" /><ent r="7" t="443" w="188" /></phr></stem><stem n="b4"><phr n="b4"><ent r="7" t="443" w="188" /></phr></stem><stem n="b7"><phr n="b7"><ent r="7" t="443" w="189" /></phr></stem><stem n="0x12"><phr n="0x12"><ent r="7" t="443" w="195" /><ent r="7" t="443" w="195" /></phr></stem><stem n="6-9"><phr n="6-9"><ent r="7" t="443" w="292" /></phr></stem><stem n="4-7"><phr n="4-7"><ent r="7" t="443" w="545" /><ent r="7" t="445" w="175" /></phr></stem><stem n="6-7"><phr n="6-7"><ent r="7" t="443" w="596" /></phr></stem><stem n="compass"><phr n="Compass"><ent r="7" t="443" w="703" /><ent r="7" t="443" w="780" /><ent r="7" t="443" w="867" /></phr></stem><stem n="empir"><phr n="empirical"><ent r="7" t="445" w="116" /><ent r="7" t="445" w="116" /></phr></stem><stem n="31h_retpos3"><phr n="31h_RETPOS3"><ent r="7" t="445" w="192" /><ent r="7" t="445" w="192" /><ent r="7" t="445" w="276" /><ent r="7" t="445" w="294" /></phr></stem><stem n="sync"><phr n="synced"><ent r="7" t="445" w="212" /><ent r="7" t="445" w="212" /></phr><phr n="sync"><ent r="7" t="488" w="304" /></phr></stem><stem n="verif"><phr n="verification"><ent r="7" t="445" w="232" /><ent r="7" t="445" w="232" /></phr></stem><stem n="rdop"><phr n="RDOP"><ent r="7" t="445" w="248" /><ent r="7" t="445" w="248" /></phr></stem><stem n="8-11"><phr n="8-11"><ent r="7" t="445" w="255" /><ent r="7" t="445" w="255" /></phr></stem><stem n="gsof_17"><phr n="GSOF_17"><ent r="7" t="445" w="277" /></phr></stem><stem n="getbas"><phr n="GETBASE"><ent r="7" t="445" w="309" /></phr></stem><stem n="rtcm3net"><phr n="RTCM3Net"><ent r="7" t="445" w="325" /><ent r="7" t="445" w="325" /></phr></stem><stem n="geofenc"><phr n="GeoFence"><ent r="7" t="445" w="409" /><ent r="7" t="445" w="409" /><ent r="7" t="445" w="421" /></phr><phr n="Geofence"><ent r="7" t="445" w="417" /><ent r="7" t="445" w="417" /></phr></stem><stem n="mtg"><phr n="MTG"><ent r="7" t="445" w="448" /><ent r="7" t="445" w="448" /><ent r="7" t="445" w="454" /><ent r="7" t="445" w="454" /><ent r="7" t="445" w="458" /><ent r="7" t="445" w="458" /></phr></stem><stem n="mind-th"><phr n="mind-the"><ent r="7" t="445" w="449" /></phr></stem><stem n="mind-the-gap"><phr n="mind-the-gap"><ent r="7" t="445" w="449" /></phr></stem><stem n="the-gap"><phr n="the-gap"><ent r="7" t="445" w="450" /></phr></stem><stem n="propos"><phr n="proposed"><ent r="7" t="445" w="513" /><ent r="7" t="445" w="529" /></phr></stem><stem n="cors96"><phr n="CORS96"><ent r="7" t="445" w="561" /><ent r="7" t="445" w="561" /></phr></stem><stem n="techton"><phr n="Techtonic"><ent r="7" t="445" w="571" /><ent r="7" t="445" w="571" /></phr></stem><stem n="plate"><phr n="Plate"><ent r="7" t="445" w="572" /><ent r="7" t="445" w="572" /></phr></stem><stem n="pole"><phr n="Pole"><ent r="7" t="445" w="585" /><ent r="7" t="445" w="585" /><ent r="7" t="445" w="593" /><ent r="7" t="445" w="593" /></phr></stem><stem n="wobbl"><phr n="Wobble"><ent r="7" t="445" w="586" /><ent r="7" t="445" w="586" /><ent r="7" t="445" w="594" /><ent r="7" t="445" w="594" /></phr></stem><stem n="xx"><phr n="xx"><ent r="5" t="446" w="28" /><ent r="5" t="446" w="28" /><ent r="7" t="446" w="154" /><ent r="7" t="446" w="154" /><ent r="7" t="478" w="94" /><ent r="7" t="478" w="113" /><ent r="7" t="484" w="125" /><ent r="7" t="484" w="126" /><ent r="7" t="484" w="126" /></phr><phr n="XX"><ent r="3" t="485" w="65" /><ent r="3" t="485" w="65" /></phr></stem><stem n="xy"><phr n="xy"><ent r="5" t="446" w="31" /><ent r="5" t="446" w="31" /><ent r="7" t="446" w="191" /><ent r="7" t="446" w="191" /></phr></stem><stem n="xz"><phr n="xz"><ent r="5" t="446" w="34" /><ent r="5" t="446" w="34" /><ent r="7" t="446" w="199" /><ent r="7" t="446" w="199" /></phr></stem><stem n="yz"><phr n="yz"><ent r="5" t="446" w="40" /><ent r="5" t="446" w="40" /><ent r="7" t="446" w="215" /><ent r="7" t="446" w="215" /></phr></stem><stem n="zz"><phr n="zz"><ent r="5" t="446" w="43" /><ent r="5" t="446" w="43" /><ent r="7" t="446" w="223" /><ent r="7" t="446" w="223" /></phr></stem><stem n="statisit"><phr n="Statisitics"><ent r="3" t="446" w="63" /></phr></stem><stem n="freedom"><phr n="freedom"><ent r="7" t="446" w="145" /><ent r="7" t="446" w="145" /></phr></stem><stem n="vcvxx"><phr n="VCVxx"><ent r="7" t="446" w="158" /><ent r="7" t="446" w="158" /></phr></stem><stem n="vcvzz"><phr n="VCVzz"><ent r="7" t="446" w="160" /><ent r="7" t="446" w="160" /></phr></stem><stem n="variance-covari"><phr n="variance-covariance"><ent r="7" t="446" w="163" /><ent r="7" t="446" w="163" /></phr></stem><stem n="matrix"><phr n="matrix"><ent r="7" t="446" w="165" /><ent r="7" t="446" w="175" /><ent r="7" t="446" w="175" /></phr></stem><stem n="invert"><phr n="inverted"><ent r="7" t="446" w="173" /><ent r="7" t="446" w="173" /></phr></stem><stem n="23h"><phr n="23h"><ent r="7" t="447" w="67" /><ent r="7" t="447" w="67" /></phr></stem><stem n="0s"><phr n="0s"><ent r="7" t="447" w="172" /></phr></stem><stem n="5033k44488"><phr n="5033K44488"><ent r="3" t="448" w="102" /><ent r="3" t="448" w="102" /></phr></stem><stem n="503344488"><phr n="503344488"><ent r="3" t="448" w="107" /><ent r="3" t="448" w="107" /></phr></stem><stem n="semi-major"><phr n="Semi-major"><ent r="5" t="449" w="46" /><ent r="5" t="449" w="46" /><ent r="5" t="449" w="62" /><ent r="5" t="449" w="62" /><ent r="7" t="449" w="205" /><ent r="7" t="449" w="205" /><ent r="7" t="449" w="213" /><ent r="7" t="449" w="213" /></phr><phr n="semi-major"><ent r="7" t="481" w="120" /><ent r="7" t="481" w="120" /><ent r="7" t="485" w="181" /><ent r="7" t="485" w="181" /><ent r="7" t="485" w="204" /><ent r="7" t="485" w="204" /></phr></stem><stem n="semi-minor"><phr n="Semi-minor"><ent r="5" t="449" w="54" /><ent r="5" t="449" w="54" /><ent r="7" t="449" w="223" /><ent r="7" t="449" w="223" /><ent r="7" t="449" w="231" /><ent r="7" t="449" w="231" /></phr><phr n="semi-minor"><ent r="7" t="449" w="249" /><ent r="7" t="449" w="249" /><ent r="7" t="481" w="133" /><ent r="7" t="481" w="133" /><ent r="7" t="485" w="193" /><ent r="7" t="485" w="193" /></phr></stem><stem n="26h"><phr n="26h"><ent r="7" t="449" w="130" /><ent r="7" t="449" w="130" /></phr></stem><stem n="covar"><phr n="Covar"><ent r="7" t="449" w="179" /></phr></stem><stem n="orientatio"><phr n="Orientatio"><ent r="7" t="449" w="241" /><ent r="7" t="449" w="241" /></phr></stem><stem n="apriori"><phr n="apriori"><ent r="7" t="449" w="287" /><ent r="7" t="449" w="287" /></phr></stem><stem n="pessimist"><phr n="pessimistic"><ent r="7" t="449" w="291" /></phr></stem><stem n="2-bit"><phr n="2-bit"><ent r="68" t="450" w="176" /><ent r="68" t="450" w="176" /><ent r="68" t="451" w="209" /><ent r="68" t="451" w="209" /><ent r="68" t="452" w="178" /><ent r="68" t="452" w="178" /></phr></stem></index>