<?xml version="1.0" encoding="utf-8"?><index><!-- saved from url=(0016)http://localhost -->
<stem n="stationari"><phr n="stationary"><ent r="3" t="10" w="19" /><ent r="3" t="10" w="19" /><ent r="3" t="242" w="1526" /><ent r="3" t="242" w="1526" /><ent r="3" t="400" w="310" /><ent r="3" t="400" w="310" /></phr><phr n="Stationary"><ent r="4" t="148" w="42" /><ent r="5" t="161" w="50" /><ent r="4" t="425" w="48" /></phr></stem><stem n="known"><phr n="known"><ent r="3" t="10" w="22" /><ent r="3" t="10" w="22" /><ent r="3" t="10" w="117" /><ent r="3" t="10" w="117" /><ent r="3" t="11" w="105" /><ent r="3" t="11" w="105" /><ent r="3" t="12" w="253" /><ent r="3" t="12" w="328" /><ent r="3" t="12" w="328" /><ent r="3" t="17" w="49" /><ent r="3" t="48" w="49" /><ent r="3" t="72" w="49" /><ent r="3" t="99" w="49" /><ent r="7" t="164" w="201" /><ent r="7" t="164" w="201" /><ent r="7" t="226" w="147" /><ent r="7" t="226" w="147" /><ent r="7" t="235" w="128" /><ent r="7" t="235" w="128" /><ent r="7" t="235" w="220" /><ent r="7" t="235" w="220" /><ent r="7" t="235" w="235" /><ent r="7" t="235" w="235" /><ent r="7" t="235" w="273" /><ent r="7" t="235" w="273" /><ent r="7" t="235" w="464" /><ent r="7" t="235" w="464" /><ent r="7" t="235" w="903" /><ent r="7" t="235" w="903" /><ent r="7" t="235" w="2627" /><ent r="7" t="235" w="2627" /><ent r="7" t="242" w="373" /><ent r="7" t="242" w="373" /><ent r="7" t="242" w="694" /><ent r="7" t="242" w="694" /><ent r="7" t="242" w="702" /><ent r="7" t="242" w="702" /><ent r="3" t="249" w="442" /><ent r="5" t="276" w="773" /><ent r="5" t="276" w="773" /><ent r="3" t="276" w="913" /><ent r="3" t="276" w="913" /><ent r="3" t="276" w="2382" /><ent r="3" t="276" w="2382" /><ent r="4" t="284" w="612" /><ent r="4" t="284" w="612" /><ent r="5" t="284" w="842" /><ent r="5" t="284" w="842" /><ent r="5" t="284" w="849" /><ent r="5" t="284" w="849" /><ent r="5" t="284" w="1129" /><ent r="5" t="284" w="1129" /><ent r="5" t="284" w="1143" /><ent r="5" t="284" w="1143" /><ent r="3" t="288" w="507" /><ent r="3" t="288" w="507" /><ent r="3" t="297" w="391" /><ent r="3" t="297" w="391" /><ent r="6" t="349" w="151" /><ent r="6" t="350" w="151" /><ent r="3" t="391" w="25" /><ent r="3" t="391" w="25" /><ent r="3" t="400" w="101" /><ent r="3" t="400" w="101" /><ent r="3" t="400" w="176" /><ent r="3" t="400" w="176" /><ent r="3" t="400" w="313" /><ent r="3" t="400" w="313" /><ent r="3" t="400" w="1189" /><ent r="3" t="400" w="1189" /><ent r="3" t="400" w="1197" /><ent r="3" t="400" w="1197" /><ent r="3" t="405" w="63" /><ent r="3" t="405" w="63" /><ent r="3" t="409" w="151" /><ent r="3" t="421" w="492" /></phr><phr n="Known"><ent r="3" t="284" w="619" /><ent r="3" t="284" w="619" /><ent r="3" t="284" w="661" /><ent r="3" t="284" w="661" /><ent r="5" t="284" w="1030" /><ent r="5" t="284" w="1030" /><ent r="6" t="284" w="1124" /><ent r="6" t="284" w="1124" /><ent r="72" t="284" w="1216" /><ent r="72" t="284" w="1216" /><ent r="3" t="284" w="1229" /><ent r="3" t="284" w="1229" /><ent r="3" t="284" w="1302" /><ent r="3" t="284" w="1302" /></phr></stem><stem n="both"><phr n="both"><ent r="3" t="10" w="40" /><ent r="3" t="10" w="40" /><ent r="4" t="15" w="303" /><ent r="4" t="15" w="303" /><ent r="3" t="39" w="95" /><ent r="3" t="39" w="95" /><ent r="4" t="46" w="303" /><ent r="4" t="46" w="303" /><ent r="3" t="69" w="109" /><ent r="3" t="69" w="109" /><ent r="3" t="95" w="17" /><ent r="3" t="95" w="17" /><ent r="4" t="97" w="303" /><ent r="4" t="97" w="303" /><ent r="3" t="115" w="175" /><ent r="3" t="115" w="175" /><ent r="3" t="115" w="255" /><ent r="3" t="115" w="255" /><ent r="3" t="115" w="365" /><ent r="3" t="115" w="365" /><ent r="3" t="124" w="71" /><ent r="3" t="124" w="71" /><ent r="4" t="126" w="308" /><ent r="4" t="126" w="308" /><ent r="3" t="138" w="191" /><ent r="3" t="138" w="191" /><ent r="3" t="138" w="411" /><ent r="3" t="138" w="411" /><ent r="4" t="149" w="303" /><ent r="4" t="149" w="303" /><ent r="4" t="174" w="303" /><ent r="4" t="174" w="303" /><ent r="4" t="200" w="303" /><ent r="4" t="200" w="303" /><ent r="8" t="210" w="108" /><ent r="8" t="210" w="108" /><ent r="3" t="216" w="16" /><ent r="3" t="216" w="16" /><ent r="3" t="216" w="192" /><ent r="3" t="216" w="192" /><ent r="5" t="226" w="427" /><ent r="5" t="226" w="427" /><ent r="5" t="226" w="437" /><ent r="5" t="226" w="437" /><ent r="4" t="226" w="448" /><ent r="4" t="226" w="448" /><ent r="6" t="229" w="35" /><ent r="6" t="229" w="35" /><ent r="7" t="235" w="1087" /><ent r="7" t="235" w="1087" /><ent r="7" t="235" w="1980" /><ent r="7" t="235" w="1980" /><ent r="7" t="235" w="2557" /><ent r="7" t="235" w="2557" /><ent r="3" t="243" w="57" /><ent r="3" t="243" w="57" /><ent r="3" t="249" w="315" /><ent r="3" t="249" w="315" /><ent r="3" t="250" w="88" /><ent r="3" t="250" w="88" /><ent r="3" t="257" w="55" /><ent r="3" t="257" w="55" /><ent r="3" t="260" w="49" /><ent r="3" t="260" w="49" /><ent r="3" t="261" w="35" /><ent r="3" t="261" w="35" /><ent r="7" t="267" w="119" /><ent r="7" t="267" w="119" /><ent r="7" t="267" w="167" /><ent r="7" t="267" w="167" /><ent r="7" t="267" w="257" /><ent r="7" t="267" w="257" /><ent r="7" t="267" w="347" /><ent r="7" t="267" w="347" /><ent r="7" t="267" w="358" /><ent r="7" t="267" w="358" /><ent r="3" t="276" w="2353" /><ent r="3" t="276" w="2353" /><ent r="3" t="282" w="59" /><ent r="3" t="282" w="59" /><ent r="3" t="282" w="70" /><ent r="3" t="282" w="70" /><ent r="3" t="286" w="314" /><ent r="3" t="286" w="314" /><ent r="3" t="287" w="138" /><ent r="3" t="287" w="138" /><ent r="5" t="329" w="226" /><ent r="5" t="329" w="226" /><ent r="7" t="372" w="906" /><ent r="7" t="372" w="906" /><ent r="3" t="397" w="380" /><ent r="3" t="397" w="380" /><ent r="3" t="400" w="331" /><ent r="3" t="400" w="331" /><ent r="3" t="400" w="882" /><ent r="3" t="400" w="882" /><ent r="3" t="400" w="923" /><ent r="3" t="400" w="923" /><ent r="3" t="402" w="396" /><ent r="3" t="402" w="396" /><ent r="3" t="402" w="1494" /><ent r="3" t="402" w="1494" /><ent r="3" t="405" w="167" /><ent r="3" t="405" w="167" /><ent r="7" t="445" w="215" /><ent r="7" t="445" w="215" /></phr><phr n="Both"><ent r="3" t="69" w="124" /><ent r="3" t="69" w="124" /><ent r="3" t="160" w="112" /><ent r="3" t="160" w="112" /><ent r="3" t="329" w="25" /><ent r="3" t="329" w="25" /><ent r="3" t="386" w="27" /><ent r="3" t="386" w="27" /><ent r="3" t="397" w="183" /><ent r="3" t="397" w="183" /></phr></stem><stem n="determin"><phr n="determine"><ent r="3" t="10" w="56" /><ent r="3" t="10" w="56" /><ent r="3" t="11" w="908" /><ent r="3" t="11" w="908" /><ent r="7" t="78" w="923" /><ent r="7" t="78" w="923" /><ent r="7" t="131" w="960" /><ent r="7" t="131" w="960" /><ent r="7" t="235" w="1312" /><ent r="7" t="235" w="1312" /><ent r="3" t="239" w="545" /><ent r="3" t="239" w="545" /><ent r="5" t="244" w="410" /><ent r="5" t="244" w="410" /><ent r="5" t="266" w="337" /><ent r="5" t="266" w="337" /><ent r="5" t="266" w="359" /><ent r="5" t="266" w="359" /><ent r="3" t="284" w="483" /><ent r="3" t="284" w="483" /><ent r="3" t="284" w="524" /><ent r="3" t="284" w="524" /><ent r="3" t="321" w="12" /><ent r="3" t="321" w="12" /><ent r="3" t="325" w="58" /><ent r="3" t="325" w="58" /><ent r="6" t="334" w="243" /><ent r="6" t="334" w="243" /><ent r="7" t="353" w="1130" /><ent r="7" t="353" w="1130" /><ent r="3" t="400" w="546" /><ent r="3" t="400" w="546" /><ent r="3" t="404" w="595" /><ent r="7" t="452" w="137" /><ent r="7" t="452" w="137" /><ent r="4" t="482" w="346" /><ent r="4" t="482" w="346" /><ent r="4" t="482" w="368" /><ent r="4" t="482" w="368" /><ent r="4" t="482" w="390" /><ent r="4" t="482" w="390" /></phr><phr n="determined"><ent r="3" t="11" w="353" /><ent r="3" t="26" w="248" /><ent r="3" t="26" w="248" /><ent r="7" t="29" w="51" /><ent r="7" t="29" w="51" /><ent r="3" t="58" w="248" /><ent r="3" t="58" w="248" /><ent r="7" t="60" w="51" /><ent r="7" t="60" w="51" /><ent r="7" t="81" w="51" /><ent r="7" t="81" w="51" /><ent r="3" t="91" w="363" /><ent r="3" t="91" w="363" /><ent r="6" t="106" w="845" /><ent r="6" t="106" w="845" /><ent r="6" t="106" w="902" /><ent r="6" t="106" w="902" /><ent r="3" t="109" w="248" /><ent r="3" t="109" w="248" /><ent r="7" t="111" w="53" /><ent r="7" t="111" w="53" /><ent r="7" t="134" w="53" /><ent r="7" t="134" w="53" /><ent r="3" t="183" w="248" /><ent r="3" t="183" w="248" /><ent r="3" t="209" w="248" /><ent r="3" t="209" w="248" /><ent r="7" t="212" w="51" /><ent r="7" t="212" w="51" /><ent r="3" t="284" w="595" /><ent r="3" t="284" w="595" /><ent r="3" t="295" w="222" /><ent r="3" t="295" w="222" /><ent r="3" t="296" w="65" /><ent r="3" t="296" w="65" /><ent r="3" t="374" w="43" /><ent r="3" t="374" w="43" /><ent r="6" t="388" w="698" /><ent r="6" t="388" w="698" /><ent r="3" t="400" w="1174" /><ent r="3" t="400" w="1174" /><ent r="7" t="438" w="219" /><ent r="7" t="438" w="219" /><ent r="7" t="449" w="153" /><ent r="7" t="449" w="269" /></phr><phr n="determines"><ent r="3" t="115" w="114" /><ent r="3" t="115" w="114" /><ent r="3" t="138" w="123" /><ent r="3" t="138" w="123" /><ent r="54" t="263" w="313" /><ent r="54" t="263" w="313" /><ent r="3" t="268" w="223" /><ent r="3" t="268" w="223" /></phr><phr n="determining"><ent r="3" t="240" w="256" /><ent r="3" t="240" w="256" /><ent r="5" t="242" w="1786" /><ent r="5" t="242" w="1786" /><ent r="5" t="244" w="976" /><ent r="5" t="244" w="976" /></phr><phr n="Determines"><ent r="3" t="243" w="46" /><ent r="3" t="243" w="46" /><ent r="6" t="361" w="146" /><ent r="6" t="361" w="146" /><ent r="6" t="361" w="178" /><ent r="6" t="361" w="178" /></phr><phr n="determination"><ent r="5" t="244" w="1071" /><ent r="5" t="244" w="1071" /><ent r="1000" t="400" w="8" /><ent r="1000" t="400" w="8" /><ent r="92" t="400" w="17" /><ent r="92" t="400" w="17" /><ent r="3" t="400" w="2003" /><ent r="3" t="400" w="2003" /></phr></stem><stem n="vector"><phr n="vector"><ent r="3" t="10" w="59" /><ent r="3" t="10" w="59" /><ent r="3" t="10" w="111" /><ent r="3" t="10" w="111" /><ent r="3" t="11" w="153" /><ent r="3" t="11" w="172" /><ent r="3" t="11" w="172" /><ent r="3" t="163" w="105" /><ent r="3" t="163" w="105" /><ent r="3" t="163" w="131" /><ent r="3" t="163" w="131" /><ent r="7" t="206" w="56" /><ent r="7" t="206" w="56" /><ent r="6" t="222" w="420" /><ent r="6" t="222" w="420" /><ent r="6" t="222" w="464" /><ent r="6" t="222" w="464" /><ent r="6" t="222" w="534" /><ent r="6" t="222" w="534" /><ent r="6" t="222" w="570" /><ent r="6" t="222" w="570" /><ent r="3" t="225" w="66" /><ent r="3" t="225" w="66" /><ent r="3" t="225" w="103" /><ent r="3" t="225" w="103" /><ent r="3" t="225" w="112" /><ent r="3" t="225" w="116" /><ent r="3" t="225" w="116" /><ent r="5" t="226" w="431" /><ent r="5" t="226" w="431" /><ent r="4" t="226" w="454" /><ent r="4" t="226" w="463" /><ent r="4" t="226" w="463" /><ent r="6" t="226" w="529" /><ent r="6" t="226" w="534" /><ent r="6" t="226" w="534" /><ent r="7" t="235" w="2002" /><ent r="3" t="242" w="1229" /><ent r="3" t="244" w="14" /><ent r="3" t="244" w="14" /><ent r="3" t="244" w="18" /><ent r="3" t="244" w="18" /><ent r="3" t="244" w="41" /><ent r="3" t="244" w="41" /><ent r="3" t="244" w="49" /><ent r="3" t="244" w="49" /><ent r="3" t="244" w="77" /><ent r="3" t="244" w="77" /><ent r="3" t="244" w="82" /><ent r="3" t="244" w="82" /><ent r="3" t="244" w="117" /><ent r="3" t="244" w="117" /><ent r="5" t="244" w="157" /><ent r="5" t="244" w="157" /><ent r="5" t="244" w="172" /><ent r="5" t="244" w="172" /><ent r="5" t="244" w="187" /><ent r="5" t="244" w="187" /><ent r="5" t="244" w="210" /><ent r="5" t="244" w="210" /><ent r="5" t="244" w="286" /><ent r="5" t="244" w="286" /><ent r="5" t="244" w="314" /><ent r="5" t="244" w="329" /><ent r="5" t="244" w="329" /><ent r="5" t="244" w="426" /><ent r="5" t="244" w="426" /><ent r="3" t="244" w="846" /><ent r="3" t="244" w="846" /><ent r="3" t="244" w="852" /><ent r="3" t="244" w="1014" /><ent r="3" t="245" w="18" /><ent r="3" t="245" w="18" /><ent r="3" t="245" w="23" /><ent r="3" t="245" w="23" /><ent r="3" t="245" w="43" /><ent r="3" t="245" w="43" /><ent r="3" t="245" w="117" /><ent r="3" t="245" w="117" /><ent r="3" t="245" w="124" /><ent r="3" t="245" w="124" /><ent r="3" t="245" w="141" /><ent r="3" t="245" w="141" /><ent r="3" t="245" w="211" /><ent r="3" t="245" w="211" /><ent r="3" t="245" w="229" /><ent r="3" t="245" w="229" /><ent r="5" t="245" w="280" /><ent r="5" t="245" w="280" /><ent r="5" t="245" w="295" /><ent r="5" t="245" w="295" /><ent r="5" t="245" w="310" /><ent r="5" t="245" w="310" /><ent r="5" t="245" w="333" /><ent r="5" t="245" w="333" /><ent r="3" t="250" w="92" /><ent r="3" t="250" w="92" /><ent r="3" t="264" w="90" /><ent r="3" t="264" w="90" /><ent r="5" t="266" w="45" /><ent r="5" t="266" w="45" /><ent r="5" t="266" w="127" /><ent r="5" t="266" w="127" /><ent r="5" t="266" w="284" /><ent r="5" t="266" w="284" /><ent r="5" t="268" w="132" /><ent r="3" t="334" w="733" /><ent r="3" t="334" w="733" /><ent r="3" t="377" w="10" /><ent r="3" t="377" w="10" /><ent r="3" t="377" w="19" /><ent r="3" t="377" w="19" /><ent r="7" t="393" w="393" /><ent r="3" t="400" w="549" /><ent r="3" t="400" w="549" /><ent r="3" t="400" w="589" /><ent r="3" t="400" w="604" /><ent r="3" t="400" w="604" /><ent r="3" t="400" w="640" /><ent r="3" t="400" w="640" /><ent r="3" t="400" w="647" /><ent r="3" t="400" w="656" /><ent r="3" t="400" w="656" /><ent r="3" t="400" w="684" /><ent r="5" t="400" w="765" /><ent r="5" t="400" w="765" /><ent r="3" t="400" w="812" /><ent r="3" t="400" w="940" /><ent r="3" t="400" w="940" /><ent r="5" t="400" w="1020" /><ent r="5" t="400" w="1020" /><ent r="5" t="400" w="1022" /><ent r="5" t="400" w="1049" /><ent r="5" t="400" w="1049" /><ent r="3" t="400" w="1194" /><ent r="3" t="400" w="1194" /><ent r="6" t="400" w="1893" /><ent r="6" t="400" w="1893" /><ent r="6" t="400" w="1924" /><ent r="6" t="400" w="1924" /><ent r="3" t="432" w="17" /><ent r="3" t="432" w="17" /><ent r="3" t="432" w="94" /><ent r="5" t="453" w="31" /><ent r="5" t="453" w="31" /><ent r="7" t="453" w="128" /><ent r="7" t="453" w="128" /><ent r="7" t="453" w="163" /><ent r="7" t="453" w="163" /><ent r="3" t="483" w="28" /><ent r="3" t="486" w="35" /><ent r="7" t="486" w="128" /><ent r="7" t="486" w="128" /><ent r="7" t="492" w="64" /><ent r="7" t="492" w="64" /><ent r="7" t="492" w="82" /><ent r="7" t="492" w="91" /><ent r="7" t="492" w="100" /><ent r="3" t="493" w="28" /></phr><phr n="Vector"><ent r="4" t="199" w="79" /><ent r="4" t="199" w="79" /><ent r="8" t="201" w="87" /><ent r="8" t="201" w="87" /><ent r="4" t="224" w="86" /><ent r="4" t="224" w="86" /><ent r="8" t="227" w="87" /><ent r="8" t="227" w="87" /><ent r="1000" t="244" w="3" /><ent r="1000" t="244" w="3" /><ent r="82" t="244" w="7" /><ent r="82" t="244" w="7" /><ent r="4" t="244" w="45" /><ent r="4" t="244" w="45" /><ent r="4" t="244" w="72" /><ent r="4" t="244" w="72" /><ent r="4" t="244" w="112" /><ent r="4" t="244" w="112" /><ent r="5" t="244" w="335" /><ent r="5" t="244" w="335" /><ent r="5" t="244" w="346" /><ent r="5" t="244" w="346" /><ent r="5" t="244" w="432" /><ent r="5" t="244" w="432" /><ent r="5" t="244" w="443" /><ent r="5" t="244" w="443" /><ent r="5" t="244" w="595" /><ent r="5" t="244" w="595" /><ent r="1000" t="245" w="3" /><ent r="1000" t="245" w="3" /><ent r="82" t="245" w="9" /><ent r="82" t="245" w="9" /><ent r="3" t="245" w="68" /><ent r="3" t="245" w="68" /><ent r="3" t="245" w="94" /><ent r="3" t="245" w="94" /><ent r="4" t="245" w="193" /><ent r="4" t="245" w="193" /><ent r="4" t="245" w="221" /><ent r="4" t="245" w="221" /><ent r="3" t="245" w="243" /><ent r="3" t="245" w="243" /><ent r="3" t="249" w="321" /><ent r="3" t="249" w="321" /><ent r="1000" t="264" w="5" /><ent r="1000" t="264" w="5" /><ent r="82" t="264" w="12" /><ent r="82" t="264" w="12" /><ent r="3" t="264" w="52" /><ent r="3" t="264" w="52" /><ent r="3" t="264" w="83" /><ent r="3" t="264" w="83" /><ent r="1000" t="266" w="1" /><ent r="1000" t="266" w="1" /><ent r="82" t="266" w="4" /><ent r="82" t="266" w="4" /><ent r="3" t="266" w="16" /><ent r="3" t="266" w="16" /><ent r="5" t="266" w="52" /><ent r="5" t="266" w="52" /><ent r="5" t="266" w="66" /><ent r="5" t="266" w="66" /><ent r="7" t="266" w="187" /><ent r="7" t="266" w="187" /><ent r="5" t="266" w="292" /><ent r="5" t="266" w="292" /><ent r="5" t="266" w="306" /><ent r="5" t="266" w="306" /><ent r="5" t="266" w="364" /><ent r="5" t="266" w="364" /><ent r="69" t="360" w="287" /><ent r="69" t="360" w="287" /><ent r="1000" t="377" w="1" /><ent r="1000" t="377" w="1" /><ent r="92" t="377" w="5" /><ent r="92" t="377" w="5" /><ent r="6" t="377" w="63" /><ent r="6" t="377" w="63" /><ent r="5" t="400" w="979" /><ent r="5" t="400" w="979" /><ent r="3" t="402" w="342" /><ent r="3" t="402" w="342" /><ent r="64" t="405" w="443" /><ent r="64" t="405" w="443" /><ent r="3" t="472" w="10" /><ent r="3" t="472" w="10" /><ent r="72" t="492" w="13" /><ent r="72" t="492" w="13" /><ent r="7" t="492" w="216" /><ent r="7" t="492" w="216" /></phr><phr n="vectors"><ent r="3" t="400" w="880" /><ent r="3" t="400" w="880" /><ent r="3" t="400" w="928" /><ent r="3" t="400" w="1147" /><ent r="3" t="400" w="1147" /><ent r="3" t="400" w="1188" /><ent r="3" t="400" w="1188" /><ent r="3" t="400" w="1475" /><ent r="3" t="400" w="1475" /><ent r="3" t="400" w="1722" /><ent r="3" t="400" w="1722" /></phr></stem><stem n="intern"><phr n="Internally"><ent r="3" t="10" w="64" /><ent r="3" t="10" w="64" /><ent r="3" t="171" w="343" /><ent r="3" t="400" w="554" /><ent r="3" t="400" w="554" /></phr><phr n="internal"><ent r="6" t="24" w="463" /><ent r="6" t="24" w="463" /><ent r="6" t="24" w="487" /><ent r="6" t="24" w="487" /><ent r="6" t="24" w="511" /><ent r="6" t="24" w="511" /><ent r="6" t="24" w="575" /><ent r="6" t="24" w="575" /><ent r="6" t="24" w="599" /><ent r="6" t="24" w="599" /><ent r="6" t="24" w="623" /><ent r="6" t="24" w="623" /><ent r="6" t="24" w="958" /><ent r="6" t="24" w="958" /><ent r="6" t="24" w="982" /><ent r="6" t="24" w="982" /><ent r="6" t="24" w="1006" /><ent r="6" t="24" w="1006" /><ent r="6" t="24" w="1030" /><ent r="6" t="24" w="1030" /><ent r="6" t="24" w="1066" /><ent r="6" t="24" w="1066" /><ent r="6" t="24" w="1105" /><ent r="6" t="24" w="1105" /><ent r="6" t="24" w="1144" /><ent r="6" t="24" w="1144" /><ent r="6" t="24" w="1192" /><ent r="6" t="24" w="1192" /><ent r="6" t="24" w="1216" /><ent r="6" t="24" w="1216" /><ent r="6" t="24" w="1240" /><ent r="6" t="24" w="1240" /><ent r="6" t="24" w="1264" /><ent r="6" t="24" w="1264" /><ent r="6" t="24" w="1300" /><ent r="6" t="24" w="1300" /><ent r="6" t="24" w="1324" /><ent r="6" t="24" w="1324" /><ent r="6" t="24" w="1348" /><ent r="6" t="24" w="1348" /><ent r="6" t="24" w="1372" /><ent r="6" t="24" w="1372" /><ent r="6" t="24" w="1396" /><ent r="6" t="24" w="1396" /><ent r="6" t="24" w="1420" /><ent r="6" t="24" w="1420" /><ent r="6" t="24" w="1444" /><ent r="6" t="24" w="1444" /><ent r="6" t="24" w="1468" /><ent r="6" t="24" w="1468" /><ent r="6" t="24" w="1516" /><ent r="6" t="24" w="1516" /><ent r="6" t="24" w="1569" /><ent r="6" t="24" w="1569" /><ent r="6" t="24" w="1616" /><ent r="6" t="24" w="1616" /><ent r="6" t="24" w="1842" /><ent r="6" t="24" w="1842" /><ent r="6" t="55" w="471" /><ent r="6" t="55" w="471" /><ent r="6" t="55" w="495" /><ent r="6" t="55" w="495" /><ent r="6" t="55" w="519" /><ent r="6" t="55" w="519" /><ent r="6" t="55" w="583" /><ent r="6" t="55" w="583" /><ent r="6" t="55" w="607" /><ent r="6" t="55" w="607" /><ent r="6" t="55" w="631" /><ent r="6" t="55" w="631" /><ent r="6" t="55" w="966" /><ent r="6" t="55" w="966" /><ent r="6" t="55" w="990" /><ent r="6" t="55" w="990" /><ent r="6" t="55" w="1014" /><ent r="6" t="55" w="1014" /><ent r="6" t="55" w="1038" /><ent r="6" t="55" w="1038" /><ent r="6" t="55" w="1062" /><ent r="6" t="55" w="1062" /><ent r="6" t="55" w="1086" /><ent r="6" t="55" w="1086" /><ent r="6" t="55" w="1125" /><ent r="6" t="55" w="1125" /><ent r="6" t="55" w="1164" /><ent r="6" t="55" w="1164" /><ent r="6" t="55" w="1212" /><ent r="6" t="55" w="1212" /><ent r="6" t="55" w="1236" /><ent r="6" t="55" w="1236" /><ent r="6" t="55" w="1260" /><ent r="6" t="55" w="1260" /><ent r="6" t="55" w="1284" /><ent r="6" t="55" w="1284" /><ent r="6" t="55" w="1320" /><ent r="6" t="55" w="1320" /><ent r="6" t="55" w="1344" /><ent r="6" t="55" w="1344" /><ent r="6" t="55" w="1368" /><ent r="6" t="55" w="1368" /><ent r="6" t="55" w="1392" /><ent r="6" t="55" w="1392" /><ent r="6" t="55" w="1416" /><ent r="6" t="55" w="1416" /><ent r="6" t="55" w="1440" /><ent r="6" t="55" w="1440" /><ent r="6" t="55" w="1464" /><ent r="6" t="55" w="1464" /><ent r="6" t="55" w="1488" /><ent r="6" t="55" w="1488" /><ent r="6" t="55" w="1536" /><ent r="6" t="55" w="1536" /><ent r="6" t="55" w="1589" /><ent r="6" t="55" w="1589" /><ent r="6" t="55" w="1636" /><ent r="6" t="55" w="1636" /><ent r="6" t="55" w="1741" /><ent r="6" t="55" w="1741" /><ent r="6" t="55" w="1777" /><ent r="6" t="55" w="1777" /><ent r="6" t="55" w="1886" /><ent r="6" t="55" w="1886" /><ent r="3" t="91" w="443" /><ent r="3" t="91" w="443" /><ent r="3" t="91" w="484" /><ent r="3" t="91" w="484" /><ent r="3" t="91" w="510" /><ent r="3" t="91" w="510" /><ent r="6" t="106" w="471" /><ent r="6" t="106" w="471" /><ent r="6" t="106" w="495" /><ent r="6" t="106" w="495" /><ent r="6" t="106" w="519" /><ent r="6" t="106" w="519" /><ent r="6" t="106" w="583" /><ent r="6" t="106" w="583" /><ent r="6" t="106" w="607" /><ent r="6" t="106" w="607" /><ent r="6" t="106" w="631" /><ent r="6" t="106" w="631" /><ent r="6" t="106" w="1002" /><ent r="6" t="106" w="1002" /><ent r="6" t="106" w="1026" /><ent r="6" t="106" w="1026" /><ent r="6" t="106" w="1050" /><ent r="6" t="106" w="1050" /><ent r="6" t="106" w="1074" /><ent r="6" t="106" w="1074" /><ent r="6" t="106" w="1098" /><ent r="6" t="106" w="1098" /><ent r="6" t="106" w="1122" /><ent r="6" t="106" w="1122" /><ent r="6" t="106" w="1161" /><ent r="6" t="106" w="1161" /><ent r="6" t="106" w="1200" /><ent r="6" t="106" w="1200" /><ent r="6" t="106" w="1248" /><ent r="6" t="106" w="1248" /><ent r="6" t="106" w="1272" /><ent r="6" t="106" w="1272" /><ent r="6" t="106" w="1296" /><ent r="6" t="106" w="1296" /><ent r="6" t="106" w="1320" /><ent r="6" t="106" w="1320" /><ent r="6" t="106" w="1356" /><ent r="6" t="106" w="1356" /><ent r="6" t="106" w="1380" /><ent r="6" t="106" w="1380" /><ent r="6" t="106" w="1404" /><ent r="6" t="106" w="1404" /><ent r="6" t="106" w="1428" /><ent r="6" t="106" w="1428" /><ent r="6" t="106" w="1452" /><ent r="6" t="106" w="1452" /><ent r="6" t="106" w="1476" /><ent r="6" t="106" w="1476" /><ent r="6" t="106" w="1500" /><ent r="6" t="106" w="1500" /><ent r="6" t="106" w="1524" /><ent r="6" t="106" w="1524" /><ent r="6" t="106" w="1572" /><ent r="6" t="106" w="1572" /><ent r="6" t="106" w="1625" /><ent r="6" t="106" w="1625" /><ent r="6" t="106" w="1672" /><ent r="6" t="106" w="1672" /><ent r="6" t="106" w="1777" /><ent r="6" t="106" w="1777" /><ent r="6" t="106" w="1813" /><ent r="6" t="106" w="1813" /><ent r="6" t="106" w="1922" /><ent r="6" t="106" w="1922" /><ent r="6" t="106" w="1957" /><ent r="6" t="106" w="1957" /><ent r="6" t="106" w="1973" /><ent r="6" t="106" w="1973" /><ent r="3" t="115" w="377" /><ent r="3" t="115" w="377" /><ent r="3" t="216" w="201" /><ent r="3" t="216" w="201" /><ent r="3" t="216" w="392" /><ent r="3" t="216" w="392" /><ent r="3" t="217" w="109" /><ent r="3" t="217" w="109" /><ent r="5" t="226" w="420" /><ent r="5" t="226" w="420" /><ent r="5" t="226" w="430" /><ent r="5" t="226" w="430" /><ent r="4" t="226" w="462" /><ent r="4" t="226" w="462" /><ent r="6" t="234" w="373" /><ent r="6" t="234" w="373" /><ent r="3" t="237" w="220" /><ent r="3" t="237" w="220" /><ent r="3" t="240" w="783" /><ent r="3" t="240" w="783" /><ent r="3" t="241" w="93" /><ent r="3" t="241" w="93" /><ent r="3" t="241" w="116" /><ent r="3" t="241" w="116" /><ent r="3" t="241" w="157" /><ent r="3" t="241" w="157" /><ent r="7" t="242" w="398" /><ent r="7" t="242" w="398" /><ent r="5" t="244" w="313" /><ent r="5" t="244" w="313" /><ent r="5" t="244" w="328" /><ent r="5" t="244" w="328" /><ent r="5" t="244" w="425" /><ent r="5" t="244" w="425" /><ent r="5" t="266" w="44" /><ent r="5" t="266" w="44" /><ent r="5" t="266" w="283" /><ent r="5" t="266" w="283" /><ent r="5" t="270" w="416" /><ent r="5" t="270" w="416" /><ent r="7" t="276" w="630" /><ent r="7" t="276" w="630" /><ent r="7" t="276" w="635" /><ent r="7" t="276" w="635" /><ent r="7" t="276" w="1099" /><ent r="7" t="276" w="1099" /><ent r="7" t="276" w="1104" /><ent r="7" t="276" w="1104" /><ent r="3" t="277" w="19" /><ent r="3" t="277" w="19" /><ent r="3" t="278" w="122" /><ent r="3" t="278" w="122" /><ent r="3" t="281" w="34" /><ent r="3" t="281" w="34" /><ent r="3" t="281" w="139" /><ent r="3" t="281" w="139" /><ent r="3" t="282" w="60" /><ent r="3" t="282" w="60" /><ent r="3" t="282" w="243" /><ent r="3" t="282" w="243" /><ent r="5" t="282" w="371" /><ent r="5" t="282" w="371" /><ent r="3" t="284" w="264" /><ent r="3" t="284" w="264" /><ent r="3" t="284" w="282" /><ent r="3" t="284" w="282" /><ent r="3" t="284" w="299" /><ent r="3" t="284" w="299" /><ent r="3" t="284" w="316" /><ent r="3" t="284" w="316" /><ent r="5" t="284" w="1358" /><ent r="5" t="284" w="1358" /><ent r="3" t="287" w="233" /><ent r="3" t="295" w="55" /><ent r="3" t="295" w="55" /><ent r="3" t="314" w="219" /><ent r="3" t="314" w="219" /><ent r="3" t="348" w="207" /><ent r="3" t="348" w="207" /><ent r="6" t="372" w="1356" /><ent r="6" t="372" w="1356" /><ent r="3" t="400" w="603" /><ent r="3" t="400" w="603" /><ent r="5" t="400" w="764" /><ent r="5" t="400" w="764" /><ent r="3" t="400" w="884" /><ent r="3" t="400" w="884" /><ent r="3" t="400" w="925" /><ent r="3" t="400" w="925" /><ent r="5" t="400" w="1048" /><ent r="5" t="400" w="1048" /><ent r="3" t="400" w="1146" /><ent r="3" t="400" w="1146" /><ent r="3" t="405" w="252" /><ent r="3" t="405" w="252" /><ent r="3" t="405" w="286" /><ent r="3" t="405" w="286" /><ent r="3" t="405" w="347" /><ent r="3" t="405" w="347" /><ent r="6" t="419" w="24" /><ent r="6" t="419" w="24" /><ent r="6" t="419" w="33" /><ent r="6" t="419" w="33" /><ent r="3" t="470" w="12" /><ent r="3" t="470" w="12" /><ent r="3" t="470" w="38" /><ent r="3" t="470" w="38" /></phr><phr n="internally"><ent r="6" t="106" w="2053" /><ent r="6" t="106" w="2053" /></phr><phr n="Internal"><ent r="6" t="226" w="528" /><ent r="6" t="226" w="528" /><ent r="4" t="244" w="73" /><ent r="4" t="244" w="73" /><ent r="6" t="244" w="587" /><ent r="6" t="244" w="587" /><ent r="3" t="282" w="50" /><ent r="5" t="282" w="74" /><ent r="5" t="282" w="74" /><ent r="4" t="282" w="236" /><ent r="4" t="282" w="236" /><ent r="4" t="284" w="142" /><ent r="4" t="284" w="142" /><ent r="4" t="284" w="249" /><ent r="4" t="284" w="249" /><ent r="4" t="284" w="267" /><ent r="4" t="284" w="267" /><ent r="4" t="284" w="285" /><ent r="4" t="284" w="285" /><ent r="4" t="284" w="302" /><ent r="4" t="284" w="302" /><ent r="4" t="284" w="381" /><ent r="4" t="284" w="381" /><ent r="4" t="284" w="1154" /><ent r="4" t="284" w="1154" /><ent r="6" t="400" w="1892" /><ent r="6" t="400" w="1892" /><ent r="5" t="422" w="530" /><ent r="5" t="422" w="561" /><ent r="5" t="422" w="598" /><ent r="5" t="423" w="200" /><ent r="5" t="423" w="200" /></phr><phr n="International"><ent r="4" t="276" w="2518" /><ent r="4" t="276" w="2518" /><ent r="5" t="278" w="82" /><ent r="5" t="278" w="82" /><ent r="3" t="278" w="166" /><ent r="3" t="278" w="166" /></phr></stem></index>