<?xml version="1.0" encoding="utf-8"?><index><!-- saved from url=(0016)http://localhost -->
<stem n="huber"><phr n="Huber"><ent r="6" t="151" w="101" /><ent r="6" t="176" w="84" /><ent r="6" t="202" w="83" /></phr></stem><stem n="suhner"><phr n="Suhner"><ent r="6" t="151" w="102" /><ent r="6" t="151" w="114" /><ent r="6" t="151" w="114" /><ent r="6" t="151" w="123" /><ent r="6" t="151" w="123" /><ent r="6" t="176" w="85" /><ent r="6" t="176" w="101" /><ent r="6" t="176" w="101" /><ent r="6" t="176" w="110" /><ent r="6" t="176" w="110" /><ent r="6" t="202" w="84" /><ent r="6" t="202" w="100" /><ent r="6" t="202" w="100" /><ent r="6" t="202" w="109" /><ent r="6" t="202" w="109" /></phr></stem><stem n="82mmcx"><phr n="82MMCX"><ent r="6" t="151" w="103" /><ent r="6" t="176" w="86" /><ent r="6" t="202" w="85" /></phr></stem><stem n="82mmcx-50"><phr n="82MMCX-50"><ent r="6" t="151" w="103" /><ent r="6" t="176" w="86" /><ent r="6" t="202" w="85" /></phr></stem><stem n="82mmcx-50-0"><phr n="82MMCX-50-0"><ent r="6" t="151" w="103" /><ent r="6" t="176" w="86" /><ent r="6" t="202" w="85" /></phr></stem><stem n="82mmcx-50-0-1"><phr n="82MMCX-50-0-1"><ent r="6" t="151" w="103" /><ent r="6" t="176" w="86" /><ent r="6" t="202" w="85" /></phr></stem><stem n="50-0"><phr n="50-0"><ent r="6" t="151" w="104" /><ent r="6" t="176" w="87" /><ent r="6" t="202" w="86" /></phr></stem><stem n="50-0-1"><phr n="50-0-1"><ent r="6" t="151" w="104" /><ent r="6" t="176" w="87" /><ent r="6" t="202" w="86" /></phr></stem><stem n="0-1"><phr n="0-1"><ent r="6" t="151" w="105" /><ent r="6" t="176" w="88" /><ent r="6" t="202" w="87" /></phr></stem><stem n="111"><phr n="111"><ent r="6" t="151" w="107" /><ent r="6" t="176" w="90" /><ent r="6" t="202" w="89" /><ent r="6" t="338" w="350" /><ent r="6" t="338" w="350" /><ent r="6" t="346" w="281" /><ent r="6" t="346" w="281" /><ent r="3" t="397" w="557" /><ent r="3" t="397" w="557" /><ent r="3" t="397" w="560" /><ent r="3" t="397" w="560" /><ent r="3" t="397" w="688" /><ent r="3" t="397" w="688" /><ent r="3" t="482" w="173" /></phr></stem><stem n="11mmcx"><phr n="11MMCX"><ent r="6" t="151" w="115" /><ent r="6" t="176" w="102" /><ent r="6" t="202" w="101" /></phr></stem><stem n="11mmcx-50"><phr n="11MMCX-50"><ent r="6" t="151" w="115" /><ent r="6" t="176" w="102" /><ent r="6" t="202" w="101" /></phr></stem><stem n="11mmcx-50-2"><phr n="11MMCX-50-2"><ent r="6" t="151" w="115" /><ent r="6" t="176" w="102" /><ent r="6" t="202" w="101" /></phr></stem><stem n="11mmcx-50-2-1c"><phr n="11MMCX-50-2-1C"><ent r="6" t="151" w="115" /><ent r="6" t="176" w="102" /><ent r="6" t="202" w="101" /></phr></stem><stem n="50-2"><phr n="50-2"><ent r="6" t="151" w="116" /><ent r="6" t="151" w="125" /><ent r="6" t="151" w="130" /><ent r="6" t="176" w="103" /><ent r="6" t="176" w="112" /><ent r="6" t="176" w="117" /><ent r="6" t="202" w="102" /><ent r="6" t="202" w="111" /><ent r="6" t="202" w="116" /></phr></stem><stem n="50-2-1c"><phr n="50-2-1C"><ent r="6" t="151" w="116" /><ent r="6" t="151" w="125" /><ent r="6" t="176" w="103" /><ent r="6" t="176" w="112" /><ent r="6" t="202" w="102" /><ent r="6" t="202" w="111" /></phr></stem><stem n="2-1c"><phr n="2-1C"><ent r="6" t="151" w="117" /><ent r="6" t="151" w="126" /><ent r="6" t="176" w="104" /><ent r="6" t="176" w="113" /><ent r="6" t="202" w="103" /><ent r="6" t="202" w="112" /></phr></stem><stem n="1c"><phr n="1C"><ent r="6" t="151" w="118" /><ent r="6" t="151" w="127" /><ent r="6" t="176" w="105" /><ent r="6" t="176" w="114" /><ent r="6" t="202" w="104" /><ent r="6" t="202" w="113" /></phr></stem><stem n="right-angl"><phr n="right-angle"><ent r="6" t="151" w="120" /><ent r="6" t="151" w="120" /><ent r="6" t="176" w="107" /><ent r="6" t="176" w="107" /><ent r="6" t="202" w="106" /><ent r="6" t="202" w="106" /></phr></stem><stem n="right"><phr n="right"><ent r="6" t="151" w="120" /><ent r="6" t="176" w="107" /><ent r="6" t="202" w="106" /><ent r="3" t="237" w="110" /><ent r="3" t="269" w="437" /><ent r="3" t="269" w="437" /><ent r="5" t="311" w="344" /><ent r="5" t="311" w="344" /><ent r="3" t="314" w="407" /><ent r="3" t="314" w="407" /><ent r="3" t="314" w="433" /><ent r="3" t="314" w="433" /><ent r="3" t="314" w="454" /><ent r="3" t="314" w="454" /><ent r="3" t="314" w="1465" /><ent r="3" t="314" w="1465" /><ent r="5" t="329" w="153" /><ent r="5" t="329" w="153" /><ent r="3" t="397" w="311" /><ent r="3" t="397" w="311" /><ent r="3" t="404" w="593" /><ent r="3" t="404" w="593" /><ent r="7" t="432" w="257" /></phr><phr n="Right"><ent r="5" t="243" w="289" /><ent r="5" t="243" w="353" /><ent r="5" t="311" w="361" /></phr><phr n="rights"><ent r="5" t="312" w="101" /><ent r="5" t="312" w="101" /><ent r="3" t="404" w="45" /><ent r="3" t="404" w="45" /></phr></stem><stem n="16mmcx"><phr n="16MMCX"><ent r="6" t="151" w="124" /><ent r="6" t="151" w="129" /><ent r="6" t="176" w="111" /><ent r="6" t="176" w="116" /><ent r="6" t="202" w="110" /><ent r="6" t="202" w="115" /></phr></stem><stem n="16mmcx-50"><phr n="16MMCX-50"><ent r="6" t="151" w="124" /><ent r="6" t="151" w="129" /><ent r="6" t="176" w="111" /><ent r="6" t="176" w="116" /><ent r="6" t="202" w="110" /><ent r="6" t="202" w="115" /></phr></stem><stem n="16mmcx-50-2"><phr n="16MMCX-50-2"><ent r="6" t="151" w="124" /><ent r="6" t="151" w="129" /><ent r="6" t="176" w="111" /><ent r="6" t="176" w="116" /><ent r="6" t="202" w="110" /><ent r="6" t="202" w="115" /></phr></stem><stem n="16mmcx-50-2-1c"><phr n="16MMCX-50-2-1C"><ent r="6" t="151" w="124" /><ent r="6" t="176" w="111" /><ent r="6" t="202" w="110" /></phr></stem><stem n="16mmcx-50-2-10"><phr n="16MMCX-50-2-10"><ent r="6" t="151" w="129" /><ent r="6" t="176" w="116" /><ent r="6" t="202" w="115" /></phr></stem><stem n="50-2-10"><phr n="50-2-10"><ent r="6" t="151" w="130" /><ent r="6" t="176" w="117" /><ent r="6" t="202" w="116" /></phr></stem><stem n="2-10"><phr n="2-10"><ent r="6" t="151" w="131" /><ent r="6" t="176" w="118" /><ent r="6" t="202" w="117" /></phr></stem><stem n="111661"><phr n="111661"><ent r="6" t="152" w="67" /><ent r="6" t="152" w="67" /></phr></stem><stem n="ash111661"><phr n="ASH111661"><ent r="6" t="152" w="68" /></phr></stem><stem n="701941"><phr n="701941"><ent r="6" t="152" w="73" /></phr></stem><stem n="sci"><phr n="SCIS"><ent r="6" t="152" w="76" /><ent r="6" t="152" w="76" /><ent r="6" t="152" w="80" /></phr></stem><stem n="dome"><phr n="Dome"><ent r="6" t="152" w="77" /><ent r="6" t="152" w="77" /></phr></stem><stem n="ash701941"><phr n="ASH701941"><ent r="6" t="152" w="78" /></phr></stem><stem n="ag25"><phr n="AG25"><ent r="6" t="152" w="85" /><ent r="6" t="152" w="85" /><ent r="6" t="373" w="255" /><ent r="6" t="373" w="255" /><ent r="6" t="377" w="281" /><ent r="6" t="377" w="281" /></phr></stem><stem n="trmag25"><phr n="TRMAG25"><ent r="6" t="152" w="87" /></phr></stem><stem n="av34"><phr n="AV34"><ent r="6" t="152" w="92" /><ent r="6" t="152" w="92" /><ent r="6" t="373" w="279" /><ent r="6" t="373" w="279" /><ent r="6" t="377" w="305" /><ent r="6" t="377" w="305" /></phr></stem><stem n="trm_av34"><phr n="TRM_AV34"><ent r="6" t="152" w="93" /></phr></stem><stem n="av37"><phr n="AV37"><ent r="6" t="152" w="98" /><ent r="6" t="152" w="98" /><ent r="6" t="373" w="287" /><ent r="6" t="373" w="287" /><ent r="6" t="377" w="313" /><ent r="6" t="377" w="313" /></phr></stem><stem n="trmav37"><phr n="TRMAV37"><ent r="6" t="152" w="99" /></phr></stem><stem n="av59"><phr n="AV59"><ent r="6" t="152" w="104" /><ent r="6" t="152" w="104" /><ent r="6" t="373" w="263" /><ent r="6" t="373" w="263" /><ent r="6" t="377" w="289" /><ent r="6" t="377" w="289" /></phr></stem><stem n="trmav59"><phr n="TRMAV59"><ent r="6" t="152" w="105" /></phr></stem><stem n="epoch"><phr n="EPOCH"><ent r="6" t="152" w="110" /><ent r="6" t="152" w="110" /></phr><phr n="epoch"><ent r="7" t="235" w="1327" /><ent r="7" t="235" w="1327" /><ent r="7" t="235" w="1337" /><ent r="7" t="235" w="1337" /><ent r="6" t="344" w="140" /><ent r="6" t="344" w="140" /><ent r="3" t="348" w="151" /><ent r="3" t="348" w="151" /><ent r="6" t="348" w="393" /><ent r="6" t="348" w="393" /><ent r="7" t="396" w="209" /><ent r="3" t="400" w="381" /><ent r="3" t="400" w="381" /><ent r="7" t="445" w="524" /><ent r="7" t="445" w="524" /><ent r="7" t="445" w="546" /><ent r="7" t="445" w="546" /></phr><phr n="epochs"><ent r="7" t="235" w="1385" /><ent r="7" t="235" w="1385" /><ent r="5" t="244" w="1064" /><ent r="5" t="244" w="1064" /><ent r="7" t="445" w="388" /><ent r="7" t="445" w="388" /><ent r="5" t="446" w="50" /><ent r="5" t="446" w="50" /><ent r="7" t="446" w="248" /><ent r="7" t="446" w="248" /><ent r="5" t="449" w="76" /><ent r="5" t="449" w="76" /><ent r="7" t="449" w="298" /><ent r="7" t="449" w="298" /><ent r="7" t="449" w="307" /><ent r="7" t="449" w="307" /></phr><phr n="Epochs"><ent r="6" t="244" w="1060" /><ent r="6" t="244" w="1060" /></phr><phr n="Epoch"><ent r="4" t="276" w="2777" /><ent r="4" t="276" w="2777" /><ent r="5" t="398" w="571" /><ent r="5" t="398" w="571" /><ent r="7" t="445" w="551" /><ent r="7" t="445" w="551" /><ent r="7" t="445" w="567" /><ent r="7" t="445" w="567" /></phr></stem><stem n="spp39105"><phr n="SPP39105"><ent r="6" t="152" w="113" /></phr></stem><stem n="ga510"><phr n="GA510"><ent r="6" t="152" w="119" /><ent r="6" t="152" w="119" /></phr></stem><stem n="trm55550"><phr n="TRM55550"><ent r="6" t="152" w="120" /></phr></stem><stem n="ga530"><phr n="GA530"><ent r="6" t="152" w="126" /><ent r="6" t="152" w="126" /><ent r="6" t="152" w="148" /><ent r="6" t="152" w="148" /></phr></stem><stem n="trm44530"><phr n="TRM44530"><ent r="6" t="152" w="127" /></phr></stem><stem n="lv59"><phr n="LV59"><ent r="6" t="152" w="133" /><ent r="6" t="152" w="133" /><ent r="6" t="373" w="295" /><ent r="6" t="373" w="295" /><ent r="6" t="377" w="321" /><ent r="6" t="377" w="321" /></phr></stem><stem n="trmlv59"><phr n="TRMLV59"><ent r="6" t="152" w="134" /></phr></stem><stem n="promark"><phr n="ProMark"><ent r="6" t="152" w="139" /><ent r="6" t="152" w="139" /></phr></stem><stem n="ash802129"><phr n="ASH802129"><ent r="6" t="152" w="142" /></phr></stem><stem n="trm44530r"><phr n="TRM44530R"><ent r="6" t="152" w="149" /></phr></stem><stem n="trm57200"><phr n="TRM57200"><ent r="6" t="152" w="165" /></phr></stem><stem n="trm39105"><phr n="TRM39105"><ent r="6" t="152" w="172" /></phr></stem><stem n="trm55970"><phr n="TRM55970"><ent r="6" t="152" w="181" /></phr></stem><stem n="trm57970"><phr n="TRM57970"><ent r="6" t="152" w="191" /></phr></stem><stem n="trm65212"><phr n="TRM65212"><ent r="6" t="152" w="201" /></phr></stem><stem n="geodet"><phr n="Geodetic"><ent r="6" t="152" w="208" /><ent r="6" t="152" w="208" /><ent r="6" t="152" w="216" /><ent r="6" t="152" w="216" /><ent r="6" t="152" w="225" /><ent r="6" t="152" w="225" /><ent r="7" t="235" w="3647" /><ent r="7" t="235" w="3647" /><ent r="6" t="332" w="263" /><ent r="6" t="373" w="246" /><ent r="6" t="373" w="246" /><ent r="6" t="377" w="272" /><ent r="6" t="377" w="272" /></phr><phr n="geodetic"><ent r="8" t="235" w="687" /><ent r="8" t="235" w="687" /><ent r="7" t="235" w="721" /><ent r="7" t="235" w="721" /><ent r="5" t="244" w="161" /><ent r="5" t="244" w="161" /><ent r="5" t="244" w="176" /><ent r="5" t="244" w="176" /><ent r="5" t="244" w="191" /><ent r="5" t="244" w="191" /><ent r="5" t="244" w="642" /><ent r="5" t="244" w="642" /><ent r="5" t="244" w="660" /><ent r="5" t="244" w="660" /><ent r="5" t="244" w="678" /><ent r="5" t="244" w="678" /><ent r="5" t="245" w="284" /><ent r="5" t="245" w="284" /><ent r="5" t="245" w="299" /><ent r="5" t="245" w="299" /><ent r="5" t="245" w="314" /><ent r="5" t="245" w="314" /></phr></stem><stem n="trm41249"><phr n="TRM41249"><ent r="6" t="152" w="209" /></phr></stem><stem n="trm55971"><phr n="TRM55971"><ent r="6" t="152" w="218" /></phr></stem><stem n="trm57971"><phr n="TRM57971"><ent r="6" t="152" w="228" /></phr></stem><stem n="75°c"><phr n="75°C"><ent r="6" t="153" w="16" /><ent r="6" t="153" w="16" /><ent r="6" t="178" w="16" /><ent r="6" t="178" w="16" /><ent r="6" t="204" w="16" /><ent r="6" t="204" w="16" /></phr></stem><stem n="167°f"><phr n="167°F"><ent r="6" t="153" w="19" /><ent r="6" t="178" w="19" /><ent r="6" t="204" w="19" /></phr></stem><stem n="build"><phr n="build"><ent r="3" t="155" w="28" /><ent r="3" t="155" w="28" /><ent r="3" t="169" w="28" /><ent r="3" t="169" w="28" /><ent r="3" t="180" w="28" /><ent r="3" t="180" w="28" /><ent r="3" t="206" w="28" /><ent r="3" t="206" w="28" /><ent r="3" t="232" w="28" /><ent r="3" t="232" w="28" /><ent r="3" t="399" w="74" /><ent r="4" t="411" w="100" /><ent r="4" t="411" w="100" /></phr><phr n="buildings"><ent r="7" t="235" w="1216" /><ent r="7" t="235" w="1216" /><ent r="7" t="242" w="606" /><ent r="3" t="268" w="327" /></phr></stem><stem n="plan"><phr n="Plan"><ent r="82" t="155" w="37" /><ent r="82" t="155" w="37" /><ent r="82" t="169" w="37" /><ent r="82" t="169" w="37" /><ent r="82" t="180" w="37" /><ent r="82" t="180" w="37" /><ent r="82" t="206" w="44" /><ent r="82" t="206" w="44" /><ent r="82" t="232" w="37" /><ent r="82" t="232" w="37" /><ent r="6" t="279" w="140" /><ent r="6" t="279" w="140" /><ent r="6" t="279" w="144" /><ent r="6" t="279" w="144" /><ent r="4" t="279" w="190" /><ent r="4" t="279" w="190" /><ent r="3" t="279" w="286" /><ent r="3" t="279" w="286" /></phr><phr n="planned"><ent r="7" t="235" w="346" /></phr><phr n="plan"><ent r="54" t="239" w="107" /><ent r="54" t="239" w="107" /><ent r="5" t="279" w="159" /><ent r="5" t="279" w="159" /><ent r="5" t="279" w="211" /><ent r="5" t="279" w="237" /><ent r="5" t="279" w="254" /><ent r="5" t="279" w="272" /><ent r="3" t="288" w="526" /><ent r="3" t="405" w="45" /><ent r="3" t="405" w="122" /><ent r="3" t="471" w="17" /><ent r="3" t="471" w="17" /></phr><phr n="Planning"><ent r="3" t="248" w="140" /><ent r="3" t="248" w="140" /><ent r="3" t="255" w="26" /><ent r="3" t="255" w="26" /></phr></stem><stem n="hold"><phr n="hold"><ent r="6" t="156" w="53" /><ent r="6" t="156" w="53" /><ent r="5" t="243" w="260" /><ent r="5" t="243" w="260" /><ent r="3" t="421" w="344" /><ent r="3" t="421" w="344" /></phr><phr n="Holds"><ent r="6" t="359" w="141" /><ent r="6" t="359" w="141" /></phr></stem><stem n="3vttl"><phr n="3VTTL"><ent r="8" t="156" w="86" /><ent r="8" t="156" w="86" /></phr></stem><stem n="pre-bias"><phr n="pre-biased"><ent r="8" t="156" w="88" /><ent r="8" t="156" w="88" /></phr></stem><stem n="anod"><phr n="anode"><ent r="8" t="156" w="104" /><ent r="8" t="156" w="104" /></phr></stem><stem n="0-2"><phr n="0-2"><ent r="8" t="156" w="118" /></phr></stem><stem n="brighter"><phr n="brighter"><ent r="8" t="156" w="125" /><ent r="8" t="156" w="125" /></phr></stem><stem n="5ma"><phr n="5mA"><ent r="8" t="156" w="130" /><ent r="8" t="156" w="130" /></phr></stem><stem n="port1"><phr n="PORT1"><ent r="6" t="156" w="228" /><ent r="6" t="156" w="228" /><ent r="6" t="156" w="242" /><ent r="6" t="156" w="242" /></phr></stem><stem n="tx"><phr n="TX"><ent r="6" t="156" w="229" /><ent r="6" t="156" w="229" /><ent r="6" t="156" w="264" /><ent r="6" t="156" w="264" /><ent r="6" t="156" w="331" /><ent r="6" t="156" w="331" /><ent r="6" t="170" w="48" /><ent r="6" t="170" w="48" /><ent r="6" t="170" w="158" /><ent r="6" t="170" w="158" /><ent r="6" t="171" w="50" /><ent r="6" t="171" w="50" /><ent r="6" t="171" w="121" /><ent r="6" t="171" w="121" /><ent r="6" t="171" w="231" /><ent r="6" t="171" w="231" /><ent r="82" t="171" w="340" /><ent r="82" t="171" w="340" /><ent r="3" t="171" w="348" /><ent r="3" t="171" w="348" /><ent r="7" t="181" w="655" /><ent r="7" t="181" w="655" /><ent r="7" t="207" w="648" /><ent r="7" t="207" w="648" /><ent r="6" t="233" w="39" /><ent r="6" t="233" w="39" /><ent r="6" t="233" w="170" /><ent r="6" t="233" w="209" /><ent r="3" t="382" w="169" /><ent r="3" t="382" w="169" /><ent r="3" t="382" w="188" /><ent r="3" t="382" w="188" /><ent r="6" t="382" w="296" /><ent r="6" t="382" w="296" /></phr></stem><stem n="rx"><phr n="RX"><ent r="6" t="156" w="243" /><ent r="6" t="156" w="243" /><ent r="6" t="156" w="278" /><ent r="6" t="156" w="278" /><ent r="6" t="156" w="345" /><ent r="6" t="156" w="345" /><ent r="6" t="170" w="37" /><ent r="6" t="170" w="37" /><ent r="6" t="170" w="218" /><ent r="6" t="170" w="218" /><ent r="6" t="171" w="39" /><ent r="6" t="171" w="39" /><ent r="6" t="171" w="110" /><ent r="6" t="171" w="110" /><ent r="6" t="171" w="291" /><ent r="6" t="171" w="291" /><ent r="3" t="171" w="357" /><ent r="3" t="171" w="357" /><ent r="7" t="181" w="301" /><ent r="7" t="181" w="301" /><ent r="7" t="207" w="294" /><ent r="7" t="207" w="294" /><ent r="6" t="233" w="28" /><ent r="6" t="233" w="28" /><ent r="6" t="233" w="180" /><ent r="6" t="233" w="278" /></phr></stem><stem n="port3"><phr n="PORT3"><ent r="6" t="156" w="263" /><ent r="6" t="156" w="263" /><ent r="6" t="156" w="277" /><ent r="6" t="156" w="277" /><ent r="6" t="156" w="291" /><ent r="6" t="156" w="291" /><ent r="6" t="156" w="307" /><ent r="6" t="156" w="307" /></phr></stem><stem n="port2"><phr n="PORT2"><ent r="6" t="156" w="330" /><ent r="6" t="156" w="330" /><ent r="6" t="156" w="344" /><ent r="6" t="156" w="344" /><ent r="6" t="156" w="358" /><ent r="6" t="156" w="358" /><ent r="6" t="156" w="374" /><ent r="6" t="156" w="374" /></phr></stem><stem n="on_switch"><phr n="ON_SWITCH"><ent r="6" t="156" w="388" /><ent r="6" t="156" w="388" /></phr></stem><stem n="auto_on"><phr n="auto_on"><ent r="7" t="156" w="395" /><ent r="7" t="156" w="395" /><ent r="7" t="156" w="401" /><ent r="7" t="156" w="401" /></phr></stem><stem n="not_us"><phr n="NOT_USED"><ent r="7" t="156" w="398" /><ent r="7" t="156" w="398" /></phr></stem><stem n="open-drain"><phr n="open-drain"><ent r="8" t="156" w="420" /><ent r="8" t="156" w="420" /></phr></stem><stem n="drain"><phr n="drain"><ent r="8" t="156" w="421" /></phr></stem><stem n="open-collector"><phr n="open-collector"><ent r="8" t="156" w="423" /><ent r="8" t="156" w="423" /></phr></stem><stem n="collector"><phr n="collector"><ent r="8" t="156" w="424" /><ent r="3" t="240" w="692" /><ent r="3" t="240" w="696" /><ent r="3" t="240" w="696" /><ent r="3" t="240" w="708" /><ent r="3" t="240" w="708" /><ent r="3" t="240" w="725" /><ent r="3" t="240" w="725" /><ent r="3" t="319" w="37" /><ent r="3" t="319" w="37" /><ent r="3" t="319" w="78" /><ent r="3" t="319" w="78" /><ent r="3" t="319" w="92" /><ent r="3" t="319" w="92" /><ent r="1000" t="323" w="2" /><ent r="1000" t="323" w="2" /><ent r="92" t="323" w="7" /><ent r="92" t="323" w="7" /><ent r="1000" t="326" w="2" /><ent r="1000" t="326" w="2" /><ent r="92" t="326" w="8" /><ent r="92" t="326" w="8" /><ent r="3" t="326" w="17" /><ent r="3" t="326" w="17" /><ent r="3" t="331" w="41" /><ent r="3" t="331" w="41" /><ent r="3" t="332" w="56" /><ent r="3" t="333" w="45" /><ent r="3" t="333" w="45" /><ent r="3" t="334" w="51" /><ent r="3" t="335" w="111" /><ent r="3" t="335" w="111" /><ent r="3" t="336" w="83" /><ent r="3" t="347" w="126" /><ent r="3" t="347" w="126" /><ent r="3" t="348" w="246" /><ent r="3" t="360" w="38" /><ent r="3" t="360" w="38" /><ent r="3" t="379" w="130" /><ent r="3" t="379" w="130" /><ent r="3" t="388" w="36" /><ent r="3" t="388" w="36" /><ent r="4" t="388" w="223" /><ent r="4" t="388" w="223" /><ent r="4" t="388" w="276" /><ent r="4" t="388" w="276" /><ent r="5" t="388" w="335" /><ent r="5" t="388" w="335" /><ent r="5" t="388" w="386" /><ent r="5" t="388" w="386" /><ent r="5" t="388" w="451" /><ent r="5" t="388" w="451" /><ent r="3" t="389" w="53" /><ent r="3" t="389" w="53" /><ent r="67" t="410" w="12" /><ent r="67" t="410" w="12" /><ent r="67" t="410" w="20" /><ent r="67" t="410" w="20" /></phr><phr n="Collector"><ent r="4" t="164" w="399" /><ent r="4" t="164" w="399" /><ent r="4" t="226" w="369" /><ent r="4" t="226" w="369" /><ent r="4" t="240" w="680" /><ent r="4" t="240" w="680" /><ent r="4" t="240" w="720" /><ent r="4" t="240" w="720" /><ent r="3" t="319" w="70" /><ent r="3" t="319" w="70" /><ent r="3" t="323" w="94" /><ent r="3" t="323" w="94" /><ent r="3" t="323" w="118" /><ent r="3" t="323" w="118" /><ent r="3" t="359" w="58" /><ent r="3" t="359" w="58" /><ent r="6" t="390" w="1133" /><ent r="6" t="390" w="1133" /><ent r="1000" t="410" w="2" /><ent r="1000" t="410" w="2" /><ent r="102" t="410" w="7" /><ent r="102" t="410" w="7" /><ent r="4" t="410" w="30" /><ent r="4" t="410" w="30" /></phr></stem><stem n="standoff"><phr n="standoff"><ent r="3" t="157" w="13" /><ent r="3" t="157" w="13" /><ent r="3" t="195" w="13" /><ent r="3" t="195" w="13" /><ent r="3" t="219" w="13" /><ent r="3" t="219" w="13" /></phr><phr n="standoffs"><ent r="3" t="220" w="212" /></phr></stem><stem n="appropri"><phr n="appropriate"><ent r="3" t="157" w="19" /><ent r="3" t="157" w="19" /><ent r="3" t="195" w="19" /><ent r="3" t="195" w="19" /><ent r="3" t="219" w="19" /><ent r="3" t="219" w="19" /><ent r="3" t="240" w="659" /><ent r="3" t="240" w="659" /><ent r="7" t="242" w="878" /><ent r="7" t="242" w="878" /><ent r="3" t="276" w="1709" /><ent r="3" t="276" w="1709" /><ent r="3" t="276" w="3197" /><ent r="3" t="276" w="3197" /><ent r="3" t="276" w="3247" /><ent r="3" t="276" w="3247" /><ent r="5" t="282" w="89" /><ent r="5" t="282" w="89" /><ent r="5" t="282" w="202" /><ent r="5" t="282" w="202" /><ent r="5" t="282" w="357" /><ent r="5" t="282" w="357" /><ent r="3" t="282" w="415" /><ent r="3" t="282" w="415" /><ent r="3" t="282" w="520" /><ent r="3" t="282" w="520" /><ent r="3" t="284" w="445" /><ent r="3" t="284" w="445" /><ent r="3" t="284" w="1195" /><ent r="3" t="284" w="1195" /><ent r="3" t="301" w="162" /><ent r="3" t="301" w="162" /><ent r="3" t="306" w="16" /><ent r="3" t="306" w="16" /><ent r="5" t="309" w="351" /><ent r="5" t="309" w="351" /><ent r="5" t="312" w="401" /><ent r="5" t="312" w="401" /><ent r="6" t="314" w="729" /><ent r="4" t="399" w="100" /><ent r="4" t="399" w="100" /><ent r="3" t="400" w="184" /><ent r="3" t="400" w="184" /><ent r="3" t="400" w="277" /><ent r="3" t="400" w="277" /><ent r="3" t="403" w="14" /><ent r="3" t="403" w="14" /></phr></stem><stem n="hole"><phr n="holes"><ent r="3" t="157" w="26" /><ent r="3" t="195" w="26" /><ent r="3" t="219" w="26" /><ent r="3" t="220" w="226" /><ent r="3" t="220" w="226" /></phr><phr n="hole"><ent r="4" t="161" w="168" /><ent r="5" t="162" w="157" /><ent r="4" t="425" w="153" /></phr></stem><stem n="violat"><phr n="violate"><ent r="3" t="157" w="29" /><ent r="3" t="157" w="29" /><ent r="3" t="195" w="29" /><ent r="3" t="195" w="29" /><ent r="3" t="219" w="29" /><ent r="3" t="219" w="29" /><ent r="3" t="421" w="422" /><ent r="3" t="421" w="422" /></phr></stem><stem n="warranti"><phr n="warranty"><ent r="3" t="157" w="33" /><ent r="3" t="195" w="33" /><ent r="3" t="219" w="33" /><ent r="3" t="240" w="929" /><ent r="3" t="240" w="929" /><ent r="3" t="304" w="85" /><ent r="3" t="304" w="85" /><ent r="3" t="304" w="130" /><ent r="3" t="304" w="130" /><ent r="3" t="304" w="253" /><ent r="3" t="304" w="253" /><ent r="3" t="305" w="93" /><ent r="3" t="305" w="93" /><ent r="3" t="404" w="366" /><ent r="3" t="404" w="366" /><ent r="3" t="404" w="384" /><ent r="3" t="404" w="392" /><ent r="3" t="404" w="392" /><ent r="3" t="404" w="491" /><ent r="3" t="404" w="506" /><ent r="3" t="404" w="506" /><ent r="3" t="404" w="513" /><ent r="3" t="404" w="513" /><ent r="3" t="404" w="620" /><ent r="3" t="404" w="620" /><ent r="3" t="404" w="628" /><ent r="3" t="404" w="628" /><ent r="3" t="404" w="638" /><ent r="3" t="404" w="638" /><ent r="3" t="404" w="697" /><ent r="3" t="404" w="697" /><ent r="3" t="404" w="716" /><ent r="3" t="404" w="716" /><ent r="3" t="404" w="751" /><ent r="3" t="404" w="751" /><ent r="3" t="404" w="796" /><ent r="3" t="404" w="796" /><ent r="3" t="404" w="845" /><ent r="3" t="404" w="845" /><ent r="3" t="404" w="1057" /><ent r="3" t="404" w="1057" /><ent r="3" t="404" w="1095" /><ent r="3" t="404" w="1095" /><ent r="3" t="404" w="1177" /><ent r="4" t="404" w="1345" /><ent r="4" t="404" w="1345" /><ent r="4" t="404" w="1397" /><ent r="4" t="404" w="1397" /></phr><phr n="Warranty"><ent r="4" t="240" w="885" /><ent r="4" t="240" w="885" /><ent r="3" t="240" w="916" /><ent r="3" t="240" w="916" /><ent r="3" t="304" w="110" /><ent r="3" t="304" w="110" /><ent r="4" t="304" w="140" /><ent r="4" t="304" w="140" /><ent r="3" t="304" w="176" /><ent r="3" t="304" w="176" /><ent r="4" t="304" w="248" /><ent r="4" t="304" w="248" /><ent r="3" t="304" w="289" /><ent r="3" t="304" w="289" /><ent r="3" t="404" w="218" /><ent r="3" t="404" w="218" /><ent r="3" t="404" w="610" /><ent r="3" t="404" w="610" /><ent r="3" t="404" w="692" /><ent r="3" t="404" w="692" /><ent r="3" t="404" w="788" /><ent r="3" t="404" w="788" /></phr><phr n="WARRANTY"><ent r="3" t="404" w="211" /><ent r="3" t="404" w="211" /></phr><phr n="warranties"><ent r="3" t="404" w="1122" /><ent r="3" t="404" w="1122" /><ent r="3" t="404" w="1137" /><ent r="3" t="404" w="1137" /><ent r="4" t="404" w="1368" /><ent r="4" t="404" w="1368" /></phr></stem><stem n="167"><phr n="167"><ent r="4" t="157" w="80" /><ent r="4" t="157" w="80" /><ent r="4" t="195" w="80" /><ent r="4" t="195" w="80" /><ent r="4" t="219" w="80" /><ent r="4" t="219" w="80" /><ent r="6" t="338" w="447" /><ent r="6" t="338" w="447" /><ent r="6" t="346" w="358" /><ent r="6" t="346" w="358" /></phr></stem><stem n="volt"><phr n="volts"><ent r="3" t="157" w="167" /><ent r="3" t="157" w="167" /></phr><phr n="volt"><ent r="3" t="401" w="368" /><ent r="3" t="401" w="377" /></phr></stem><stem n="easi"><phr n="easy"><ent r="3" t="158" w="31" /><ent r="3" t="158" w="31" /></phr></stem><stem n="upgrad"><phr n="upgrade"><ent r="3" t="158" w="108" /><ent r="3" t="158" w="108" /><ent r="3" t="240" w="188" /><ent r="3" t="240" w="660" /><ent r="3" t="303" w="27" /><ent r="3" t="303" w="27" /><ent r="3" t="317" w="40" /><ent r="3" t="317" w="40" /><ent r="3" t="317" w="50" /><ent r="3" t="317" w="50" /><ent r="3" t="317" w="261" /><ent r="3" t="317" w="261" /></phr><phr n="Upgrading"><ent r="118" t="234" w="404" /><ent r="118" t="234" w="404" /><ent r="1000" t="317" w="1" /><ent r="1000" t="317" w="1" /><ent r="92" t="317" w="6" /><ent r="92" t="317" w="6" /><ent r="82" t="317" w="275" /><ent r="82" t="317" w="275" /><ent r="6" t="419" w="13" /><ent r="6" t="419" w="13" /></phr><phr n="Upgrade"><ent r="3" t="293" w="47" /><ent r="3" t="293" w="47" /><ent r="6" t="317" w="471" /><ent r="6" t="317" w="471" /><ent r="6" t="317" w="502" /><ent r="6" t="317" w="502" /><ent r="3" t="404" w="563" /><ent r="3" t="404" w="608" /></phr><phr n="Upgrades"><ent r="1000" t="305" w="4" /><ent r="1000" t="305" w="4" /><ent r="82" t="305" w="9" /><ent r="82" t="305" w="9" /><ent r="65" t="317" w="62" /><ent r="65" t="317" w="62" /><ent r="3" t="404" w="470" /></phr><phr n="upgrades"><ent r="3" t="305" w="18" /><ent r="3" t="305" w="18" /><ent r="4" t="317" w="129" /><ent r="4" t="317" w="129" /></phr></stem></index>