<?xml version="1.0" encoding="utf-8"?><index><!-- saved from url=(0016)http://localhost -->
<stem n="obsolet"><phr n="OBSOLETE"><ent r="6" t="371" w="185" /><ent r="6" t="371" w="185" /><ent r="6" t="371" w="196" /><ent r="6" t="371" w="196" /><ent r="6" t="371" w="207" /><ent r="6" t="371" w="207" /><ent r="6" t="371" w="218" /><ent r="6" t="371" w="218" /><ent r="5" t="398" w="1754" /><ent r="5" t="398" w="1772" /><ent r="5" t="398" w="1772" /></phr></stem><stem n="sv120"><phr n="SV120"><ent r="6" t="371" w="266" /></phr></stem><stem n="sv121"><phr n="SV121"><ent r="6" t="371" w="273" /></phr></stem><stem n="auto-en"><phr n="Auto-Enable"><ent r="6" t="371" w="400" /></phr></stem><stem n="2014"><phr n="2014"><ent r="3" t="371" w="420" /><ent r="3" t="404" w="40" /><ent r="4" t="404" w="150" /><ent r="4" t="404" w="150" /></phr></stem><stem n="aor-"><phr n="AOR-E"><ent r="6" t="371" w="433" /><ent r="6" t="371" w="433" /></phr></stem><stem n="aor"><phr n="AOR"><ent r="6" t="371" w="433" /></phr></stem><stem n="124"><phr n="124"><ent r="6" t="371" w="450" /><ent r="6" t="371" w="450" /><ent r="3" t="488" w="78" /></phr></stem><stem n="artemi"><phr n="ARTEMIS"><ent r="6" t="371" w="453" /><ent r="6" t="371" w="453" /></phr></stem><stem n="ind-w"><phr n="IND-W"><ent r="6" t="371" w="464" /><ent r="6" t="371" w="464" /></phr></stem><stem n="ind"><phr n="IND"><ent r="6" t="371" w="464" /></phr></stem><stem n="gsat"><phr n="GSAT"><ent r="6" t="371" w="472" /><ent r="6" t="371" w="472" /></phr></stem><stem n="msas-1"><phr n="MSAS-1"><ent r="6" t="371" w="485" /><ent r="6" t="371" w="485" /></phr></stem><stem n="132"><phr n="132"><ent r="6" t="371" w="498" /><ent r="6" t="371" w="498" /></phr></stem><stem n="133"><phr n="133"><ent r="6" t="371" w="502" /><ent r="6" t="371" w="502" /></phr></stem><stem n="inmarsat"><phr n="INMARSAT"><ent r="6" t="371" w="505" /><ent r="6" t="371" w="505" /></phr></stem><stem n="4-f3"><phr n="4-F3"><ent r="6" t="371" w="506" /><ent r="6" t="371" w="506" /></phr></stem><stem n="f3"><phr n="F3"><ent r="6" t="371" w="507" /></phr></stem><stem n="134"><phr n="134"><ent r="6" t="371" w="511" /><ent r="6" t="371" w="511" /></phr></stem><stem n="galaxi"><phr n="GALAXY"><ent r="6" t="371" w="518" /><ent r="6" t="371" w="518" /></phr></stem><stem n="xv"><phr n="XV"><ent r="6" t="371" w="519" /><ent r="6" t="371" w="519" /></phr></stem><stem n="ses-5"><phr n="SES-5"><ent r="6" t="371" w="526" /><ent r="6" t="371" w="526" /></phr></stem><stem n="se"><phr n="SES"><ent r="6" t="371" w="526" /></phr></stem><stem n="msas-2"><phr n="MSAS-2"><ent r="6" t="371" w="533" /><ent r="6" t="371" w="533" /></phr></stem><stem n="anik"><phr n="ANIK"><ent r="6" t="371" w="541" /><ent r="6" t="371" w="541" /></phr></stem><stem n="f1r"><phr n="F1R"><ent r="6" t="371" w="542" /><ent r="6" t="371" w="542" /></phr></stem><stem n="139"><phr n="139"><ent r="6" t="371" w="546" /><ent r="6" t="371" w="546" /></phr></stem><stem n="sdcm"><phr n="SDCM"><ent r="6" t="371" w="552" /><ent r="6" t="371" w="552" /></phr></stem><stem n="luch-5a"><phr n="LUCH-5A"><ent r="6" t="371" w="553" /><ent r="6" t="371" w="553" /></phr></stem><stem n="luch"><phr n="LUCH"><ent r="6" t="371" w="553" /></phr></stem><stem n="5a"><phr n="5A"><ent r="6" t="371" w="554" /><ent r="5" t="398" w="317" /><ent r="5" t="398" w="317" /><ent r="5" t="398" w="415" /><ent r="5" t="398" w="415" /></phr></stem><stem n="147"><phr n="147"><ent r="6" t="371" w="582" /><ent r="6" t="371" w="582" /></phr></stem><stem n="148"><phr n="148"><ent r="6" t="371" w="586" /><ent r="6" t="371" w="586" /></phr></stem><stem n="output-specif"><phr n="output-specific"><ent r="3" t="372" w="36" /><ent r="3" t="372" w="36" /></phr></stem><stem n="0-base"><phr n="0-based"><ent r="7" t="372" w="203" /><ent r="6" t="372" w="1240" /><ent r="6" t="372" w="1240" /></phr></stem><stem n="&gt;1"><phr n="&gt;1"><ent r="6" t="372" w="279" /><ent r="6" t="372" w="279" /><ent r="6" t="372" w="1509" /><ent r="6" t="372" w="1509" /></phr></stem><stem n="submessag"><phr n="SUBMESSAGE"><ent r="6" t="372" w="302" /><ent r="6" t="372" w="302" /></phr></stem><stem n="0xf0"><phr n="0xf0"><ent r="7" t="372" w="577" /><ent r="7" t="372" w="577" /><ent r="7" t="372" w="633" /><ent r="7" t="372" w="633" /><ent r="7" t="372" w="693" /><ent r="7" t="372" w="693" /><ent r="7" t="372" w="735" /><ent r="7" t="372" w="735" /><ent r="7" t="372" w="875" /><ent r="7" t="372" w="875" /><ent r="7" t="372" w="931" /><ent r="7" t="372" w="931" /><ent r="7" t="372" w="961" /><ent r="7" t="372" w="961" /></phr></stem><stem n="0x0f"><phr n="0x0f"><ent r="7" t="372" w="584" /><ent r="7" t="372" w="584" /><ent r="7" t="372" w="640" /><ent r="7" t="372" w="640" /><ent r="7" t="372" w="700" /><ent r="7" t="372" w="700" /><ent r="7" t="372" w="742" /><ent r="7" t="372" w="742" /><ent r="7" t="372" w="881" /><ent r="7" t="372" w="881" /><ent r="7" t="372" w="937" /><ent r="7" t="372" w="937" /><ent r="7" t="372" w="966" /><ent r="7" t="372" w="966" /></phr></stem><stem n="2fh"><phr n="2Fh"><ent r="7" t="372" w="609" /></phr></stem><stem n="1004"><phr n="1004"><ent r="7" t="372" w="636" /><ent r="7" t="372" w="636" /></phr></stem><stem n="1012"><phr n="1012"><ent r="7" t="372" w="643" /><ent r="7" t="372" w="643" /><ent r="9" t="475" w="281" /><ent r="9" t="475" w="281" /><ent r="9" t="477" w="536" /><ent r="9" t="477" w="536" /></phr></stem><stem n="1019"><phr n="1019"><ent r="7" t="372" w="738" /><ent r="7" t="372" w="738" /></phr></stem><stem n="1020"><phr n="1020"><ent r="7" t="372" w="745" /><ent r="7" t="372" w="745" /><ent r="9" t="475" w="295" /><ent r="9" t="475" w="295" /><ent r="9" t="477" w="550" /><ent r="9" t="477" w="550" /></phr></stem><stem n="0xff"><phr n="0xFF"><ent r="6" t="372" w="998" /><ent r="6" t="372" w="998" /><ent r="7" t="439" w="226" /><ent r="7" t="439" w="339" /></phr></stem><stem n="nmea_gga"><phr n="NMEA_GGA"><ent r="6" t="372" w="1065" /><ent r="6" t="372" w="1065" /><ent r="5" t="398" w="1456" /><ent r="5" t="398" w="2332" /></phr></stem><stem n="nmea_ggk"><phr n="NMEA_GGK"><ent r="6" t="372" w="1069" /><ent r="6" t="372" w="1069" /></phr></stem><stem n="nmea_zda"><phr n="NMEA_ZDA"><ent r="6" t="372" w="1073" /><ent r="6" t="372" w="1073" /></phr></stem><stem n="nmea_vtg"><phr n="NMEA_VTG"><ent r="6" t="372" w="1089" /><ent r="6" t="372" w="1089" /></phr></stem><stem n="nmea_gst"><phr n="NMEA_GST"><ent r="6" t="372" w="1093" /><ent r="6" t="372" w="1093" /><ent r="5" t="398" w="1505" /><ent r="5" t="398" w="2381" /></phr></stem><stem n="nmea_pjk"><phr n="NMEA_PJK"><ent r="6" t="372" w="1097" /><ent r="6" t="372" w="1097" /></phr></stem><stem n="nmea_pjt"><phr n="NMEA_PJT"><ent r="6" t="372" w="1101" /><ent r="6" t="372" w="1101" /></phr></stem><stem n="nmea_vgk"><phr n="NMEA_VGK"><ent r="6" t="372" w="1105" /><ent r="6" t="372" w="1105" /></phr></stem><stem n="nmea_vhd"><phr n="NMEA_VHD"><ent r="6" t="372" w="1109" /><ent r="6" t="372" w="1109" /></phr></stem><stem n="nmea_gsv"><phr n="NMEA_GSV"><ent r="6" t="372" w="1113" /><ent r="6" t="372" w="1113" /></phr></stem><stem n="nmea_tsn"><phr n="NMEA_TSN"><ent r="6" t="372" w="1117" /><ent r="6" t="372" w="1117" /></phr></stem><stem n="nmea_tss"><phr n="NMEA_TSS"><ent r="6" t="372" w="1121" /><ent r="6" t="372" w="1121" /></phr></stem><stem n="nmea_prc"><phr n="NMEA_PRC"><ent r="6" t="372" w="1125" /><ent r="6" t="372" w="1125" /></phr></stem><stem n="nmea_ref"><phr n="NMEA_REF"><ent r="6" t="372" w="1129" /><ent r="6" t="372" w="1129" /></phr></stem><stem n="nmea_ggk_sync"><phr n="NMEA_GGK_SYNC"><ent r="6" t="372" w="1133" /><ent r="6" t="372" w="1133" /></phr></stem><stem n="j1939_vehpo"><phr n="J1939_VehPos"><ent r="6" t="372" w="1137" /><ent r="6" t="372" w="1137" /></phr></stem><stem n="j1939_time"><phr n="J1939_Time"><ent r="6" t="372" w="1141" /><ent r="6" t="372" w="1141" /></phr></stem><stem n="j1939_vehspd"><phr n="J1939_VehSpd"><ent r="6" t="372" w="1145" /><ent r="6" t="372" w="1145" /></phr></stem><stem n="j1939_imppo"><phr n="J1939_ImpPos"><ent r="6" t="372" w="1149" /><ent r="6" t="372" w="1149" /></phr></stem><stem n="j1939_impspd"><phr n="J1939_ImpSpd"><ent r="6" t="372" w="1153" /><ent r="6" t="372" w="1153" /></phr></stem><stem n="nmea_avr"><phr n="NMEA_AVR"><ent r="6" t="372" w="1157" /><ent r="6" t="372" w="1157" /></phr></stem><stem n="nmea_hdt"><phr n="NMEA_HDT"><ent r="6" t="372" w="1165" /><ent r="6" t="372" w="1165" /></phr></stem><stem n="nmea_rot"><phr n="NMEA_ROT"><ent r="6" t="372" w="1169" /><ent r="6" t="372" w="1169" /></phr></stem><stem n="nmea_adv"><phr n="NMEA_ADV"><ent r="6" t="372" w="1173" /><ent r="6" t="372" w="1173" /></phr></stem><stem n="nmea_pio"><phr n="NMEA_PIO"><ent r="6" t="372" w="1177" /><ent r="6" t="372" w="1177" /></phr></stem><stem n="nmea_beta"><phr n="NMEA_BETA"><ent r="6" t="372" w="1181" /><ent r="6" t="372" w="1181" /></phr></stem><stem n="nmea_vrsgga"><phr n="NMEA_VRSGGA"><ent r="6" t="372" w="1189" /><ent r="6" t="372" w="1189" /></phr></stem><stem n="nmea_gsa"><phr n="NMEA_GSA"><ent r="6" t="372" w="1193" /><ent r="6" t="372" w="1193" /></phr></stem><stem n="nmea_rmc"><phr n="NMEA_RMC"><ent r="6" t="372" w="1201" /><ent r="6" t="372" w="1201" /></phr></stem><stem n="nmea_bpq"><phr n="NMEA_BPQ"><ent r="6" t="372" w="1205" /><ent r="6" t="372" w="1205" /></phr></stem><stem n="nmea_gll"><phr n="NMEA_GLL"><ent r="6" t="372" w="1217" /><ent r="6" t="372" w="1217" /></phr></stem><stem n="nmea_gr"><phr n="NMEA_GRS"><ent r="6" t="372" w="1221" /><ent r="6" t="372" w="1221" /></phr></stem><stem n="nmea_ldg"><phr n="NMEA_LDG"><ent r="6" t="372" w="1229" /><ent r="6" t="372" w="1229" /></phr></stem><stem n="1-base"><phr n="1-based"><ent r="6" t="372" w="1235" /><ent r="6" t="372" w="1235" /><ent r="3" t="398" w="2823" /><ent r="3" t="398" w="2831" /><ent r="3" t="398" w="2843" /><ent r="3" t="398" w="2850" /><ent r="3" t="398" w="2857" /><ent r="3" t="398" w="2864" /><ent r="3" t="398" w="2996" /></phr></stem><stem n="th"><phr n="th"><ent r="7" t="372" w="1287" /><ent r="7" t="372" w="1287" /></phr></stem><stem n="10th"><phr n="10th"><ent r="6" t="372" w="1367" /><ent r="6" t="372" w="1367" /></phr></stem><stem n="0fh"><phr n="0Fh"><ent r="6" t="372" w="1489" /><ent r="6" t="372" w="1489" /><ent r="6" t="388" w="126" /><ent r="8" t="388" w="173" /><ent r="5" t="388" w="400" /><ent r="5" t="388" w="400" /><ent r="5" t="388" w="413" /><ent r="67" t="388" w="437" /><ent r="6" t="388" w="984" /><ent r="7" t="388" w="1276" /><ent r="7" t="388" w="1276" /><ent r="3" t="398" w="2947" /><ent r="3" t="398" w="2947" /><ent r="7" t="448" w="45" /><ent r="7" t="448" w="45" /></phr></stem><stem n="tangent"><phr n="TANGENT"><ent r="6" t="372" w="1558" /><ent r="6" t="372" w="1558" /></phr><phr n="Tangent"><ent r="7" t="395" w="246" /><ent r="7" t="395" w="246" /><ent r="67" t="399" w="478" /><ent r="67" t="399" w="478" /><ent r="72" t="399" w="1513" /><ent r="72" t="399" w="1513" /><ent r="3" t="399" w="1536" /><ent r="3" t="399" w="1536" /><ent r="6" t="400" w="972" /><ent r="6" t="400" w="972" /><ent r="3" t="453" w="14" /><ent r="3" t="453" w="14" /><ent r="7" t="453" w="95" /><ent r="7" t="453" w="95" /></phr><phr n="tangent"><ent r="5" t="453" w="44" /><ent r="5" t="453" w="44" /><ent r="7" t="453" w="138" /><ent r="7" t="453" w="138" /><ent r="7" t="453" w="173" /><ent r="7" t="453" w="173" /><ent r="7" t="453" w="199" /><ent r="7" t="453" w="199" /></phr></stem><stem n="vcv"><phr n="VCV"><ent r="6" t="372" w="1580" /><ent r="6" t="372" w="1580" /><ent r="68" t="395" w="213" /><ent r="68" t="395" w="213" /><ent r="7" t="395" w="216" /><ent r="7" t="395" w="216" /><ent r="1000" t="446" w="4" /><ent r="1000" t="446" w="4" /><ent r="82" t="446" w="9" /><ent r="82" t="446" w="9" /><ent r="3" t="446" w="16" /><ent r="3" t="446" w="16" /><ent r="5" t="446" w="27" /><ent r="5" t="446" w="27" /><ent r="5" t="446" w="30" /><ent r="5" t="446" w="30" /><ent r="5" t="446" w="33" /><ent r="5" t="446" w="33" /><ent r="5" t="446" w="36" /><ent r="5" t="446" w="36" /><ent r="5" t="446" w="39" /><ent r="5" t="446" w="39" /><ent r="5" t="446" w="42" /><ent r="5" t="446" w="42" /><ent r="72" t="446" w="66" /><ent r="72" t="446" w="66" /><ent r="7" t="446" w="153" /><ent r="7" t="446" w="153" /><ent r="7" t="446" w="190" /><ent r="7" t="446" w="190" /><ent r="7" t="446" w="198" /><ent r="7" t="446" w="198" /><ent r="7" t="446" w="206" /><ent r="7" t="446" w="206" /><ent r="7" t="446" w="214" /><ent r="7" t="446" w="214" /><ent r="7" t="446" w="222" /><ent r="7" t="446" w="222" /></phr></stem><stem n="info+"><phr n="INFO+"><ent r="6" t="372" w="1621" /><ent r="6" t="372" w="1621" /></phr></stem><stem n="1800"><phr n="1800"><ent r="6" t="372" w="2022" /><ent r="6" t="372" w="2022" /><ent r="3" t="486" w="96" /></phr></stem><stem n="3600"><phr n="3600"><ent r="6" t="372" w="2030" /><ent r="6" t="372" w="2030" /></phr></stem><stem n="7200"><phr n="7200"><ent r="6" t="372" w="2038" /><ent r="6" t="372" w="2038" /></phr></stem><stem n="14-45"><phr n="14-45"><ent r="6" t="373" w="171" /><ent r="6" t="373" w="171" /></phr></stem><stem n="kz"><phr n="KZ"><ent r="6" t="373" w="222" /><ent r="6" t="377" w="248" /></phr></stem><stem n="geodetic™"><phr n="Geodetic™"><ent r="6" t="373" w="229" /><ent r="6" t="373" w="229" /><ent r="6" t="377" w="255" /><ent r="6" t="377" w="255" /></phr></stem><stem n="gz"><phr n="GZ"><ent r="6" t="373" w="230" /><ent r="6" t="377" w="256" /></phr></stem><stem n="184"><phr n="184"><ent r="6" t="373" w="232" /><ent r="6" t="373" w="232" /><ent r="6" t="377" w="258" /><ent r="6" t="377" w="258" /><ent r="5" t="398" w="593" /><ent r="5" t="398" w="593" /><ent r="5" t="398" w="727" /><ent r="5" t="398" w="727" /><ent r="5" t="398" w="1267" /><ent r="5" t="398" w="1267" /><ent r="5" t="398" w="1934" /><ent r="5" t="398" w="1934" /></phr></stem><stem n="b8h"><phr n="B8h"><ent r="6" t="373" w="234" /><ent r="6" t="373" w="234" /><ent r="6" t="377" w="260" /><ent r="6" t="377" w="260" /></phr></stem><stem n="b9h"><phr n="B9h"><ent r="6" t="373" w="243" /><ent r="6" t="373" w="243" /><ent r="6" t="377" w="269" /><ent r="6" t="377" w="269" /></phr></stem><stem n="266"><phr n="266"><ent r="6" t="373" w="250" /><ent r="6" t="373" w="250" /><ent r="6" t="377" w="276" /><ent r="6" t="377" w="276" /></phr></stem><stem n="kt"><phr n="KT"><ent r="6" t="373" w="256" /><ent r="6" t="377" w="282" /></phr></stem><stem n="309"><phr n="309"><ent r="6" t="373" w="258" /><ent r="6" t="373" w="258" /><ent r="6" t="377" w="284" /><ent r="6" t="377" w="284" /></phr></stem><stem n="fa"><phr n="FA"><ent r="6" t="373" w="264" /><ent r="6" t="377" w="290" /></phr></stem><stem n="349"><phr n="349"><ent r="6" t="373" w="266" /><ent r="6" t="373" w="266" /><ent r="6" t="377" w="292" /><ent r="6" t="377" w="292" /></phr></stem><stem n="5dh"><phr n="5Dh"><ent r="6" t="373" w="269" /><ent r="6" t="373" w="269" /><ent r="6" t="377" w="295" /><ent r="6" t="377" w="295" /></phr></stem><stem n="av33"><phr n="AV33"><ent r="6" t="373" w="271" /><ent r="6" t="373" w="271" /><ent r="6" t="377" w="297" /><ent r="6" t="377" w="297" /></phr></stem><stem n="m0"><phr n="M0"><ent r="6" t="373" w="272" /><ent r="6" t="377" w="298" /></phr></stem><stem n="93h"><phr n="93h"><ent r="6" t="373" w="277" /><ent r="6" t="373" w="277" /><ent r="6" t="377" w="303" /><ent r="6" t="377" w="303" /></phr></stem><stem n="m1"><phr n="M1"><ent r="6" t="373" w="280" /><ent r="6" t="377" w="306" /></phr></stem><stem n="94h"><phr n="94h"><ent r="6" t="373" w="285" /><ent r="6" t="373" w="285" /><ent r="6" t="377" w="311" /><ent r="6" t="377" w="311" /></phr></stem><stem n="m2"><phr n="M2"><ent r="6" t="373" w="288" /><ent r="6" t="377" w="314" /></phr></stem><stem n="406"><phr n="406"><ent r="6" t="373" w="290" /><ent r="6" t="373" w="290" /><ent r="6" t="377" w="316" /><ent r="6" t="377" w="316" /></phr></stem><stem n="96h"><phr n="96h"><ent r="6" t="373" w="293" /><ent r="6" t="373" w="293" /><ent r="6" t="377" w="319" /><ent r="6" t="377" w="319" /></phr></stem><stem n="m3"><phr n="M3"><ent r="6" t="373" w="296" /><ent r="6" t="377" w="322" /></phr></stem><stem n="up-to-d"><phr n="up-to-date"><ent r="3" t="373" w="302" /><ent r="3" t="373" w="302" /><ent r="3" t="377" w="328" /><ent r="3" t="377" w="328" /></phr></stem><stem n="up-to"><phr n="up-to"><ent r="3" t="373" w="302" /><ent r="3" t="377" w="328" /></phr></stem><stem n="to-dat"><phr n="to-date"><ent r="3" t="373" w="303" /><ent r="3" t="377" w="329" /></phr></stem><stem n="viewer"><phr n="viewer"><ent r="3" t="373" w="345" /><ent r="3" t="373" w="345" /><ent r="3" t="377" w="371" /><ent r="3" t="377" w="371" /><ent r="64" t="472" w="43" /></phr></stem><stem n="sens"><phr n="SENSE"><ent r="6" t="374" w="285" /><ent r="6" t="374" w="285" /></phr><phr n="sense"><ent r="5" t="400" w="2198" /></phr></stem><stem n="53h"><phr n="53h"><ent r="6" t="376" w="65" /><ent r="6" t="376" w="65" /><ent r="6" t="391" w="219" /><ent r="6" t="391" w="219" /></phr></stem><stem n="mux"><phr n="MUX"><ent r="6" t="376" w="97" /><ent r="6" t="376" w="97" /><ent r="68" t="376" w="106" /><ent r="68" t="376" w="106" /><ent r="82" t="376" w="136" /><ent r="82" t="376" w="136" /></phr></stem><stem n="can1"><phr n="CAN1"><ent r="6" t="376" w="153" /><ent r="6" t="376" w="153" /></phr></stem><stem n="4eh"><phr n="4Eh"><ent r="6" t="377" w="61" /><ent r="6" t="377" w="61" /><ent r="6" t="385" w="318" /><ent r="6" t="385" w="318" /></phr></stem><stem n="32h"><phr n="32h"><ent r="6" t="377" w="75" /><ent r="6" t="377" w="75" /><ent r="6" t="385" w="232" /><ent r="6" t="385" w="232" /></phr></stem><stem n="+8"><phr n="+8"><ent r="7" t="377" w="132" /></phr></stem><stem n="1ah"><phr n="1Ah"><ent r="6" t="378" w="68" /><ent r="6" t="378" w="68" /></phr></stem><stem n="14h"><phr n="14h"><ent r="6" t="378" w="83" /><ent r="6" t="378" w="83" /></phr></stem><stem n="359"><phr n="359"><ent r="6" t="378" w="110" /></phr></stem><stem n="99999"><phr n="99999"><ent r="6" t="378" w="111" /><ent r="6" t="378" w="111" /><ent r="7" t="378" w="152" /><ent r="7" t="378" w="152" /><ent r="7" t="378" w="155" /><ent r="7" t="378" w="155" /></phr></stem><stem n="-89.99999"><phr n="-89.99999"><ent r="7" t="378" w="152" /></phr></stem><stem n="0h"><phr n="0h"><ent r="6" t="381" w="119" /><ent r="6" t="381" w="119" /><ent r="6" t="386" w="139" /><ent r="6" t="386" w="139" /></phr></stem><stem n="occupi"><phr n="occupies"><ent r="3" t="382" w="77" /><ent r="3" t="382" w="77" /></phr></stem><stem n="+4"><phr n="+4"><ent r="6" t="382" w="564" /><ent r="6" t="382" w="564" /></phr></stem><stem n="nh"><phr n="nh"><ent r="6" t="382" w="657" /><ent r="6" t="382" w="657" /></phr></stem><stem n="7fh"><phr n="7Fh"><ent r="6" t="385" w="161" /><ent r="6" t="385" w="161" /></phr></stem><stem n="del"><phr n="Del"><ent r="7" t="385" w="165" /></phr></stem><stem n="&lt;del&gt;"><phr n="&lt;del&gt;"><ent r="6" t="385" w="167" /><ent r="6" t="385" w="167" /></phr></stem><stem n="&lt;carriag"><phr n="&lt;carriage"><ent r="6" t="385" w="175" /><ent r="6" t="385" w="175" /></phr></stem><stem n="return&gt;"><phr n="return&gt;"><ent r="6" t="385" w="176" /><ent r="6" t="385" w="176" /></phr></stem><stem n="&lt;a&gt;"><phr n="&lt;A&gt;"><ent r="6" t="385" w="184" /><ent r="6" t="385" w="184" /></phr></stem><stem n="&lt;b&gt;"><phr n="&lt;B&gt;"><ent r="6" t="385" w="192" /><ent r="6" t="385" w="192" /></phr></stem><stem n="43h"><phr n="43h"><ent r="6" t="385" w="194" /><ent r="6" t="385" w="194" /></phr></stem><stem n="&lt;c&gt;"><phr n="&lt;C&gt;"><ent r="6" t="385" w="200" /><ent r="6" t="385" w="200" /></phr></stem><stem n="44h"><phr n="44h"><ent r="6" t="385" w="202" /><ent r="6" t="385" w="202" /></phr></stem><stem n="&lt;d&gt;"><phr n="&lt;D&gt;"><ent r="6" t="385" w="208" /><ent r="6" t="385" w="208" /></phr></stem><stem n="1dh"><phr n="1Dh"><ent r="6" t="385" w="210" /><ent r="6" t="385" w="210" /></phr></stem><stem n="1ch"><phr n="1Ch"><ent r="6" t="385" w="215" /><ent r="6" t="385" w="215" /></phr></stem><stem n="30h"><phr n="30h"><ent r="6" t="385" w="220" /><ent r="6" t="385" w="220" /><ent r="7" t="431" w="186" /><ent r="7" t="431" w="186" /></phr></stem><stem n="&lt;0&gt;"><phr n="&lt;0&gt;"><ent r="6" t="385" w="224" /><ent r="6" t="385" w="224" /></phr></stem><stem n="31h"><phr n="31h"><ent r="6" t="385" w="226" /><ent r="6" t="385" w="226" /></phr></stem><stem n="&lt;1&gt;"><phr n="&lt;1&gt;"><ent r="6" t="385" w="230" /><ent r="6" t="385" w="230" /></phr></stem><stem n="&lt;2&gt;"><phr n="&lt;2&gt;"><ent r="6" t="385" w="236" /><ent r="6" t="385" w="236" /></phr></stem><stem n="33h"><phr n="33h"><ent r="6" t="385" w="238" /><ent r="6" t="385" w="238" /></phr></stem><stem n="&lt;3&gt;"><phr n="&lt;3&gt;"><ent r="6" t="385" w="242" /><ent r="6" t="385" w="242" /></phr></stem><stem n="&lt;4&gt;"><phr n="&lt;4&gt;"><ent r="6" t="385" w="248" /><ent r="6" t="385" w="248" /></phr></stem><stem n="&lt;5&gt;"><phr n="&lt;5&gt;"><ent r="6" t="385" w="254" /><ent r="6" t="385" w="254" /></phr></stem><stem n="36h"><phr n="36h"><ent r="6" t="385" w="256" /><ent r="6" t="385" w="256" /></phr></stem><stem n="&lt;6&gt;"><phr n="&lt;6&gt;"><ent r="6" t="385" w="260" /><ent r="6" t="385" w="260" /></phr></stem><stem n="&lt;7&gt;"><phr n="&lt;7&gt;"><ent r="6" t="385" w="266" /><ent r="6" t="385" w="266" /></phr></stem><stem n="38h"><phr n="38h"><ent r="6" t="385" w="268" /><ent r="6" t="385" w="268" /></phr></stem><stem n="&lt;8&gt;"><phr n="&lt;8&gt;"><ent r="6" t="385" w="272" /><ent r="6" t="385" w="272" /></phr></stem><stem n="39h"><phr n="39h"><ent r="6" t="385" w="274" /><ent r="6" t="385" w="274" /></phr></stem><stem n="&lt;9&gt;"><phr n="&lt;9&gt;"><ent r="6" t="385" w="278" /><ent r="6" t="385" w="278" /></phr></stem><stem n="4ch"><phr n="4Ch"><ent r="6" t="385" w="280" /><ent r="6" t="385" w="280" /></phr></stem><stem n="&lt;l&gt;"><phr n="&lt;L&gt;"><ent r="6" t="385" w="284" /><ent r="6" t="385" w="284" /></phr></stem><stem n="&lt;j&gt;"><phr n="&lt;J&gt;"><ent r="6" t="385" w="290" /><ent r="6" t="385" w="290" /></phr></stem><stem n="&lt;k&gt;"><phr n="&lt;K&gt;"><ent r="6" t="385" w="297" /><ent r="6" t="385" w="297" /></phr></stem><stem n="&lt;o&gt;"><phr n="&lt;O&gt;"><ent r="6" t="385" w="304" /><ent r="6" t="385" w="304" /></phr></stem><stem n="4dh"><phr n="4Dh"><ent r="6" t="385" w="306" /><ent r="6" t="385" w="306" /></phr></stem><stem n="&lt;m&gt;"><phr n="&lt;M&gt;"><ent r="6" t="385" w="310" /><ent r="6" t="385" w="310" /></phr></stem><stem n="&lt;p&gt;"><phr n="&lt;P&gt;"><ent r="6" t="385" w="316" /><ent r="6" t="385" w="316" /></phr></stem><stem n="modifi"><phr n="MODIFY"><ent r="7" t="385" w="320" /></phr><phr n="modified"><ent r="3" t="404" w="839" /><ent r="3" t="404" w="839" /></phr><phr n="modify"><ent r="3" t="501" w="13" /><ent r="3" t="501" w="13" /></phr></stem><stem n="&lt;n&gt;"><phr n="&lt;N&gt;"><ent r="6" t="385" w="322" /><ent r="6" t="385" w="322" /></phr></stem><stem n="1bh"><phr n="1Bh"><ent r="6" t="385" w="324" /><ent r="6" t="385" w="324" /><ent r="7" t="432" w="125" /><ent r="7" t="432" w="125" /></phr></stem><stem n="a1h"><phr n="A1h"><ent r="6" t="387" w="117" /><ent r="6" t="387" w="117" /></phr></stem><stem n="164"><phr n="164"><ent r="6" t="387" w="134" /><ent r="6" t="387" w="134" /></phr></stem><stem n="165"><phr n="165"><ent r="6" t="387" w="146" /><ent r="6" t="387" w="146" /></phr></stem><stem n="166"><phr n="166"><ent r="6" t="387" w="161" /><ent r="6" t="387" w="161" /></phr></stem><stem n="aeh"><phr n="AEh"><ent r="1000" t="388" w="3" /><ent r="92" t="388" w="9" /><ent r="6" t="388" w="89" /><ent r="6" t="388" w="89" /><ent r="6" t="388" w="94" /><ent r="6" t="388" w="94" /><ent r="72" t="398" w="2495" /><ent r="72" t="398" w="2495" /><ent r="3" t="398" w="2523" /><ent r="3" t="398" w="2523" /><ent r="3" t="398" w="2545" /><ent r="3" t="398" w="2545" /><ent r="3" t="398" w="2708" /><ent r="3" t="398" w="2708" /><ent r="72" t="398" w="2724" /><ent r="72" t="398" w="2724" /><ent r="3" t="398" w="2770" /><ent r="3" t="398" w="2770" /><ent r="3" t="398" w="2792" /><ent r="3" t="398" w="2792" /><ent r="72" t="398" w="2895" /><ent r="72" t="398" w="2895" /><ent r="3" t="398" w="2917" /><ent r="3" t="398" w="2917" /><ent r="3" t="398" w="2943" /><ent r="3" t="398" w="2943" /><ent r="3" t="398" w="3070" /><ent r="3" t="398" w="3070" /></phr></stem><stem n="10h"><phr n="10h"><ent r="6" t="388" w="127" /><ent r="6" t="388" w="127" /><ent r="8" t="388" w="180" /><ent r="5" t="388" w="445" /><ent r="67" t="388" w="477" /><ent r="6" t="388" w="1279" /><ent r="7" t="388" w="1571" /><ent r="7" t="388" w="1571" /><ent r="3" t="388" w="1575" /><ent r="3" t="388" w="1575" /><ent r="3" t="398" w="3074" /><ent r="3" t="398" w="3074" /><ent r="7" t="444" w="66" /><ent r="7" t="444" w="66" /><ent r="7" t="454" w="64" /><ent r="7" t="454" w="64" /></phr></stem><stem n="dot-decim"><phr n="dot-decimal"><ent r="6" t="388" w="549" /><ent r="6" t="388" w="549" /><ent r="6" t="388" w="676" /><ent r="6" t="388" w="676" /></phr></stem><stem n="notat"><phr n="notation"><ent r="6" t="388" w="551" /><ent r="6" t="388" w="551" /><ent r="6" t="388" w="678" /><ent r="6" t="388" w="678" /></phr></stem><stem n="alloc"><phr n="allocated"><ent r="6" t="388" w="815" /><ent r="6" t="388" w="815" /><ent r="6" t="388" w="847" /><ent r="6" t="388" w="847" /></phr></stem><stem n="zero-bas"><phr n="zero-based"><ent r="6" t="388" w="820" /><ent r="6" t="388" w="852" /><ent r="6" t="388" w="969" /><ent r="6" t="388" w="1022" /><ent r="6" t="388" w="1317" /></phr></stem><stem n="byest"><phr n="byest"><ent r="6" t="388" w="886" /><ent r="6" t="388" w="886" /></phr></stem><stem n="ffffh"><phr n="FFFFh"><ent r="6" t="388" w="1059" /><ent r="6" t="388" w="1059" /><ent r="6" t="388" w="1184" /><ent r="6" t="388" w="1184" /><ent r="6" t="388" w="1354" /><ent r="6" t="388" w="1354" /><ent r="6" t="388" w="1479" /><ent r="6" t="388" w="1479" /></phr></stem><stem n="ctrl"><phr n="Ctrl"><ent r="5" t="390" w="101" /><ent r="3" t="399" w="350" /><ent r="3" t="399" w="350" /></phr></stem><stem n="comma-delimit"><phr n="Comma-delimited"><ent r="6" t="390" w="248" /><ent r="6" t="390" w="248" /><ent r="6" t="390" w="253" /><ent r="6" t="390" w="253" /><ent r="6" t="390" w="276" /><ent r="6" t="390" w="276" /><ent r="6" t="390" w="281" /><ent r="6" t="390" w="281" /><ent r="6" t="390" w="330" /><ent r="6" t="390" w="330" /><ent r="6" t="390" w="335" /><ent r="6" t="390" w="335" /><ent r="6" t="390" w="361" /><ent r="6" t="390" w="361" /><ent r="6" t="390" w="366" /><ent r="6" t="390" w="366" /><ent r="6" t="390" w="391" /><ent r="6" t="390" w="391" /><ent r="6" t="390" w="396" /><ent r="6" t="390" w="396" /><ent r="6" t="390" w="411" /><ent r="6" t="390" w="411" /><ent r="6" t="390" w="416" /><ent r="6" t="390" w="416" /><ent r="6" t="390" w="433" /><ent r="6" t="390" w="433" /><ent r="6" t="390" w="438" /><ent r="6" t="390" w="438" /><ent r="6" t="390" w="469" /><ent r="6" t="390" w="469" /><ent r="6" t="390" w="474" /><ent r="6" t="390" w="474" /><ent r="6" t="390" w="505" /><ent r="6" t="390" w="505" /><ent r="6" t="390" w="510" /><ent r="6" t="390" w="510" /></phr><phr n="comma-delimited"><ent r="3" t="390" w="701" /><ent r="3" t="390" w="701" /><ent r="3" t="390" w="942" /><ent r="3" t="390" w="942" /><ent r="3" t="390" w="973" /><ent r="3" t="390" w="973" /><ent r="3" t="390" w="1057" /><ent r="3" t="390" w="1057" /><ent r="3" t="390" w="1096" /><ent r="3" t="390" w="1096" /><ent r="3" t="390" w="1163" /><ent r="3" t="390" w="1163" /></phr></stem><stem n="comma"><phr n="Comma"><ent r="6" t="390" w="248" /><ent r="6" t="390" w="253" /><ent r="6" t="390" w="276" /><ent r="6" t="390" w="281" /><ent r="6" t="390" w="330" /><ent r="6" t="390" w="335" /><ent r="6" t="390" w="361" /><ent r="6" t="390" w="366" /><ent r="6" t="390" w="391" /><ent r="6" t="390" w="396" /><ent r="6" t="390" w="411" /><ent r="6" t="390" w="416" /><ent r="6" t="390" w="433" /><ent r="6" t="390" w="438" /><ent r="6" t="390" w="469" /><ent r="6" t="390" w="474" /><ent r="6" t="390" w="505" /><ent r="6" t="390" w="510" /></phr><phr n="comma"><ent r="3" t="390" w="674" /><ent r="3" t="390" w="701" /><ent r="3" t="390" w="731" /><ent r="3" t="390" w="731" /><ent r="3" t="390" w="942" /><ent r="3" t="390" w="973" /><ent r="3" t="390" w="1057" /><ent r="3" t="390" w="1092" /><ent r="3" t="390" w="1096" /><ent r="3" t="390" w="1163" /><ent r="3" t="393" w="83" /><ent r="3" t="393" w="83" /><ent r="3" t="393" w="94" /><ent r="3" t="393" w="94" /><ent r="5" t="394" w="43" /></phr><phr n="Commas"><ent r="3" t="390" w="774" /><ent r="3" t="390" w="774" /></phr><phr n="commas"><ent r="3" t="390" w="1010" /><ent r="3" t="390" w="1010" /><ent r="3" t="393" w="134" /><ent r="3" t="393" w="134" /><ent r="5" t="394" w="56" /></phr></stem></index>