<?xml version="1.0" encoding="utf-8"?><index><!-- saved from url=(0016)http://localhost -->
<stem n="specif"><phr n="specific"><ent r="3" t="0" w="82" /><ent r="3" t="0" w="82" /><ent r="3" t="0" w="91" /><ent r="3" t="0" w="91" /><ent r="3" t="0" w="98" /><ent r="3" t="0" w="98" /><ent r="7" t="235" w="2406" /><ent r="7" t="235" w="2406" /><ent r="3" t="239" w="164" /><ent r="3" t="239" w="164" /><ent r="3" t="242" w="1686" /><ent r="3" t="242" w="1686" /><ent r="3" t="244" w="872" /><ent r="3" t="244" w="872" /><ent r="3" t="257" w="26" /><ent r="3" t="257" w="26" /><ent r="3" t="263" w="357" /><ent r="3" t="263" w="357" /><ent r="3" t="269" w="232" /><ent r="3" t="269" w="232" /><ent r="3" t="269" w="264" /><ent r="3" t="269" w="264" /><ent r="6" t="282" w="186" /><ent r="6" t="282" w="186" /><ent r="5" t="282" w="191" /><ent r="5" t="282" w="191" /><ent r="6" t="282" w="343" /><ent r="6" t="282" w="343" /><ent r="5" t="282" w="348" /><ent r="5" t="282" w="348" /><ent r="3" t="287" w="348" /><ent r="3" t="287" w="348" /><ent r="3" t="290" w="23" /><ent r="3" t="290" w="23" /><ent r="3" t="314" w="526" /><ent r="3" t="314" w="526" /><ent r="3" t="319" w="209" /><ent r="3" t="319" w="209" /><ent r="3" t="336" w="39" /><ent r="3" t="336" w="39" /><ent r="3" t="372" w="37" /><ent r="6" t="372" w="149" /><ent r="6" t="372" w="149" /><ent r="3" t="379" w="16" /><ent r="3" t="379" w="16" /><ent r="3" t="380" w="37" /><ent r="3" t="380" w="37" /><ent r="5" t="388" w="425" /><ent r="5" t="388" w="425" /><ent r="5" t="388" w="462" /><ent r="5" t="388" w="462" /><ent r="3" t="398" w="2913" /><ent r="3" t="398" w="2913" /><ent r="3" t="399" w="3174" /><ent r="3" t="399" w="3174" /><ent r="3" t="409" w="221" /><ent r="3" t="409" w="221" /><ent r="3" t="422" w="63" /><ent r="3" t="422" w="63" /><ent r="3" t="432" w="507" /><ent r="3" t="432" w="507" /><ent r="7" t="477" w="132" /><ent r="7" t="477" w="132" /><ent r="7" t="477" w="154" /><ent r="7" t="477" w="154" /></phr><phr n="Specifications"><ent r="3" t="11" w="939" /><ent r="3" t="11" w="939" /><ent r="6" t="35" w="70" /><ent r="6" t="35" w="70" /><ent r="6" t="87" w="70" /><ent r="6" t="87" w="70" /><ent r="6" t="117" w="70" /><ent r="6" t="117" w="70" /><ent r="6" t="140" w="70" /><ent r="6" t="140" w="70" /><ent r="6" t="191" w="70" /><ent r="6" t="191" w="70" /><ent r="1000" t="417" w="1" /><ent r="1000" t="417" w="1" /><ent r="102" t="417" w="3" /><ent r="102" t="417" w="3" /><ent r="4" t="417" w="202" /><ent r="4" t="417" w="202" /></phr><phr n="specifications"><ent r="3" t="11" w="949" /><ent r="3" t="11" w="949" /><ent r="3" t="11" w="953" /><ent r="3" t="11" w="953" /><ent r="1000" t="16" w="2" /><ent r="1000" t="16" w="2" /><ent r="92" t="16" w="5" /><ent r="92" t="16" w="5" /><ent r="3" t="16" w="9" /><ent r="3" t="16" w="9" /><ent r="3" t="16" w="24" /><ent r="3" t="16" w="24" /><ent r="8" t="16" w="143" /><ent r="8" t="16" w="143" /><ent r="1000" t="17" w="2" /><ent r="1000" t="17" w="2" /><ent r="92" t="17" w="5" /><ent r="92" t="17" w="5" /><ent r="3" t="17" w="12" /><ent r="3" t="17" w="12" /><ent r="8" t="17" w="96" /><ent r="8" t="17" w="96" /><ent r="1000" t="19" w="2" /><ent r="1000" t="19" w="2" /><ent r="92" t="19" w="5" /><ent r="92" t="19" w="5" /><ent r="1000" t="20" w="2" /><ent r="1000" t="20" w="2" /><ent r="92" t="20" w="5" /><ent r="92" t="20" w="5" /><ent r="1000" t="38" w="3" /><ent r="1000" t="38" w="3" /><ent r="92" t="38" w="10" /><ent r="92" t="38" w="10" /><ent r="3" t="38" w="68" /><ent r="3" t="38" w="68" /><ent r="1000" t="47" w="2" /><ent r="1000" t="47" w="2" /><ent r="92" t="47" w="5" /><ent r="92" t="47" w="5" /><ent r="3" t="47" w="9" /><ent r="3" t="47" w="9" /><ent r="3" t="47" w="24" /><ent r="3" t="47" w="24" /><ent r="8" t="47" w="143" /><ent r="8" t="47" w="143" /><ent r="1000" t="48" w="2" /><ent r="1000" t="48" w="2" /><ent r="92" t="48" w="5" /><ent r="92" t="48" w="5" /><ent r="3" t="48" w="12" /><ent r="3" t="48" w="12" /><ent r="8" t="48" w="96" /><ent r="8" t="48" w="96" /><ent r="1000" t="50" w="2" /><ent r="1000" t="50" w="2" /><ent r="92" t="50" w="5" /><ent r="92" t="50" w="5" /><ent r="1000" t="51" w="2" /><ent r="1000" t="51" w="2" /><ent r="92" t="51" w="5" /><ent r="92" t="51" w="5" /><ent r="1000" t="65" w="3" /><ent r="1000" t="65" w="3" /><ent r="92" t="65" w="10" /><ent r="92" t="65" w="10" /><ent r="3" t="65" w="68" /><ent r="3" t="65" w="68" /><ent r="1000" t="71" w="2" /><ent r="1000" t="71" w="2" /><ent r="92" t="71" w="5" /><ent r="92" t="71" w="5" /><ent r="3" t="71" w="9" /><ent r="3" t="71" w="9" /><ent r="3" t="71" w="24" /><ent r="3" t="71" w="24" /><ent r="8" t="71" w="143" /><ent r="8" t="71" w="143" /><ent r="1000" t="72" w="2" /><ent r="1000" t="72" w="2" /><ent r="92" t="72" w="5" /><ent r="92" t="72" w="5" /><ent r="3" t="72" w="12" /><ent r="3" t="72" w="12" /><ent r="8" t="72" w="96" /><ent r="8" t="72" w="96" /><ent r="1000" t="74" w="2" /><ent r="1000" t="74" w="2" /><ent r="92" t="74" w="5" /><ent r="92" t="74" w="5" /><ent r="1000" t="75" w="2" /><ent r="1000" t="75" w="2" /><ent r="92" t="75" w="5" /><ent r="92" t="75" w="5" /><ent r="1000" t="98" w="2" /><ent r="1000" t="98" w="2" /><ent r="92" t="98" w="5" /><ent r="92" t="98" w="5" /><ent r="3" t="98" w="9" /><ent r="3" t="98" w="9" /><ent r="3" t="98" w="24" /><ent r="3" t="98" w="24" /><ent r="8" t="98" w="143" /><ent r="8" t="98" w="143" /><ent r="1000" t="99" w="2" /><ent r="1000" t="99" w="2" /><ent r="92" t="99" w="5" /><ent r="92" t="99" w="5" /><ent r="3" t="99" w="12" /><ent r="3" t="99" w="12" /><ent r="8" t="99" w="96" /><ent r="8" t="99" w="96" /><ent r="1000" t="101" w="2" /><ent r="1000" t="101" w="2" /><ent r="92" t="101" w="5" /><ent r="92" t="101" w="5" /><ent r="1000" t="102" w="2" /><ent r="1000" t="102" w="2" /><ent r="92" t="102" w="5" /><ent r="92" t="102" w="5" /><ent r="1000" t="120" w="3" /><ent r="1000" t="120" w="3" /><ent r="92" t="120" w="10" /><ent r="92" t="120" w="10" /><ent r="3" t="120" w="68" /><ent r="3" t="120" w="68" /><ent r="1000" t="128" w="2" /><ent r="1000" t="128" w="2" /><ent r="92" t="128" w="5" /><ent r="92" t="128" w="5" /><ent r="1000" t="143" w="3" /><ent r="1000" t="143" w="3" /><ent r="92" t="143" w="10" /><ent r="92" t="143" w="10" /><ent r="3" t="143" w="68" /><ent r="3" t="143" w="68" /><ent r="1000" t="150" w="2" /><ent r="1000" t="150" w="2" /><ent r="92" t="150" w="5" /><ent r="92" t="150" w="5" /><ent r="1000" t="151" w="2" /><ent r="1000" t="151" w="2" /><ent r="92" t="151" w="5" /><ent r="92" t="151" w="5" /><ent r="1000" t="152" w="2" /><ent r="1000" t="152" w="2" /><ent r="92" t="152" w="5" /><ent r="92" t="152" w="5" /><ent r="1000" t="153" w="2" /><ent r="1000" t="153" w="2" /><ent r="92" t="153" w="5" /><ent r="92" t="153" w="5" /><ent r="1000" t="154" w="2" /><ent r="1000" t="154" w="2" /><ent r="92" t="154" w="5" /><ent r="92" t="154" w="5" /><ent r="1000" t="165" w="2" /><ent r="1000" t="165" w="2" /><ent r="92" t="165" w="5" /><ent r="92" t="165" w="5" /><ent r="1000" t="166" w="2" /><ent r="1000" t="166" w="2" /><ent r="92" t="166" w="5" /><ent r="92" t="166" w="5" /><ent r="1000" t="167" w="2" /><ent r="1000" t="167" w="2" /><ent r="92" t="167" w="5" /><ent r="92" t="167" w="5" /><ent r="1000" t="168" w="2" /><ent r="1000" t="168" w="2" /><ent r="92" t="168" w="5" /><ent r="92" t="168" w="5" /><ent r="1000" t="175" w="2" /><ent r="1000" t="175" w="2" /><ent r="92" t="175" w="5" /><ent r="92" t="175" w="5" /><ent r="1000" t="176" w="2" /><ent r="1000" t="176" w="2" /><ent r="92" t="176" w="5" /><ent r="92" t="176" w="5" /><ent r="1000" t="177" w="2" /><ent r="1000" t="177" w="2" /><ent r="92" t="177" w="5" /><ent r="92" t="177" w="5" /><ent r="1000" t="178" w="2" /><ent r="1000" t="178" w="2" /><ent r="92" t="178" w="5" /><ent r="92" t="178" w="5" /><ent r="1000" t="179" w="2" /><ent r="1000" t="179" w="2" /><ent r="92" t="179" w="5" /><ent r="92" t="179" w="5" /><ent r="1000" t="201" w="2" /><ent r="1000" t="201" w="2" /><ent r="92" t="201" w="5" /><ent r="92" t="201" w="5" /><ent r="1000" t="202" w="2" /><ent r="1000" t="202" w="2" /><ent r="92" t="202" w="5" /><ent r="92" t="202" w="5" /><ent r="1000" t="203" w="2" /><ent r="1000" t="203" w="2" /><ent r="92" t="203" w="5" /><ent r="92" t="203" w="5" /><ent r="1000" t="204" w="2" /><ent r="1000" t="204" w="2" /><ent r="92" t="204" w="5" /><ent r="92" t="204" w="5" /><ent r="1000" t="205" w="2" /><ent r="1000" t="205" w="2" /><ent r="92" t="205" w="5" /><ent r="92" t="205" w="5" /><ent r="1000" t="227" w="2" /><ent r="1000" t="227" w="2" /><ent r="92" t="227" w="5" /><ent r="92" t="227" w="5" /><ent r="1000" t="228" w="2" /><ent r="1000" t="228" w="2" /><ent r="92" t="228" w="5" /><ent r="92" t="228" w="5" /><ent r="1000" t="229" w="2" /><ent r="1000" t="229" w="2" /><ent r="92" t="229" w="5" /><ent r="92" t="229" w="5" /><ent r="1000" t="230" w="2" /><ent r="1000" t="230" w="2" /><ent r="92" t="230" w="5" /><ent r="92" t="230" w="5" /><ent r="1000" t="231" w="2" /><ent r="1000" t="231" w="2" /><ent r="92" t="231" w="5" /><ent r="92" t="231" w="5" /><ent r="3" t="318" w="21" /><ent r="3" t="318" w="21" /><ent r="3" t="401" w="134" /><ent r="3" t="401" w="134" /><ent r="3" t="404" w="260" /><ent r="3" t="404" w="260" /><ent r="3" t="404" w="544" /><ent r="3" t="404" w="832" /><ent r="3" t="404" w="907" /><ent r="3" t="404" w="907" /><ent r="3" t="404" w="941" /><ent r="67" t="412" w="290" /><ent r="67" t="412" w="290" /><ent r="67" t="412" w="297" /><ent r="67" t="412" w="297" /><ent r="67" t="412" w="304" /><ent r="67" t="412" w="304" /><ent r="67" t="412" w="311" /><ent r="67" t="412" w="311" /><ent r="67" t="412" w="318" /><ent r="67" t="412" w="318" /><ent r="67" t="417" w="6" /><ent r="67" t="417" w="6" /><ent r="67" t="417" w="9" /><ent r="67" t="417" w="9" /><ent r="67" t="417" w="12" /><ent r="67" t="417" w="12" /><ent r="67" t="417" w="15" /><ent r="67" t="417" w="15" /><ent r="67" t="417" w="18" /><ent r="67" t="417" w="18" /><ent r="67" t="417" w="21" /><ent r="67" t="417" w="21" /><ent r="67" t="417" w="24" /><ent r="67" t="417" w="24" /><ent r="67" t="417" w="27" /><ent r="67" t="417" w="27" /><ent r="67" t="417" w="30" /><ent r="67" t="417" w="30" /><ent r="67" t="417" w="33" /><ent r="67" t="417" w="33" /><ent r="67" t="417" w="36" /><ent r="67" t="417" w="36" /><ent r="67" t="417" w="39" /><ent r="67" t="417" w="39" /><ent r="67" t="417" w="42" /><ent r="67" t="417" w="42" /><ent r="67" t="417" w="70" /><ent r="67" t="417" w="70" /><ent r="67" t="417" w="73" /><ent r="67" t="417" w="73" /><ent r="67" t="417" w="76" /><ent r="67" t="417" w="76" /><ent r="67" t="417" w="79" /><ent r="67" t="417" w="79" /><ent r="67" t="417" w="82" /><ent r="67" t="417" w="82" /><ent r="67" t="417" w="85" /><ent r="67" t="417" w="85" /><ent r="67" t="417" w="88" /><ent r="67" t="417" w="88" /><ent r="67" t="417" w="91" /><ent r="67" t="417" w="91" /><ent r="67" t="417" w="94" /><ent r="67" t="417" w="94" /><ent r="67" t="417" w="97" /><ent r="67" t="417" w="97" /><ent r="67" t="417" w="100" /><ent r="67" t="417" w="100" /><ent r="67" t="417" w="103" /><ent r="67" t="417" w="103" /><ent r="67" t="417" w="106" /><ent r="67" t="417" w="106" /><ent r="67" t="417" w="109" /><ent r="67" t="417" w="109" /><ent r="67" t="417" w="112" /><ent r="67" t="417" w="112" /><ent r="67" t="417" w="115" /><ent r="67" t="417" w="115" /><ent r="67" t="417" w="118" /><ent r="67" t="417" w="118" /><ent r="67" t="417" w="121" /><ent r="67" t="417" w="121" /><ent r="67" t="417" w="124" /><ent r="67" t="417" w="124" /><ent r="67" t="417" w="127" /><ent r="67" t="417" w="127" /><ent r="67" t="417" w="130" /><ent r="67" t="417" w="130" /><ent r="67" t="417" w="133" /><ent r="67" t="417" w="133" /><ent r="67" t="417" w="136" /><ent r="67" t="417" w="136" /><ent r="67" t="417" w="139" /><ent r="67" t="417" w="139" /><ent r="67" t="417" w="142" /><ent r="67" t="417" w="142" /><ent r="67" t="417" w="145" /><ent r="67" t="417" w="145" /><ent r="67" t="417" w="148" /><ent r="67" t="417" w="148" /><ent r="67" t="417" w="151" /><ent r="67" t="417" w="151" /><ent r="4" t="417" w="197" /><ent r="4" t="417" w="197" /><ent r="3" t="499" w="31" /><ent r="3" t="499" w="31" /></phr><phr n="Specification"><ent r="6" t="16" w="48" /><ent r="6" t="16" w="48" /><ent r="6" t="17" w="53" /><ent r="6" t="17" w="53" /><ent r="6" t="18" w="13" /><ent r="6" t="18" w="13" /><ent r="6" t="19" w="9" /><ent r="6" t="19" w="9" /><ent r="6" t="20" w="9" /><ent r="6" t="20" w="9" /><ent r="6" t="38" w="75" /><ent r="6" t="38" w="75" /><ent r="6" t="47" w="48" /><ent r="6" t="47" w="48" /><ent r="6" t="48" w="53" /><ent r="6" t="48" w="53" /><ent r="6" t="49" w="13" /><ent r="6" t="49" w="13" /><ent r="6" t="50" w="9" /><ent r="6" t="50" w="9" /><ent r="6" t="51" w="9" /><ent r="6" t="51" w="9" /><ent r="6" t="65" w="75" /><ent r="6" t="65" w="75" /><ent r="6" t="71" w="48" /><ent r="6" t="71" w="48" /><ent r="6" t="72" w="53" /><ent r="6" t="72" w="53" /><ent r="6" t="73" w="13" /><ent r="6" t="73" w="13" /><ent r="6" t="74" w="9" /><ent r="6" t="74" w="9" /><ent r="6" t="75" w="9" /><ent r="6" t="75" w="9" /><ent r="6" t="98" w="48" /><ent r="6" t="98" w="48" /><ent r="6" t="99" w="53" /><ent r="6" t="99" w="53" /><ent r="6" t="100" w="13" /><ent r="6" t="100" w="13" /><ent r="6" t="101" w="9" /><ent r="6" t="101" w="9" /><ent r="6" t="102" w="9" /><ent r="6" t="102" w="9" /><ent r="6" t="120" w="75" /><ent r="6" t="120" w="75" /><ent r="6" t="127" w="13" /><ent r="6" t="127" w="13" /><ent r="6" t="128" w="9" /><ent r="6" t="128" w="9" /><ent r="6" t="143" w="75" /><ent r="6" t="143" w="75" /><ent r="6" t="150" w="9" /><ent r="6" t="150" w="9" /><ent r="6" t="151" w="9" /><ent r="6" t="151" w="9" /><ent r="6" t="152" w="9" /><ent r="6" t="152" w="9" /><ent r="6" t="153" w="9" /><ent r="6" t="153" w="9" /><ent r="6" t="154" w="9" /><ent r="6" t="154" w="9" /><ent r="6" t="165" w="9" /><ent r="6" t="165" w="9" /><ent r="6" t="166" w="9" /><ent r="6" t="166" w="9" /><ent r="6" t="167" w="9" /><ent r="6" t="167" w="9" /><ent r="6" t="168" w="9" /><ent r="6" t="168" w="9" /><ent r="6" t="175" w="9" /><ent r="6" t="175" w="9" /><ent r="6" t="176" w="9" /><ent r="6" t="176" w="9" /><ent r="6" t="177" w="9" /><ent r="6" t="177" w="9" /><ent r="6" t="178" w="9" /><ent r="6" t="178" w="9" /><ent r="6" t="179" w="9" /><ent r="6" t="179" w="9" /><ent r="6" t="201" w="9" /><ent r="6" t="201" w="9" /><ent r="6" t="202" w="9" /><ent r="6" t="202" w="9" /><ent r="6" t="203" w="9" /><ent r="6" t="203" w="9" /><ent r="6" t="204" w="9" /><ent r="6" t="204" w="9" /><ent r="6" t="205" w="9" /><ent r="6" t="205" w="9" /><ent r="6" t="227" w="9" /><ent r="6" t="227" w="9" /><ent r="6" t="228" w="9" /><ent r="6" t="228" w="9" /><ent r="6" t="229" w="9" /><ent r="6" t="229" w="9" /><ent r="6" t="230" w="9" /><ent r="6" t="230" w="9" /><ent r="6" t="231" w="9" /><ent r="6" t="231" w="9" /><ent r="3" t="359" w="392" /><ent r="3" t="359" w="392" /><ent r="3" t="382" w="60" /><ent r="3" t="382" w="60" /><ent r="1000" t="416" w="5" /><ent r="1000" t="416" w="5" /><ent r="102" t="416" w="11" /><ent r="102" t="416" w="11" /><ent r="4" t="416" w="38" /><ent r="4" t="416" w="38" /></phr><phr n="specification"><ent r="6" t="28" w="15" /><ent r="6" t="28" w="15" /><ent r="7" t="29" w="125" /><ent r="7" t="29" w="125" /><ent r="6" t="59" w="15" /><ent r="6" t="59" w="15" /><ent r="7" t="60" w="125" /><ent r="7" t="60" w="125" /><ent r="8" t="74" w="24" /><ent r="8" t="74" w="24" /><ent r="6" t="80" w="15" /><ent r="6" t="80" w="15" /><ent r="7" t="81" w="125" /><ent r="7" t="81" w="125" /><ent r="6" t="110" w="15" /><ent r="6" t="110" w="15" /><ent r="7" t="111" w="129" /><ent r="7" t="111" w="129" /><ent r="6" t="133" w="15" /><ent r="6" t="133" w="15" /><ent r="7" t="134" w="129" /><ent r="7" t="134" w="129" /><ent r="6" t="185" w="15" /><ent r="6" t="185" w="15" /><ent r="6" t="211" w="15" /><ent r="6" t="211" w="15" /><ent r="7" t="212" w="125" /><ent r="7" t="212" w="125" /><ent r="3" t="274" w="32" /><ent r="3" t="274" w="32" /><ent r="3" t="318" w="71" /><ent r="1000" t="319" w="5" /><ent r="1000" t="319" w="5" /><ent r="92" t="319" w="11" /><ent r="92" t="319" w="11" /><ent r="3" t="319" w="18" /><ent r="3" t="319" w="18" /><ent r="3" t="319" w="45" /><ent r="3" t="319" w="45" /><ent r="3" t="322" w="17" /><ent r="3" t="322" w="17" /><ent r="6" t="361" w="94" /><ent r="6" t="390" w="1155" /><ent r="6" t="390" w="1155" /><ent r="3" t="400" w="1154" /><ent r="3" t="400" w="1154" /><ent r="3" t="404" w="897" /><ent r="3" t="404" w="897" /><ent r="67" t="416" w="17" /><ent r="67" t="416" w="17" /></phr><phr n="Specific"><ent r="5" t="279" w="206" /><ent r="5" t="279" w="206" /><ent r="5" t="279" w="232" /><ent r="5" t="279" w="232" /><ent r="5" t="279" w="249" /><ent r="5" t="279" w="249" /><ent r="5" t="279" w="267" /><ent r="5" t="279" w="267" /></phr><phr n="SPECIFICATION"><ent r="6" t="361" w="79" /><ent r="6" t="361" w="79" /></phr></stem><stem n="inform"><phr n="information"><ent r="3" t="0" w="89" /><ent r="3" t="0" w="89" /><ent r="1000" t="1" w="2" /><ent r="1000" t="1" w="2" /><ent r="92" t="1" w="5" /><ent r="92" t="1" w="5" /><ent r="3" t="1" w="10" /><ent r="3" t="1" w="10" /><ent r="5" t="1" w="26" /><ent r="5" t="1" w="26" /><ent r="3" t="2" w="16" /><ent r="3" t="2" w="16" /><ent r="3" t="4" w="179" /><ent r="3" t="4" w="179" /><ent r="3" t="13" w="142" /><ent r="3" t="14" w="417" /><ent r="3" t="17" w="36" /><ent r="3" t="31" w="218" /><ent r="3" t="34" w="162" /><ent r="3" t="40" w="40" /><ent r="7" t="43" w="345" /><ent r="3" t="44" w="142" /><ent r="3" t="48" w="36" /><ent r="3" t="62" w="218" /><ent r="3" t="66" w="40" /><ent r="3" t="69" w="294" /><ent r="3" t="72" w="36" /><ent r="3" t="86" w="162" /><ent r="1000" t="91" w="5" /><ent r="1000" t="91" w="5" /><ent r="92" t="91" w="11" /><ent r="92" t="91" w="11" /><ent r="3" t="91" w="14" /><ent r="3" t="91" w="14" /><ent r="3" t="91" w="23" /><ent r="3" t="91" w="23" /><ent r="3" t="91" w="34" /><ent r="3" t="91" w="34" /><ent r="82" t="91" w="49" /><ent r="82" t="91" w="49" /><ent r="72" t="91" w="1641" /><ent r="72" t="91" w="1641" /><ent r="7" t="94" w="345" /><ent r="3" t="95" w="205" /><ent r="3" t="96" w="435" /><ent r="3" t="99" w="36" /><ent r="3" t="113" w="222" /><ent r="3" t="115" w="476" /><ent r="3" t="116" w="163" /><ent r="3" t="121" w="40" /><ent r="3" t="124" w="252" /><ent r="3" t="125" w="459" /><ent r="3" t="136" w="222" /><ent r="3" t="138" w="381" /><ent r="3" t="139" w="163" /><ent r="7" t="146" w="345" /><ent r="3" t="147" w="142" /><ent r="3" t="157" w="36" /><ent r="3" t="160" w="134" /><ent r="3" t="160" w="134" /><ent r="3" t="163" w="75" /><ent r="3" t="163" w="75" /><ent r="3" t="163" w="95" /><ent r="3" t="164" w="51" /><ent r="65" t="164" w="57" /><ent r="65" t="164" w="57" /><ent r="65" t="164" w="65" /><ent r="65" t="164" w="65" /><ent r="82" t="164" w="527" /><ent r="82" t="164" w="527" /><ent r="3" t="164" w="532" /><ent r="3" t="164" w="532" /><ent r="1000" t="170" w="4" /><ent r="1000" t="170" w="4" /><ent r="92" t="170" w="9" /><ent r="92" t="170" w="9" /><ent r="1000" t="171" w="5" /><ent r="1000" t="171" w="5" /><ent r="92" t="171" w="11" /><ent r="92" t="171" w="11" /><ent r="3" t="172" w="142" /><ent r="3" t="187" w="230" /><ent r="3" t="190" w="152" /><ent r="3" t="195" w="36" /><ent r="3" t="198" w="142" /><ent r="3" t="214" w="230" /><ent r="3" t="216" w="288" /><ent r="3" t="219" w="36" /><ent r="6" t="222" w="345" /><ent r="6" t="222" w="728" /><ent r="3" t="223" w="55" /><ent r="3" t="223" w="55" /><ent r="3" t="223" w="105" /><ent r="3" t="223" w="105" /><ent r="3" t="225" w="74" /><ent r="3" t="225" w="74" /><ent r="3" t="225" w="89" /><ent r="3" t="225" w="89" /><ent r="3" t="226" w="45" /><ent r="65" t="226" w="51" /><ent r="65" t="226" w="51" /><ent r="82" t="226" w="569" /><ent r="82" t="226" w="569" /><ent r="3" t="226" w="574" /><ent r="3" t="226" w="574" /><ent r="1000" t="233" w="4" /><ent r="1000" t="233" w="4" /><ent r="92" t="233" w="9" /><ent r="92" t="233" w="9" /><ent r="7" t="235" w="42" /><ent r="7" t="235" w="42" /><ent r="7" t="235" w="96" /><ent r="7" t="235" w="96" /><ent r="7" t="235" w="399" /><ent r="7" t="235" w="399" /><ent r="7" t="235" w="1419" /><ent r="7" t="235" w="1419" /><ent r="7" t="235" w="2971" /><ent r="7" t="235" w="2971" /><ent r="7" t="235" w="3019" /><ent r="7" t="235" w="3019" /><ent r="7" t="235" w="3097" /><ent r="7" t="235" w="3097" /><ent r="7" t="235" w="3607" /><ent r="7" t="235" w="3607" /><ent r="3" t="236" w="16" /><ent r="3" t="236" w="16" /><ent r="3" t="238" w="40" /><ent r="3" t="239" w="12" /><ent r="3" t="239" w="12" /><ent r="3" t="239" w="541" /><ent r="3" t="239" w="541" /><ent r="3" t="241" w="13" /><ent r="3" t="241" w="13" /><ent r="3" t="242" w="13" /><ent r="3" t="242" w="13" /><ent r="3" t="242" w="24" /><ent r="3" t="242" w="24" /><ent r="3" t="242" w="511" /><ent r="6" t="242" w="1107" /><ent r="3" t="242" w="1235" /><ent r="3" t="242" w="1235" /><ent r="3" t="242" w="1338" /><ent r="3" t="242" w="1338" /><ent r="3" t="242" w="1561" /><ent r="3" t="242" w="1674" /><ent r="3" t="242" w="1674" /><ent r="3" t="243" w="13" /><ent r="3" t="243" w="13" /><ent r="3" t="244" w="15" /><ent r="3" t="244" w="19" /><ent r="3" t="244" w="19" /><ent r="3" t="244" w="42" /><ent r="3" t="244" w="42" /><ent r="3" t="244" w="58" /><ent r="3" t="244" w="58" /><ent r="3" t="244" w="97" /><ent r="3" t="244" w="97" /><ent r="3" t="244" w="139" /><ent r="3" t="244" w="139" /><ent r="3" t="244" w="1017" /><ent r="3" t="244" w="1017" /><ent r="3" t="245" w="20" /><ent r="3" t="245" w="25" /><ent r="3" t="245" w="25" /><ent r="3" t="245" w="45" /><ent r="3" t="245" w="45" /><ent r="3" t="246" w="184" /><ent r="3" t="246" w="184" /><ent r="3" t="246" w="222" /><ent r="3" t="246" w="222" /><ent r="3" t="248" w="13" /><ent r="3" t="248" w="13" /><ent r="3" t="248" w="25" /><ent r="3" t="248" w="25" /><ent r="3" t="248" w="84" /><ent r="3" t="248" w="84" /><ent r="3" t="249" w="12" /><ent r="3" t="249" w="12" /><ent r="3" t="250" w="12" /><ent r="3" t="250" w="12" /><ent r="3" t="256" w="89" /><ent r="3" t="257" w="81" /><ent r="3" t="264" w="91" /><ent r="3" t="264" w="91" /><ent r="7" t="267" w="38" /><ent r="7" t="267" w="38" /><ent r="3" t="271" w="60" /><ent r="3" t="271" w="60" /><ent r="3" t="271" w="143" /><ent r="3" t="271" w="143" /><ent r="3" t="275" w="338" /><ent r="4" t="276" w="2618" /><ent r="4" t="276" w="2618" /><ent r="3" t="277" w="24" /><ent r="3" t="277" w="24" /><ent r="3" t="278" w="18" /><ent r="3" t="281" w="16" /><ent r="3" t="282" w="490" /><ent r="3" t="282" w="490" /><ent r="3" t="283" w="10" /><ent r="3" t="283" w="10" /><ent r="3" t="284" w="354" /><ent r="3" t="284" w="354" /><ent r="3" t="284" w="1199" /><ent r="3" t="284" w="1199" /><ent r="3" t="284" w="1331" /><ent r="3" t="284" w="1331" /><ent r="3" t="286" w="228" /><ent r="3" t="286" w="228" /><ent r="3" t="286" w="318" /><ent r="3" t="286" w="318" /><ent r="5" t="288" w="389" /><ent r="3" t="288" w="534" /><ent r="3" t="288" w="534" /><ent r="3" t="291" w="30" /><ent r="3" t="291" w="30" /><ent r="3" t="296" w="396" /><ent r="3" t="296" w="396" /><ent r="3" t="296" w="476" /><ent r="3" t="296" w="476" /><ent r="3" t="296" w="500" /><ent r="3" t="296" w="500" /><ent r="3" t="296" w="505" /><ent r="3" t="296" w="505" /><ent r="3" t="306" w="30" /><ent r="3" t="306" w="30" /><ent r="3" t="307" w="26" /><ent r="3" t="307" w="26" /><ent r="5" t="312" w="402" /><ent r="5" t="312" w="402" /><ent r="5" t="312" w="914" /><ent r="5" t="312" w="914" /><ent r="5" t="312" w="950" /><ent r="3" t="314" w="229" /><ent r="3" t="314" w="273" /><ent r="3" t="314" w="273" /><ent r="3" t="314" w="347" /><ent r="3" t="314" w="360" /><ent r="3" t="314" w="800" /><ent r="3" t="314" w="800" /><ent r="6" t="314" w="831" /><ent r="6" t="314" w="831" /><ent r="6" t="314" w="835" /><ent r="6" t="314" w="852" /><ent r="3" t="314" w="1128" /><ent r="3" t="314" w="1191" /><ent r="3" t="314" w="1191" /><ent r="3" t="314" w="1284" /><ent r="3" t="314" w="1284" /><ent r="3" t="314" w="1341" /><ent r="4" t="315" w="312" /><ent r="3" t="316" w="63" /><ent r="3" t="316" w="63" /><ent r="4" t="317" w="137" /><ent r="3" t="317" w="144" /><ent r="3" t="317" w="268" /><ent r="82" t="318" w="145" /><ent r="82" t="318" w="145" /><ent r="3" t="318" w="164" /><ent r="3" t="318" w="189" /><ent r="3" t="318" w="189" /><ent r="3" t="319" w="64" /><ent r="3" t="319" w="64" /><ent r="3" t="319" w="229" /><ent r="3" t="319" w="229" /><ent r="3" t="326" w="58" /><ent r="6" t="330" w="22" /><ent r="6" t="330" w="22" /><ent r="6" t="330" w="45" /><ent r="6" t="330" w="45" /><ent r="3" t="331" w="16" /><ent r="6" t="333" w="152" /><ent r="6" t="333" w="152" /><ent r="3" t="335" w="14" /><ent r="3" t="335" w="29" /><ent r="3" t="335" w="29" /><ent r="1000" t="336" w="5" /><ent r="1000" t="336" w="5" /><ent r="92" t="336" w="12" /><ent r="92" t="336" w="12" /><ent r="3" t="336" w="36" /><ent r="3" t="336" w="36" /><ent r="3" t="336" w="357" /><ent r="3" t="347" w="46" /><ent r="3" t="347" w="46" /><ent r="3" t="347" w="72" /><ent r="3" t="347" w="72" /><ent r="7" t="347" w="293" /><ent r="7" t="347" w="293" /><ent r="7" t="347" w="311" /><ent r="7" t="347" w="311" /><ent r="3" t="348" w="148" /><ent r="3" t="348" w="148" /><ent r="3" t="348" w="183" /><ent r="3" t="348" w="183" /><ent r="8" t="348" w="559" /><ent r="8" t="348" w="559" /><ent r="10" t="348" w="677" /><ent r="10" t="348" w="677" /><ent r="10" t="348" w="691" /><ent r="10" t="348" w="691" /><ent r="10" t="348" w="698" /><ent r="10" t="348" w="698" /><ent r="3" t="359" w="337" /><ent r="3" t="359" w="337" /><ent r="3" t="359" w="452" /><ent r="3" t="359" w="452" /><ent r="68" t="360" w="196" /><ent r="68" t="360" w="196" /><ent r="1000" t="361" w="3" /><ent r="1000" t="361" w="3" /><ent r="92" t="361" w="8" /><ent r="92" t="361" w="8" /><ent r="3" t="361" w="22" /><ent r="3" t="361" w="22" /><ent r="3" t="361" w="35" /><ent r="3" t="361" w="35" /><ent r="3" t="361" w="62" /><ent r="3" t="361" w="62" /><ent r="3" t="361" w="205" /><ent r="3" t="361" w="205" /><ent r="3" t="361" w="210" /><ent r="3" t="361" w="210" /><ent r="3" t="362" w="24" /><ent r="3" t="362" w="24" /><ent r="3" t="363" w="602" /><ent r="3" t="363" w="602" /><ent r="3" t="364" w="224" /><ent r="3" t="364" w="224" /><ent r="3" t="366" w="216" /><ent r="3" t="366" w="216" /><ent r="3" t="367" w="218" /><ent r="3" t="367" w="218" /><ent r="3" t="368" w="218" /><ent r="3" t="368" w="218" /><ent r="3" t="369" w="217" /><ent r="3" t="369" w="217" /><ent r="3" t="370" w="216" /><ent r="3" t="370" w="216" /><ent r="3" t="371" w="290" /><ent r="3" t="371" w="290" /><ent r="3" t="372" w="980" /><ent r="3" t="372" w="980" /><ent r="3" t="373" w="197" /><ent r="3" t="373" w="197" /><ent r="3" t="374" w="306" /><ent r="3" t="374" w="306" /><ent r="3" t="375" w="130" /><ent r="3" t="375" w="130" /><ent r="3" t="376" w="127" /><ent r="3" t="376" w="127" /><ent r="3" t="377" w="223" /><ent r="3" t="377" w="223" /><ent r="3" t="379" w="136" /><ent r="3" t="380" w="54" /><ent r="3" t="380" w="54" /><ent r="3" t="380" w="96" /><ent r="6" t="390" w="265" /><ent r="6" t="390" w="298" /><ent r="6" t="390" w="350" /><ent r="6" t="390" w="380" /><ent r="3" t="390" w="637" /><ent r="3" t="390" w="637" /><ent r="3" t="392" w="14" /><ent r="3" t="392" w="14" /><ent r="3" t="393" w="99" /><ent r="3" t="393" w="185" /><ent r="3" t="393" w="185" /><ent r="7" t="393" w="199" /><ent r="7" t="393" w="199" /><ent r="7" t="393" w="209" /><ent r="7" t="393" w="209" /><ent r="7" t="393" w="302" /><ent r="7" t="393" w="302" /><ent r="7" t="393" w="358" /><ent r="7" t="393" w="358" /><ent r="3" t="395" w="12" /><ent r="3" t="395" w="12" /><ent r="3" t="395" w="34" /><ent r="3" t="395" w="34" /><ent r="4" t="398" w="69" /><ent r="4" t="398" w="69" /><ent r="3" t="399" w="2520" /><ent r="3" t="399" w="2520" /><ent r="5" t="400" w="1355" /><ent r="5" t="400" w="1355" /><ent r="5" t="400" w="1555" /><ent r="5" t="400" w="1555" /><ent r="5" t="400" w="1822" /><ent r="5" t="400" w="1822" /><ent r="5" t="400" w="1865" /><ent r="5" t="400" w="1865" /><ent r="4" t="401" w="80" /><ent r="3" t="402" w="150" /><ent r="3" t="402" w="150" /><ent r="3" t="402" w="296" /><ent r="3" t="402" w="296" /><ent r="3" t="402" w="838" /><ent r="3" t="402" w="838" /><ent r="3" t="402" w="1532" /><ent r="3" t="404" w="777" /><ent r="3" t="404" w="777" /><ent r="3" t="404" w="876" /><ent r="4" t="404" w="1398" /><ent r="3" t="404" w="1660" /><ent r="1000" t="406" w="4" /><ent r="1000" t="406" w="4" /><ent r="92" t="406" w="10" /><ent r="92" t="406" w="10" /><ent r="3" t="409" w="63" /><ent r="3" t="409" w="63" /><ent r="67" t="412" w="332" /><ent r="67" t="412" w="332" /><ent r="67" t="415" w="21" /><ent r="67" t="415" w="21" /><ent r="67" t="415" w="28" /><ent r="67" t="415" w="28" /><ent r="67" t="417" w="180" /><ent r="67" t="417" w="180" /><ent r="67" t="417" w="186" /><ent r="67" t="417" w="186" /><ent r="67" t="417" w="191" /><ent r="67" t="417" w="191" /><ent r="3" t="421" w="290" /><ent r="3" t="421" w="346" /><ent r="3" t="423" w="22" /><ent r="3" t="423" w="22" /><ent r="3" t="423" w="28" /><ent r="3" t="423" w="28" /><ent r="3" t="423" w="56" /><ent r="3" t="423" w="226" /><ent r="3" t="423" w="226" /><ent r="3" t="423" w="416" /><ent r="3" t="423" w="416" /><ent r="3" t="424" w="17" /><ent r="3" t="424" w="17" /><ent r="5" t="427" w="650" /><ent r="5" t="427" w="650" /><ent r="3" t="430" w="18" /><ent r="3" t="430" w="18" /><ent r="7" t="430" w="88" /><ent r="7" t="430" w="88" /><ent r="3" t="431" w="18" /><ent r="3" t="431" w="18" /><ent r="7" t="431" w="129" /><ent r="7" t="431" w="129" /><ent r="3" t="432" w="13" /><ent r="3" t="432" w="13" /><ent r="7" t="432" w="128" /><ent r="7" t="432" w="128" /><ent r="3" t="434" w="14" /><ent r="3" t="434" w="14" /><ent r="3" t="435" w="16" /><ent r="72" t="435" w="30" /><ent r="72" t="435" w="30" /><ent r="7" t="435" w="56" /><ent r="7" t="435" w="56" /><ent r="7" t="435" w="84" /><ent r="7" t="435" w="84" /><ent r="7" t="438" w="275" /><ent r="7" t="438" w="275" /><ent r="3" t="439" w="22" /><ent r="72" t="439" w="27" /><ent r="72" t="439" w="27" /><ent r="7" t="439" w="53" /><ent r="7" t="439" w="53" /><ent r="3" t="442" w="22" /><ent r="3" t="443" w="22" /><ent r="3" t="443" w="22" /><ent r="7" t="443" w="133" /><ent r="7" t="443" w="133" /><ent r="3" t="444" w="14" /><ent r="7" t="444" w="55" /><ent r="7" t="444" w="55" /><ent r="3" t="445" w="16" /><ent r="5" t="445" w="25" /><ent r="5" t="445" w="25" /><ent r="3" t="446" w="17" /><ent r="72" t="446" w="67" /><ent r="72" t="446" w="67" /><ent r="3" t="447" w="18" /><ent r="7" t="447" w="71" /><ent r="7" t="447" w="71" /><ent r="7" t="447" w="100" /><ent r="7" t="447" w="100" /><ent r="7" t="447" w="128" /><ent r="7" t="447" w="128" /><ent r="3" t="449" w="15" /><ent r="7" t="449" w="119" /><ent r="7" t="449" w="119" /><ent r="3" t="450" w="18" /><ent r="7" t="450" w="71" /><ent r="7" t="450" w="71" /><ent r="3" t="451" w="18" /><ent r="7" t="451" w="101" /><ent r="7" t="451" w="101" /><ent r="3" t="452" w="14" /><ent r="3" t="453" w="17" /><ent r="3" t="454" w="14" /><ent r="3" t="455" w="13" /><ent r="1000" t="459" w="4" /><ent r="1000" t="459" w="4" /><ent r="92" t="459" w="10" /><ent r="92" t="459" w="10" /><ent r="1000" t="460" w="5" /><ent r="1000" t="460" w="5" /><ent r="92" t="460" w="12" /><ent r="92" t="460" w="12" /><ent r="67" t="462" w="10" /><ent r="67" t="462" w="10" /><ent r="3" t="463" w="252" /><ent r="72" t="473" w="14" /><ent r="72" t="473" w="14" /><ent r="7" t="477" w="131" /><ent r="7" t="477" w="131" /><ent r="7" t="477" w="153" /><ent r="7" t="477" w="153" /><ent r="72" t="478" w="13" /><ent r="72" t="478" w="13" /><ent r="72" t="482" w="12" /><ent r="72" t="482" w="12" /><ent r="3" t="485" w="24" /><ent r="3" t="485" w="24" /><ent r="72" t="488" w="22" /><ent r="72" t="488" w="22" /><ent r="3" t="488" w="43" /><ent r="72" t="492" w="14" /><ent r="72" t="492" w="14" /><ent r="72" t="493" w="14" /><ent r="72" t="493" w="14" /><ent r="3" t="498" w="53" /><ent r="3" t="498" w="53" /><ent r="3" t="499" w="26" /></phr><phr n="Information"><ent r="3" t="244" w="860" /><ent r="3" t="244" w="860" /><ent r="1000" t="248" w="3" /><ent r="1000" t="248" w="3" /><ent r="82" t="248" w="7" /><ent r="82" t="248" w="7" /><ent r="4" t="326" w="31" /><ent r="4" t="326" w="31" /><ent r="67" t="330" w="56" /><ent r="67" t="330" w="56" /><ent r="7" t="393" w="403" /><ent r="7" t="393" w="403" /><ent r="68" t="395" w="237" /><ent r="68" t="395" w="237" /><ent r="7" t="395" w="241" /><ent r="7" t="395" w="241" /><ent r="3" t="402" w="1301" /><ent r="3" t="402" w="1301" /><ent r="64" t="408" w="77" /><ent r="64" t="408" w="77" /><ent r="1000" t="439" w="6" /><ent r="1000" t="439" w="6" /><ent r="82" t="439" w="13" /><ent r="82" t="439" w="13" /><ent r="7" t="445" w="109" /><ent r="7" t="445" w="109" /><ent r="7" t="482" w="266" /><ent r="7" t="482" w="266" /><ent r="7" t="482" w="281" /><ent r="7" t="482" w="281" /><ent r="7" t="482" w="296" /><ent r="7" t="482" w="296" /></phr><phr n="INFORMATION"><ent r="7" t="360" w="189" /><ent r="7" t="360" w="189" /></phr></stem></index>