<?xml version="1.0" encoding="utf-8"?><index><!-- saved from url=(0016)http://localhost -->
<stem n="raim"><phr n="RAIM"><ent r="4" t="14" w="375" /><ent r="4" t="45" w="375" /><ent r="4" t="70" w="434" /><ent r="4" t="96" w="391" /><ent r="5" t="125" w="421" /><ent r="3" t="249" w="113" /><ent r="3" t="249" w="113" /><ent r="7" t="353" w="1237" /><ent r="7" t="353" w="1237" /><ent r="7" t="393" w="217" /><ent r="7" t="393" w="217" /><ent r="72" t="474" w="15" /><ent r="72" t="474" w="15" /><ent r="3" t="479" w="27" /></phr></stem><stem n="develop"><phr n="developed"><ent r="3" t="14" w="380" /><ent r="3" t="14" w="380" /><ent r="3" t="45" w="380" /><ent r="3" t="45" w="380" /><ent r="3" t="70" w="439" /><ent r="3" t="70" w="439" /><ent r="3" t="96" w="402" /><ent r="3" t="96" w="402" /><ent r="3" t="125" w="426" /><ent r="3" t="125" w="426" /><ent r="7" t="235" w="579" /><ent r="7" t="235" w="579" /><ent r="7" t="235" w="607" /><ent r="7" t="235" w="607" /><ent r="3" t="319" w="213" /><ent r="3" t="319" w="213" /><ent r="3" t="404" w="121" /><ent r="3" t="404" w="121" /><ent r="3" t="404" w="1303" /><ent r="3" t="404" w="1303" /></phr><phr n="development"><ent r="3" t="22" w="118" /><ent r="3" t="22" w="118" /><ent r="64" t="31" w="230" /><ent r="64" t="31" w="230" /><ent r="7" t="32" w="60" /><ent r="7" t="32" w="60" /><ent r="7" t="32" w="160" /><ent r="7" t="32" w="160" /><ent r="7" t="32" w="250" /><ent r="7" t="32" w="250" /><ent r="7" t="32" w="350" /><ent r="7" t="32" w="350" /><ent r="3" t="53" w="116" /><ent r="3" t="53" w="116" /><ent r="64" t="62" w="230" /><ent r="64" t="62" w="230" /><ent r="7" t="63" w="60" /><ent r="7" t="63" w="60" /><ent r="7" t="63" w="160" /><ent r="7" t="63" w="160" /><ent r="7" t="63" w="250" /><ent r="7" t="63" w="250" /><ent r="7" t="63" w="350" /><ent r="7" t="63" w="350" /><ent r="7" t="83" w="153" /><ent r="7" t="83" w="153" /><ent r="3" t="85" w="83" /><ent r="3" t="85" w="83" /><ent r="4" t="90" w="96" /><ent r="4" t="90" w="96" /><ent r="4" t="90" w="112" /><ent r="4" t="90" w="112" /><ent r="4" t="90" w="164" /><ent r="4" t="90" w="164" /><ent r="3" t="104" w="102" /><ent r="3" t="104" w="102" /><ent r="64" t="113" w="234" /><ent r="64" t="113" w="234" /><ent r="7" t="114" w="61" /><ent r="7" t="114" w="61" /><ent r="7" t="114" w="162" /><ent r="7" t="114" w="162" /><ent r="7" t="114" w="253" /><ent r="7" t="114" w="253" /><ent r="7" t="114" w="354" /><ent r="7" t="114" w="354" /><ent r="64" t="136" w="234" /><ent r="64" t="136" w="234" /><ent r="7" t="137" w="61" /><ent r="7" t="137" w="61" /><ent r="7" t="137" w="161" /><ent r="7" t="137" w="161" /><ent r="7" t="137" w="252" /><ent r="7" t="137" w="252" /><ent r="3" t="138" w="405" /><ent r="3" t="138" w="405" /><ent r="64" t="187" w="242" /><ent r="64" t="187" w="242" /><ent r="7" t="188" w="111" /><ent r="7" t="188" w="111" /><ent r="7" t="188" w="234" /><ent r="7" t="188" w="234" /><ent r="3" t="194" w="74" /><ent r="3" t="194" w="74" /><ent r="64" t="214" w="242" /><ent r="64" t="214" w="242" /><ent r="7" t="215" w="111" /><ent r="7" t="215" w="111" /><ent r="7" t="215" w="234" /><ent r="7" t="215" w="234" /><ent r="3" t="218" w="74" /><ent r="3" t="218" w="74" /><ent r="7" t="235" w="1470" /><ent r="7" t="235" w="1470" /><ent r="1000" t="401" w="10" /><ent r="1000" t="401" w="10" /><ent r="92" t="401" w="22" /><ent r="92" t="401" w="22" /><ent r="3" t="401" w="42" /><ent r="3" t="401" w="42" /><ent r="82" t="401" w="89" /><ent r="82" t="401" w="89" /><ent r="3" t="404" w="584" /><ent r="3" t="404" w="584" /></phr><phr n="developer"><ent r="3" t="22" w="140" /><ent r="3" t="22" w="140" /><ent r="3" t="53" w="138" /><ent r="3" t="53" w="138" /><ent r="3" t="104" w="124" /><ent r="3" t="104" w="124" /></phr><phr n="Development"><ent r="7" t="187" w="111" /><ent r="7" t="187" w="111" /><ent r="7" t="214" w="111" /><ent r="7" t="214" w="111" /></phr><phr n="develop"><ent r="3" t="237" w="198" /><ent r="3" t="237" w="198" /></phr><phr n="developers"><ent r="3" t="237" w="208" /></phr><phr n="develops"><ent r="3" t="404" w="1300" /><ent r="3" t="404" w="1300" /></phr></stem><stem n="licens"><phr n="license"><ent r="3" t="14" w="383" /><ent r="3" t="14" w="383" /><ent r="3" t="45" w="383" /><ent r="3" t="45" w="383" /><ent r="3" t="70" w="442" /><ent r="3" t="70" w="442" /><ent r="3" t="96" w="405" /><ent r="3" t="96" w="405" /><ent r="3" t="125" w="429" /><ent r="3" t="125" w="429" /><ent r="7" t="235" w="1795" /><ent r="3" t="402" w="1448" /><ent r="3" t="404" w="124" /><ent r="3" t="404" w="124" /><ent r="3" t="404" w="342" /><ent r="3" t="404" w="342" /><ent r="3" t="404" w="360" /><ent r="3" t="404" w="360" /></phr><phr n="licensing"><ent r="8" t="17" w="150" /><ent r="8" t="17" w="150" /><ent r="8" t="48" w="150" /><ent r="8" t="48" w="150" /><ent r="8" t="72" w="150" /><ent r="8" t="72" w="150" /><ent r="8" t="99" w="150" /><ent r="8" t="99" w="150" /></phr><phr n="licensed"><ent r="3" t="404" w="318" /><ent r="3" t="404" w="318" /></phr></stem><stem n="european"><phr n="European"><ent r="3" t="14" w="386" /><ent r="3" t="14" w="386" /><ent r="3" t="14" w="390" /><ent r="3" t="14" w="390" /><ent r="3" t="45" w="386" /><ent r="3" t="45" w="386" /><ent r="3" t="45" w="390" /><ent r="3" t="45" w="390" /><ent r="3" t="70" w="445" /><ent r="3" t="70" w="445" /><ent r="3" t="70" w="449" /><ent r="3" t="70" w="449" /><ent r="3" t="96" w="408" /><ent r="3" t="96" w="408" /><ent r="3" t="96" w="412" /><ent r="3" t="96" w="412" /><ent r="3" t="125" w="432" /><ent r="3" t="125" w="432" /><ent r="3" t="125" w="436" /><ent r="3" t="125" w="436" /><ent r="4" t="148" w="40" /><ent r="4" t="148" w="40" /><ent r="5" t="161" w="48" /><ent r="5" t="161" w="48" /><ent r="7" t="235" w="795" /><ent r="7" t="235" w="795" /><ent r="7" t="235" w="1126" /><ent r="7" t="235" w="1126" /><ent r="7" t="235" w="1151" /><ent r="7" t="235" w="1151" /><ent r="7" t="235" w="1486" /><ent r="7" t="235" w="1486" /><ent r="7" t="235" w="1490" /><ent r="7" t="235" w="1490" /><ent r="7" t="235" w="1556" /><ent r="7" t="235" w="1556" /><ent r="7" t="235" w="3630" /><ent r="7" t="235" w="3630" /><ent r="3" t="288" w="918" /><ent r="3" t="288" w="918" /><ent r="3" t="404" w="127" /><ent r="3" t="404" w="127" /><ent r="3" t="404" w="131" /><ent r="3" t="404" w="131" /><ent r="4" t="425" w="46" /><ent r="4" t="425" w="46" /></phr><phr n="european"><ent r="4" t="404" w="1362" /><ent r="4" t="404" w="1362" /></phr><phr n="EUROPEAN"><ent r="3" t="404" w="1591" /><ent r="3" t="404" w="1591" /></phr></stem><stem n="union"><phr n="Union"><ent r="3" t="14" w="387" /><ent r="3" t="14" w="387" /><ent r="3" t="45" w="387" /><ent r="3" t="45" w="387" /><ent r="3" t="70" w="446" /><ent r="3" t="70" w="446" /><ent r="3" t="96" w="409" /><ent r="3" t="96" w="409" /><ent r="3" t="125" w="433" /><ent r="3" t="125" w="433" /><ent r="7" t="235" w="1487" /><ent r="7" t="235" w="1487" /><ent r="3" t="404" w="128" /><ent r="3" t="404" w="128" /></phr></stem><stem n="agenc"><phr n="Agency"><ent r="3" t="14" w="392" /><ent r="3" t="45" w="392" /><ent r="3" t="70" w="451" /><ent r="3" t="96" w="414" /><ent r="3" t="125" w="438" /><ent r="7" t="235" w="1492" /><ent r="7" t="235" w="1558" /><ent r="7" t="235" w="1558" /><ent r="3" t="404" w="133" /><ent r="3" t="404" w="133" /><ent r="4" t="498" w="83" /><ent r="4" t="498" w="83" /><ent r="3" t="498" w="88" /><ent r="3" t="498" w="88" /></phr></stem><stem n="public"><phr n="publication"><ent r="3" t="14" w="399" /></phr><phr n="public"><ent r="3" t="14" w="401" /><ent r="3" t="14" w="401" /><ent r="3" t="96" w="419" /><ent r="3" t="96" w="419" /><ent r="3" t="125" w="443" /><ent r="3" t="125" w="443" /><ent r="3" t="296" w="384" /><ent r="3" t="296" w="384" /></phr></stem><stem n="icd"><phr n="ICD"><ent r="3" t="14" w="403" /><ent r="3" t="14" w="403" /><ent r="3" t="96" w="423" /><ent r="3" t="125" w="447" /><ent r="3" t="338" w="77" /><ent r="3" t="338" w="101" /><ent r="6" t="338" w="141" /><ent r="6" t="338" w="157" /><ent r="6" t="338" w="168" /><ent r="6" t="338" w="179" /><ent r="6" t="338" w="191" /><ent r="6" t="338" w="203" /><ent r="6" t="338" w="215" /><ent r="6" t="338" w="227" /><ent r="6" t="338" w="239" /><ent r="6" t="338" w="251" /><ent r="6" t="338" w="263" /><ent r="6" t="338" w="275" /><ent r="6" t="338" w="288" /><ent r="6" t="338" w="302" /><ent r="6" t="338" w="318" /><ent r="6" t="338" w="318" /><ent r="6" t="338" w="330" /><ent r="6" t="338" w="346" /><ent r="6" t="338" w="346" /><ent r="6" t="338" w="359" /><ent r="6" t="338" w="375" /><ent r="6" t="338" w="375" /><ent r="6" t="338" w="389" /><ent r="6" t="338" w="405" /><ent r="6" t="338" w="405" /><ent r="6" t="338" w="419" /><ent r="6" t="338" w="431" /><ent r="6" t="338" w="443" /><ent r="6" t="338" w="456" /><ent r="6" t="338" w="469" /><ent r="6" t="338" w="482" /><ent r="3" t="339" w="70" /><ent r="6" t="339" w="136" /><ent r="6" t="339" w="158" /><ent r="6" t="339" w="171" /><ent r="6" t="339" w="183" /><ent r="6" t="339" w="195" /><ent r="6" t="339" w="207" /><ent r="6" t="339" w="219" /><ent r="6" t="339" w="231" /><ent r="6" t="339" w="243" /><ent r="6" t="339" w="255" /><ent r="6" t="339" w="267" /><ent r="3" t="340" w="57" /><ent r="3" t="341" w="58" /><ent r="6" t="341" w="132" /><ent r="6" t="341" w="145" /><ent r="6" t="341" w="158" /><ent r="6" t="341" w="171" /><ent r="6" t="341" w="184" /><ent r="6" t="341" w="197" /><ent r="6" t="341" w="210" /><ent r="6" t="341" w="223" /><ent r="6" t="341" w="238" /><ent r="6" t="341" w="250" /><ent r="6" t="341" w="262" /><ent r="6" t="341" w="274" /><ent r="6" t="341" w="286" /><ent r="6" t="341" w="298" /><ent r="6" t="341" w="309" /><ent r="6" t="341" w="320" /><ent r="6" t="341" w="331" /><ent r="6" t="341" w="343" /><ent r="3" t="343" w="81" /><ent r="6" t="343" w="263" /><ent r="6" t="343" w="298" /><ent r="6" t="343" w="388" /><ent r="7" t="343" w="502" /><ent r="7" t="343" w="502" /><ent r="6" t="343" w="666" /><ent r="6" t="343" w="666" /><ent r="3" t="344" w="81" /><ent r="6" t="344" w="227" /><ent r="6" t="344" w="227" /><ent r="6" t="344" w="263" /><ent r="6" t="344" w="263" /><ent r="6" t="344" w="300" /><ent r="6" t="344" w="300" /><ent r="6" t="344" w="337" /><ent r="6" t="344" w="337" /><ent r="3" t="345" w="103" /><ent r="3" t="345" w="103" /><ent r="6" t="345" w="288" /><ent r="6" t="345" w="288" /><ent r="6" t="345" w="313" /><ent r="6" t="345" w="313" /><ent r="6" t="345" w="338" /><ent r="6" t="345" w="338" /><ent r="6" t="345" w="365" /><ent r="6" t="345" w="365" /><ent r="3" t="346" w="78" /><ent r="3" t="346" w="102" /><ent r="6" t="346" w="253" /><ent r="6" t="346" w="253" /><ent r="6" t="346" w="277" /><ent r="6" t="346" w="277" /><ent r="6" t="346" w="302" /><ent r="6" t="346" w="302" /><ent r="6" t="346" w="328" /><ent r="6" t="346" w="328" /><ent r="66" t="403" w="77" /></phr></stem><stem n="current"><phr n="current"><ent r="3" t="14" w="407" /><ent r="3" t="14" w="407" /><ent r="3" t="15" w="42" /><ent r="3" t="15" w="42" /><ent r="3" t="15" w="47" /><ent r="3" t="15" w="47" /><ent r="7" t="18" w="103" /><ent r="6" t="24" w="107" /><ent r="6" t="24" w="107" /><ent r="6" t="24" w="149" /><ent r="6" t="24" w="149" /><ent r="6" t="24" w="218" /><ent r="6" t="24" w="218" /><ent r="6" t="24" w="229" /><ent r="6" t="24" w="229" /><ent r="6" t="24" w="311" /><ent r="6" t="24" w="311" /><ent r="6" t="24" w="322" /><ent r="6" t="24" w="322" /><ent r="6" t="24" w="384" /><ent r="6" t="24" w="384" /><ent r="6" t="24" w="395" /><ent r="6" t="24" w="395" /><ent r="3" t="25" w="102" /><ent r="3" t="25" w="102" /><ent r="3" t="25" w="114" /><ent r="3" t="25" w="114" /><ent r="6" t="27" w="39" /><ent r="6" t="28" w="99" /><ent r="6" t="28" w="125" /><ent r="6" t="28" w="125" /><ent r="7" t="29" w="28" /><ent r="7" t="29" w="28" /><ent r="7" t="29" w="41" /><ent r="7" t="29" w="74" /><ent r="7" t="29" w="140" /><ent r="3" t="46" w="42" /><ent r="3" t="46" w="42" /><ent r="3" t="46" w="47" /><ent r="3" t="46" w="47" /><ent r="7" t="49" w="106" /><ent r="6" t="55" w="107" /><ent r="6" t="55" w="107" /><ent r="6" t="55" w="149" /><ent r="6" t="55" w="149" /><ent r="6" t="55" w="218" /><ent r="6" t="55" w="218" /><ent r="6" t="55" w="229" /><ent r="6" t="55" w="229" /><ent r="6" t="55" w="311" /><ent r="6" t="55" w="311" /><ent r="6" t="55" w="322" /><ent r="6" t="55" w="322" /><ent r="6" t="55" w="384" /><ent r="6" t="55" w="384" /><ent r="6" t="55" w="395" /><ent r="6" t="55" w="395" /><ent r="3" t="56" w="102" /><ent r="3" t="56" w="102" /><ent r="3" t="56" w="114" /><ent r="3" t="56" w="114" /><ent r="6" t="57" w="39" /><ent r="6" t="59" w="103" /><ent r="6" t="59" w="129" /><ent r="6" t="59" w="129" /><ent r="7" t="60" w="28" /><ent r="7" t="60" w="28" /><ent r="7" t="60" w="41" /><ent r="7" t="60" w="74" /><ent r="7" t="60" w="140" /><ent r="7" t="73" w="158" /><ent r="6" t="78" w="114" /><ent r="6" t="78" w="114" /><ent r="6" t="78" w="125" /><ent r="6" t="78" w="125" /><ent r="6" t="78" w="190" /><ent r="6" t="78" w="190" /><ent r="6" t="78" w="201" /><ent r="6" t="78" w="201" /><ent r="6" t="78" w="253" /><ent r="6" t="78" w="253" /><ent r="6" t="78" w="264" /><ent r="6" t="78" w="264" /><ent r="6" t="78" w="378" /><ent r="6" t="78" w="378" /><ent r="6" t="78" w="389" /><ent r="6" t="78" w="389" /><ent r="7" t="78" w="889" /><ent r="7" t="78" w="889" /><ent r="7" t="78" w="898" /><ent r="7" t="78" w="898" /><ent r="6" t="79" w="36" /><ent r="6" t="80" w="30" /><ent r="6" t="80" w="30" /><ent r="6" t="80" w="44" /><ent r="7" t="81" w="28" /><ent r="7" t="81" w="28" /><ent r="7" t="81" w="41" /><ent r="7" t="81" w="74" /><ent r="7" t="81" w="140" /><ent r="3" t="96" w="425" /><ent r="3" t="96" w="425" /><ent r="3" t="97" w="42" /><ent r="3" t="97" w="42" /><ent r="3" t="97" w="47" /><ent r="3" t="97" w="47" /><ent r="7" t="100" w="119" /><ent r="6" t="106" w="107" /><ent r="6" t="106" w="107" /><ent r="6" t="106" w="149" /><ent r="6" t="106" w="149" /><ent r="6" t="106" w="218" /><ent r="6" t="106" w="218" /><ent r="6" t="106" w="229" /><ent r="6" t="106" w="229" /><ent r="6" t="106" w="311" /><ent r="6" t="106" w="311" /><ent r="6" t="106" w="322" /><ent r="6" t="106" w="322" /><ent r="6" t="106" w="384" /><ent r="6" t="106" w="384" /><ent r="6" t="106" w="395" /><ent r="6" t="106" w="395" /><ent r="3" t="107" w="102" /><ent r="3" t="107" w="102" /><ent r="3" t="107" w="114" /><ent r="3" t="107" w="114" /><ent r="7" t="108" w="40" /><ent r="6" t="110" w="103" /><ent r="6" t="110" w="129" /><ent r="6" t="110" w="129" /><ent r="7" t="111" w="29" /><ent r="7" t="111" w="29" /><ent r="7" t="111" w="43" /><ent r="7" t="111" w="76" /><ent r="7" t="111" w="144" /><ent r="3" t="125" w="449" /><ent r="3" t="125" w="449" /><ent r="3" t="126" w="42" /><ent r="3" t="126" w="42" /><ent r="3" t="126" w="47" /><ent r="3" t="126" w="47" /><ent r="7" t="127" w="137" /><ent r="7" t="131" w="114" /><ent r="7" t="131" w="114" /><ent r="7" t="131" w="126" /><ent r="7" t="131" w="126" /><ent r="7" t="131" w="192" /><ent r="7" t="131" w="192" /><ent r="7" t="131" w="204" /><ent r="7" t="131" w="204" /><ent r="7" t="131" w="257" /><ent r="7" t="131" w="257" /><ent r="7" t="131" w="269" /><ent r="7" t="131" w="269" /><ent r="7" t="131" w="405" /><ent r="7" t="131" w="405" /><ent r="7" t="131" w="417" /><ent r="7" t="131" w="417" /><ent r="7" t="131" w="926" /><ent r="7" t="131" w="926" /><ent r="7" t="131" w="935" /><ent r="7" t="131" w="935" /><ent r="7" t="131" w="975" /><ent r="7" t="131" w="975" /><ent r="7" t="132" w="40" /><ent r="6" t="133" w="89" /><ent r="6" t="133" w="115" /><ent r="6" t="133" w="115" /><ent r="7" t="134" w="29" /><ent r="7" t="134" w="29" /><ent r="7" t="134" w="43" /><ent r="7" t="134" w="76" /><ent r="7" t="134" w="144" /><ent r="3" t="149" w="42" /><ent r="3" t="149" w="42" /><ent r="3" t="149" w="47" /><ent r="3" t="149" w="47" /><ent r="8" t="156" w="95" /><ent r="8" t="156" w="95" /><ent r="3" t="174" w="42" /><ent r="3" t="174" w="42" /><ent r="3" t="174" w="47" /><ent r="3" t="174" w="47" /><ent r="6" t="181" w="103" /><ent r="6" t="181" w="103" /><ent r="6" t="181" w="114" /><ent r="6" t="181" w="114" /><ent r="6" t="181" w="404" /><ent r="6" t="181" w="404" /><ent r="6" t="181" w="415" /><ent r="6" t="181" w="415" /><ent r="6" t="181" w="466" /><ent r="6" t="181" w="466" /><ent r="6" t="181" w="477" /><ent r="6" t="181" w="477" /><ent r="3" t="182" w="102" /><ent r="3" t="182" w="102" /><ent r="3" t="182" w="114" /><ent r="3" t="182" w="114" /><ent r="7" t="184" w="40" /><ent r="6" t="185" w="35" /><ent r="7" t="186" w="79" /><ent r="7" t="186" w="79" /><ent r="3" t="200" w="42" /><ent r="3" t="200" w="42" /><ent r="3" t="200" w="47" /><ent r="3" t="200" w="47" /><ent r="6" t="207" w="98" /><ent r="6" t="207" w="98" /><ent r="6" t="207" w="109" /><ent r="6" t="207" w="109" /><ent r="6" t="207" w="397" /><ent r="6" t="207" w="397" /><ent r="6" t="207" w="408" /><ent r="6" t="207" w="408" /><ent r="6" t="207" w="459" /><ent r="6" t="207" w="459" /><ent r="6" t="207" w="470" /><ent r="6" t="207" w="470" /><ent r="3" t="208" w="102" /><ent r="3" t="208" w="102" /><ent r="3" t="208" w="114" /><ent r="3" t="208" w="114" /><ent r="7" t="210" w="37" /><ent r="6" t="211" w="35" /><ent r="7" t="212" w="28" /><ent r="7" t="212" w="28" /><ent r="7" t="212" w="41" /><ent r="7" t="212" w="74" /><ent r="7" t="212" w="140" /><ent r="7" t="213" w="79" /><ent r="7" t="213" w="79" /><ent r="7" t="235" w="2462" /><ent r="7" t="235" w="2462" /><ent r="3" t="237" w="147" /><ent r="3" t="237" w="147" /><ent r="3" t="238" w="26" /><ent r="3" t="238" w="26" /><ent r="3" t="238" w="35" /><ent r="3" t="238" w="35" /><ent r="3" t="239" w="457" /><ent r="3" t="239" w="457" /><ent r="3" t="239" w="496" /><ent r="3" t="239" w="496" /><ent r="3" t="239" w="513" /><ent r="3" t="239" w="513" /><ent r="3" t="239" w="532" /><ent r="3" t="239" w="532" /><ent r="3" t="239" w="588" /><ent r="3" t="239" w="588" /><ent r="3" t="239" w="603" /><ent r="3" t="239" w="603" /><ent r="3" t="239" w="617" /><ent r="3" t="239" w="617" /><ent r="3" t="241" w="16" /><ent r="3" t="241" w="16" /><ent r="3" t="241" w="124" /><ent r="3" t="241" w="124" /><ent r="3" t="241" w="153" /><ent r="3" t="241" w="153" /><ent r="3" t="242" w="16" /><ent r="3" t="242" w="16" /><ent r="3" t="242" w="31" /><ent r="3" t="242" w="31" /><ent r="3" t="242" w="1127" /><ent r="3" t="242" w="1127" /><ent r="5" t="242" w="1294" /><ent r="5" t="242" w="1294" /><ent r="3" t="242" w="1473" /><ent r="3" t="242" w="1473" /><ent r="3" t="242" w="1573" /><ent r="3" t="242" w="1573" /><ent r="3" t="242" w="1806" /><ent r="3" t="242" w="1806" /><ent r="3" t="243" w="459" /><ent r="3" t="243" w="459" /><ent r="3" t="244" w="236" /><ent r="3" t="244" w="236" /><ent r="3" t="244" w="356" /><ent r="3" t="244" w="356" /><ent r="3" t="244" w="452" /><ent r="3" t="244" w="452" /><ent r="3" t="244" w="580" /><ent r="3" t="244" w="580" /><ent r="3" t="244" w="746" /><ent r="3" t="244" w="746" /><ent r="3" t="244" w="779" /><ent r="3" t="244" w="779" /><ent r="3" t="244" w="827" /><ent r="3" t="244" w="827" /><ent r="3" t="244" w="851" /><ent r="3" t="244" w="851" /><ent r="5" t="244" w="1074" /><ent r="5" t="244" w="1074" /><ent r="3" t="245" w="56" /><ent r="3" t="245" w="56" /><ent r="3" t="245" w="83" /><ent r="3" t="245" w="83" /><ent r="3" t="246" w="68" /><ent r="3" t="246" w="68" /><ent r="3" t="246" w="103" /><ent r="3" t="246" w="103" /><ent r="3" t="246" w="171" /><ent r="3" t="246" w="171" /><ent r="3" t="246" w="187" /><ent r="3" t="246" w="187" /><ent r="3" t="251" w="158" /><ent r="3" t="251" w="158" /><ent r="5" t="252" w="612" /><ent r="5" t="252" w="612" /><ent r="5" t="254" w="325" /><ent r="5" t="254" w="325" /><ent r="3" t="255" w="14" /><ent r="3" t="255" w="14" /><ent r="3" t="256" w="126" /><ent r="3" t="256" w="126" /><ent r="3" t="257" w="111" /><ent r="3" t="257" w="111" /><ent r="3" t="257" w="131" /><ent r="3" t="257" w="131" /><ent r="3" t="258" w="15" /><ent r="3" t="258" w="15" /><ent r="3" t="259" w="28" /><ent r="3" t="259" w="28" /><ent r="5" t="259" w="74" /><ent r="5" t="259" w="74" /><ent r="5" t="259" w="104" /><ent r="5" t="259" w="104" /><ent r="3" t="260" w="101" /><ent r="3" t="260" w="101" /><ent r="3" t="261" w="87" /><ent r="3" t="261" w="87" /><ent r="3" t="263" w="13" /><ent r="3" t="263" w="13" /><ent r="3" t="265" w="237" /><ent r="3" t="265" w="237" /><ent r="3" t="265" w="306" /><ent r="3" t="265" w="306" /><ent r="3" t="265" w="369" /><ent r="3" t="265" w="369" /><ent r="3" t="265" w="376" /><ent r="3" t="265" w="376" /><ent r="7" t="266" w="152" /><ent r="7" t="266" w="152" /><ent r="5" t="270" w="201" /><ent r="5" t="270" w="201" /><ent r="5" t="271" w="410" /><ent r="5" t="271" w="410" /><ent r="3" t="271" w="862" /><ent r="3" t="271" w="862" /><ent r="3" t="275" w="17" /><ent r="3" t="275" w="17" /><ent r="3" t="276" w="533" /><ent r="3" t="276" w="533" /><ent r="5" t="276" w="825" /><ent r="5" t="276" w="825" /><ent r="3" t="276" w="963" /><ent r="3" t="276" w="963" /><ent r="3" t="276" w="1002" /><ent r="3" t="276" w="1002" /><ent r="3" t="279" w="61" /><ent r="3" t="279" w="61" /><ent r="3" t="279" w="435" /><ent r="3" t="279" w="435" /><ent r="3" t="282" w="439" /><ent r="3" t="282" w="439" /><ent r="3" t="282" w="564" /><ent r="3" t="282" w="564" /><ent r="3" t="283" w="47" /><ent r="3" t="283" w="47" /><ent r="3" t="283" w="98" /><ent r="3" t="283" w="98" /><ent r="3" t="284" w="28" /><ent r="3" t="284" w="28" /><ent r="3" t="284" w="385" /><ent r="3" t="284" w="385" /><ent r="3" t="284" w="545" /><ent r="3" t="284" w="545" /><ent r="5" t="284" w="951" /><ent r="5" t="284" w="951" /><ent r="5" t="284" w="958" /><ent r="5" t="284" w="958" /><ent r="3" t="284" w="1158" /><ent r="3" t="284" w="1158" /><ent r="3" t="284" w="1202" /><ent r="3" t="284" w="1202" /><ent r="3" t="286" w="13" /><ent r="3" t="286" w="13" /><ent r="3" t="286" w="139" /><ent r="3" t="286" w="139" /><ent r="3" t="286" w="156" /><ent r="3" t="286" w="156" /><ent r="3" t="287" w="320" /><ent r="3" t="287" w="320" /><ent r="3" t="299" w="13" /><ent r="3" t="299" w="13" /><ent r="3" t="303" w="16" /><ent r="3" t="303" w="16" /><ent r="3" t="304" w="308" /><ent r="3" t="304" w="308" /><ent r="3" t="314" w="207" /><ent r="3" t="314" w="207" /><ent r="3" t="314" w="588" /><ent r="3" t="314" w="588" /><ent r="6" t="314" w="871" /><ent r="6" t="314" w="871" /><ent r="3" t="316" w="50" /><ent r="3" t="316" w="50" /><ent r="3" t="316" w="54" /><ent r="3" t="316" w="54" /><ent r="6" t="332" w="381" /><ent r="6" t="332" w="381" /><ent r="6" t="342" w="102" /><ent r="6" t="342" w="102" /><ent r="6" t="343" w="174" /><ent r="6" t="343" w="174" /><ent r="6" t="343" w="211" /><ent r="6" t="343" w="211" /><ent r="6" t="343" w="376" /><ent r="6" t="343" w="376" /><ent r="3" t="348" w="70" /><ent r="3" t="348" w="70" /><ent r="6" t="349" w="116" /><ent r="6" t="349" w="116" /><ent r="6" t="350" w="116" /><ent r="6" t="350" w="116" /><ent r="6" t="353" w="101" /><ent r="6" t="353" w="101" /><ent r="6" t="353" w="297" /><ent r="6" t="353" w="297" /><ent r="6" t="353" w="702" /><ent r="6" t="353" w="702" /><ent r="6" t="353" w="780" /><ent r="6" t="353" w="780" /><ent r="6" t="353" w="884" /><ent r="6" t="353" w="884" /><ent r="6" t="353" w="1149" /><ent r="6" t="353" w="1149" /><ent r="6" t="359" w="143" /><ent r="6" t="359" w="143" /><ent r="6" t="360" w="159" /><ent r="6" t="360" w="159" /><ent r="6" t="371" w="398" /><ent r="6" t="371" w="398" /><ent r="6" t="382" w="644" /><ent r="6" t="382" w="644" /><ent r="6" t="382" w="649" /><ent r="6" t="382" w="649" /><ent r="3" t="389" w="15" /><ent r="3" t="389" w="15" /><ent r="3" t="390" w="35" /><ent r="3" t="390" w="35" /><ent r="3" t="390" w="709" /><ent r="3" t="390" w="709" /><ent r="3" t="390" w="839" /><ent r="3" t="390" w="839" /><ent r="3" t="390" w="916" /><ent r="3" t="390" w="916" /><ent r="3" t="392" w="106" /><ent r="3" t="392" w="106" /><ent r="7" t="396" w="127" /><ent r="7" t="396" w="127" /><ent r="3" t="404" w="554" /><ent r="3" t="404" w="554" /><ent r="3" t="404" w="587" /><ent r="3" t="404" w="587" /><ent r="3" t="405" w="23" /><ent r="3" t="405" w="23" /><ent r="3" t="405" w="195" /><ent r="3" t="405" w="195" /><ent r="3" t="405" w="421" /><ent r="3" t="405" w="421" /><ent r="3" t="423" w="151" /><ent r="3" t="423" w="151" /><ent r="3" t="423" w="395" /><ent r="3" t="423" w="395" /><ent r="7" t="430" w="296" /><ent r="7" t="430" w="296" /><ent r="7" t="430" w="305" /><ent r="7" t="430" w="305" /><ent r="7" t="431" w="384" /><ent r="7" t="431" w="384" /><ent r="7" t="431" w="393" /><ent r="7" t="431" w="393" /><ent r="9" t="431" w="690" /><ent r="9" t="431" w="690" /><ent r="9" t="431" w="758" /><ent r="9" t="431" w="758" /><ent r="9" t="431" w="827" /><ent r="9" t="431" w="827" /><ent r="7" t="432" w="307" /><ent r="7" t="432" w="307" /><ent r="7" t="435" w="132" /><ent r="7" t="435" w="132" /><ent r="7" t="438" w="36" /><ent r="7" t="438" w="36" /><ent r="7" t="443" w="170" /><ent r="7" t="443" w="170" /><ent r="7" t="443" w="192" /><ent r="7" t="443" w="192" /><ent r="7" t="443" w="384" /><ent r="7" t="443" w="384" /><ent r="7" t="443" w="393" /><ent r="7" t="443" w="393" /><ent r="9" t="443" w="672" /><ent r="9" t="443" w="672" /><ent r="9" t="443" w="747" /><ent r="9" t="443" w="747" /><ent r="9" t="451" w="286" /><ent r="9" t="451" w="286" /><ent r="9" t="451" w="329" /><ent r="9" t="451" w="329" /><ent r="3" t="454" w="12" /><ent r="3" t="454" w="12" /><ent r="3" t="500" w="92" /><ent r="3" t="500" w="92" /><ent r="3" t="500" w="105" /><ent r="3" t="500" w="105" /><ent r="3" t="500" w="134" /><ent r="3" t="500" w="134" /></phr><phr n="Current"><ent r="3" t="15" w="50" /><ent r="7" t="18" w="97" /><ent r="7" t="18" w="97" /><ent r="3" t="22" w="27" /><ent r="3" t="22" w="27" /><ent r="6" t="38" w="203" /><ent r="6" t="38" w="203" /><ent r="3" t="46" w="50" /><ent r="7" t="49" w="100" /><ent r="7" t="49" w="100" /><ent r="3" t="53" w="27" /><ent r="3" t="53" w="27" /><ent r="6" t="65" w="203" /><ent r="6" t="65" w="203" /><ent r="7" t="73" w="152" /><ent r="7" t="73" w="152" /><ent r="3" t="97" w="50" /><ent r="7" t="100" w="113" /><ent r="7" t="100" w="113" /><ent r="3" t="104" w="13" /><ent r="3" t="104" w="13" /><ent r="7" t="120" w="207" /><ent r="7" t="120" w="207" /><ent r="3" t="126" w="50" /><ent r="7" t="127" w="131" /><ent r="7" t="127" w="131" /><ent r="7" t="143" w="206" /><ent r="7" t="143" w="206" /><ent r="3" t="149" w="50" /><ent r="3" t="174" w="50" /><ent r="3" t="196" w="193" /><ent r="3" t="196" w="193" /><ent r="3" t="200" w="50" /><ent r="3" t="220" w="237" /><ent r="3" t="220" w="237" /><ent r="4" t="242" w="333" /><ent r="4" t="242" w="333" /><ent r="5" t="242" w="1245" /><ent r="5" t="242" w="1245" /><ent r="5" t="242" w="1267" /><ent r="5" t="242" w="1267" /><ent r="4" t="242" w="1793" /><ent r="4" t="242" w="1793" /><ent r="5" t="244" w="308" /><ent r="5" t="244" w="308" /><ent r="5" t="244" w="554" /><ent r="5" t="244" w="554" /><ent r="1000" t="258" w="1" /><ent r="1000" t="258" w="1" /><ent r="82" t="258" w="5" /><ent r="82" t="258" w="5" /><ent r="5" t="258" w="71" /><ent r="5" t="258" w="71" /><ent r="4" t="265" w="302" /><ent r="4" t="265" w="302" /><ent r="6" t="271" w="405" /><ent r="6" t="271" w="405" /><ent r="4" t="271" w="852" /><ent r="4" t="271" w="852" /><ent r="3" t="278" w="259" /><ent r="3" t="278" w="259" /><ent r="3" t="278" w="642" /><ent r="3" t="278" w="642" /><ent r="3" t="279" w="27" /><ent r="3" t="279" w="27" /><ent r="5" t="315" w="490" /><ent r="5" t="315" w="490" /><ent r="7" t="348" w="436" /><ent r="7" t="348" w="436" /><ent r="68" t="395" w="127" /><ent r="68" t="395" w="127" /><ent r="7" t="395" w="131" /><ent r="7" t="395" w="131" /><ent r="67" t="399" w="499" /><ent r="67" t="399" w="499" /><ent r="72" t="399" w="1650" /><ent r="72" t="399" w="1650" /><ent r="3" t="402" w="1179" /><ent r="3" t="402" w="1179" /><ent r="7" t="438" w="447" /><ent r="7" t="438" w="447" /><ent r="7" t="445" w="545" /><ent r="7" t="445" w="545" /><ent r="4" t="500" w="9" /><ent r="4" t="500" w="9" /></phr><phr n="currently"><ent r="5" t="26" w="117" /><ent r="5" t="26" w="117" /><ent r="5" t="58" w="117" /><ent r="5" t="58" w="117" /><ent r="5" t="109" w="117" /><ent r="5" t="109" w="117" /><ent r="5" t="183" w="117" /><ent r="5" t="183" w="117" /><ent r="5" t="209" w="117" /><ent r="5" t="209" w="117" /><ent r="7" t="235" w="355" /><ent r="7" t="235" w="355" /><ent r="7" t="235" w="400" /><ent r="7" t="235" w="400" /><ent r="7" t="235" w="1468" /><ent r="7" t="235" w="1468" /><ent r="3" t="241" w="36" /><ent r="3" t="241" w="36" /><ent r="3" t="241" w="83" /><ent r="3" t="241" w="83" /><ent r="3" t="244" w="1025" /><ent r="3" t="244" w="1025" /><ent r="3" t="245" w="231" /><ent r="3" t="245" w="231" /><ent r="3" t="248" w="47" /><ent r="3" t="248" w="47" /><ent r="3" t="248" w="70" /><ent r="3" t="248" w="70" /><ent r="3" t="248" w="116" /><ent r="3" t="248" w="116" /><ent r="3" t="249" w="18" /><ent r="3" t="249" w="18" /><ent r="3" t="250" w="18" /><ent r="3" t="250" w="18" /><ent r="3" t="251" w="19" /><ent r="3" t="251" w="19" /><ent r="3" t="260" w="19" /><ent r="3" t="260" w="19" /><ent r="3" t="263" w="517" /><ent r="3" t="263" w="517" /><ent r="3" t="263" w="532" /><ent r="3" t="263" w="532" /><ent r="5" t="269" w="213" /><ent r="5" t="269" w="213" /><ent r="3" t="271" w="120" /><ent r="3" t="271" w="120" /><ent r="3" t="271" w="194" /><ent r="3" t="271" w="194" /><ent r="3" t="275" w="298" /><ent r="3" t="275" w="298" /><ent r="5" t="275" w="409" /><ent r="5" t="275" w="409" /><ent r="5" t="279" w="86" /><ent r="5" t="279" w="86" /><ent r="3" t="281" w="65" /><ent r="3" t="281" w="65" /><ent r="3" t="281" w="93" /><ent r="3" t="281" w="93" /><ent r="3" t="281" w="142" /><ent r="3" t="281" w="142" /><ent r="3" t="282" w="493" /><ent r="3" t="282" w="493" /><ent r="3" t="284" w="455" /><ent r="3" t="284" w="455" /><ent r="3" t="284" w="1335" /><ent r="3" t="286" w="201" /><ent r="3" t="286" w="201" /><ent r="3" t="286" w="255" /><ent r="3" t="286" w="255" /><ent r="3" t="288" w="59" /><ent r="3" t="288" w="59" /><ent r="3" t="304" w="17" /><ent r="3" t="304" w="17" /><ent r="3" t="304" w="200" /><ent r="3" t="304" w="200" /><ent r="3" t="304" w="238" /><ent r="3" t="304" w="238" /><ent r="3" t="304" w="258" /><ent r="3" t="304" w="258" /><ent r="6" t="325" w="109" /><ent r="6" t="325" w="109" /><ent r="6" t="332" w="442" /><ent r="6" t="332" w="442" /><ent r="6" t="334" w="279" /><ent r="6" t="334" w="279" /><ent r="3" t="371" w="40" /><ent r="3" t="371" w="40" /><ent r="7" t="396" w="342" /><ent r="7" t="396" w="342" /><ent r="3" t="402" w="277" /><ent r="3" t="402" w="277" /><ent r="3" t="409" w="163" /><ent r="3" t="409" w="163" /><ent r="3" t="421" w="462" /><ent r="3" t="421" w="462" /></phr><phr n="CURRENT"><ent r="5" t="270" w="145" /><ent r="5" t="270" w="145" /><ent r="5" t="270" w="239" /><ent r="5" t="270" w="239" /><ent r="5" t="270" w="264" /><ent r="5" t="270" w="264" /><ent r="5" t="270" w="279" /><ent r="5" t="270" w="279" /><ent r="5" t="270" w="284" /><ent r="5" t="270" w="284" /><ent r="6" t="359" w="139" /><ent r="6" t="359" w="139" /><ent r="6" t="372" w="1609" /><ent r="6" t="372" w="1609" /></phr><phr n="Currently"><ent r="7" t="430" w="240" /><ent r="7" t="430" w="240" /><ent r="7" t="430" w="252" /><ent r="7" t="430" w="252" /><ent r="7" t="430" w="262" /><ent r="7" t="430" w="262" /><ent r="7" t="431" w="328" /><ent r="7" t="431" w="328" /><ent r="7" t="431" w="340" /><ent r="7" t="431" w="340" /><ent r="7" t="431" w="350" /><ent r="7" t="431" w="350" /><ent r="7" t="438" w="364" /><ent r="7" t="438" w="364" /><ent r="7" t="438" w="380" /><ent r="7" t="438" w="380" /><ent r="7" t="438" w="393" /><ent r="7" t="438" w="393" /><ent r="7" t="443" w="328" /><ent r="7" t="443" w="328" /><ent r="7" t="443" w="340" /><ent r="7" t="443" w="340" /><ent r="7" t="443" w="350" /><ent r="7" t="443" w="350" /></phr></stem></index>