<?xml version="1.0" encoding="utf-8"?><index><!-- saved from url=(0016)http://localhost -->
<stem n="fluid"><phr n="fluids"><ent r="4" t="40" w="97" /><ent r="4" t="40" w="97" /><ent r="6" t="42" w="74" /><ent r="6" t="42" w="74" /><ent r="4" t="66" w="97" /><ent r="4" t="66" w="97" /><ent r="6" t="68" w="74" /><ent r="6" t="68" w="74" /><ent r="6" t="93" w="74" /><ent r="6" t="93" w="74" /><ent r="5" t="121" w="97" /><ent r="5" t="121" w="97" /><ent r="6" t="123" w="74" /><ent r="6" t="123" w="74" /><ent r="6" t="145" w="74" /><ent r="6" t="145" w="74" /><ent r="4" t="157" w="93" /><ent r="4" t="157" w="93" /><ent r="6" t="159" w="74" /><ent r="6" t="159" w="74" /><ent r="4" t="195" w="93" /><ent r="4" t="195" w="93" /><ent r="6" t="197" w="74" /><ent r="6" t="197" w="74" /><ent r="4" t="219" w="93" /><ent r="4" t="219" w="93" /><ent r="6" t="221" w="74" /><ent r="6" t="221" w="74" /></phr></stem><stem n="gase"><phr n="gases"><ent r="4" t="40" w="99" /><ent r="4" t="40" w="99" /><ent r="6" t="42" w="76" /><ent r="6" t="42" w="76" /><ent r="4" t="66" w="99" /><ent r="4" t="66" w="99" /><ent r="6" t="68" w="76" /><ent r="6" t="68" w="76" /><ent r="6" t="93" w="76" /><ent r="6" t="93" w="76" /><ent r="5" t="121" w="99" /><ent r="5" t="121" w="99" /><ent r="6" t="123" w="76" /><ent r="6" t="123" w="76" /><ent r="6" t="145" w="76" /><ent r="6" t="145" w="76" /><ent r="4" t="157" w="95" /><ent r="4" t="157" w="95" /><ent r="6" t="159" w="76" /><ent r="6" t="159" w="76" /><ent r="4" t="195" w="95" /><ent r="4" t="195" w="95" /><ent r="6" t="197" w="76" /><ent r="6" t="197" w="76" /><ent r="4" t="219" w="95" /><ent r="4" t="219" w="95" /><ent r="6" t="221" w="76" /><ent r="6" t="221" w="76" /></phr></stem><stem n="long-term"><phr n="long-term"><ent r="3" t="40" w="110" /><ent r="3" t="40" w="110" /><ent r="3" t="66" w="110" /><ent r="3" t="66" w="110" /><ent r="3" t="95" w="142" /><ent r="3" t="95" w="142" /><ent r="3" t="121" w="110" /><ent r="3" t="121" w="110" /><ent r="3" t="124" w="224" /><ent r="3" t="157" w="106" /><ent r="3" t="157" w="106" /><ent r="3" t="195" w="106" /><ent r="3" t="195" w="106" /><ent r="3" t="219" w="106" /><ent r="3" t="219" w="106" /></phr></stem><stem n="zephyr™"><phr n="Zephyr™"><ent r="3" t="40" w="126" /><ent r="3" t="40" w="126" /><ent r="3" t="66" w="126" /><ent r="3" t="66" w="126" /><ent r="3" t="121" w="126" /><ent r="3" t="121" w="126" /><ent r="3" t="157" w="122" /><ent r="3" t="157" w="122" /><ent r="3" t="195" w="122" /><ent r="3" t="195" w="122" /><ent r="3" t="219" w="122" /><ent r="3" t="219" w="122" /></phr></stem><stem n="ii"><phr n="II"><ent r="3" t="40" w="127" /><ent r="3" t="40" w="127" /><ent r="3" t="66" w="127" /><ent r="3" t="66" w="127" /><ent r="3" t="91" w="1689" /><ent r="3" t="91" w="1689" /><ent r="3" t="121" w="127" /><ent r="3" t="121" w="127" /><ent r="3" t="157" w="123" /><ent r="3" t="157" w="123" /><ent r="3" t="195" w="123" /><ent r="3" t="195" w="123" /><ent r="3" t="219" w="123" /><ent r="3" t="219" w="123" /><ent r="6" t="338" w="640" /><ent r="6" t="338" w="640" /><ent r="6" t="345" w="609" /><ent r="6" t="345" w="643" /><ent r="6" t="345" w="643" /><ent r="6" t="346" w="539" /><ent r="6" t="346" w="539" /></phr><phr n="ii"><ent r="3" t="404" w="889" /></phr></stem><stem n="poor"><phr n="Poor"><ent r="3" t="40" w="186" /><ent r="3" t="40" w="186" /><ent r="3" t="66" w="186" /><ent r="3" t="66" w="186" /><ent r="3" t="121" w="188" /><ent r="3" t="121" w="188" /><ent r="3" t="157" w="197" /><ent r="3" t="157" w="197" /><ent r="3" t="195" w="193" /><ent r="3" t="195" w="193" /><ent r="3" t="219" w="193" /><ent r="3" t="219" w="193" /></phr><phr n="poor"><ent r="7" t="106" w="2065" /><ent r="7" t="106" w="2065" /></phr></stem><stem n="strong"><phr n="strong"><ent r="4" t="40" w="258" /><ent r="4" t="40" w="258" /><ent r="4" t="66" w="258" /><ent r="4" t="66" w="258" /><ent r="4" t="121" w="260" /><ent r="4" t="121" w="260" /><ent r="4" t="157" w="269" /><ent r="4" t="157" w="269" /><ent r="4" t="195" w="265" /><ent r="4" t="195" w="265" /><ent r="4" t="219" w="265" /><ent r="4" t="219" w="265" /></phr></stem><stem n="mast"><phr n="masts"><ent r="4" t="40" w="273" /><ent r="4" t="66" w="273" /><ent r="4" t="121" w="275" /><ent r="4" t="157" w="284" /><ent r="4" t="195" w="280" /><ent r="4" t="219" w="280" /></phr></stem><stem n="arrai"><phr n="arrays"><ent r="4" t="40" w="287" /><ent r="4" t="66" w="287" /><ent r="4" t="121" w="289" /><ent r="4" t="157" w="298" /><ent r="4" t="195" w="294" /><ent r="4" t="219" w="294" /></phr><phr n="array"><ent r="3" t="335" w="21" /><ent r="3" t="335" w="21" /></phr><phr n="Array"><ent r="6" t="366" w="179" /><ent r="6" t="366" w="179" /><ent r="6" t="367" w="181" /><ent r="6" t="367" w="181" /><ent r="6" t="368" w="181" /><ent r="6" t="368" w="181" /><ent r="6" t="369" w="180" /><ent r="6" t="369" w="180" /><ent r="6" t="370" w="179" /><ent r="6" t="370" w="179" /><ent r="6" t="371" w="247" /><ent r="6" t="371" w="247" /></phr></stem><stem n="gasolin"><phr n="gasoline"><ent r="4" t="40" w="308" /><ent r="4" t="40" w="308" /><ent r="4" t="66" w="308" /><ent r="4" t="66" w="308" /><ent r="4" t="121" w="310" /><ent r="4" t="121" w="310" /><ent r="4" t="157" w="319" /><ent r="4" t="157" w="319" /><ent r="4" t="195" w="315" /><ent r="4" t="195" w="315" /><ent r="4" t="219" w="315" /><ent r="4" t="219" w="315" /></phr></stem><stem n="spark"><phr n="spark"><ent r="4" t="40" w="310" /><ent r="4" t="40" w="310" /><ent r="4" t="66" w="310" /><ent r="4" t="66" w="310" /><ent r="4" t="121" w="312" /><ent r="4" t="121" w="312" /><ent r="4" t="157" w="321" /><ent r="4" t="157" w="321" /><ent r="4" t="195" w="317" /><ent r="4" t="195" w="317" /><ent r="4" t="219" w="317" /><ent r="4" t="219" w="317" /></phr></stem><stem n="plug"><phr n="plugs"><ent r="4" t="40" w="311" /><ent r="4" t="66" w="311" /><ent r="4" t="121" w="313" /><ent r="4" t="157" w="322" /><ent r="4" t="195" w="318" /><ent r="4" t="219" w="318" /></phr><phr n="plugged"><ent r="3" t="138" w="427" /><ent r="3" t="138" w="427" /><ent r="3" t="138" w="462" /><ent r="3" t="138" w="462" /></phr><phr n="plug"><ent r="6" t="151" w="113" /><ent r="6" t="151" w="113" /><ent r="6" t="151" w="122" /><ent r="6" t="151" w="122" /><ent r="6" t="176" w="100" /><ent r="6" t="176" w="100" /><ent r="6" t="176" w="109" /><ent r="6" t="176" w="109" /><ent r="6" t="202" w="99" /><ent r="6" t="202" w="99" /><ent r="6" t="202" w="108" /><ent r="6" t="202" w="108" /><ent r="7" t="235" w="540" /><ent r="7" t="235" w="540" /><ent r="4" t="402" w="619" /><ent r="4" t="402" w="619" /><ent r="3" t="472" w="32" /></phr><phr n="Plug"><ent r="1000" t="297" w="4" /><ent r="1000" t="297" w="4" /><ent r="82" t="297" w="11" /><ent r="82" t="297" w="11" /><ent r="3" t="297" w="316" /><ent r="3" t="297" w="316" /></phr><phr n="plugging"><ent r="4" t="402" w="466" /><ent r="4" t="402" w="466" /></phr></stem><stem n="televis"><phr n="television"><ent r="4" t="40" w="313" /><ent r="4" t="40" w="313" /><ent r="4" t="66" w="313" /><ent r="4" t="66" w="313" /><ent r="3" t="91" w="358" /><ent r="3" t="91" w="358" /><ent r="4" t="121" w="315" /><ent r="4" t="121" w="315" /><ent r="4" t="157" w="324" /><ent r="4" t="157" w="324" /><ent r="4" t="195" w="320" /><ent r="4" t="195" w="320" /><ent r="4" t="219" w="320" /><ent r="4" t="219" w="320" /><ent r="7" t="235" w="2058" /><ent r="7" t="235" w="2058" /><ent r="3" t="499" w="91" /></phr></stem><stem n="motor"><phr n="motors"><ent r="4" t="40" w="323" /><ent r="4" t="40" w="323" /><ent r="4" t="66" w="323" /><ent r="4" t="66" w="323" /><ent r="4" t="121" w="325" /><ent r="4" t="121" w="325" /><ent r="4" t="157" w="334" /><ent r="4" t="157" w="334" /><ent r="4" t="195" w="330" /><ent r="4" t="195" w="330" /><ent r="4" t="219" w="330" /><ent r="4" t="219" w="330" /></phr></stem><stem n="propel"><phr n="propeller"><ent r="4" t="40" w="325" /><ent r="4" t="40" w="325" /><ent r="4" t="66" w="325" /><ent r="4" t="66" w="325" /><ent r="4" t="121" w="327" /><ent r="4" t="121" w="327" /><ent r="4" t="157" w="336" /><ent r="4" t="157" w="336" /><ent r="4" t="195" w="332" /><ent r="4" t="195" w="332" /><ent r="4" t="219" w="332" /><ent r="4" t="219" w="332" /></phr></stem><stem n="shaft"><phr n="shafts"><ent r="4" t="40" w="326" /><ent r="4" t="40" w="326" /><ent r="4" t="66" w="326" /><ent r="4" t="66" w="326" /><ent r="4" t="121" w="328" /><ent r="4" t="121" w="328" /><ent r="4" t="157" w="337" /><ent r="4" t="157" w="337" /><ent r="4" t="195" w="333" /><ent r="4" t="195" w="333" /><ent r="4" t="219" w="333" /><ent r="4" t="219" w="333" /></phr></stem><stem n="dc-to-ac"><phr n="DC-to-AC"><ent r="4" t="40" w="330" /><ent r="4" t="40" w="330" /><ent r="4" t="66" w="330" /><ent r="4" t="66" w="330" /><ent r="4" t="121" w="332" /><ent r="4" t="121" w="332" /><ent r="4" t="157" w="341" /><ent r="4" t="157" w="341" /><ent r="4" t="195" w="337" /><ent r="4" t="195" w="337" /><ent r="4" t="219" w="337" /><ent r="4" t="219" w="337" /></phr></stem><stem n="dc-to"><phr n="DC-to"><ent r="4" t="40" w="330" /><ent r="4" t="66" w="330" /><ent r="4" t="121" w="332" /><ent r="4" t="157" w="341" /><ent r="4" t="195" w="337" /><ent r="4" t="219" w="337" /></phr></stem><stem n="to-ac"><phr n="to-AC"><ent r="4" t="40" w="331" /><ent r="4" t="66" w="331" /><ent r="4" t="121" w="333" /><ent r="4" t="157" w="342" /><ent r="4" t="195" w="338" /><ent r="4" t="219" w="338" /></phr></stem><stem n="ac"><phr n="AC"><ent r="4" t="40" w="332" /><ent r="4" t="66" w="332" /><ent r="6" t="106" w="2054" /><ent r="6" t="106" w="2054" /><ent r="4" t="121" w="334" /><ent r="4" t="157" w="343" /><ent r="3" t="160" w="118" /><ent r="4" t="195" w="339" /><ent r="4" t="219" w="339" /><ent r="5" t="398" w="327" /><ent r="5" t="398" w="327" /><ent r="5" t="398" w="425" /><ent r="5" t="398" w="425" /><ent r="5" t="398" w="673" /><ent r="5" t="398" w="673" /><ent r="5" t="398" w="694" /><ent r="5" t="398" w="694" /></phr></stem><stem n="convert"><phr n="converters"><ent r="4" t="40" w="333" /><ent r="4" t="40" w="333" /><ent r="4" t="66" w="333" /><ent r="4" t="66" w="333" /><ent r="4" t="121" w="335" /><ent r="4" t="121" w="335" /><ent r="4" t="157" w="344" /><ent r="4" t="157" w="344" /><ent r="4" t="195" w="340" /><ent r="4" t="195" w="340" /><ent r="4" t="219" w="340" /><ent r="4" t="219" w="340" /></phr><phr n="convert"><ent r="7" t="343" w="507" /><ent r="7" t="343" w="507" /><ent r="3" t="421" w="304" /><ent r="3" t="421" w="304" /><ent r="3" t="421" w="484" /><ent r="3" t="421" w="484" /></phr><phr n="converted"><ent r="6" t="388" w="1266" /><ent r="6" t="388" w="1266" /><ent r="6" t="388" w="1561" /><ent r="6" t="388" w="1561" /><ent r="3" t="393" w="149" /><ent r="3" t="393" w="149" /><ent r="3" t="498" w="58" /><ent r="3" t="498" w="58" /></phr><phr n="Convert"><ent r="4" t="421" w="297" /><ent r="4" t="421" w="297" /><ent r="4" t="421" w="301" /><ent r="4" t="421" w="301" /><ent r="6" t="422" w="1198" /><ent r="6" t="422" w="1198" /></phr><phr n="converter"><ent r="3" t="421" w="350" /><ent r="3" t="421" w="350" /><ent r="3" t="421" w="360" /><ent r="3" t="421" w="360" /></phr><phr n="converting"><ent r="3" t="498" w="24" /><ent r="3" t="498" w="24" /></phr></stem><stem n="fluoresc"><phr n="fluorescent"><ent r="4" t="40" w="335" /><ent r="4" t="40" w="335" /><ent r="4" t="66" w="335" /><ent r="4" t="66" w="335" /><ent r="4" t="121" w="337" /><ent r="4" t="121" w="337" /><ent r="4" t="157" w="346" /><ent r="4" t="157" w="346" /><ent r="4" t="195" w="342" /><ent r="4" t="195" w="342" /><ent r="4" t="219" w="342" /><ent r="4" t="219" w="342" /></phr></stem><stem n="light"><phr n="lights"><ent r="4" t="40" w="336" /><ent r="4" t="40" w="336" /><ent r="3" t="43" w="35" /><ent r="3" t="43" w="35" /><ent r="4" t="66" w="336" /><ent r="4" t="66" w="336" /><ent r="3" t="94" w="35" /><ent r="3" t="94" w="35" /><ent r="4" t="121" w="338" /><ent r="4" t="121" w="338" /><ent r="3" t="146" w="35" /><ent r="3" t="146" w="35" /><ent r="4" t="157" w="347" /><ent r="4" t="157" w="347" /><ent r="5" t="164" w="297" /><ent r="5" t="164" w="297" /><ent r="5" t="164" w="480" /><ent r="5" t="164" w="480" /><ent r="4" t="195" w="343" /><ent r="4" t="195" w="343" /><ent r="4" t="219" w="343" /><ent r="4" t="219" w="343" /><ent r="3" t="222" w="35" /><ent r="3" t="222" w="35" /><ent r="5" t="226" w="265" /><ent r="5" t="226" w="265" /></phr><phr n="Light"><ent r="6" t="251" w="96" /><ent r="6" t="251" w="96" /></phr></stem><stem n="kit"><phr n="kit"><ent r="1000" t="41" w="4" /><ent r="1000" t="41" w="4" /><ent r="92" t="41" w="9" /><ent r="92" t="41" w="9" /><ent r="3" t="41" w="13" /><ent r="3" t="41" w="13" /><ent r="1000" t="67" w="4" /><ent r="1000" t="67" w="4" /><ent r="92" t="67" w="9" /><ent r="92" t="67" w="9" /><ent r="3" t="67" w="13" /><ent r="3" t="67" w="13" /><ent r="3" t="85" w="84" /><ent r="3" t="85" w="84" /><ent r="1000" t="92" w="4" /><ent r="1000" t="92" w="4" /><ent r="92" t="92" w="9" /><ent r="92" t="92" w="9" /><ent r="3" t="92" w="13" /><ent r="3" t="92" w="13" /><ent r="1000" t="122" w="4" /><ent r="1000" t="122" w="4" /><ent r="92" t="122" w="9" /><ent r="92" t="122" w="9" /><ent r="3" t="122" w="13" /><ent r="3" t="122" w="13" /><ent r="1000" t="144" w="4" /><ent r="1000" t="144" w="4" /><ent r="92" t="144" w="9" /><ent r="92" t="144" w="9" /><ent r="3" t="144" w="13" /><ent r="3" t="144" w="13" /><ent r="1000" t="158" w="4" /><ent r="1000" t="158" w="4" /><ent r="92" t="158" w="10" /><ent r="92" t="158" w="10" /><ent r="3" t="158" w="16" /><ent r="3" t="158" w="16" /><ent r="1000" t="196" w="4" /><ent r="1000" t="196" w="4" /><ent r="92" t="196" w="10" /><ent r="92" t="196" w="10" /><ent r="3" t="196" w="16" /><ent r="3" t="196" w="16" /><ent r="1000" t="220" w="4" /><ent r="1000" t="220" w="4" /><ent r="92" t="220" w="10" /><ent r="92" t="220" w="10" /><ent r="3" t="220" w="16" /><ent r="3" t="220" w="16" /><ent r="67" t="413" w="32" /><ent r="67" t="413" w="32" /><ent r="67" t="413" w="37" /><ent r="67" t="413" w="37" /><ent r="67" t="413" w="42" /><ent r="67" t="413" w="42" /><ent r="67" t="413" w="47" /><ent r="67" t="413" w="47" /><ent r="67" t="413" w="52" /><ent r="67" t="413" w="52" /><ent r="67" t="413" w="57" /><ent r="67" t="413" w="57" /><ent r="67" t="413" w="63" /><ent r="67" t="413" w="63" /><ent r="67" t="413" w="69" /><ent r="67" t="413" w="69" /></phr></stem><stem n="db9"><phr n="DB9"><ent r="4" t="41" w="46" /><ent r="4" t="41" w="46" /><ent r="4" t="67" w="46" /><ent r="4" t="67" w="46" /><ent r="4" t="92" w="46" /><ent r="4" t="92" w="46" /><ent r="4" t="122" w="46" /><ent r="4" t="122" w="46" /><ent r="4" t="144" w="46" /><ent r="4" t="144" w="46" /><ent r="3" t="158" w="34" /><ent r="3" t="158" w="34" /><ent r="3" t="160" w="127" /><ent r="4" t="161" w="159" /><ent r="5" t="162" w="146" /><ent r="3" t="163" w="145" /><ent r="3" t="163" w="145" /><ent r="3" t="163" w="150" /><ent r="3" t="163" w="150" /><ent r="6" t="164" w="95" /><ent r="6" t="164" w="95" /><ent r="6" t="164" w="137" /><ent r="6" t="164" w="137" /><ent r="6" t="164" w="149" /><ent r="6" t="164" w="149" /><ent r="4" t="164" w="169" /><ent r="4" t="164" w="169" /><ent r="5" t="164" w="271" /><ent r="5" t="164" w="271" /><ent r="4" t="164" w="346" /><ent r="4" t="164" w="346" /><ent r="5" t="164" w="426" /><ent r="5" t="164" w="426" /><ent r="4" t="164" w="488" /><ent r="4" t="164" w="488" /><ent r="4" t="196" w="47" /><ent r="4" t="196" w="47" /><ent r="4" t="196" w="81" /><ent r="4" t="196" w="81" /><ent r="4" t="220" w="49" /><ent r="4" t="220" w="49" /><ent r="4" t="220" w="85" /><ent r="4" t="220" w="85" /><ent r="6" t="226" w="87" /><ent r="6" t="226" w="87" /><ent r="6" t="226" w="95" /><ent r="6" t="226" w="95" /><ent r="4" t="226" w="115" /><ent r="4" t="226" w="115" /><ent r="5" t="226" w="224" /><ent r="5" t="226" w="224" /><ent r="4" t="226" w="312" /><ent r="4" t="226" w="312" /><ent r="5" t="226" w="398" /><ent r="5" t="226" w="398" /><ent r="3" t="402" w="1003" /><ent r="3" t="402" w="1003" /><ent r="4" t="425" w="173" /><ent r="4" t="425" w="198" /></phr></stem><stem n="receipt"><phr n="receipt"><ent r="4" t="41" w="110" /><ent r="4" t="41" w="110" /><ent r="4" t="67" w="98" /><ent r="4" t="67" w="98" /><ent r="4" t="92" w="98" /><ent r="4" t="92" w="98" /><ent r="4" t="122" w="98" /><ent r="4" t="122" w="98" /><ent r="4" t="144" w="98" /><ent r="4" t="144" w="98" /><ent r="4" t="196" w="146" /><ent r="4" t="196" w="146" /><ent r="4" t="220" w="150" /><ent r="4" t="220" w="150" /></phr><phr n="Receipt"><ent r="3" t="404" w="492" /><ent r="3" t="404" w="492" /></phr></stem><stem n="hazard"><phr n="hazards"><ent r="5" t="42" w="34" /><ent r="5" t="42" w="34" /><ent r="5" t="68" w="34" /><ent r="5" t="68" w="34" /><ent r="5" t="93" w="34" /><ent r="5" t="93" w="34" /><ent r="5" t="123" w="34" /><ent r="5" t="123" w="34" /><ent r="5" t="145" w="34" /><ent r="5" t="145" w="34" /><ent r="5" t="159" w="34" /><ent r="5" t="159" w="34" /><ent r="5" t="197" w="34" /><ent r="5" t="197" w="34" /><ent r="5" t="221" w="34" /><ent r="5" t="221" w="34" /></phr><phr n="Hazardous"><ent r="3" t="404" w="1565" /><ent r="3" t="404" w="1565" /></phr><phr n="hazardous"><ent r="3" t="404" w="1609" /><ent r="3" t="404" w="1609" /></phr></stem><stem n="sharp"><phr n="Sharp"><ent r="6" t="42" w="41" /><ent r="6" t="42" w="41" /><ent r="6" t="42" w="63" /><ent r="6" t="42" w="63" /><ent r="6" t="68" w="41" /><ent r="6" t="68" w="41" /><ent r="6" t="68" w="63" /><ent r="6" t="68" w="63" /><ent r="6" t="93" w="41" /><ent r="6" t="93" w="41" /><ent r="6" t="93" w="63" /><ent r="6" t="93" w="63" /><ent r="6" t="123" w="41" /><ent r="6" t="123" w="41" /><ent r="6" t="123" w="63" /><ent r="6" t="123" w="63" /><ent r="6" t="145" w="41" /><ent r="6" t="145" w="41" /><ent r="6" t="145" w="63" /><ent r="6" t="145" w="63" /><ent r="6" t="159" w="41" /><ent r="6" t="159" w="41" /><ent r="6" t="159" w="63" /><ent r="6" t="159" w="63" /><ent r="6" t="197" w="41" /><ent r="6" t="197" w="41" /><ent r="6" t="197" w="63" /><ent r="6" t="197" w="63" /><ent r="6" t="221" w="41" /><ent r="6" t="221" w="41" /><ent r="6" t="221" w="63" /><ent r="6" t="221" w="63" /></phr></stem><stem n="end"><phr n="ends"><ent r="6" t="42" w="42" /><ent r="6" t="42" w="42" /><ent r="6" t="68" w="42" /><ent r="6" t="68" w="42" /><ent r="6" t="93" w="42" /><ent r="6" t="93" w="42" /><ent r="3" t="115" w="179" /><ent r="3" t="115" w="259" /><ent r="6" t="123" w="42" /><ent r="6" t="123" w="42" /><ent r="3" t="138" w="195" /><ent r="6" t="145" w="42" /><ent r="6" t="145" w="42" /><ent r="6" t="159" w="42" /><ent r="6" t="159" w="42" /><ent r="6" t="197" w="42" /><ent r="6" t="197" w="42" /><ent r="3" t="216" w="87" /><ent r="6" t="221" w="42" /><ent r="6" t="221" w="42" /><ent r="3" t="323" w="275" /><ent r="3" t="323" w="275" /><ent r="3" t="396" w="268" /><ent r="3" t="396" w="268" /></phr><phr n="end"><ent r="4" t="42" w="184" /><ent r="4" t="42" w="184" /><ent r="4" t="68" w="184" /><ent r="4" t="68" w="184" /><ent r="7" t="78" w="916" /><ent r="7" t="78" w="916" /><ent r="4" t="93" w="196" /><ent r="4" t="93" w="196" /><ent r="7" t="131" w="953" /><ent r="7" t="131" w="953" /><ent r="4" t="159" w="184" /><ent r="4" t="159" w="184" /><ent r="4" t="197" w="184" /><ent r="4" t="197" w="184" /><ent r="4" t="221" w="184" /><ent r="4" t="221" w="184" /><ent r="7" t="235" w="847" /><ent r="3" t="288" w="790" /><ent r="3" t="288" w="790" /><ent r="4" t="315" w="357" /><ent r="4" t="315" w="357" /><ent r="3" t="390" w="763" /><ent r="3" t="390" w="763" /><ent r="3" t="390" w="960" /><ent r="3" t="390" w="960" /><ent r="3" t="393" w="71" /><ent r="3" t="393" w="71" /><ent r="3" t="399" w="337" /><ent r="3" t="399" w="337" /><ent r="3" t="399" w="754" /><ent r="3" t="399" w="754" /><ent r="3" t="399" w="892" /><ent r="3" t="399" w="892" /><ent r="3" t="399" w="1054" /><ent r="3" t="399" w="1054" /><ent r="3" t="399" w="1182" /><ent r="3" t="399" w="1182" /><ent r="3" t="399" w="1321" /><ent r="3" t="399" w="1321" /><ent r="3" t="399" w="1389" /><ent r="3" t="399" w="1389" /><ent r="3" t="399" w="1448" /><ent r="3" t="399" w="1448" /><ent r="3" t="399" w="1509" /><ent r="3" t="399" w="1509" /><ent r="3" t="399" w="1568" /><ent r="3" t="399" w="1568" /><ent r="3" t="399" w="1646" /><ent r="3" t="399" w="1646" /><ent r="3" t="399" w="1715" /><ent r="3" t="399" w="1715" /><ent r="3" t="399" w="1791" /><ent r="3" t="399" w="1791" /><ent r="3" t="399" w="1875" /><ent r="3" t="399" w="1875" /><ent r="3" t="399" w="2000" /><ent r="3" t="399" w="2000" /><ent r="3" t="399" w="2217" /><ent r="3" t="399" w="2217" /><ent r="3" t="399" w="2355" /><ent r="3" t="399" w="2355" /><ent r="3" t="399" w="2660" /><ent r="3" t="399" w="2660" /><ent r="3" t="399" w="3027" /><ent r="3" t="399" w="3027" /><ent r="3" t="399" w="3509" /><ent r="3" t="399" w="3509" /><ent r="3" t="399" w="3784" /><ent r="3" t="399" w="3784" /><ent r="3" t="399" w="3816" /><ent r="3" t="399" w="3816" /><ent r="3" t="399" w="3880" /><ent r="3" t="399" w="3880" /><ent r="5" t="400" w="2218" /><ent r="5" t="400" w="2218" /><ent r="3" t="402" w="973" /><ent r="3" t="402" w="973" /><ent r="3" t="404" w="340" /><ent r="3" t="404" w="340" /><ent r="3" t="404" w="358" /><ent r="3" t="404" w="358" /></phr><phr n="ended"><ent r="5" t="115" w="460" /><ent r="5" t="115" w="460" /><ent r="5" t="138" w="365" /><ent r="5" t="138" w="365" /><ent r="4" t="216" w="272" /></phr><phr n="End"><ent r="6" t="324" w="132" /><ent r="6" t="324" w="132" /><ent r="6" t="331" w="136" /><ent r="6" t="331" w="136" /><ent r="6" t="332" w="474" /><ent r="6" t="332" w="474" /><ent r="6" t="333" w="179" /><ent r="6" t="333" w="179" /><ent r="6" t="334" w="406" /><ent r="6" t="334" w="406" /><ent r="6" t="335" w="460" /><ent r="6" t="335" w="460" /><ent r="6" t="336" w="351" /><ent r="6" t="336" w="351" /><ent r="7" t="337" w="291" /><ent r="7" t="337" w="291" /><ent r="7" t="337" w="759" /><ent r="7" t="337" w="759" /><ent r="7" t="338" w="485" /><ent r="7" t="338" w="485" /><ent r="7" t="339" w="340" /><ent r="7" t="339" w="340" /><ent r="7" t="340" w="259" /><ent r="7" t="340" w="259" /><ent r="6" t="341" w="351" /><ent r="6" t="341" w="351" /><ent r="6" t="342" w="236" /><ent r="6" t="342" w="236" /><ent r="6" t="343" w="754" /><ent r="6" t="343" w="754" /><ent r="6" t="344" w="528" /><ent r="6" t="344" w="528" /><ent r="6" t="345" w="422" /><ent r="6" t="345" w="422" /><ent r="7" t="346" w="384" /><ent r="7" t="346" w="384" /><ent r="6" t="347" w="416" /><ent r="6" t="347" w="416" /><ent r="6" t="348" w="778" /><ent r="6" t="348" w="778" /><ent r="6" t="349" w="818" /><ent r="6" t="349" w="818" /><ent r="6" t="350" w="737" /><ent r="6" t="350" w="737" /><ent r="6" t="351" w="330" /><ent r="6" t="351" w="330" /><ent r="6" t="352" w="177" /><ent r="6" t="352" w="177" /><ent r="6" t="353" w="1254" /><ent r="6" t="353" w="1254" /><ent r="6" t="360" w="322" /><ent r="6" t="360" w="322" /><ent r="6" t="379" w="274" /><ent r="6" t="379" w="274" /><ent r="6" t="381" w="151" /><ent r="6" t="381" w="151" /><ent r="6" t="382" w="586" /><ent r="6" t="382" w="586" /><ent r="6" t="383" w="164" /><ent r="6" t="383" w="164" /><ent r="6" t="384" w="215" /><ent r="6" t="384" w="215" /><ent r="6" t="385" w="134" /><ent r="6" t="385" w="134" /><ent r="6" t="386" w="168" /><ent r="6" t="386" w="168" /><ent r="6" t="387" w="169" /><ent r="6" t="387" w="169" /><ent r="6" t="388" w="208" /><ent r="6" t="388" w="208" /><ent r="7" t="388" w="607" /><ent r="7" t="388" w="607" /><ent r="7" t="388" w="759" /><ent r="7" t="388" w="759" /><ent r="7" t="388" w="925" /><ent r="7" t="388" w="925" /><ent r="7" t="388" w="978" /><ent r="7" t="388" w="978" /><ent r="7" t="388" w="1273" /><ent r="7" t="388" w="1273" /><ent r="7" t="388" w="1568" /><ent r="7" t="388" w="1568" /><ent r="6" t="389" w="150" /><ent r="6" t="389" w="150" /><ent r="6" t="390" w="542" /><ent r="6" t="390" w="542" /><ent r="6" t="391" w="276" /><ent r="6" t="391" w="276" /><ent r="7" t="396" w="246" /><ent r="7" t="396" w="246" /></phr><phr n="END"><ent r="3" t="399" w="3872" /><ent r="3" t="399" w="3872" /></phr></stem><stem n="kink"><phr n="kinks"><ent r="6" t="42" w="44" /><ent r="6" t="42" w="44" /><ent r="6" t="68" w="44" /><ent r="6" t="68" w="44" /><ent r="6" t="93" w="44" /><ent r="6" t="93" w="44" /><ent r="6" t="123" w="44" /><ent r="6" t="123" w="44" /><ent r="6" t="145" w="44" /><ent r="6" t="145" w="44" /><ent r="6" t="159" w="44" /><ent r="6" t="159" w="44" /><ent r="6" t="197" w="44" /><ent r="6" t="197" w="44" /><ent r="6" t="221" w="44" /><ent r="6" t="221" w="44" /></phr></stem><stem n="hot"><phr n="Hot"><ent r="6" t="42" w="49" /><ent r="6" t="42" w="49" /><ent r="6" t="68" w="49" /><ent r="6" t="68" w="49" /><ent r="6" t="93" w="49" /><ent r="6" t="93" w="49" /><ent r="6" t="123" w="49" /><ent r="6" t="123" w="49" /><ent r="6" t="145" w="49" /><ent r="6" t="145" w="49" /><ent r="6" t="159" w="49" /><ent r="6" t="159" w="49" /><ent r="6" t="197" w="49" /><ent r="6" t="197" w="49" /><ent r="6" t="221" w="49" /><ent r="6" t="221" w="49" /></phr></stem><stem n="exhaust"><phr n="exhaust"><ent r="6" t="42" w="53" /><ent r="6" t="42" w="53" /><ent r="6" t="68" w="53" /><ent r="6" t="68" w="53" /><ent r="6" t="93" w="53" /><ent r="6" t="93" w="53" /><ent r="6" t="123" w="53" /><ent r="6" t="123" w="53" /><ent r="6" t="145" w="53" /><ent r="6" t="145" w="53" /><ent r="6" t="159" w="53" /><ent r="6" t="159" w="53" /><ent r="6" t="197" w="53" /><ent r="6" t="197" w="53" /><ent r="6" t="221" w="53" /><ent r="6" t="221" w="53" /></phr></stem><stem n="manifold"><phr n="manifolds"><ent r="6" t="42" w="54" /><ent r="6" t="42" w="54" /><ent r="6" t="68" w="54" /><ent r="6" t="68" w="54" /><ent r="6" t="93" w="54" /><ent r="6" t="93" w="54" /><ent r="6" t="123" w="54" /><ent r="6" t="123" w="54" /><ent r="6" t="145" w="54" /><ent r="6" t="145" w="54" /><ent r="6" t="159" w="54" /><ent r="6" t="159" w="54" /><ent r="6" t="197" w="54" /><ent r="6" t="197" w="54" /><ent r="6" t="221" w="54" /><ent r="6" t="221" w="54" /></phr></stem><stem n="rotat"><phr n="Rotating"><ent r="6" t="42" w="58" /><ent r="6" t="42" w="58" /><ent r="6" t="68" w="58" /><ent r="6" t="68" w="58" /><ent r="6" t="93" w="58" /><ent r="6" t="93" w="58" /><ent r="6" t="123" w="58" /><ent r="6" t="123" w="58" /><ent r="6" t="145" w="58" /><ent r="6" t="145" w="58" /><ent r="6" t="159" w="58" /><ent r="6" t="159" w="58" /><ent r="6" t="197" w="58" /><ent r="6" t="197" w="58" /><ent r="6" t="221" w="58" /><ent r="6" t="221" w="58" /></phr><phr n="rotational"><ent r="3" t="400" w="124" /><ent r="3" t="400" w="124" /></phr><phr n="Rotation"><ent r="7" t="432" w="242" /><ent r="7" t="432" w="242" /></phr></stem></index>