<?xml version="1.0" encoding="utf-8"?><index><!-- saved from url=(0016)http://localhost -->
<stem n="4ah"><phr n="4Ah"><ent r="3" t="326" w="64" /><ent r="3" t="326" w="64" /><ent r="67" t="330" w="34" /><ent r="1000" t="333" w="2" /><ent r="92" t="333" w="6" /><ent r="6" t="333" w="112" /><ent r="6" t="333" w="112" /><ent r="65" t="334" w="64" /><ent r="6" t="385" w="286" /><ent r="6" t="385" w="286" /></phr></stem><stem n="getopt"><phr n="GETOPT"><ent r="3" t="326" w="65" /><ent r="67" t="330" w="35" /><ent r="67" t="330" w="35" /><ent r="1000" t="333" w="3" /><ent r="1000" t="333" w="3" /><ent r="92" t="333" w="7" /><ent r="92" t="333" w="7" /><ent r="65" t="334" w="65" /><ent r="65" t="334" w="65" /></phr></stem><stem n="4bh"><phr n="4Bh"><ent r="3" t="326" w="77" /><ent r="67" t="330" w="38" /><ent r="65" t="333" w="61" /><ent r="1000" t="334" w="2" /><ent r="92" t="334" w="6" /><ent r="3" t="334" w="55" /><ent r="3" t="334" w="55" /><ent r="6" t="334" w="117" /><ent r="6" t="334" w="117" /><ent r="6" t="385" w="292" /><ent r="6" t="385" w="292" /><ent r="7" t="445" w="422" /><ent r="7" t="445" w="422" /></phr></stem><stem n="retopt"><phr n="RETOPT"><ent r="3" t="326" w="78" /><ent r="67" t="330" w="39" /><ent r="67" t="330" w="39" /><ent r="65" t="333" w="62" /><ent r="65" t="333" w="62" /><ent r="1000" t="334" w="3" /><ent r="1000" t="334" w="3" /><ent r="92" t="334" w="7" /><ent r="92" t="334" w="7" /><ent r="7" t="445" w="423" /><ent r="7" t="445" w="423" /></phr></stem><stem n="motorola"><phr n="Motorola"><ent r="3" t="327" w="14" /><ent r="3" t="327" w="14" /><ent r="3" t="327" w="62" /><ent r="3" t="327" w="62" /><ent r="1000" t="397" w="6" /><ent r="1000" t="397" w="6" /><ent r="82" t="397" w="14" /><ent r="82" t="397" w="14" /><ent r="3" t="397" w="22" /><ent r="3" t="397" w="22" /><ent r="3" t="397" w="73" /><ent r="3" t="397" w="73" /></phr></stem><stem n="opposit"><phr n="opposite"><ent r="3" t="327" w="24" /><ent r="3" t="327" w="24" /><ent r="3" t="397" w="32" /><ent r="3" t="397" w="32" /></phr></stem><stem n="8-byte"><phr n="8-byte"><ent r="3" t="327" w="38" /><ent r="3" t="327" w="38" /><ent r="3" t="397" w="46" /><ent r="3" t="397" w="46" /></phr></stem><stem n="char"><phr n="CHAR"><ent r="3" t="328" w="13" /><ent r="6" t="328" w="69" /><ent r="6" t="328" w="69" /><ent r="6" t="360" w="302" /><ent r="6" t="360" w="302" /><ent r="6" t="360" w="318" /><ent r="6" t="360" w="318" /><ent r="6" t="365" w="277" /><ent r="6" t="365" w="277" /><ent r="6" t="365" w="558" /><ent r="6" t="365" w="558" /><ent r="6" t="386" w="96" /><ent r="6" t="386" w="96" /><ent r="6" t="386" w="107" /><ent r="6" t="386" w="107" /><ent r="6" t="386" w="125" /><ent r="6" t="386" w="125" /><ent r="6" t="386" w="137" /><ent r="6" t="386" w="137" /><ent r="6" t="386" w="149" /><ent r="6" t="386" w="149" /><ent r="6" t="386" w="164" /><ent r="6" t="386" w="164" /><ent r="6" t="387" w="74" /><ent r="6" t="387" w="74" /><ent r="6" t="387" w="85" /><ent r="6" t="387" w="85" /><ent r="6" t="387" w="103" /><ent r="6" t="387" w="103" /><ent r="6" t="387" w="115" /><ent r="6" t="387" w="115" /><ent r="6" t="387" w="139" /><ent r="6" t="387" w="139" /><ent r="6" t="387" w="150" /><ent r="6" t="387" w="150" /><ent r="6" t="387" w="165" /><ent r="6" t="387" w="165" /><ent r="3" t="397" w="84" /></phr><phr n="Char"><ent r="6" t="331" w="61" /><ent r="6" t="331" w="73" /><ent r="6" t="331" w="91" /><ent r="6" t="331" w="104" /><ent r="6" t="331" w="117" /><ent r="6" t="331" w="132" /><ent r="6" t="332" w="73" /><ent r="6" t="332" w="85" /><ent r="6" t="332" w="103" /><ent r="6" t="332" w="112" /><ent r="6" t="332" w="453" /><ent r="6" t="332" w="470" /><ent r="6" t="333" w="80" /><ent r="6" t="333" w="92" /><ent r="6" t="333" w="110" /><ent r="6" t="333" w="123" /><ent r="6" t="333" w="160" /><ent r="6" t="333" w="175" /><ent r="6" t="334" w="83" /><ent r="6" t="334" w="95" /><ent r="6" t="334" w="115" /><ent r="6" t="334" w="128" /><ent r="6" t="334" w="385" /><ent r="6" t="334" w="402" /><ent r="6" t="335" w="131" /><ent r="6" t="335" w="143" /><ent r="6" t="335" w="157" /><ent r="6" t="335" w="170" /><ent r="6" t="335" w="443" /><ent r="6" t="335" w="456" /><ent r="6" t="336" w="100" /><ent r="6" t="336" w="112" /><ent r="6" t="336" w="128" /><ent r="6" t="336" w="141" /><ent r="6" t="336" w="332" /><ent r="6" t="336" w="332" /><ent r="6" t="336" w="347" /><ent r="6" t="336" w="347" /><ent r="6" t="347" w="146" /><ent r="6" t="347" w="158" /><ent r="6" t="347" w="172" /><ent r="6" t="347" w="185" /><ent r="6" t="347" w="200" /><ent r="6" t="347" w="245" /><ent r="6" t="347" w="396" /><ent r="6" t="347" w="412" /><ent r="6" t="348" w="263" /><ent r="6" t="348" w="275" /><ent r="6" t="348" w="289" /><ent r="6" t="348" w="302" /><ent r="6" t="348" w="753" /><ent r="6" t="348" w="753" /><ent r="6" t="348" w="774" /><ent r="6" t="348" w="774" /><ent r="6" t="360" w="58" /><ent r="6" t="360" w="70" /><ent r="6" t="360" w="84" /><ent r="6" t="360" w="97" /><ent r="6" t="360" w="111" /><ent r="6" t="360" w="147" /><ent r="6" t="360" w="169" /><ent r="6" t="361" w="83" /><ent r="6" t="361" w="102" /><ent r="6" t="361" w="134" /><ent r="6" t="361" w="168" /><ent r="6" t="362" w="87" /><ent r="6" t="362" w="101" /><ent r="6" t="362" w="151" /><ent r="6" t="362" w="176" /><ent r="6" t="362" w="197" /><ent r="6" t="362" w="221" /><ent r="6" t="362" w="245" /><ent r="6" t="363" w="76" /><ent r="6" t="363" w="90" /><ent r="6" t="363" w="111" /><ent r="6" t="363" w="128" /><ent r="6" t="363" w="143" /><ent r="6" t="363" w="161" /><ent r="6" t="363" w="175" /><ent r="6" t="363" w="191" /><ent r="6" t="363" w="209" /><ent r="6" t="363" w="232" /><ent r="6" t="363" w="246" /><ent r="6" t="363" w="260" /><ent r="6" t="363" w="274" /><ent r="6" t="363" w="288" /><ent r="6" t="363" w="302" /><ent r="6" t="363" w="316" /><ent r="6" t="363" w="368" /><ent r="6" t="363" w="383" /><ent r="6" t="363" w="521" /><ent r="6" t="363" w="537" /><ent r="6" t="363" w="560" /><ent r="6" t="363" w="577" /><ent r="6" t="364" w="83" /><ent r="6" t="364" w="100" /><ent r="6" t="364" w="123" /><ent r="6" t="364" w="143" /><ent r="6" t="364" w="162" /><ent r="6" t="364" w="203" /><ent r="6" t="365" w="71" /><ent r="6" t="365" w="85" /><ent r="6" t="365" w="105" /><ent r="6" t="365" w="120" /><ent r="6" t="365" w="136" /><ent r="6" t="365" w="237" /><ent r="6" t="365" w="280" /><ent r="6" t="365" w="299" /><ent r="6" t="365" w="320" /><ent r="6" t="365" w="367" /><ent r="6" t="365" w="387" /><ent r="6" t="365" w="420" /><ent r="6" t="365" w="434" /><ent r="6" t="365" w="448" /><ent r="6" t="365" w="462" /><ent r="6" t="365" w="476" /><ent r="6" t="365" w="490" /><ent r="6" t="365" w="504" /><ent r="6" t="365" w="518" /><ent r="6" t="365" w="532" /><ent r="6" t="365" w="546" /><ent r="6" t="365" w="561" /><ent r="6" t="366" w="127" /><ent r="6" t="366" w="142" /><ent r="6" t="367" w="127" /><ent r="6" t="367" w="143" /><ent r="6" t="368" w="127" /><ent r="6" t="368" w="143" /><ent r="6" t="369" w="127" /><ent r="6" t="369" w="143" /><ent r="6" t="370" w="127" /><ent r="6" t="370" w="142" /><ent r="6" t="371" w="128" /><ent r="6" t="371" w="144" /><ent r="6" t="371" w="165" /><ent r="6" t="371" w="188" /><ent r="6" t="371" w="199" /><ent r="6" t="371" w="210" /><ent r="6" t="371" w="221" /><ent r="6" t="372" w="106" /><ent r="6" t="372" w="120" /><ent r="6" t="372" w="159" /><ent r="6" t="372" w="182" /><ent r="6" t="372" w="211" /><ent r="6" t="372" w="255" /><ent r="6" t="372" w="306" /><ent r="6" t="372" w="325" /><ent r="6" t="372" w="362" /><ent r="6" t="372" w="406" /><ent r="6" t="372" w="481" /><ent r="6" t="372" w="502" /><ent r="6" t="372" w="560" /><ent r="6" t="372" w="676" /><ent r="6" t="372" w="799" /><ent r="6" t="372" w="825" /><ent r="6" t="372" w="848" /><ent r="6" t="372" w="863" /><ent r="6" t="372" w="919" /><ent r="6" t="372" w="949" /><ent r="6" t="373" w="64" /><ent r="6" t="373" w="78" /><ent r="6" t="373" w="143" /><ent r="6" t="373" w="158" /><ent r="6" t="373" w="179" /><ent r="6" t="374" w="93" /><ent r="6" t="374" w="107" /><ent r="6" t="374" w="130" /><ent r="6" t="374" w="156" /><ent r="6" t="374" w="186" /><ent r="6" t="374" w="201" /><ent r="6" t="374" w="258" /><ent r="6" t="374" w="288" /><ent r="6" t="375" w="68" /><ent r="6" t="375" w="82" /><ent r="6" t="375" w="104" /><ent r="6" t="376" w="63" /><ent r="6" t="376" w="78" /><ent r="6" t="376" w="101" /><ent r="6" t="377" w="59" /><ent r="6" t="377" w="73" /><ent r="6" t="377" w="94" /><ent r="6" t="377" w="105" /><ent r="6" t="377" w="144" /><ent r="6" t="377" w="190" /><ent r="6" t="377" w="208" /><ent r="6" t="378" w="66" /><ent r="6" t="378" w="81" /><ent r="6" t="378" w="126" /><ent r="6" t="378" w="164" /><ent r="6" t="378" w="175" /><ent r="6" t="378" w="192" /><ent r="6" t="379" w="162" /><ent r="6" t="379" w="174" /><ent r="6" t="379" w="193" /><ent r="6" t="379" w="206" /><ent r="6" t="379" w="254" /><ent r="6" t="379" w="270" /><ent r="6" t="381" w="73" /><ent r="6" t="381" w="85" /><ent r="6" t="381" w="104" /><ent r="6" t="381" w="117" /><ent r="6" t="381" w="130" /><ent r="6" t="381" w="147" /><ent r="6" t="382" w="238" /><ent r="6" t="382" w="250" /><ent r="6" t="382" w="269" /><ent r="6" t="382" w="282" /><ent r="6" t="382" w="301" /><ent r="6" t="382" w="321" /><ent r="6" t="382" w="340" /><ent r="6" t="382" w="360" /><ent r="6" t="382" w="394" /><ent r="6" t="382" w="438" /><ent r="6" t="382" w="463" /><ent r="6" t="382" w="485" /><ent r="6" t="382" w="507" /><ent r="6" t="382" w="526" /><ent r="6" t="382" w="568" /><ent r="6" t="382" w="584" /><ent r="6" t="383" w="59" /><ent r="6" t="383" w="71" /><ent r="6" t="383" w="90" /><ent r="6" t="383" w="103" /><ent r="6" t="383" w="145" /><ent r="6" t="383" w="160" /><ent r="6" t="384" w="110" /><ent r="6" t="384" w="122" /><ent r="6" t="384" w="141" /><ent r="6" t="384" w="154" /><ent r="6" t="384" w="196" /><ent r="6" t="384" w="211" /><ent r="6" t="385" w="38" /><ent r="6" t="385" w="50" /><ent r="6" t="385" w="68" /><ent r="6" t="385" w="81" /><ent r="6" t="385" w="95" /><ent r="6" t="385" w="114" /><ent r="6" t="385" w="130" /><ent r="6" t="388" w="56" /><ent r="6" t="388" w="68" /><ent r="6" t="388" w="87" /><ent r="6" t="388" w="101" /><ent r="6" t="388" w="118" /><ent r="6" t="388" w="190" /><ent r="6" t="388" w="204" /><ent r="6" t="388" w="509" /><ent r="6" t="388" w="636" /><ent r="6" t="388" w="804" /><ent r="6" t="388" w="836" /><ent r="6" t="388" w="870" /><ent r="6" t="388" w="896" /><ent r="6" t="388" w="954" /><ent r="6" t="388" w="1007" /><ent r="6" t="388" w="1036" /><ent r="6" t="388" w="1075" /><ent r="6" t="388" w="1092" /><ent r="6" t="388" w="1108" /><ent r="6" t="388" w="1134" /><ent r="6" t="388" w="1149" /><ent r="6" t="388" w="1223" /><ent r="6" t="388" w="1223" /><ent r="6" t="388" w="1302" /><ent r="6" t="388" w="1331" /><ent r="6" t="388" w="1370" /><ent r="6" t="388" w="1387" /><ent r="6" t="388" w="1403" /><ent r="6" t="388" w="1429" /><ent r="6" t="388" w="1444" /><ent r="6" t="388" w="1518" /><ent r="6" t="388" w="1518" /><ent r="6" t="389" w="73" /><ent r="6" t="389" w="85" /><ent r="6" t="389" w="104" /><ent r="6" t="389" w="117" /><ent r="6" t="389" w="130" /><ent r="6" t="389" w="146" /><ent r="6" t="390" w="190" /><ent r="6" t="390" w="200" /><ent r="6" t="390" w="219" /><ent r="6" t="390" w="232" /><ent r="6" t="390" w="524" /><ent r="6" t="390" w="538" /><ent r="6" t="391" w="118" /><ent r="6" t="391" w="130" /><ent r="6" t="391" w="150" /><ent r="6" t="391" w="163" /><ent r="6" t="391" w="255" /><ent r="6" t="391" w="272" /><ent r="7" t="396" w="35" /><ent r="7" t="396" w="35" /><ent r="7" t="396" w="46" /><ent r="7" t="396" w="46" /><ent r="7" t="396" w="62" /><ent r="7" t="396" w="62" /><ent r="7" t="396" w="75" /><ent r="7" t="396" w="75" /><ent r="7" t="396" w="89" /><ent r="7" t="396" w="89" /><ent r="7" t="396" w="120" /><ent r="7" t="396" w="120" /><ent r="7" t="396" w="137" /><ent r="7" t="396" w="137" /><ent r="7" t="396" w="163" /><ent r="7" t="396" w="163" /><ent r="7" t="396" w="177" /><ent r="7" t="396" w="177" /><ent r="7" t="397" w="128" /><ent r="7" t="397" w="128" /><ent r="7" t="430" w="82" /><ent r="7" t="430" w="82" /><ent r="7" t="430" w="97" /><ent r="7" t="430" w="97" /><ent r="7" t="430" w="109" /><ent r="7" t="430" w="109" /><ent r="7" t="430" w="148" /><ent r="7" t="430" w="148" /><ent r="7" t="430" w="220" /><ent r="7" t="430" w="220" /><ent r="7" t="430" w="313" /><ent r="7" t="430" w="313" /><ent r="7" t="431" w="123" /><ent r="7" t="431" w="123" /><ent r="7" t="431" w="142" /><ent r="7" t="431" w="142" /><ent r="7" t="431" w="200" /><ent r="7" t="431" w="200" /><ent r="7" t="431" w="237" /><ent r="7" t="431" w="237" /><ent r="7" t="431" w="308" /><ent r="7" t="431" w="308" /><ent r="7" t="431" w="400" /><ent r="7" t="431" w="400" /><ent r="7" t="431" w="625" /><ent r="7" t="431" w="625" /><ent r="7" t="431" w="653" /><ent r="7" t="431" w="653" /><ent r="7" t="431" w="721" /><ent r="7" t="431" w="721" /><ent r="7" t="431" w="790" /><ent r="7" t="431" w="790" /><ent r="7" t="432" w="123" /><ent r="7" t="432" w="123" /><ent r="7" t="432" w="135" /><ent r="7" t="432" w="135" /><ent r="7" t="432" w="163" /><ent r="7" t="432" w="163" /><ent r="7" t="432" w="185" /><ent r="7" t="432" w="185" /><ent r="7" t="432" w="200" /><ent r="7" t="432" w="200" /><ent r="7" t="433" w="82" /><ent r="7" t="433" w="82" /><ent r="7" t="433" w="96" /><ent r="7" t="433" w="96" /><ent r="7" t="433" w="207" /><ent r="7" t="433" w="207" /><ent r="7" t="434" w="57" /><ent r="7" t="434" w="57" /><ent r="7" t="434" w="66" /><ent r="7" t="434" w="66" /><ent r="7" t="435" w="51" /><ent r="7" t="435" w="51" /><ent r="7" t="435" w="65" /><ent r="7" t="435" w="65" /><ent r="7" t="435" w="76" /><ent r="7" t="435" w="76" /><ent r="7" t="436" w="54" /><ent r="7" t="436" w="54" /><ent r="7" t="436" w="72" /><ent r="7" t="436" w="72" /><ent r="7" t="437" w="63" /><ent r="7" t="437" w="63" /><ent r="7" t="437" w="81" /><ent r="7" t="437" w="81" /><ent r="7" t="439" w="48" /><ent r="7" t="439" w="48" /><ent r="7" t="439" w="61" /><ent r="7" t="439" w="61" /><ent r="7" t="439" w="72" /><ent r="7" t="439" w="72" /><ent r="7" t="439" w="137" /><ent r="7" t="439" w="137" /><ent r="7" t="439" w="156" /><ent r="7" t="439" w="156" /><ent r="7" t="439" w="174" /><ent r="7" t="439" w="174" /><ent r="7" t="439" w="196" /><ent r="7" t="439" w="196" /><ent r="7" t="439" w="236" /><ent r="7" t="439" w="236" /><ent r="7" t="439" w="254" /><ent r="7" t="439" w="254" /><ent r="7" t="439" w="271" /><ent r="7" t="439" w="271" /><ent r="7" t="439" w="316" /><ent r="7" t="439" w="316" /><ent r="7" t="439" w="350" /><ent r="7" t="439" w="350" /><ent r="7" t="439" w="369" /><ent r="7" t="439" w="369" /><ent r="7" t="439" w="386" /><ent r="7" t="439" w="386" /><ent r="7" t="439" w="409" /><ent r="7" t="439" w="409" /><ent r="7" t="440" w="59" /><ent r="7" t="440" w="59" /><ent r="7" t="440" w="75" /><ent r="7" t="440" w="75" /><ent r="7" t="441" w="63" /><ent r="7" t="441" w="63" /><ent r="7" t="441" w="78" /><ent r="7" t="441" w="78" /><ent r="7" t="441" w="91" /><ent r="7" t="441" w="91" /><ent r="7" t="442" w="106" /><ent r="7" t="442" w="106" /><ent r="7" t="442" w="123" /><ent r="7" t="442" w="123" /><ent r="7" t="443" w="127" /><ent r="7" t="443" w="127" /><ent r="7" t="443" w="146" /><ent r="7" t="443" w="146" /><ent r="7" t="443" w="164" /><ent r="7" t="443" w="164" /><ent r="7" t="443" w="221" /><ent r="7" t="443" w="221" /><ent r="7" t="443" w="308" /><ent r="7" t="443" w="308" /><ent r="7" t="443" w="400" /><ent r="7" t="443" w="400" /><ent r="7" t="443" w="608" /><ent r="7" t="443" w="608" /><ent r="7" t="443" w="635" /><ent r="7" t="443" w="635" /><ent r="7" t="443" w="710" /><ent r="7" t="443" w="710" /><ent r="7" t="443" w="787" /><ent r="7" t="443" w="787" /><ent r="7" t="444" w="50" /><ent r="7" t="444" w="50" /><ent r="7" t="444" w="64" /><ent r="7" t="444" w="64" /><ent r="7" t="445" w="86" /><ent r="7" t="445" w="86" /><ent r="7" t="445" w="98" /><ent r="7" t="445" w="98" /><ent r="7" t="446" w="88" /><ent r="7" t="446" w="88" /><ent r="7" t="446" w="106" /><ent r="7" t="446" w="106" /><ent r="7" t="447" w="65" /><ent r="7" t="447" w="65" /><ent r="7" t="447" w="80" /><ent r="7" t="447" w="80" /><ent r="7" t="447" w="97" /><ent r="7" t="447" w="97" /><ent r="7" t="447" w="180" /><ent r="7" t="447" w="180" /><ent r="7" t="448" w="43" /><ent r="7" t="448" w="43" /><ent r="7" t="448" w="58" /><ent r="7" t="448" w="58" /><ent r="7" t="449" w="113" /><ent r="7" t="449" w="113" /><ent r="7" t="449" w="128" /><ent r="7" t="449" w="128" /><ent r="7" t="450" w="65" /><ent r="7" t="450" w="65" /><ent r="7" t="450" w="80" /><ent r="7" t="450" w="80" /><ent r="7" t="450" w="134" /><ent r="7" t="450" w="134" /><ent r="7" t="450" w="149" /><ent r="7" t="450" w="149" /><ent r="7" t="450" w="170" /><ent r="7" t="450" w="170" /><ent r="7" t="451" w="95" /><ent r="7" t="451" w="95" /><ent r="7" t="451" w="110" /><ent r="7" t="451" w="110" /><ent r="7" t="451" w="130" /><ent r="7" t="451" w="130" /><ent r="7" t="451" w="170" /><ent r="7" t="451" w="170" /><ent r="7" t="451" w="184" /><ent r="7" t="451" w="184" /><ent r="7" t="451" w="203" /><ent r="7" t="451" w="203" /><ent r="7" t="451" w="222" /><ent r="7" t="451" w="222" /><ent r="7" t="451" w="249" /><ent r="7" t="451" w="249" /><ent r="7" t="451" w="292" /><ent r="7" t="451" w="292" /><ent r="7" t="452" w="62" /><ent r="7" t="452" w="62" /><ent r="7" t="452" w="76" /><ent r="7" t="452" w="76" /><ent r="7" t="452" w="128" /><ent r="7" t="452" w="128" /><ent r="7" t="452" w="147" /><ent r="7" t="452" w="147" /><ent r="7" t="452" w="172" /><ent r="7" t="452" w="172" /><ent r="7" t="452" w="196" /><ent r="7" t="452" w="196" /><ent r="7" t="453" w="91" /><ent r="7" t="453" w="91" /><ent r="7" t="453" w="106" /><ent r="7" t="453" w="106" /><ent r="7" t="454" w="62" /><ent r="7" t="454" w="62" /><ent r="7" t="454" w="71" /><ent r="7" t="454" w="71" /><ent r="7" t="454" w="145" /><ent r="7" t="454" w="145" /><ent r="7" t="455" w="90" /><ent r="7" t="455" w="90" /><ent r="7" t="455" w="104" /><ent r="7" t="455" w="104" /><ent r="7" t="455" w="118" /><ent r="7" t="455" w="118" /></phr><phr n="Chars"><ent r="6" t="332" w="134" /><ent r="6" t="332" w="182" /><ent r="6" t="332" w="204" /><ent r="6" t="332" w="222" /><ent r="6" t="332" w="232" /><ent r="6" t="332" w="241" /><ent r="6" t="332" w="250" /><ent r="6" t="332" w="271" /><ent r="6" t="332" w="291" /><ent r="6" t="332" w="308" /><ent r="6" t="332" w="333" /><ent r="6" t="332" w="347" /><ent r="6" t="332" w="361" /><ent r="6" t="332" w="428" /><ent r="6" t="362" w="124" /><ent r="6" t="366" w="166" /><ent r="6" t="367" w="168" /><ent r="6" t="368" w="168" /><ent r="6" t="369" w="167" /><ent r="6" t="370" w="166" /><ent r="6" t="371" w="237" /><ent r="6" t="382" w="419" /><ent r="6" t="388" w="533" /><ent r="6" t="388" w="566" /><ent r="6" t="388" w="578" /><ent r="6" t="388" w="589" /><ent r="6" t="388" w="602" /><ent r="6" t="388" w="660" /><ent r="6" t="388" w="718" /><ent r="6" t="388" w="730" /><ent r="6" t="388" w="741" /><ent r="6" t="388" w="754" /><ent r="6" t="388" w="1056" /><ent r="6" t="388" w="1181" /><ent r="6" t="388" w="1206" /><ent r="6" t="388" w="1245" /><ent r="6" t="388" w="1245" /><ent r="6" t="388" w="1351" /><ent r="6" t="388" w="1476" /><ent r="6" t="388" w="1501" /><ent r="6" t="388" w="1540" /><ent r="6" t="388" w="1540" /><ent r="6" t="390" w="246" /><ent r="6" t="390" w="274" /><ent r="6" t="390" w="307" /><ent r="6" t="390" w="328" /><ent r="6" t="390" w="359" /><ent r="6" t="390" w="389" /><ent r="6" t="390" w="409" /><ent r="6" t="390" w="431" /><ent r="6" t="390" w="467" /><ent r="6" t="390" w="503" /><ent r="7" t="447" w="144" /><ent r="7" t="447" w="144" /></phr><phr n="char"><ent r="6" t="342" w="120" /><ent r="6" t="343" w="438" /><ent r="3" t="399" w="589" /><ent r="3" t="399" w="589" /><ent r="3" t="399" w="611" /><ent r="3" t="399" w="611" /><ent r="3" t="399" w="626" /><ent r="3" t="399" w="626" /><ent r="3" t="399" w="719" /><ent r="3" t="399" w="719" /><ent r="3" t="399" w="724" /><ent r="3" t="399" w="724" /><ent r="3" t="399" w="765" /><ent r="3" t="399" w="765" /><ent r="3" t="399" w="857" /><ent r="3" t="399" w="857" /><ent r="3" t="399" w="862" /><ent r="3" t="399" w="862" /><ent r="3" t="399" w="903" /><ent r="3" t="399" w="903" /><ent r="3" t="399" w="995" /><ent r="3" t="399" w="995" /><ent r="3" t="399" w="1000" /><ent r="3" t="399" w="1000" /><ent r="3" t="399" w="1066" /><ent r="3" t="399" w="1066" /><ent r="3" t="399" w="1159" /><ent r="3" t="399" w="1159" /><ent r="3" t="399" w="1164" /><ent r="3" t="399" w="1164" /><ent r="3" t="399" w="1239" /><ent r="3" t="399" w="1239" /><ent r="3" t="399" w="1336" /><ent r="3" t="399" w="1336" /><ent r="3" t="399" w="1405" /><ent r="3" t="399" w="1405" /><ent r="3" t="399" w="1465" /><ent r="3" t="399" w="1465" /><ent r="3" t="399" w="1523" /><ent r="3" t="399" w="1523" /><ent r="3" t="399" w="1581" /><ent r="3" t="399" w="1581" /><ent r="3" t="399" w="1660" /><ent r="3" t="399" w="1660" /><ent r="3" t="399" w="1728" /><ent r="3" t="399" w="1728" /><ent r="3" t="399" w="1805" /><ent r="3" t="399" w="1805" /><ent r="3" t="399" w="1892" /><ent r="3" t="399" w="1892" /><ent r="3" t="399" w="2017" /><ent r="3" t="399" w="2017" /><ent r="3" t="399" w="2231" /><ent r="3" t="399" w="2231" /><ent r="3" t="399" w="2368" /><ent r="3" t="399" w="2368" /><ent r="3" t="399" w="2377" /><ent r="3" t="399" w="2377" /><ent r="3" t="399" w="2381" /><ent r="3" t="399" w="2381" /><ent r="3" t="399" w="2385" /><ent r="3" t="399" w="2385" /><ent r="3" t="399" w="2675" /><ent r="3" t="399" w="2675" /><ent r="3" t="399" w="2681" /><ent r="3" t="399" w="2681" /><ent r="3" t="399" w="2696" /><ent r="3" t="399" w="2696" /><ent r="3" t="399" w="2700" /><ent r="3" t="399" w="2700" /><ent r="3" t="399" w="2704" /><ent r="3" t="399" w="2704" /><ent r="3" t="399" w="2708" /><ent r="3" t="399" w="2708" /><ent r="3" t="399" w="2712" /><ent r="3" t="399" w="2712" /><ent r="3" t="399" w="2722" /><ent r="3" t="399" w="2722" /><ent r="3" t="399" w="2756" /><ent r="3" t="399" w="2756" /><ent r="3" t="399" w="3137" /><ent r="3" t="399" w="3137" /><ent r="3" t="399" w="3522" /><ent r="3" t="399" w="3522" /><ent r="3" t="399" w="3892" /><ent r="3" t="399" w="3892" /><ent r="3" t="399" w="3945" /><ent r="3" t="399" w="3945" /></phr><phr n="CHARs"><ent r="6" t="387" w="129" /><ent r="6" t="387" w="129" /></phr></stem><stem n="unsign"><phr n="unsigned"><ent r="3" t="328" w="21" /><ent r="3" t="328" w="24" /><ent r="3" t="328" w="24" /><ent r="6" t="334" w="237" /><ent r="6" t="334" w="237" /><ent r="6" t="339" w="132" /><ent r="6" t="339" w="132" /><ent r="6" t="339" w="167" /><ent r="6" t="339" w="167" /><ent r="6" t="340" w="103" /><ent r="6" t="340" w="103" /><ent r="6" t="340" w="130" /><ent r="6" t="340" w="130" /><ent r="6" t="351" w="240" /><ent r="6" t="351" w="240" /><ent r="3" t="397" w="92" /><ent r="3" t="397" w="97" /><ent r="3" t="399" w="573" /><ent r="3" t="399" w="573" /><ent r="3" t="399" w="578" /><ent r="3" t="399" w="578" /><ent r="3" t="399" w="588" /><ent r="3" t="399" w="588" /><ent r="3" t="399" w="610" /><ent r="3" t="399" w="610" /><ent r="3" t="399" w="622" /><ent r="3" t="399" w="622" /><ent r="3" t="399" w="625" /><ent r="3" t="399" w="625" /><ent r="3" t="399" w="714" /><ent r="3" t="399" w="714" /><ent r="3" t="399" w="718" /><ent r="3" t="399" w="718" /><ent r="3" t="399" w="723" /><ent r="3" t="399" w="723" /><ent r="3" t="399" w="764" /><ent r="3" t="399" w="764" /><ent r="3" t="399" w="856" /><ent r="3" t="399" w="856" /><ent r="3" t="399" w="861" /><ent r="3" t="399" w="861" /><ent r="3" t="399" w="902" /><ent r="3" t="399" w="902" /><ent r="3" t="399" w="994" /><ent r="3" t="399" w="994" /><ent r="3" t="399" w="999" /><ent r="3" t="399" w="999" /><ent r="3" t="399" w="1062" /><ent r="3" t="399" w="1062" /><ent r="3" t="399" w="1065" /><ent r="3" t="399" w="1065" /><ent r="3" t="399" w="1154" /><ent r="3" t="399" w="1154" /><ent r="3" t="399" w="1158" /><ent r="3" t="399" w="1158" /><ent r="3" t="399" w="1163" /><ent r="3" t="399" w="1163" /><ent r="3" t="399" w="1238" /><ent r="3" t="399" w="1238" /><ent r="3" t="399" w="1244" /><ent r="3" t="399" w="1244" /><ent r="3" t="399" w="1248" /><ent r="3" t="399" w="1248" /><ent r="3" t="399" w="1335" /><ent r="3" t="399" w="1335" /><ent r="3" t="399" w="1404" /><ent r="3" t="399" w="1404" /><ent r="3" t="399" w="1464" /><ent r="3" t="399" w="1464" /><ent r="3" t="399" w="1522" /><ent r="3" t="399" w="1522" /><ent r="3" t="399" w="1580" /><ent r="3" t="399" w="1580" /><ent r="3" t="399" w="1659" /><ent r="3" t="399" w="1659" /><ent r="3" t="399" w="1727" /><ent r="3" t="399" w="1727" /><ent r="3" t="399" w="1804" /><ent r="3" t="399" w="1804" /><ent r="3" t="399" w="1891" /><ent r="3" t="399" w="1891" /><ent r="3" t="399" w="2016" /><ent r="3" t="399" w="2016" /><ent r="3" t="399" w="2230" /><ent r="3" t="399" w="2230" /><ent r="3" t="399" w="2367" /><ent r="3" t="399" w="2367" /><ent r="3" t="399" w="2376" /><ent r="3" t="399" w="2376" /><ent r="3" t="399" w="2380" /><ent r="3" t="399" w="2380" /><ent r="3" t="399" w="2384" /><ent r="3" t="399" w="2384" /><ent r="3" t="399" w="2674" /><ent r="3" t="399" w="2674" /><ent r="3" t="399" w="2680" /><ent r="3" t="399" w="2680" /><ent r="3" t="399" w="2688" /><ent r="3" t="399" w="2688" /><ent r="3" t="399" w="2695" /><ent r="3" t="399" w="2695" /><ent r="3" t="399" w="2699" /><ent r="3" t="399" w="2699" /><ent r="3" t="399" w="2703" /><ent r="3" t="399" w="2703" /><ent r="3" t="399" w="2707" /><ent r="3" t="399" w="2707" /><ent r="3" t="399" w="2711" /><ent r="3" t="399" w="2711" /><ent r="3" t="399" w="2721" /><ent r="3" t="399" w="2721" /><ent r="3" t="399" w="2731" /><ent r="3" t="399" w="2731" /><ent r="3" t="399" w="2735" /><ent r="3" t="399" w="2735" /><ent r="3" t="399" w="2739" /><ent r="3" t="399" w="2739" /><ent r="3" t="399" w="2743" /><ent r="3" t="399" w="2743" /><ent r="3" t="399" w="2747" /><ent r="3" t="399" w="2747" /><ent r="3" t="399" w="2751" /><ent r="3" t="399" w="2751" /><ent r="3" t="399" w="2755" /><ent r="3" t="399" w="2755" /><ent r="3" t="399" w="3136" /><ent r="3" t="399" w="3136" /><ent r="3" t="399" w="3521" /><ent r="3" t="399" w="3521" /><ent r="3" t="399" w="3944" /><ent r="3" t="399" w="3944" /></phr><phr n="Unsigned"><ent r="6" t="328" w="55" /><ent r="6" t="328" w="67" /><ent r="6" t="397" w="126" /><ent r="6" t="397" w="126" /><ent r="7" t="434" w="80" /><ent r="7" t="434" w="80" /></phr></stem></index>