<?xml version="1.0" encoding="utf-8"?><index><!-- saved from url=(0016)http://localhost -->
<stem n="perform"><phr n="performance"><ent r="3" t="3" w="49" /><ent r="3" t="3" w="49" /><ent r="3" t="9" w="95" /><ent r="3" t="11" w="66" /><ent r="3" t="11" w="586" /><ent r="3" t="11" w="586" /><ent r="8" t="16" w="139" /><ent r="3" t="38" w="63" /><ent r="3" t="40" w="108" /><ent r="3" t="40" w="108" /><ent r="8" t="47" w="139" /><ent r="3" t="65" w="63" /><ent r="3" t="66" w="108" /><ent r="3" t="66" w="108" /><ent r="8" t="71" w="139" /><ent r="3" t="95" w="159" /><ent r="8" t="98" w="139" /><ent r="7" t="106" w="2059" /><ent r="7" t="106" w="2059" /><ent r="3" t="115" w="337" /><ent r="3" t="115" w="392" /><ent r="3" t="120" w="63" /><ent r="3" t="121" w="108" /><ent r="3" t="121" w="108" /><ent r="3" t="124" w="242" /><ent r="3" t="138" w="273" /><ent r="3" t="138" w="297" /><ent r="3" t="143" w="63" /><ent r="8" t="150" w="173" /><ent r="3" t="157" w="104" /><ent r="3" t="157" w="104" /><ent r="8" t="165" w="190" /><ent r="8" t="175" w="198" /><ent r="3" t="195" w="104" /><ent r="3" t="195" w="104" /><ent r="8" t="201" w="253" /><ent r="3" t="216" w="155" /><ent r="3" t="216" w="218" /><ent r="3" t="219" w="104" /><ent r="3" t="219" w="104" /><ent r="8" t="227" w="235" /><ent r="3" t="237" w="124" /><ent r="7" t="242" w="610" /><ent r="7" t="242" w="610" /><ent r="3" t="242" w="1240" /><ent r="3" t="242" w="1240" /><ent r="54" t="263" w="128" /><ent r="3" t="268" w="331" /><ent r="3" t="268" w="331" /><ent r="65" t="400" w="83" /><ent r="65" t="400" w="83" /><ent r="3" t="400" w="1236" /><ent r="3" t="400" w="1236" /><ent r="82" t="400" w="1989" /><ent r="82" t="400" w="1989" /><ent r="5" t="400" w="2230" /><ent r="3" t="404" w="859" /><ent r="3" t="404" w="859" /><ent r="3" t="404" w="1471" /><ent r="3" t="404" w="1471" /><ent r="3" t="471" w="21" /><ent r="7" t="488" w="280" /><ent r="7" t="488" w="280" /><ent r="3" t="499" w="135" /><ent r="3" t="499" w="135" /></phr><phr n="perform"><ent r="3" t="4" w="254" /><ent r="3" t="4" w="254" /><ent r="3" t="15" w="246" /><ent r="3" t="15" w="246" /><ent r="3" t="46" w="246" /><ent r="3" t="46" w="246" /><ent r="3" t="97" w="246" /><ent r="3" t="97" w="246" /><ent r="3" t="126" w="251" /><ent r="3" t="126" w="251" /><ent r="3" t="149" w="246" /><ent r="3" t="149" w="246" /><ent r="3" t="174" w="246" /><ent r="3" t="174" w="246" /><ent r="3" t="200" w="246" /><ent r="3" t="200" w="246" /><ent r="5" t="266" w="223" /><ent r="5" t="266" w="223" /><ent r="3" t="272" w="135" /><ent r="3" t="272" w="135" /><ent r="3" t="314" w="422" /><ent r="3" t="314" w="422" /><ent r="3" t="317" w="119" /><ent r="3" t="317" w="119" /></phr><phr n="performed"><ent r="3" t="11" w="356" /><ent r="3" t="11" w="356" /><ent r="6" t="14" w="108" /><ent r="6" t="14" w="108" /><ent r="3" t="15" w="213" /><ent r="8" t="20" w="27" /><ent r="8" t="20" w="27" /><ent r="6" t="45" w="108" /><ent r="6" t="45" w="108" /><ent r="3" t="46" w="213" /><ent r="8" t="51" w="27" /><ent r="8" t="51" w="27" /><ent r="6" t="70" w="160" /><ent r="6" t="70" w="160" /><ent r="8" t="75" w="27" /><ent r="8" t="75" w="27" /><ent r="6" t="96" w="154" /><ent r="6" t="96" w="154" /><ent r="3" t="97" w="213" /><ent r="9" t="102" w="27" /><ent r="9" t="102" w="27" /><ent r="7" t="125" w="158" /><ent r="7" t="125" w="158" /><ent r="3" t="126" w="218" /><ent r="3" t="149" w="213" /><ent r="8" t="154" w="27" /><ent r="8" t="154" w="27" /><ent r="8" t="168" w="27" /><ent r="8" t="168" w="27" /><ent r="3" t="174" w="213" /><ent r="8" t="179" w="27" /><ent r="8" t="179" w="27" /><ent r="6" t="199" w="171" /><ent r="6" t="199" w="171" /><ent r="3" t="200" w="213" /><ent r="8" t="205" w="27" /><ent r="8" t="205" w="27" /><ent r="6" t="224" w="179" /><ent r="6" t="224" w="179" /><ent r="8" t="231" w="27" /><ent r="8" t="231" w="27" /><ent r="7" t="235" w="3316" /><ent r="7" t="235" w="3316" /></phr><phr n="Performance"><ent r="1000" t="17" w="1" /><ent r="1000" t="17" w="1" /><ent r="92" t="17" w="4" /><ent r="92" t="17" w="4" /><ent r="1000" t="48" w="1" /><ent r="1000" t="48" w="1" /><ent r="92" t="48" w="4" /><ent r="92" t="48" w="4" /><ent r="1000" t="72" w="1" /><ent r="1000" t="72" w="1" /><ent r="92" t="72" w="4" /><ent r="92" t="72" w="4" /><ent r="4" t="90" w="169" /><ent r="4" t="90" w="169" /><ent r="1000" t="99" w="1" /><ent r="1000" t="99" w="1" /><ent r="92" t="99" w="4" /><ent r="92" t="99" w="4" /><ent r="1000" t="150" w="1" /><ent r="1000" t="150" w="1" /><ent r="92" t="150" w="4" /><ent r="92" t="150" w="4" /><ent r="1000" t="165" w="1" /><ent r="1000" t="165" w="1" /><ent r="92" t="165" w="4" /><ent r="92" t="165" w="4" /><ent r="1000" t="175" w="1" /><ent r="1000" t="175" w="1" /><ent r="92" t="175" w="4" /><ent r="92" t="175" w="4" /><ent r="1000" t="201" w="1" /><ent r="1000" t="201" w="1" /><ent r="92" t="201" w="4" /><ent r="92" t="201" w="4" /><ent r="1000" t="227" w="1" /><ent r="1000" t="227" w="1" /><ent r="92" t="227" w="4" /><ent r="92" t="227" w="4" /><ent r="67" t="417" w="17" /><ent r="67" t="417" w="17" /><ent r="67" t="417" w="20" /><ent r="67" t="417" w="20" /><ent r="67" t="417" w="23" /><ent r="67" t="417" w="23" /><ent r="67" t="417" w="26" /><ent r="67" t="417" w="26" /><ent r="67" t="417" w="29" /><ent r="67" t="417" w="29" /><ent r="67" t="417" w="32" /><ent r="67" t="417" w="32" /><ent r="67" t="417" w="35" /><ent r="67" t="417" w="35" /><ent r="67" t="417" w="38" /><ent r="67" t="417" w="38" /><ent r="67" t="417" w="41" /><ent r="67" t="417" w="41" /></phr><phr n="performing"><ent r="3" t="265" w="406" /><ent r="3" t="265" w="406" /></phr><phr n="performs"><ent r="3" t="297" w="537" /><ent r="3" t="297" w="537" /><ent r="3" t="314" w="480" /><ent r="3" t="314" w="480" /><ent r="3" t="314" w="498" /><ent r="3" t="314" w="498" /><ent r="3" t="314" w="532" /><ent r="3" t="314" w="532" /><ent r="3" t="400" w="386" /><ent r="3" t="400" w="386" /></phr><phr n="Perform"><ent r="4" t="409" w="72" /><ent r="4" t="409" w="72" /></phr></stem><stem n="result"><phr n="result"><ent r="3" t="3" w="50" /><ent r="3" t="3" w="50" /><ent r="3" t="9" w="92" /><ent r="3" t="9" w="92" /><ent r="3" t="11" w="59" /><ent r="3" t="11" w="59" /><ent r="3" t="40" w="200" /><ent r="3" t="40" w="200" /><ent r="3" t="66" w="200" /><ent r="3" t="66" w="200" /><ent r="3" t="91" w="588" /><ent r="3" t="91" w="588" /><ent r="3" t="121" w="202" /><ent r="3" t="121" w="202" /><ent r="3" t="157" w="211" /><ent r="3" t="157" w="211" /><ent r="3" t="195" w="207" /><ent r="3" t="195" w="207" /><ent r="3" t="219" w="207" /><ent r="3" t="219" w="207" /><ent r="7" t="235" w="1877" /><ent r="3" t="326" w="86" /><ent r="3" t="326" w="86" /><ent r="5" t="329" w="259" /><ent r="5" t="329" w="259" /><ent r="3" t="336" w="371" /><ent r="3" t="393" w="147" /><ent r="3" t="393" w="147" /><ent r="3" t="397" w="413" /><ent r="3" t="397" w="413" /><ent r="3" t="400" w="1483" /><ent r="3" t="400" w="1483" /><ent r="3" t="400" w="1730" /><ent r="3" t="400" w="1730" /><ent r="3" t="404" w="1546" /><ent r="4" t="427" w="286" /><ent r="4" t="427" w="286" /><ent r="7" t="488" w="145" /></phr><phr n="results"><ent r="3" t="8" w="241" /><ent r="3" t="8" w="241" /><ent r="3" t="91" w="608" /><ent r="3" t="91" w="608" /><ent r="7" t="242" w="561" /><ent r="7" t="242" w="561" /><ent r="3" t="268" w="283" /><ent r="3" t="268" w="283" /><ent r="4" t="270" w="549" /><ent r="4" t="270" w="549" /><ent r="5" t="329" w="272" /><ent r="5" t="329" w="272" /><ent r="3" t="359" w="293" /><ent r="3" t="359" w="293" /><ent r="3" t="397" w="427" /><ent r="3" t="397" w="427" /><ent r="3" t="404" w="976" /><ent r="3" t="404" w="976" /><ent r="3" t="404" w="1507" /><ent r="3" t="404" w="1507" /><ent r="4" t="409" w="129" /><ent r="4" t="409" w="129" /><ent r="3" t="409" w="171" /><ent r="3" t="409" w="171" /><ent r="54" t="475" w="433" /><ent r="54" t="477" w="710" /><ent r="4" t="499" w="171" /><ent r="4" t="499" w="171" /></phr><phr n="resulting"><ent r="7" t="235" w="615" /><ent r="7" t="235" w="615" /><ent r="3" t="404" w="861" /><ent r="3" t="404" w="861" /></phr><phr n="resultant"><ent r="7" t="235" w="2000" /><ent r="7" t="235" w="2000" /></phr></stem><stem n="close"><phr n="close"><ent r="3" t="3" w="53" /><ent r="3" t="3" w="53" /><ent r="4" t="40" w="267" /><ent r="4" t="40" w="267" /><ent r="4" t="66" w="267" /><ent r="4" t="66" w="267" /><ent r="6" t="78" w="1164" /><ent r="6" t="78" w="1164" /><ent r="3" t="85" w="54" /><ent r="3" t="85" w="54" /><ent r="4" t="121" w="269" /><ent r="4" t="121" w="269" /><ent r="4" t="157" w="278" /><ent r="4" t="157" w="278" /><ent r="4" t="195" w="274" /><ent r="4" t="195" w="274" /><ent r="4" t="219" w="274" /><ent r="4" t="219" w="274" /><ent r="7" t="235" w="1004" /><ent r="7" t="235" w="1004" /><ent r="4" t="312" w="286" /><ent r="4" t="312" w="286" /><ent r="5" t="315" w="450" /><ent r="5" t="315" w="450" /><ent r="3" t="405" w="277" /><ent r="3" t="405" w="277" /></phr><phr n="closely"><ent r="3" t="8" w="26" /><ent r="3" t="8" w="26" /></phr><phr n="Close"><ent r="6" t="312" w="467" /><ent r="6" t="312" w="467" /><ent r="7" t="312" w="762" /><ent r="7" t="312" w="762" /><ent r="4" t="402" w="969" /><ent r="4" t="402" w="969" /></phr><phr n="closed"><ent r="3" t="427" w="46" /><ent r="5" t="427" w="698" /></phr></stem><stem n="1"><phr n="1"><ent r="3" t="3" w="55" /><ent r="3" t="3" w="55" /><ent r="3" t="8" w="162" /><ent r="3" t="8" w="162" /><ent r="3" t="8" w="171" /><ent r="3" t="11" w="779" /><ent r="3" t="11" w="779" /><ent r="3" t="13" w="169" /><ent r="3" t="13" w="169" /><ent r="4" t="14" w="76" /><ent r="4" t="14" w="76" /><ent r="4" t="14" w="87" /><ent r="4" t="14" w="87" /><ent r="4" t="14" w="93" /><ent r="4" t="14" w="93" /><ent r="4" t="14" w="187" /><ent r="4" t="14" w="187" /><ent r="4" t="14" w="226" /><ent r="4" t="14" w="350" /><ent r="4" t="14" w="350" /><ent r="6" t="15" w="124" /><ent r="3" t="16" w="13" /><ent r="3" t="16" w="13" /><ent r="6" t="16" w="86" /><ent r="6" t="16" w="86" /><ent r="6" t="16" w="100" /><ent r="6" t="16" w="100" /><ent r="6" t="16" w="110" /><ent r="6" t="16" w="110" /><ent r="6" t="16" w="124" /><ent r="6" t="16" w="124" /><ent r="8" t="16" w="130" /><ent r="8" t="16" w="130" /><ent r="8" t="17" w="83" /><ent r="8" t="17" w="83" /><ent r="8" t="17" w="85" /><ent r="8" t="17" w="85" /><ent r="6" t="18" w="41" /><ent r="6" t="18" w="42" /><ent r="6" t="18" w="42" /><ent r="6" t="20" w="13" /><ent r="6" t="20" w="13" /><ent r="6" t="20" w="55" /><ent r="6" t="20" w="55" /><ent r="6" t="20" w="66" /><ent r="6" t="20" w="66" /><ent r="6" t="20" w="95" /><ent r="6" t="20" w="95" /><ent r="6" t="20" w="111" /><ent r="6" t="20" w="114" /><ent r="8" t="22" w="99" /><ent r="8" t="22" w="99" /><ent r="6" t="24" w="35" /><ent r="6" t="24" w="35" /><ent r="6" t="24" w="758" /><ent r="6" t="24" w="758" /><ent r="6" t="24" w="793" /><ent r="6" t="24" w="793" /><ent r="3" t="25" w="18" /><ent r="3" t="25" w="18" /><ent r="5" t="26" w="104" /><ent r="5" t="26" w="104" /><ent r="6" t="27" w="35" /><ent r="6" t="27" w="35" /><ent r="8" t="27" w="55" /><ent r="8" t="27" w="56" /><ent r="8" t="27" w="56" /><ent r="6" t="31" w="10" /><ent r="6" t="31" w="10" /><ent r="6" t="32" w="12" /><ent r="6" t="32" w="12" /><ent r="6" t="32" w="20" /><ent r="6" t="32" w="20" /><ent r="7" t="32" w="81" /><ent r="7" t="32" w="81" /><ent r="6" t="34" w="111" /><ent r="6" t="34" w="111" /><ent r="6" t="34" w="127" /><ent r="3" t="35" w="39" /><ent r="6" t="35" w="78" /><ent r="6" t="35" w="82" /><ent r="7" t="35" w="109" /><ent r="6" t="35" w="170" /><ent r="6" t="35" w="170" /><ent r="6" t="35" w="220" /><ent r="6" t="36" w="137" /><ent r="6" t="38" w="137" /><ent r="6" t="38" w="145" /><ent r="6" t="38" w="147" /><ent r="6" t="38" w="147" /><ent r="4" t="41" w="86" /><ent r="4" t="41" w="86" /><ent r="4" t="41" w="100" /><ent r="4" t="41" w="100" /><ent r="7" t="43" w="118" /><ent r="7" t="43" w="118" /><ent r="7" t="43" w="140" /><ent r="7" t="43" w="140" /><ent r="7" t="43" w="145" /><ent r="7" t="43" w="145" /><ent r="7" t="43" w="203" /><ent r="7" t="43" w="203" /><ent r="7" t="43" w="230" /><ent r="7" t="43" w="230" /><ent r="7" t="43" w="253" /><ent r="7" t="43" w="253" /><ent r="7" t="43" w="291" /><ent r="7" t="43" w="291" /><ent r="7" t="43" w="296" /><ent r="7" t="43" w="296" /><ent r="7" t="43" w="319" /><ent r="7" t="43" w="319" /><ent r="3" t="44" w="169" /><ent r="3" t="44" w="169" /><ent r="4" t="45" w="78" /><ent r="4" t="45" w="78" /><ent r="4" t="45" w="89" /><ent r="4" t="45" w="89" /><ent r="4" t="45" w="93" /><ent r="4" t="45" w="93" /><ent r="4" t="45" w="187" /><ent r="4" t="45" w="187" /><ent r="4" t="45" w="226" /><ent r="4" t="45" w="350" /><ent r="4" t="45" w="350" /><ent r="6" t="46" w="124" /><ent r="3" t="47" w="13" /><ent r="3" t="47" w="13" /><ent r="6" t="47" w="86" /><ent r="6" t="47" w="86" /><ent r="6" t="47" w="100" /><ent r="6" t="47" w="100" /><ent r="6" t="47" w="110" /><ent r="6" t="47" w="110" /><ent r="6" t="47" w="124" /><ent r="6" t="47" w="124" /><ent r="8" t="47" w="130" /><ent r="8" t="47" w="130" /><ent r="8" t="48" w="83" /><ent r="8" t="48" w="83" /><ent r="8" t="48" w="85" /><ent r="8" t="48" w="85" /><ent r="6" t="49" w="41" /><ent r="6" t="51" w="13" /><ent r="6" t="51" w="13" /><ent r="6" t="51" w="55" /><ent r="6" t="51" w="55" /><ent r="6" t="51" w="66" /><ent r="6" t="51" w="66" /><ent r="6" t="51" w="95" /><ent r="6" t="51" w="95" /><ent r="6" t="51" w="111" /><ent r="6" t="51" w="114" /><ent r="8" t="53" w="97" /><ent r="8" t="53" w="97" /><ent r="6" t="55" w="35" /><ent r="6" t="55" w="35" /><ent r="6" t="55" w="766" /><ent r="6" t="55" w="766" /><ent r="6" t="55" w="801" /><ent r="6" t="55" w="801" /><ent r="3" t="56" w="18" /><ent r="3" t="56" w="18" /><ent r="6" t="57" w="35" /><ent r="6" t="57" w="35" /><ent r="8" t="57" w="54" /><ent r="8" t="57" w="63" /><ent r="5" t="58" w="104" /><ent r="5" t="58" w="104" /><ent r="6" t="62" w="10" /><ent r="6" t="62" w="10" /><ent r="7" t="63" w="12" /><ent r="7" t="63" w="12" /><ent r="7" t="63" w="20" /><ent r="7" t="63" w="20" /><ent r="7" t="63" w="81" /><ent r="7" t="63" w="81" /><ent r="6" t="65" w="137" /><ent r="6" t="65" w="145" /><ent r="6" t="65" w="147" /><ent r="6" t="65" w="147" /><ent r="4" t="67" w="74" /><ent r="4" t="67" w="74" /><ent r="4" t="67" w="88" /><ent r="4" t="67" w="88" /><ent r="3" t="69" w="321" /><ent r="3" t="69" w="321" /><ent r="4" t="70" w="80" /><ent r="4" t="70" w="80" /><ent r="4" t="70" w="121" /><ent r="4" t="70" w="121" /><ent r="4" t="70" w="141" /><ent r="4" t="70" w="141" /><ent r="4" t="70" w="145" /><ent r="4" t="70" w="145" /><ent r="4" t="70" w="244" /><ent r="4" t="70" w="244" /><ent r="4" t="70" w="283" /><ent r="4" t="70" w="291" /><ent r="4" t="70" w="409" /><ent r="4" t="70" w="409" /><ent r="3" t="71" w="13" /><ent r="3" t="71" w="13" /><ent r="6" t="71" w="86" /><ent r="6" t="71" w="86" /><ent r="6" t="71" w="100" /><ent r="6" t="71" w="100" /><ent r="6" t="71" w="110" /><ent r="6" t="71" w="110" /><ent r="6" t="71" w="124" /><ent r="6" t="71" w="124" /><ent r="8" t="71" w="130" /><ent r="8" t="71" w="130" /><ent r="8" t="72" w="83" /><ent r="8" t="72" w="83" /><ent r="8" t="72" w="85" /><ent r="8" t="72" w="85" /><ent r="7" t="73" w="67" /><ent r="7" t="73" w="67" /><ent r="9" t="73" w="70" /><ent r="9" t="73" w="70" /><ent r="8" t="74" w="21" /><ent r="8" t="74" w="21" /><ent r="6" t="75" w="13" /><ent r="6" t="75" w="13" /><ent r="6" t="75" w="55" /><ent r="6" t="75" w="55" /><ent r="6" t="75" w="67" /><ent r="6" t="75" w="67" /><ent r="6" t="75" w="72" /><ent r="6" t="75" w="72" /><ent r="6" t="75" w="86" /><ent r="6" t="75" w="86" /><ent r="6" t="75" w="97" /><ent r="6" t="75" w="97" /><ent r="6" t="75" w="126" /><ent r="6" t="75" w="126" /><ent r="6" t="75" w="142" /><ent r="6" t="75" w="145" /><ent r="8" t="77" w="36" /><ent r="8" t="77" w="36" /><ent r="6" t="78" w="37" /><ent r="6" t="78" w="37" /><ent r="6" t="78" w="404" /><ent r="6" t="78" w="404" /><ent r="6" t="78" w="416" /><ent r="6" t="78" w="416" /><ent r="6" t="79" w="32" /><ent r="6" t="79" w="32" /><ent r="8" t="79" w="72" /><ent r="8" t="79" w="72" /><ent r="7" t="83" w="12" /><ent r="7" t="83" w="12" /><ent r="7" t="83" w="21" /><ent r="7" t="83" w="21" /><ent r="7" t="83" w="46" /><ent r="7" t="83" w="46" /><ent r="3" t="85" w="71" /><ent r="6" t="86" w="111" /><ent r="6" t="86" w="111" /><ent r="6" t="86" w="127" /><ent r="3" t="87" w="39" /><ent r="6" t="87" w="78" /><ent r="6" t="87" w="82" /><ent r="7" t="87" w="109" /><ent r="6" t="87" w="170" /><ent r="6" t="87" w="170" /><ent r="6" t="87" w="220" /><ent r="6" t="88" w="137" /><ent r="4" t="90" w="106" /><ent r="4" t="90" w="106" /><ent r="7" t="91" w="754" /><ent r="3" t="91" w="1324" /><ent r="4" t="91" w="1360" /><ent r="4" t="91" w="1369" /><ent r="4" t="91" w="1381" /><ent r="4" t="91" w="1384" /><ent r="7" t="91" w="1453" /><ent r="7" t="91" w="1536" /><ent r="4" t="92" w="74" /><ent r="4" t="92" w="74" /><ent r="4" t="92" w="88" /><ent r="4" t="92" w="88" /><ent r="7" t="94" w="118" /><ent r="7" t="94" w="118" /><ent r="7" t="94" w="140" /><ent r="7" t="94" w="140" /><ent r="7" t="94" w="145" /><ent r="7" t="94" w="145" /><ent r="7" t="94" w="203" /><ent r="7" t="94" w="203" /><ent r="7" t="94" w="230" /><ent r="7" t="94" w="230" /><ent r="7" t="94" w="253" /><ent r="7" t="94" w="253" /><ent r="7" t="94" w="291" /><ent r="7" t="94" w="291" /><ent r="7" t="94" w="296" /><ent r="7" t="94" w="296" /><ent r="7" t="94" w="319" /><ent r="7" t="94" w="319" /><ent r="3" t="95" w="63" /><ent r="3" t="95" w="232" /><ent r="3" t="95" w="232" /><ent r="4" t="96" w="119" /><ent r="4" t="96" w="119" /><ent r="4" t="96" w="130" /><ent r="4" t="96" w="130" /><ent r="4" t="96" w="137" /><ent r="4" t="96" w="137" /><ent r="5" t="96" w="248" /><ent r="5" t="96" w="256" /><ent r="4" t="96" w="370" /><ent r="4" t="96" w="370" /><ent r="6" t="97" w="124" /><ent r="3" t="98" w="13" /><ent r="3" t="98" w="13" /><ent r="6" t="98" w="86" /><ent r="6" t="98" w="86" /><ent r="6" t="98" w="100" /><ent r="6" t="98" w="100" /><ent r="6" t="98" w="110" /><ent r="6" t="98" w="110" /><ent r="6" t="98" w="124" /><ent r="6" t="98" w="124" /><ent r="8" t="98" w="130" /><ent r="8" t="98" w="130" /><ent r="8" t="99" w="83" /><ent r="8" t="99" w="83" /><ent r="8" t="99" w="85" /><ent r="8" t="99" w="85" /><ent r="7" t="100" w="41" /><ent r="7" t="102" w="13" /><ent r="7" t="102" w="13" /><ent r="7" t="102" w="55" /><ent r="7" t="102" w="55" /><ent r="7" t="102" w="66" /><ent r="7" t="102" w="66" /><ent r="7" t="102" w="95" /><ent r="7" t="102" w="95" /><ent r="7" t="102" w="111" /><ent r="7" t="102" w="114" /><ent r="8" t="104" w="54" /><ent r="8" t="104" w="54" /><ent r="6" t="106" w="35" /><ent r="6" t="106" w="35" /><ent r="6" t="106" w="766" /><ent r="6" t="106" w="766" /><ent r="6" t="106" w="801" /><ent r="6" t="106" w="801" /><ent r="3" t="107" w="18" /><ent r="3" t="107" w="18" /><ent r="7" t="108" w="35" /><ent r="9" t="108" w="56" /><ent r="5" t="109" w="104" /><ent r="5" t="109" w="104" /><ent r="7" t="113" w="10" /><ent r="7" t="113" w="10" /><ent r="7" t="114" w="12" /><ent r="7" t="114" w="12" /><ent r="7" t="114" w="20" /><ent r="7" t="114" w="20" /><ent r="7" t="114" w="82" /><ent r="7" t="114" w="82" /><ent r="3" t="115" w="125" /><ent r="3" t="115" w="152" /><ent r="3" t="115" w="152" /><ent r="3" t="115" w="217" /><ent r="3" t="115" w="217" /><ent r="3" t="115" w="576" /><ent r="3" t="115" w="576" /><ent r="3" t="115" w="681" /><ent r="3" t="115" w="681" /><ent r="6" t="116" w="112" /><ent r="6" t="116" w="112" /><ent r="6" t="116" w="128" /><ent r="3" t="117" w="39" /><ent r="6" t="117" w="78" /><ent r="6" t="117" w="82" /><ent r="7" t="117" w="109" /><ent r="6" t="117" w="170" /><ent r="6" t="117" w="170" /><ent r="6" t="117" w="220" /><ent r="7" t="118" w="140" /><ent r="7" t="120" w="141" /><ent r="7" t="120" w="149" /><ent r="7" t="120" w="151" /><ent r="7" t="120" w="151" /><ent r="4" t="122" w="74" /><ent r="4" t="122" w="74" /><ent r="4" t="122" w="88" /><ent r="4" t="122" w="88" /><ent r="3" t="124" w="118" /><ent r="3" t="124" w="118" /><ent r="3" t="124" w="279" /><ent r="3" t="124" w="279" /><ent r="5" t="125" w="123" /><ent r="5" t="125" w="123" /><ent r="5" t="125" w="134" /><ent r="5" t="125" w="134" /><ent r="4" t="125" w="141" /><ent r="4" t="125" w="141" /><ent r="5" t="125" w="278" /><ent r="5" t="125" w="286" /><ent r="5" t="125" w="400" /><ent r="5" t="125" w="400" /><ent r="6" t="126" w="124" /><ent r="7" t="128" w="34" /><ent r="7" t="128" w="34" /><ent r="7" t="128" w="139" /><ent r="7" t="128" w="139" /><ent r="8" t="130" w="35" /><ent r="8" t="130" w="35" /><ent r="8" t="130" w="71" /><ent r="8" t="130" w="71" /><ent r="7" t="131" w="37" /><ent r="7" t="131" w="37" /><ent r="7" t="131" w="433" /><ent r="7" t="131" w="433" /><ent r="7" t="131" w="456" /><ent r="7" t="131" w="456" /><ent r="7" t="136" w="10" /><ent r="7" t="136" w="10" /><ent r="7" t="137" w="12" /><ent r="7" t="137" w="12" /><ent r="7" t="137" w="20" /><ent r="7" t="137" w="20" /><ent r="7" t="137" w="82" /><ent r="7" t="137" w="82" /><ent r="3" t="138" w="617" /><ent r="3" t="138" w="617" /><ent r="6" t="139" w="112" /><ent r="6" t="139" w="112" /><ent r="6" t="139" w="128" /><ent r="3" t="140" w="39" /><ent r="7" t="140" w="78" /><ent r="7" t="140" w="78" /><ent r="7" t="140" w="83" /><ent r="7" t="140" w="111" /><ent r="7" t="140" w="111" /><ent r="7" t="140" w="175" /><ent r="7" t="140" w="175" /><ent r="7" t="140" w="226" /><ent r="7" t="141" w="140" /><ent r="7" t="143" w="141" /><ent r="7" t="143" w="149" /><ent r="7" t="143" w="151" /><ent r="7" t="143" w="151" /><ent r="4" t="144" w="74" /><ent r="4" t="144" w="74" /><ent r="4" t="144" w="88" /><ent r="4" t="144" w="88" /><ent r="7" t="146" w="118" /><ent r="7" t="146" w="118" /><ent r="7" t="146" w="140" /><ent r="7" t="146" w="140" /><ent r="7" t="146" w="145" /><ent r="7" t="146" w="145" /><ent r="7" t="146" w="203" /><ent r="7" t="146" w="203" /><ent r="7" t="146" w="230" /><ent r="7" t="146" w="230" /><ent r="7" t="146" w="253" /><ent r="7" t="146" w="253" /><ent r="7" t="146" w="291" /><ent r="7" t="146" w="291" /><ent r="7" t="146" w="296" /><ent r="7" t="146" w="296" /><ent r="7" t="146" w="319" /><ent r="7" t="146" w="319" /><ent r="3" t="147" w="169" /><ent r="3" t="147" w="169" /><ent r="4" t="148" w="139" /><ent r="4" t="148" w="139" /><ent r="4" t="148" w="168" /><ent r="6" t="149" w="124" /><ent r="9" t="150" w="63" /><ent r="9" t="150" w="63" /><ent r="8" t="150" w="131" /><ent r="8" t="150" w="131" /><ent r="6" t="150" w="158" /><ent r="6" t="150" w="158" /><ent r="6" t="150" w="178" /><ent r="6" t="150" w="178" /><ent r="7" t="150" w="195" /><ent r="7" t="150" w="195" /><ent r="6" t="150" w="230" /><ent r="6" t="150" w="230" /><ent r="6" t="150" w="239" /><ent r="6" t="150" w="239" /><ent r="6" t="151" w="106" /><ent r="6" t="152" w="33" /><ent r="6" t="152" w="33" /><ent r="3" t="152" w="49" /><ent r="3" t="152" w="49" /><ent r="6" t="152" w="90" /><ent r="6" t="152" w="90" /><ent r="6" t="152" w="96" /><ent r="6" t="152" w="96" /><ent r="6" t="152" w="102" /><ent r="6" t="152" w="102" /><ent r="6" t="152" w="108" /><ent r="6" t="152" w="108" /><ent r="6" t="152" w="117" /><ent r="6" t="152" w="117" /><ent r="6" t="152" w="124" /><ent r="6" t="152" w="124" /><ent r="6" t="152" w="137" /><ent r="6" t="152" w="137" /><ent r="6" t="152" w="169" /><ent r="6" t="152" w="169" /><ent r="6" t="152" w="176" /><ent r="6" t="152" w="176" /><ent r="6" t="152" w="185" /><ent r="6" t="152" w="185" /><ent r="6" t="152" w="195" /><ent r="6" t="152" w="195" /><ent r="6" t="152" w="205" /><ent r="6" t="152" w="205" /><ent r="6" t="152" w="213" /><ent r="6" t="152" w="213" /><ent r="6" t="152" w="222" /><ent r="6" t="152" w="222" /><ent r="6" t="152" w="232" /><ent r="6" t="152" w="232" /><ent r="6" t="154" w="13" /><ent r="6" t="154" w="13" /><ent r="6" t="154" w="60" /><ent r="6" t="154" w="60" /><ent r="6" t="154" w="89" /><ent r="6" t="154" w="89" /><ent r="6" t="154" w="105" /><ent r="6" t="154" w="108" /><ent r="6" t="156" w="34" /><ent r="6" t="156" w="34" /><ent r="6" t="156" w="81" /><ent r="6" t="156" w="81" /><ent r="8" t="156" w="83" /><ent r="8" t="156" w="83" /><ent r="6" t="156" w="233" /><ent r="6" t="156" w="233" /><ent r="6" t="156" w="247" /><ent r="6" t="156" w="247" /><ent r="3" t="157" w="166" /><ent r="3" t="157" w="166" /><ent r="4" t="161" w="141" /><ent r="4" t="161" w="141" /><ent r="5" t="162" w="126" /><ent r="5" t="162" w="126" /><ent r="6" t="164" w="79" /><ent r="6" t="164" w="79" /><ent r="6" t="164" w="112" /><ent r="6" t="164" w="112" /><ent r="4" t="164" w="248" /><ent r="4" t="164" w="248" /><ent r="5" t="164" w="296" /><ent r="5" t="164" w="296" /><ent r="4" t="164" w="407" /><ent r="9" t="165" w="63" /><ent r="9" t="165" w="63" /><ent r="8" t="165" w="148" /><ent r="8" t="165" w="148" /><ent r="6" t="165" w="175" /><ent r="6" t="165" w="175" /><ent r="6" t="165" w="241" /><ent r="6" t="165" w="241" /><ent r="6" t="165" w="250" /><ent r="6" t="165" w="250" /><ent r="6" t="168" w="13" /><ent r="6" t="168" w="13" /><ent r="6" t="168" w="73" /><ent r="6" t="168" w="73" /><ent r="6" t="168" w="116" /><ent r="6" t="168" w="119" /><ent r="3" t="170" w="17" /><ent r="3" t="170" w="17" /><ent r="6" t="170" w="28" /><ent r="6" t="170" w="28" /><ent r="3" t="170" w="89" /><ent r="3" t="170" w="89" /><ent r="6" t="170" w="100" /><ent r="6" t="170" w="100" /><ent r="6" t="170" w="163" /><ent r="6" t="170" w="223" /><ent r="6" t="170" w="262" /><ent r="3" t="171" w="19" /><ent r="3" t="171" w="19" /><ent r="6" t="171" w="30" /><ent r="6" t="171" w="30" /><ent r="3" t="171" w="90" /><ent r="3" t="171" w="90" /><ent r="6" t="171" w="101" /><ent r="6" t="171" w="101" /><ent r="3" t="171" w="162" /><ent r="3" t="171" w="162" /><ent r="6" t="171" w="173" /><ent r="6" t="171" w="173" /><ent r="6" t="171" w="236" /><ent r="6" t="171" w="296" /><ent r="6" t="171" w="335" /><ent r="3" t="172" w="169" /><ent r="3" t="172" w="169" /><ent r="4" t="173" w="93" /><ent r="4" t="173" w="93" /><ent r="4" t="173" w="104" /><ent r="4" t="173" w="104" /><ent r="4" t="173" w="108" /><ent r="4" t="173" w="108" /><ent r="4" t="173" w="112" /><ent r="4" t="173" w="112" /><ent r="4" t="173" w="177" /><ent r="4" t="173" w="177" /><ent r="4" t="173" w="214" /><ent r="4" t="173" w="322" /><ent r="4" t="173" w="322" /><ent r="6" t="174" w="124" /><ent r="9" t="175" w="130" /><ent r="9" t="175" w="130" /><ent r="8" t="175" w="156" /><ent r="8" t="175" w="156" /><ent r="6" t="175" w="183" /><ent r="6" t="175" w="183" /><ent r="6" t="175" w="203" /><ent r="6" t="175" w="203" /><ent r="6" t="175" w="224" /><ent r="6" t="175" w="224" /><ent r="6" t="175" w="233" /><ent r="6" t="175" w="233" /><ent r="6" t="176" w="89" /><ent r="6" t="177" w="24" /><ent r="7" t="177" w="32" /><ent r="6" t="179" w="13" /><ent r="6" t="179" w="13" /><ent r="6" t="179" w="55" /><ent r="6" t="179" w="55" /><ent r="6" t="179" w="66" /><ent r="6" t="179" w="66" /><ent r="6" t="179" w="97" /><ent r="6" t="179" w="97" /><ent r="6" t="179" w="113" /><ent r="6" t="179" w="116" /><ent r="6" t="181" w="38" /><ent r="6" t="181" w="38" /><ent r="6" t="181" w="623" /><ent r="6" t="181" w="623" /><ent r="6" t="181" w="683" /><ent r="6" t="181" w="683" /><ent r="6" t="181" w="779" /><ent r="6" t="181" w="779" /><ent r="3" t="182" w="18" /><ent r="3" t="182" w="18" /><ent r="5" t="183" w="104" /><ent r="5" t="183" w="104" /><ent r="7" t="184" w="36" /><ent r="7" t="184" w="36" /><ent r="8" t="184" w="70" /><ent r="8" t="184" w="77" /><ent r="8" t="184" w="84" /><ent r="6" t="187" w="10" /><ent r="6" t="187" w="10" /><ent r="7" t="188" w="12" /><ent r="7" t="188" w="12" /><ent r="7" t="188" w="21" /><ent r="7" t="188" w="21" /><ent r="7" t="188" w="46" /><ent r="7" t="188" w="46" /><ent r="6" t="190" w="101" /><ent r="6" t="190" w="101" /><ent r="6" t="190" w="117" /><ent r="3" t="191" w="39" /><ent r="6" t="191" w="78" /><ent r="6" t="191" w="82" /><ent r="7" t="191" w="109" /><ent r="6" t="191" w="170" /><ent r="6" t="191" w="170" /><ent r="6" t="191" w="220" /><ent r="6" t="192" w="137" /><ent r="6" t="192" w="137" /><ent r="6" t="192" w="139" /><ent r="6" t="192" w="139" /><ent r="6" t="192" w="148" /><ent r="6" t="192" w="148" /><ent r="6" t="192" w="150" /><ent r="6" t="192" w="150" /><ent r="6" t="192" w="158" /><ent r="6" t="192" w="165" /><ent r="6" t="192" w="172" /><ent r="6" t="192" w="179" /><ent r="6" t="192" w="186" /><ent r="6" t="192" w="193" /><ent r="6" t="192" w="200" /><ent r="6" t="192" w="207" /><ent r="3" t="198" w="169" /><ent r="3" t="198" w="169" /><ent r="4" t="199" w="137" /><ent r="4" t="199" w="137" /><ent r="4" t="199" w="148" /><ent r="4" t="199" w="148" /><ent r="4" t="199" w="152" /><ent r="4" t="199" w="152" /><ent r="4" t="199" w="156" /><ent r="4" t="199" w="156" /><ent r="4" t="199" w="250" /><ent r="4" t="199" w="250" /><ent r="4" t="199" w="290" /><ent r="4" t="199" w="413" /><ent r="4" t="199" w="413" /><ent r="6" t="200" w="124" /><ent r="9" t="201" w="175" /><ent r="9" t="201" w="175" /><ent r="8" t="201" w="201" /><ent r="8" t="201" w="201" /><ent r="6" t="201" w="229" /><ent r="6" t="201" w="229" /><ent r="6" t="201" w="237" /><ent r="6" t="201" w="237" /><ent r="6" t="201" w="271" /><ent r="6" t="201" w="271" /><ent r="6" t="201" w="280" /><ent r="6" t="201" w="280" /><ent r="6" t="202" w="88" /><ent r="6" t="203" w="25" /><ent r="6" t="203" w="25" /><ent r="7" t="203" w="45" /><ent r="7" t="203" w="45" /><ent r="6" t="205" w="13" /><ent r="6" t="205" w="13" /><ent r="6" t="205" w="55" /><ent r="6" t="205" w="55" /><ent r="6" t="205" w="66" /><ent r="6" t="205" w="66" /><ent r="6" t="205" w="97" /><ent r="6" t="205" w="97" /><ent r="6" t="205" w="113" /><ent r="6" t="205" w="116" /><ent r="6" t="207" w="33" /><ent r="6" t="207" w="33" /><ent r="6" t="207" w="616" /><ent r="6" t="207" w="616" /><ent r="6" t="207" w="676" /><ent r="6" t="207" w="676" /><ent r="3" t="208" w="18" /><ent r="3" t="208" w="18" /><ent r="5" t="209" w="104" /><ent r="5" t="209" w="104" /><ent r="8" t="210" w="43" /><ent r="6" t="214" w="10" /><ent r="6" t="214" w="10" /><ent r="7" t="215" w="12" /><ent r="7" t="215" w="12" /><ent r="7" t="215" w="21" /><ent r="7" t="215" w="21" /><ent r="7" t="215" w="46" /><ent r="7" t="215" w="46" /><ent r="6" t="222" w="118" /><ent r="6" t="222" w="118" /><ent r="6" t="222" w="140" /><ent r="6" t="222" w="140" /><ent r="6" t="222" w="145" /><ent r="6" t="222" w="145" /><ent r="6" t="222" w="203" /><ent r="6" t="222" w="203" /><ent r="6" t="222" w="230" /><ent r="6" t="222" w="230" /><ent r="6" t="222" w="253" /><ent r="6" t="222" w="253" /><ent r="6" t="222" w="291" /><ent r="6" t="222" w="291" /><ent r="6" t="222" w="296" /><ent r="6" t="222" w="296" /><ent r="6" t="222" w="319" /><ent r="6" t="222" w="319" /><ent r="6" t="222" w="397" /><ent r="6" t="222" w="397" /><ent r="6" t="222" w="436" /><ent r="6" t="222" w="436" /><ent r="6" t="222" w="441" /><ent r="6" t="222" w="441" /><ent r="6" t="222" w="549" /><ent r="6" t="222" w="549" /><ent r="6" t="222" w="583" /><ent r="6" t="222" w="583" /><ent r="6" t="222" w="616" /><ent r="6" t="222" w="616" /><ent r="6" t="222" w="664" /><ent r="6" t="222" w="664" /><ent r="6" t="222" w="669" /><ent r="6" t="222" w="669" /><ent r="6" t="222" w="702" /><ent r="6" t="222" w="702" /><ent r="4" t="224" w="145" /><ent r="4" t="224" w="145" /><ent r="4" t="224" w="156" /><ent r="4" t="224" w="156" /><ent r="4" t="224" w="160" /><ent r="4" t="224" w="160" /><ent r="4" t="224" w="164" /><ent r="4" t="224" w="164" /><ent r="4" t="224" w="258" /><ent r="4" t="224" w="258" /><ent r="4" t="224" w="298" /><ent r="4" t="224" w="421" /><ent r="4" t="224" w="421" /><ent r="6" t="226" w="65" /><ent r="6" t="226" w="65" /><ent r="4" t="226" w="194" /><ent r="5" t="226" w="238" /><ent r="5" t="226" w="264" /><ent r="5" t="226" w="264" /><ent r="4" t="226" w="377" /><ent r="4" t="226" w="489" /><ent r="4" t="226" w="489" /><ent r="9" t="227" w="175" /><ent r="9" t="227" w="175" /><ent r="8" t="227" w="193" /><ent r="8" t="227" w="193" /><ent r="6" t="227" w="220" /><ent r="6" t="227" w="220" /><ent r="6" t="227" w="253" /><ent r="6" t="227" w="253" /><ent r="6" t="227" w="262" /><ent r="6" t="227" w="262" /><ent r="6" t="228" w="29" /><ent r="6" t="229" w="32" /><ent r="6" t="229" w="32" /><ent r="6" t="231" w="13" /><ent r="6" t="231" w="13" /><ent r="6" t="231" w="55" /><ent r="6" t="231" w="55" /><ent r="6" t="231" w="66" /><ent r="6" t="231" w="66" /><ent r="6" t="231" w="97" /><ent r="6" t="231" w="97" /><ent r="6" t="231" w="113" /><ent r="6" t="231" w="116" /><ent r="6" t="233" w="19" /><ent r="6" t="233" w="19" /><ent r="6" t="233" w="82" /><ent r="6" t="233" w="82" /><ent r="6" t="233" w="133" /><ent r="6" t="233" w="133" /><ent r="6" t="233" w="206" /><ent r="6" t="233" w="206" /><ent r="6" t="233" w="275" /><ent r="6" t="233" w="275" /><ent r="6" t="233" w="321" /><ent r="7" t="235" w="238" /><ent r="3" t="239" w="401" /><ent r="3" t="240" w="646" /><ent r="3" t="240" w="646" /><ent r="3" t="242" w="1219" /><ent r="4" t="242" w="1565" /><ent r="4" t="244" w="573" /><ent r="3" t="246" w="17" /><ent r="3" t="246" w="17" /><ent r="3" t="249" w="307" /><ent r="3" t="249" w="307" /><ent r="3" t="249" w="318" /><ent r="3" t="249" w="318" /><ent r="3" t="250" w="131" /><ent r="3" t="250" w="131" /><ent r="3" t="263" w="107" /><ent r="3" t="263" w="107" /><ent r="3" t="269" w="544" /><ent r="3" t="269" w="544" /><ent r="4" t="270" w="46" /><ent r="4" t="270" w="46" /><ent r="4" t="270" w="63" /><ent r="4" t="270" w="63" /><ent r="6" t="275" w="64" /><ent r="6" t="275" w="84" /><ent r="6" t="275" w="103" /><ent r="66" t="276" w="57" /><ent r="66" t="276" w="57" /><ent r="3" t="276" w="1273" /><ent r="3" t="276" w="1273" /><ent r="72" t="276" w="1634" /><ent r="72" t="276" w="1634" /><ent r="3" t="276" w="1667" /><ent r="3" t="276" w="1667" /><ent r="3" t="276" w="2284" /><ent r="3" t="276" w="2284" /><ent r="4" t="276" w="2500" /><ent r="5" t="276" w="2509" /><ent r="4" t="276" w="2523" /><ent r="3" t="281" w="172" /><ent r="3" t="281" w="172" /><ent r="3" t="281" w="397" /><ent r="3" t="282" w="570" /><ent r="3" t="282" w="570" /><ent r="3" t="286" w="94" /><ent r="3" t="288" w="568" /><ent r="4" t="309" w="169" /><ent r="4" t="309" w="184" /><ent r="5" t="311" w="229" /><ent r="5" t="312" w="171" /><ent r="3" t="320" w="75" /><ent r="3" t="320" w="75" /><ent r="3" t="320" w="94" /><ent r="3" t="320" w="94" /><ent r="3" t="321" w="56" /><ent r="6" t="324" w="50" /><ent r="6" t="324" w="50" /><ent r="6" t="325" w="83" /><ent r="6" t="325" w="83" /><ent r="4" t="329" w="54" /><ent r="5" t="329" w="90" /><ent r="5" t="329" w="90" /><ent r="5" t="329" w="117" /><ent r="5" t="329" w="117" /><ent r="5" t="329" w="130" /><ent r="5" t="329" w="133" /><ent r="5" t="329" w="133" /><ent r="3" t="329" w="341" /><ent r="3" t="329" w="437" /><ent r="6" t="331" w="60" /><ent r="6" t="331" w="60" /><ent r="6" t="331" w="68" /><ent r="6" t="331" w="68" /><ent r="6" t="331" w="72" /><ent r="6" t="331" w="72" /><ent r="6" t="331" w="90" /><ent r="6" t="331" w="90" /><ent r="6" t="331" w="103" /><ent r="6" t="331" w="103" /><ent r="6" t="331" w="116" /><ent r="6" t="331" w="116" /><ent r="6" t="331" w="131" /><ent r="6" t="331" w="131" /><ent r="6" t="332" w="72" /><ent r="6" t="332" w="72" /><ent r="6" t="332" w="80" /><ent r="6" t="332" w="80" /><ent r="6" t="332" w="84" /><ent r="6" t="332" w="84" /><ent r="6" t="332" w="102" /><ent r="6" t="332" w="102" /><ent r="6" t="332" w="111" /><ent r="6" t="332" w="111" /><ent r="6" t="332" w="405" /><ent r="6" t="332" w="405" /><ent r="6" t="332" w="452" /><ent r="6" t="332" w="452" /><ent r="6" t="332" w="469" /><ent r="6" t="332" w="469" /><ent r="6" t="333" w="79" /><ent r="6" t="333" w="79" /><ent r="6" t="333" w="87" /><ent r="6" t="333" w="87" /><ent r="6" t="333" w="91" /><ent r="6" t="333" w="91" /><ent r="6" t="333" w="109" /><ent r="6" t="333" w="109" /><ent r="6" t="333" w="122" /><ent r="6" t="333" w="122" /><ent r="6" t="333" w="143" /><ent r="6" t="333" w="143" /><ent r="6" t="333" w="159" /><ent r="6" t="333" w="159" /><ent r="6" t="333" w="174" /><ent r="6" t="333" w="174" /><ent r="6" t="334" w="82" /><ent r="6" t="334" w="82" /><ent r="6" t="334" w="90" /><ent r="6" t="334" w="90" /><ent r="6" t="334" w="94" /><ent r="6" t="334" w="94" /><ent r="6" t="334" w="114" /><ent r="6" t="334" w="114" /><ent r="6" t="334" w="127" /><ent r="6" t="334" w="127" /><ent r="6" t="334" w="151" /><ent r="6" t="334" w="151" /><ent r="6" t="334" w="161" /><ent r="6" t="334" w="161" /><ent r="6" t="334" w="164" /><ent r="7" t="334" w="170" /><ent r="7" t="334" w="170" /><ent r="7" t="334" w="173" /><ent r="6" t="334" w="185" /><ent r="6" t="334" w="185" /><ent r="6" t="334" w="258" /><ent r="6" t="334" w="267" /><ent r="6" t="334" w="267" /><ent r="6" t="334" w="348" /><ent r="6" t="334" w="348" /><ent r="6" t="334" w="355" /><ent r="6" t="334" w="355" /><ent r="6" t="334" w="362" /><ent r="6" t="334" w="362" /><ent r="6" t="334" w="369" /><ent r="6" t="334" w="369" /><ent r="6" t="334" w="384" /><ent r="6" t="334" w="384" /><ent r="6" t="334" w="401" /><ent r="6" t="334" w="401" /><ent r="3" t="334" w="419" /><ent r="3" t="334" w="419" /><ent r="3" t="334" w="431" /><ent r="6" t="335" w="130" /><ent r="6" t="335" w="130" /><ent r="6" t="335" w="138" /><ent r="6" t="335" w="138" /><ent r="6" t="335" w="142" /><ent r="6" t="335" w="142" /><ent r="6" t="335" w="156" /><ent r="6" t="335" w="156" /><ent r="6" t="335" w="169" /><ent r="6" t="335" w="169" /><ent r="6" t="335" w="183" /><ent r="6" t="335" w="183" /><ent r="7" t="335" w="251" /><ent r="6" t="335" w="326" /><ent r="6" t="335" w="326" /><ent r="6" t="335" w="339" /><ent r="6" t="335" w="339" /><ent r="6" t="335" w="404" /><ent r="6" t="335" w="404" /><ent r="6" t="335" w="418" /><ent r="6" t="335" w="418" /><ent r="6" t="335" w="431" /><ent r="6" t="335" w="431" /><ent r="6" t="335" w="442" /><ent r="6" t="335" w="442" /><ent r="6" t="335" w="455" /><ent r="6" t="335" w="455" /><ent r="4" t="335" w="493" /><ent r="4" t="335" w="502" /><ent r="4" t="335" w="506" /><ent r="4" t="335" w="506" /><ent r="4" t="335" w="521" /><ent r="4" t="335" w="525" /><ent r="4" t="335" w="525" /><ent r="4" t="335" w="544" /><ent r="4" t="335" w="544" /><ent r="4" t="335" w="559" /><ent r="4" t="335" w="563" /><ent r="4" t="335" w="563" /><ent r="4" t="335" w="602" /><ent r="4" t="335" w="602" /><ent r="4" t="335" w="743" /><ent r="4" t="335" w="746" /><ent r="4" t="335" w="752" /><ent r="4" t="335" w="760" /><ent r="4" t="335" w="765" /><ent r="4" t="335" w="770" /><ent r="4" t="335" w="778" /><ent r="4" t="335" w="795" /><ent r="6" t="336" w="99" /><ent r="6" t="336" w="99" /><ent r="6" t="336" w="107" /><ent r="6" t="336" w="107" /><ent r="6" t="336" w="111" /><ent r="6" t="336" w="111" /><ent r="6" t="336" w="127" /><ent r="6" t="336" w="127" /><ent r="6" t="336" w="140" /><ent r="6" t="336" w="140" /><ent r="6" t="336" w="160" /><ent r="6" t="336" w="160" /><ent r="7" t="336" w="237" /><ent r="6" t="336" w="328" /><ent r="6" t="336" w="328" /><ent r="6" t="337" w="97" /><ent r="6" t="337" w="97" /><ent r="6" t="337" w="110" /><ent r="6" t="337" w="110" /><ent r="6" t="337" w="138" /><ent r="6" t="337" w="138" /><ent r="6" t="337" w="141" /><ent r="6" t="337" w="173" /><ent r="6" t="337" w="173" /><ent r="6" t="337" w="199" /><ent r="6" t="337" w="199" /><ent r="6" t="337" w="225" /><ent r="6" t="337" w="225" /><ent r="6" t="337" w="282" /><ent r="6" t="337" w="282" /><ent r="4" t="337" w="316" /><ent r="4" t="337" w="319" /><ent r="4" t="337" w="325" /><ent r="4" t="337" w="333" /><ent r="4" t="337" w="338" /><ent r="4" t="337" w="343" /><ent r="4" t="337" w="351" /><ent r="4" t="337" w="368" /><ent r="4" t="337" w="383" /><ent r="4" t="337" w="391" /><ent r="6" t="337" w="477" /><ent r="6" t="337" w="506" /><ent r="6" t="337" w="534" /><ent r="6" t="337" w="534" /><ent r="6" t="337" w="563" /><ent r="6" t="337" w="563" /><ent r="3" t="338" w="42" /><ent r="6" t="338" w="116" /><ent r="6" t="338" w="164" /><ent r="6" t="338" w="164" /><ent r="6" t="338" w="175" /><ent r="6" t="338" w="175" /><ent r="7" t="338" w="488" /><ent r="7" t="338" w="488" /><ent r="6" t="338" w="522" /><ent r="6" t="338" w="526" /><ent r="6" t="338" w="526" /><ent r="6" t="338" w="528" /><ent r="6" t="338" w="537" /><ent r="6" t="338" w="557" /><ent r="6" t="338" w="572" /><ent r="6" t="338" w="601" /><ent r="6" t="338" w="623" /><ent r="6" t="339" w="263" /><ent r="6" t="339" w="263" /><ent r="6" t="339" w="313" /><ent r="6" t="339" w="313" /><ent r="6" t="339" w="330" /><ent r="6" t="339" w="330" /><ent r="7" t="340" w="229" /><ent r="7" t="340" w="229" /><ent r="6" t="340" w="256" /><ent r="6" t="340" w="256" /><ent r="6" t="341" w="139" /><ent r="6" t="341" w="139" /><ent r="6" t="341" w="191" /><ent r="6" t="341" w="191" /><ent r="6" t="341" w="305" /><ent r="6" t="341" w="305" /><ent r="6" t="341" w="316" /><ent r="6" t="341" w="316" /><ent r="6" t="341" w="327" /><ent r="6" t="341" w="327" /><ent r="6" t="342" w="112" /><ent r="6" t="342" w="112" /><ent r="6" t="342" w="233" /><ent r="6" t="342" w="233" /><ent r="6" t="343" w="246" /><ent r="6" t="343" w="246" /><ent r="6" t="343" w="270" /><ent r="6" t="343" w="270" /><ent r="6" t="343" w="287" /><ent r="6" t="343" w="287" /><ent r="8" t="343" w="302" /><ent r="6" t="343" w="396" /><ent r="6" t="343" w="396" /><ent r="6" t="343" w="406" /><ent r="6" t="343" w="406" /><ent r="6" t="343" w="411" /><ent r="6" t="343" w="411" /><ent r="6" t="343" w="420" /><ent r="6" t="343" w="420" /><ent r="6" t="343" w="430" /><ent r="6" t="343" w="430" /><ent r="6" t="343" w="447" /><ent r="6" t="343" w="447" /><ent r="6" t="343" w="454" /><ent r="6" t="343" w="454" /><ent r="8" t="343" w="464" /><ent r="6" t="343" w="479" /><ent r="6" t="343" w="479" /><ent r="6" t="343" w="709" /><ent r="6" t="344" w="104" /><ent r="6" t="344" w="104" /><ent r="6" t="344" w="112" /><ent r="6" t="344" w="410" /><ent r="6" t="344" w="410" /><ent r="6" t="344" w="492" /><ent r="6" t="344" w="492" /><ent r="6" t="344" w="494" /><ent r="6" t="344" w="494" /><ent r="6" t="344" w="520" /><ent r="6" t="344" w="520" /><ent r="6" t="345" w="137" /><ent r="6" t="345" w="137" /><ent r="8" t="345" w="147" /><ent r="6" t="345" w="181" /><ent r="6" t="345" w="181" /><ent r="6" t="345" w="188" /><ent r="6" t="345" w="188" /><ent r="6" t="345" w="506" /><ent r="6" t="345" w="506" /><ent r="6" t="345" w="511" /><ent r="6" t="345" w="515" /><ent r="6" t="345" w="515" /><ent r="6" t="345" w="517" /><ent r="6" t="345" w="531" /><ent r="6" t="345" w="555" /><ent r="6" t="345" w="570" /><ent r="6" t="345" w="599" /><ent r="6" t="345" w="626" /><ent r="6" t="346" w="147" /><ent r="6" t="346" w="147" /><ent r="6" t="346" w="154" /><ent r="6" t="346" w="154" /><ent r="6" t="346" w="421" /><ent r="6" t="346" w="425" /><ent r="6" t="346" w="425" /><ent r="6" t="346" w="427" /><ent r="6" t="346" w="436" /><ent r="6" t="346" w="456" /><ent r="6" t="346" w="471" /><ent r="6" t="346" w="500" /><ent r="6" t="346" w="522" /><ent r="6" t="347" w="145" /><ent r="6" t="347" w="145" /><ent r="6" t="347" w="153" /><ent r="6" t="347" w="153" /><ent r="6" t="347" w="157" /><ent r="6" t="347" w="157" /><ent r="6" t="347" w="171" /><ent r="6" t="347" w="171" /><ent r="6" t="347" w="184" /><ent r="6" t="347" w="184" /><ent r="6" t="347" w="199" /><ent r="6" t="347" w="199" /><ent r="8" t="347" w="214" /><ent r="8" t="347" w="214" /><ent r="6" t="347" w="244" /><ent r="6" t="347" w="244" /><ent r="8" t="347" w="266" /><ent r="8" t="347" w="266" /><ent r="8" t="347" w="277" /><ent r="8" t="347" w="277" /><ent r="8" t="347" w="296" /><ent r="8" t="347" w="296" /><ent r="8" t="347" w="299" /><ent r="8" t="347" w="299" /><ent r="7" t="347" w="345" /><ent r="7" t="347" w="345" /><ent r="8" t="347" w="352" /><ent r="8" t="347" w="352" /><ent r="6" t="347" w="395" /><ent r="6" t="347" w="395" /><ent r="6" t="347" w="411" /><ent r="6" t="347" w="411" /><ent r="6" t="348" w="262" /><ent r="6" t="348" w="262" /><ent r="6" t="348" w="270" /><ent r="6" t="348" w="270" /><ent r="6" t="348" w="274" /><ent r="6" t="348" w="274" /><ent r="6" t="348" w="288" /><ent r="6" t="348" w="288" /><ent r="6" t="348" w="301" /><ent r="6" t="348" w="301" /><ent r="6" t="348" w="318" /><ent r="6" t="348" w="318" /><ent r="8" t="348" w="349" /><ent r="6" t="348" w="380" /><ent r="6" t="348" w="380" /><ent r="6" t="348" w="458" /><ent r="6" t="348" w="458" /><ent r="6" t="348" w="519" /><ent r="6" t="348" w="519" /><ent r="8" t="348" w="549" /><ent r="8" t="348" w="549" /><ent r="8" t="348" w="570" /><ent r="70" t="348" w="638" /><ent r="10" t="348" w="667" /><ent r="10" t="348" w="667" /><ent r="6" t="348" w="749" /><ent r="6" t="348" w="749" /><ent r="6" t="349" w="160" /><ent r="6" t="349" w="160" /><ent r="6" t="349" w="200" /><ent r="6" t="349" w="200" /><ent r="6" t="349" w="210" /><ent r="6" t="349" w="215" /><ent r="6" t="349" w="215" /><ent r="7" t="349" w="241" /><ent r="7" t="349" w="241" /><ent r="6" t="349" w="342" /><ent r="6" t="349" w="342" /><ent r="6" t="349" w="354" /><ent r="6" t="349" w="354" /><ent r="7" t="349" w="359" /><ent r="7" t="349" w="359" /><ent r="7" t="349" w="367" /><ent r="7" t="349" w="367" /><ent r="7" t="349" w="379" /><ent r="7" t="349" w="379" /><ent r="7" t="349" w="390" /><ent r="7" t="349" w="390" /><ent r="6" t="349" w="401" /><ent r="6" t="349" w="401" /><ent r="7" t="349" w="433" /><ent r="7" t="349" w="433" /><ent r="7" t="349" w="452" /><ent r="6" t="349" w="638" /><ent r="6" t="349" w="638" /><ent r="6" t="349" w="663" /><ent r="6" t="349" w="663" /><ent r="6" t="349" w="689" /><ent r="7" t="349" w="696" /><ent r="7" t="349" w="696" /><ent r="7" t="349" w="706" /><ent r="7" t="349" w="706" /><ent r="6" t="349" w="712" /><ent r="6" t="349" w="712" /><ent r="6" t="349" w="727" /><ent r="6" t="349" w="727" /><ent r="6" t="349" w="754" /><ent r="6" t="349" w="754" /><ent r="6" t="349" w="797" /><ent r="6" t="349" w="797" /><ent r="6" t="350" w="160" /><ent r="6" t="350" w="160" /><ent r="6" t="350" w="200" /><ent r="6" t="350" w="200" /><ent r="6" t="350" w="210" /><ent r="6" t="350" w="215" /><ent r="6" t="350" w="215" /><ent r="7" t="350" w="241" /><ent r="7" t="350" w="241" /><ent r="6" t="350" w="342" /><ent r="6" t="350" w="342" /><ent r="6" t="350" w="354" /><ent r="6" t="350" w="354" /><ent r="7" t="350" w="359" /><ent r="7" t="350" w="359" /><ent r="7" t="350" w="367" /><ent r="7" t="350" w="367" /><ent r="7" t="350" w="379" /><ent r="7" t="350" w="379" /><ent r="7" t="350" w="390" /><ent r="7" t="350" w="390" /><ent r="6" t="350" w="401" /><ent r="6" t="350" w="401" /><ent r="7" t="350" w="431" /><ent r="7" t="350" w="431" /><ent r="6" t="350" w="439" /><ent r="6" t="350" w="439" /><ent r="6" t="350" w="537" /><ent r="6" t="350" w="537" /><ent r="6" t="350" w="571" /><ent r="6" t="350" w="571" /><ent r="6" t="350" w="596" /><ent r="6" t="350" w="596" /><ent r="6" t="350" w="622" /><ent r="7" t="350" w="629" /><ent r="7" t="350" w="629" /><ent r="7" t="350" w="639" /><ent r="7" t="350" w="639" /><ent r="6" t="350" w="645" /><ent r="6" t="350" w="645" /><ent r="6" t="350" w="660" /><ent r="6" t="350" w="660" /><ent r="6" t="350" w="687" /><ent r="6" t="350" w="687" /><ent r="1000" t="351" w="4" /><ent r="92" t="351" w="13" /><ent r="6" t="351" w="73" /><ent r="6" t="351" w="168" /><ent r="6" t="351" w="254" /><ent r="6" t="351" w="254" /><ent r="6" t="351" w="275" /><ent r="6" t="351" w="275" /><ent r="6" t="351" w="299" /><ent r="6" t="351" w="299" /><ent r="6" t="351" w="322" /><ent r="6" t="351" w="322" /><ent r="6" t="351" w="333" /><ent r="6" t="351" w="333" /><ent r="7" t="351" w="372" /><ent r="7" t="351" w="373" /><ent r="7" t="351" w="444" /><ent r="7" t="351" w="465" /><ent r="7" t="351" w="498" /><ent r="7" t="351" w="513" /><ent r="6" t="352" w="71" /><ent r="6" t="352" w="71" /><ent r="7" t="352" w="81" /><ent r="6" t="352" w="103" /><ent r="6" t="352" w="103" /><ent r="7" t="352" w="113" /><ent r="7" t="352" w="120" /><ent r="7" t="352" w="120" /><ent r="6" t="353" w="93" /><ent r="6" t="353" w="93" /><ent r="6" t="353" w="153" /><ent r="6" t="353" w="153" /><ent r="6" t="353" w="162" /><ent r="6" t="353" w="162" /><ent r="6" t="353" w="171" /><ent r="6" t="353" w="171" /><ent r="6" t="353" w="189" /><ent r="6" t="353" w="189" /><ent r="6" t="353" w="206" /><ent r="6" t="353" w="206" /><ent r="6" t="353" w="217" /><ent r="6" t="353" w="217" /><ent r="6" t="353" w="234" /><ent r="6" t="353" w="234" /><ent r="6" t="353" w="251" /><ent r="6" t="353" w="251" /><ent r="6" t="353" w="268" /><ent r="6" t="353" w="268" /><ent r="6" t="353" w="289" /><ent r="6" t="353" w="289" /><ent r="6" t="353" w="345" /><ent r="6" t="353" w="466" /><ent r="6" t="353" w="694" /><ent r="6" t="353" w="694" /><ent r="6" t="353" w="714" /><ent r="6" t="353" w="714" /><ent r="6" t="353" w="719" /><ent r="6" t="353" w="719" /><ent r="6" t="353" w="727" /><ent r="6" t="353" w="727" /><ent r="6" t="353" w="751" /><ent r="6" t="353" w="751" /><ent r="7" t="353" w="759" /><ent r="7" t="353" w="759" /><ent r="6" t="353" w="772" /><ent r="6" t="353" w="772" /><ent r="6" t="353" w="830" /><ent r="6" t="353" w="830" /><ent r="6" t="353" w="876" /><ent r="6" t="353" w="876" /><ent r="6" t="353" w="899" /><ent r="6" t="353" w="899" /><ent r="6" t="353" w="962" /><ent r="6" t="353" w="962" /><ent r="7" t="353" w="1031" /><ent r="7" t="353" w="1044" /><ent r="7" t="353" w="1044" /><ent r="6" t="353" w="1141" /><ent r="6" t="353" w="1141" /><ent r="6" t="353" w="1161" /><ent r="6" t="353" w="1161" /><ent r="6" t="353" w="1167" /><ent r="6" t="353" w="1167" /><ent r="7" t="353" w="1186" /><ent r="6" t="353" w="1208" /><ent r="6" t="353" w="1208" /><ent r="7" t="353" w="1228" /><ent r="6" t="354" w="41" /><ent r="6" t="354" w="41" /><ent r="6" t="355" w="42" /><ent r="6" t="355" w="42" /><ent r="6" t="356" w="45" /><ent r="6" t="356" w="45" /><ent r="7" t="357" w="44" /><ent r="7" t="357" w="68" /><ent r="6" t="358" w="60" /><ent r="6" t="358" w="60" /><ent r="6" t="360" w="57" /><ent r="6" t="360" w="57" /><ent r="6" t="360" w="65" /><ent r="6" t="360" w="65" /><ent r="6" t="360" w="69" /><ent r="6" t="360" w="69" /><ent r="6" t="360" w="83" /><ent r="6" t="360" w="83" /><ent r="6" t="360" w="96" /><ent r="6" t="360" w="96" /><ent r="6" t="360" w="110" /><ent r="6" t="360" w="110" /><ent r="6" t="360" w="132" /><ent r="6" t="360" w="132" /><ent r="6" t="360" w="146" /><ent r="6" t="360" w="146" /><ent r="6" t="360" w="168" /><ent r="6" t="360" w="168" /><ent r="6" t="361" w="82" /><ent r="6" t="361" w="82" /><ent r="6" t="361" w="101" /><ent r="6" t="361" w="101" /><ent r="6" t="361" w="133" /><ent r="6" t="361" w="133" /><ent r="6" t="361" w="167" /><ent r="6" t="361" w="167" /><ent r="6" t="361" w="321" /><ent r="6" t="361" w="321" /><ent r="6" t="361" w="364" /><ent r="6" t="361" w="364" /><ent r="6" t="362" w="86" /><ent r="6" t="362" w="86" /><ent r="6" t="362" w="95" /><ent r="6" t="362" w="95" /><ent r="6" t="362" w="100" /><ent r="6" t="362" w="100" /><ent r="6" t="362" w="114" /><ent r="6" t="362" w="150" /><ent r="6" t="362" w="150" /><ent r="6" t="362" w="175" /><ent r="6" t="362" w="175" /><ent r="6" t="362" w="196" /><ent r="6" t="362" w="196" /><ent r="6" t="362" w="220" /><ent r="6" t="362" w="220" /><ent r="6" t="362" w="244" /><ent r="6" t="362" w="244" /><ent r="6" t="363" w="75" /><ent r="6" t="363" w="75" /><ent r="6" t="363" w="84" /><ent r="6" t="363" w="84" /><ent r="6" t="363" w="89" /><ent r="6" t="363" w="89" /><ent r="6" t="363" w="103" /><ent r="6" t="363" w="110" /><ent r="6" t="363" w="110" /><ent r="6" t="363" w="127" /><ent r="6" t="363" w="127" /><ent r="6" t="363" w="142" /><ent r="6" t="363" w="142" /><ent r="6" t="363" w="160" /><ent r="6" t="363" w="160" /><ent r="6" t="363" w="174" /><ent r="6" t="363" w="174" /><ent r="6" t="363" w="190" /><ent r="6" t="363" w="190" /><ent r="6" t="363" w="198" /><ent r="6" t="363" w="198" /><ent r="6" t="363" w="208" /><ent r="6" t="363" w="208" /><ent r="6" t="363" w="231" /><ent r="6" t="363" w="231" /><ent r="6" t="363" w="245" /><ent r="6" t="363" w="245" /><ent r="6" t="363" w="259" /><ent r="6" t="363" w="259" /><ent r="6" t="363" w="273" /><ent r="6" t="363" w="273" /><ent r="6" t="363" w="287" /><ent r="6" t="363" w="287" /><ent r="6" t="363" w="301" /><ent r="6" t="363" w="301" /><ent r="6" t="363" w="315" /><ent r="6" t="363" w="315" /><ent r="6" t="363" w="367" /><ent r="6" t="363" w="367" /><ent r="6" t="363" w="382" /><ent r="6" t="363" w="382" /><ent r="6" t="363" w="419" /><ent r="6" t="363" w="450" /><ent r="6" t="363" w="481" /><ent r="6" t="363" w="512" /><ent r="6" t="363" w="520" /><ent r="6" t="363" w="520" /><ent r="6" t="363" w="536" /><ent r="6" t="363" w="536" /><ent r="6" t="363" w="551" /><ent r="6" t="363" w="559" /><ent r="6" t="363" w="559" /><ent r="6" t="363" w="576" /><ent r="6" t="363" w="576" /><ent r="6" t="363" w="585" /><ent r="6" t="363" w="632" /><ent r="6" t="363" w="632" /><ent r="6" t="364" w="82" /><ent r="6" t="364" w="82" /><ent r="6" t="364" w="94" /><ent r="6" t="364" w="94" /><ent r="6" t="364" w="99" /><ent r="6" t="364" w="99" /><ent r="6" t="364" w="114" /><ent r="6" t="364" w="122" /><ent r="6" t="364" w="122" /><ent r="6" t="364" w="142" /><ent r="6" t="364" w="142" /><ent r="6" t="364" w="161" /><ent r="6" t="364" w="161" /><ent r="6" t="364" w="202" /><ent r="6" t="364" w="202" /><ent r="6" t="364" w="254" /><ent r="6" t="364" w="254" /><ent r="6" t="364" w="368" /><ent r="6" t="364" w="368" /><ent r="6" t="364" w="408" /><ent r="6" t="364" w="408" /><ent r="6" t="365" w="70" /><ent r="6" t="365" w="70" /><ent r="6" t="365" w="79" /><ent r="6" t="365" w="79" /><ent r="6" t="365" w="84" /><ent r="6" t="365" w="84" /><ent r="6" t="365" w="98" /><ent r="6" t="365" w="104" /><ent r="6" t="365" w="104" /><ent r="6" t="365" w="119" /><ent r="6" t="365" w="119" /><ent r="6" t="365" w="236" /><ent r="6" t="365" w="236" /><ent r="6" t="365" w="279" /><ent r="6" t="365" w="279" /><ent r="6" t="365" w="298" /><ent r="6" t="365" w="298" /><ent r="6" t="365" w="366" /><ent r="6" t="365" w="366" /><ent r="6" t="365" w="419" /><ent r="6" t="365" w="419" /><ent r="6" t="365" w="433" /><ent r="6" t="365" w="433" /><ent r="6" t="365" w="447" /><ent r="6" t="365" w="447" /><ent r="6" t="365" w="461" /><ent r="6" t="365" w="461" /><ent r="6" t="365" w="475" /><ent r="6" t="365" w="475" /><ent r="6" t="365" w="489" /><ent r="6" t="365" w="489" /><ent r="6" t="365" w="503" /><ent r="6" t="365" w="503" /><ent r="6" t="365" w="517" /><ent r="6" t="365" w="517" /><ent r="6" t="365" w="531" /><ent r="6" t="365" w="531" /><ent r="6" t="365" w="545" /><ent r="6" t="365" w="545" /><ent r="6" t="365" w="560" /><ent r="6" t="365" w="560" /><ent r="6" t="366" w="126" /><ent r="6" t="366" w="126" /><ent r="6" t="366" w="136" /><ent r="6" t="366" w="136" /><ent r="6" t="366" w="141" /><ent r="6" t="366" w="141" /><ent r="6" t="366" w="155" /><ent r="6" t="366" w="249" /><ent r="6" t="366" w="249" /><ent r="6" t="367" w="126" /><ent r="6" t="367" w="126" /><ent r="6" t="367" w="137" /><ent r="6" t="367" w="137" /><ent r="6" t="367" w="142" /><ent r="6" t="367" w="142" /><ent r="6" t="367" w="156" /><ent r="6" t="367" w="252" /><ent r="6" t="367" w="252" /><ent r="6" t="368" w="126" /><ent r="6" t="368" w="126" /><ent r="6" t="368" w="137" /><ent r="6" t="368" w="137" /><ent r="6" t="368" w="142" /><ent r="6" t="368" w="142" /><ent r="6" t="368" w="156" /><ent r="6" t="368" w="252" /><ent r="6" t="368" w="252" /><ent r="6" t="369" w="126" /><ent r="6" t="369" w="126" /><ent r="6" t="369" w="137" /><ent r="6" t="369" w="137" /><ent r="6" t="369" w="142" /><ent r="6" t="369" w="142" /><ent r="6" t="369" w="156" /><ent r="6" t="369" w="251" /><ent r="6" t="369" w="251" /><ent r="6" t="370" w="126" /><ent r="6" t="370" w="126" /><ent r="6" t="370" w="136" /><ent r="6" t="370" w="136" /><ent r="6" t="370" w="141" /><ent r="6" t="370" w="141" /><ent r="6" t="370" w="155" /><ent r="6" t="370" w="250" /><ent r="6" t="370" w="250" /><ent r="6" t="371" w="127" /><ent r="6" t="371" w="127" /><ent r="6" t="371" w="138" /><ent r="6" t="371" w="138" /><ent r="6" t="371" w="143" /><ent r="6" t="371" w="143" /><ent r="6" t="371" w="157" /><ent r="6" t="371" w="164" /><ent r="6" t="371" w="164" /><ent r="6" t="371" w="187" /><ent r="6" t="371" w="187" /><ent r="6" t="371" w="198" /><ent r="6" t="371" w="198" /><ent r="6" t="371" w="209" /><ent r="6" t="371" w="209" /><ent r="6" t="371" w="220" /><ent r="6" t="371" w="220" /><ent r="6" t="371" w="318" /><ent r="6" t="371" w="318" /><ent r="6" t="371" w="366" /><ent r="6" t="371" w="366" /><ent r="6" t="371" w="486" /><ent r="6" t="372" w="105" /><ent r="6" t="372" w="105" /><ent r="6" t="372" w="114" /><ent r="6" t="372" w="114" /><ent r="6" t="372" w="119" /><ent r="6" t="372" w="119" /><ent r="6" t="372" w="137" /><ent r="6" t="372" w="158" /><ent r="6" t="372" w="158" /><ent r="6" t="372" w="181" /><ent r="6" t="372" w="181" /><ent r="6" t="372" w="210" /><ent r="6" t="372" w="210" /><ent r="6" t="372" w="254" /><ent r="6" t="372" w="254" /><ent r="6" t="372" w="276" /><ent r="6" t="372" w="276" /><ent r="6" t="372" w="305" /><ent r="6" t="372" w="305" /><ent r="6" t="372" w="324" /><ent r="6" t="372" w="324" /><ent r="6" t="372" w="361" /><ent r="6" t="372" w="361" /><ent r="7" t="372" w="379" /><ent r="6" t="372" w="405" /><ent r="6" t="372" w="405" /><ent r="6" t="372" w="480" /><ent r="6" t="372" w="480" /><ent r="6" t="372" w="501" /><ent r="6" t="372" w="501" /><ent r="6" t="372" w="557" /><ent r="6" t="372" w="557" /><ent r="6" t="372" w="559" /><ent r="6" t="372" w="559" /><ent r="7" t="372" w="580" /><ent r="7" t="372" w="580" /><ent r="6" t="372" w="675" /><ent r="6" t="372" w="675" /><ent r="6" t="372" w="796" /><ent r="6" t="372" w="796" /><ent r="6" t="372" w="798" /><ent r="6" t="372" w="798" /><ent r="68" t="372" w="807" /><ent r="68" t="372" w="807" /><ent r="6" t="372" w="814" /><ent r="6" t="372" w="824" /><ent r="6" t="372" w="824" /><ent r="6" t="372" w="860" /><ent r="6" t="372" w="860" /><ent r="6" t="372" w="862" /><ent r="6" t="372" w="862" /><ent r="7" t="372" w="894" /><ent r="7" t="372" w="900" /><ent r="6" t="372" w="918" /><ent r="6" t="372" w="918" /><ent r="6" t="372" w="948" /><ent r="6" t="372" w="948" /><ent r="6" t="372" w="1037" /><ent r="6" t="372" w="1037" /><ent r="6" t="372" w="1235" /><ent r="6" t="372" w="1249" /><ent r="6" t="372" w="1249" /><ent r="6" t="372" w="1255" /><ent r="6" t="372" w="1255" /><ent r="6" t="372" w="1259" /><ent r="6" t="372" w="1259" /><ent r="6" t="372" w="1396" /><ent r="6" t="372" w="1396" /><ent r="6" t="372" w="1414" /><ent r="6" t="372" w="1414" /><ent r="6" t="372" w="1523" /><ent r="6" t="372" w="1523" /><ent r="8" t="372" w="1623" /><ent r="8" t="372" w="1623" /><ent r="82" t="372" w="1674" /><ent r="82" t="372" w="1674" /><ent r="6" t="372" w="1688" /><ent r="6" t="372" w="1691" /><ent r="6" t="372" w="1691" /><ent r="6" t="372" w="1699" /><ent r="6" t="372" w="1708" /><ent r="7" t="372" w="1717" /><ent r="7" t="372" w="1726" /><ent r="6" t="372" w="1772" /><ent r="6" t="372" w="1775" /><ent r="6" t="372" w="1775" /><ent r="6" t="372" w="1782" /><ent r="6" t="372" w="1792" /><ent r="7" t="372" w="1808" /><ent r="6" t="372" w="1851" /><ent r="6" t="372" w="1851" /><ent r="6" t="372" w="1858" /><ent r="6" t="372" w="1877" /><ent r="6" t="372" w="1877" /><ent r="6" t="372" w="1956" /><ent r="6" t="372" w="1956" /><ent r="6" t="372" w="1963" /><ent r="6" t="372" w="1963" /><ent r="6" t="373" w="63" /><ent r="6" t="373" w="63" /><ent r="6" t="373" w="72" /><ent r="6" t="373" w="72" /><ent r="6" t="373" w="77" /><ent r="6" t="373" w="77" /><ent r="6" t="373" w="91" /><ent r="6" t="373" w="142" /><ent r="6" t="373" w="142" /><ent r="6" t="373" w="157" /><ent r="6" t="373" w="157" /><ent r="6" t="374" w="92" /><ent r="6" t="374" w="92" /><ent r="6" t="374" w="101" /><ent r="6" t="374" w="101" /><ent r="6" t="374" w="106" /><ent r="6" t="374" w="106" /><ent r="6" t="374" w="122" /><ent r="6" t="374" w="129" /><ent r="6" t="374" w="129" /><ent r="6" t="374" w="144" /><ent r="6" t="374" w="144" /><ent r="6" t="374" w="151" /><ent r="6" t="374" w="151" /><ent r="6" t="374" w="155" /><ent r="6" t="374" w="155" /><ent r="68" t="374" w="160" /><ent r="68" t="374" w="160" /><ent r="6" t="374" w="170" /><ent r="6" t="374" w="170" /><ent r="6" t="374" w="185" /><ent r="6" t="374" w="185" /><ent r="6" t="374" w="200" /><ent r="6" t="374" w="200" /><ent r="6" t="374" w="257" /><ent r="6" t="374" w="257" /><ent r="6" t="374" w="287" /><ent r="6" t="374" w="287" /><ent r="6" t="374" w="333" /><ent r="6" t="374" w="333" /><ent r="6" t="374" w="339" /><ent r="6" t="374" w="339" /><ent r="6" t="374" w="345" /><ent r="6" t="374" w="345" /><ent r="82" t="374" w="382" /><ent r="82" t="374" w="382" /><ent r="6" t="374" w="401" /><ent r="6" t="374" w="401" /><ent r="6" t="374" w="407" /><ent r="6" t="374" w="407" /><ent r="6" t="374" w="411" /><ent r="6" t="374" w="411" /><ent r="6" t="374" w="437" /><ent r="6" t="374" w="437" /><ent r="6" t="374" w="441" /><ent r="6" t="374" w="441" /><ent r="6" t="374" w="447" /><ent r="6" t="374" w="447" /><ent r="6" t="374" w="473" /><ent r="6" t="374" w="473" /><ent r="6" t="375" w="67" /><ent r="6" t="375" w="67" /><ent r="6" t="375" w="76" /><ent r="6" t="375" w="76" /><ent r="6" t="375" w="81" /><ent r="6" t="375" w="81" /><ent r="6" t="375" w="95" /><ent r="6" t="375" w="103" /><ent r="6" t="375" w="103" /><ent r="6" t="375" w="157" /><ent r="6" t="375" w="157" /><ent r="6" t="376" w="62" /><ent r="6" t="376" w="62" /><ent r="6" t="376" w="72" /><ent r="6" t="376" w="72" /><ent r="6" t="376" w="77" /><ent r="6" t="376" w="77" /><ent r="6" t="376" w="92" /><ent r="6" t="376" w="100" /><ent r="6" t="376" w="100" /><ent r="6" t="376" w="151" /><ent r="6" t="376" w="151" /><ent r="6" t="377" w="58" /><ent r="6" t="377" w="58" /><ent r="6" t="377" w="67" /><ent r="6" t="377" w="67" /><ent r="6" t="377" w="72" /><ent r="6" t="377" w="72" /><ent r="6" t="377" w="87" /><ent r="6" t="377" w="93" /><ent r="6" t="377" w="93" /><ent r="6" t="377" w="104" /><ent r="6" t="377" w="104" /><ent r="6" t="377" w="189" /><ent r="6" t="377" w="189" /><ent r="6" t="378" w="65" /><ent r="6" t="378" w="65" /><ent r="6" t="378" w="75" /><ent r="6" t="378" w="75" /><ent r="6" t="378" w="80" /><ent r="6" t="378" w="80" /><ent r="6" t="378" w="95" /><ent r="6" t="378" w="125" /><ent r="6" t="378" w="125" /><ent r="6" t="378" w="174" /><ent r="6" t="378" w="174" /><ent r="6" t="378" w="181" /><ent r="6" t="378" w="181" /><ent r="6" t="378" w="191" /><ent r="6" t="378" w="191" /><ent r="10" t="378" w="215" /><ent r="8" t="378" w="224" /><ent r="10" t="378" w="235" /><ent r="10" t="378" w="254" /><ent r="6" t="379" w="161" /><ent r="6" t="379" w="161" /><ent r="6" t="379" w="169" /><ent r="6" t="379" w="169" /><ent r="6" t="379" w="173" /><ent r="6" t="379" w="173" /><ent r="6" t="379" w="192" /><ent r="6" t="379" w="192" /><ent r="6" t="379" w="205" /><ent r="6" t="379" w="205" /><ent r="6" t="379" w="253" /><ent r="6" t="379" w="253" /><ent r="6" t="379" w="269" /><ent r="6" t="379" w="269" /><ent r="6" t="381" w="72" /><ent r="6" t="381" w="72" /><ent r="6" t="381" w="80" /><ent r="6" t="381" w="80" /><ent r="6" t="381" w="84" /><ent r="6" t="381" w="84" /><ent r="6" t="381" w="103" /><ent r="6" t="381" w="103" /><ent r="6" t="381" w="116" /><ent r="6" t="381" w="116" /><ent r="6" t="381" w="129" /><ent r="6" t="381" w="129" /><ent r="6" t="381" w="135" /><ent r="6" t="381" w="146" /><ent r="6" t="381" w="146" /><ent r="3" t="382" w="161" /><ent r="3" t="382" w="161" /><ent r="6" t="382" w="237" /><ent r="6" t="382" w="237" /><ent r="6" t="382" w="245" /><ent r="6" t="382" w="245" /><ent r="6" t="382" w="249" /><ent r="6" t="382" w="249" /><ent r="6" t="382" w="268" /><ent r="6" t="382" w="268" /><ent r="6" t="382" w="281" /><ent r="6" t="382" w="281" /><ent r="6" t="382" w="300" /><ent r="6" t="382" w="300" /><ent r="6" t="382" w="320" /><ent r="6" t="382" w="320" /><ent r="6" t="382" w="339" /><ent r="6" t="382" w="339" /><ent r="6" t="382" w="359" /><ent r="6" t="382" w="359" /><ent r="6" t="382" w="437" /><ent r="6" t="382" w="437" /><ent r="6" t="382" w="462" /><ent r="6" t="382" w="462" /><ent r="6" t="382" w="476" /><ent r="6" t="382" w="484" /><ent r="6" t="382" w="484" /><ent r="6" t="382" w="498" /><ent r="6" t="382" w="506" /><ent r="6" t="382" w="506" /><ent r="6" t="382" w="525" /><ent r="6" t="382" w="525" /><ent r="6" t="382" w="634" /><ent r="6" t="382" w="634" /><ent r="6" t="383" w="58" /><ent r="6" t="383" w="58" /><ent r="6" t="383" w="66" /><ent r="6" t="383" w="66" /><ent r="6" t="383" w="70" /><ent r="6" t="383" w="70" /><ent r="6" t="383" w="89" /><ent r="6" t="383" w="89" /><ent r="6" t="383" w="102" /><ent r="6" t="383" w="102" /><ent r="6" t="383" w="144" /><ent r="6" t="383" w="144" /><ent r="6" t="383" w="159" /><ent r="6" t="383" w="159" /><ent r="6" t="384" w="109" /><ent r="6" t="384" w="109" /><ent r="6" t="384" w="117" /><ent r="6" t="384" w="117" /><ent r="6" t="384" w="121" /><ent r="6" t="384" w="121" /><ent r="6" t="384" w="140" /><ent r="6" t="384" w="140" /><ent r="6" t="384" w="153" /><ent r="6" t="384" w="153" /><ent r="6" t="384" w="195" /><ent r="6" t="384" w="195" /><ent r="6" t="384" w="210" /><ent r="6" t="384" w="210" /><ent r="6" t="385" w="37" /><ent r="6" t="385" w="37" /><ent r="6" t="385" w="45" /><ent r="6" t="385" w="45" /><ent r="6" t="385" w="49" /><ent r="6" t="385" w="49" /><ent r="6" t="385" w="67" /><ent r="6" t="385" w="67" /><ent r="6" t="385" w="80" /><ent r="6" t="385" w="80" /><ent r="6" t="385" w="94" /><ent r="6" t="385" w="94" /><ent r="6" t="385" w="113" /><ent r="6" t="385" w="113" /><ent r="6" t="385" w="129" /><ent r="6" t="385" w="129" /><ent r="6" t="385" w="182" /><ent r="6" t="385" w="182" /><ent r="7" t="385" w="228" /><ent r="6" t="386" w="103" /><ent r="6" t="386" w="103" /><ent r="6" t="387" w="81" /><ent r="6" t="387" w="81" /><ent r="6" t="388" w="55" /><ent r="6" t="388" w="55" /><ent r="6" t="388" w="63" /><ent r="6" t="388" w="63" /><ent r="6" t="388" w="67" /><ent r="6" t="388" w="67" /><ent r="6" t="388" w="86" /><ent r="6" t="388" w="86" /><ent r="6" t="388" w="100" /><ent r="6" t="388" w="100" /><ent r="6" t="388" w="117" /><ent r="6" t="388" w="117" /><ent r="6" t="388" w="189" /><ent r="6" t="388" w="189" /><ent r="6" t="388" w="203" /><ent r="6" t="388" w="203" /><ent r="66" t="388" w="263" /><ent r="6" t="388" w="486" /><ent r="6" t="388" w="508" /><ent r="6" t="388" w="508" /><ent r="7" t="388" w="610" /><ent r="7" t="388" w="610" /><ent r="6" t="388" w="635" /><ent r="6" t="388" w="635" /><ent r="6" t="388" w="803" /><ent r="6" t="388" w="803" /><ent r="6" t="388" w="835" /><ent r="6" t="388" w="835" /><ent r="6" t="388" w="869" /><ent r="6" t="388" w="869" /><ent r="6" t="388" w="895" /><ent r="6" t="388" w="895" /><ent r="6" t="388" w="953" /><ent r="6" t="388" w="953" /><ent r="6" t="388" w="1006" /><ent r="6" t="388" w="1006" /><ent r="6" t="388" w="1035" /><ent r="6" t="388" w="1035" /><ent r="6" t="388" w="1074" /><ent r="6" t="388" w="1074" /><ent r="6" t="388" w="1083" /><ent r="6" t="388" w="1083" /><ent r="6" t="388" w="1091" /><ent r="6" t="388" w="1091" /><ent r="6" t="388" w="1107" /><ent r="6" t="388" w="1107" /><ent r="6" t="388" w="1133" /><ent r="6" t="388" w="1133" /><ent r="6" t="388" w="1148" /><ent r="6" t="388" w="1148" /><ent r="6" t="388" w="1222" /><ent r="6" t="388" w="1222" /><ent r="6" t="388" w="1301" /><ent r="6" t="388" w="1301" /><ent r="6" t="388" w="1330" /><ent r="6" t="388" w="1330" /><ent r="6" t="388" w="1369" /><ent r="6" t="388" w="1369" /><ent r="6" t="388" w="1378" /><ent r="6" t="388" w="1378" /><ent r="6" t="388" w="1386" /><ent r="6" t="388" w="1386" /><ent r="6" t="388" w="1402" /><ent r="6" t="388" w="1402" /><ent r="6" t="388" w="1428" /><ent r="6" t="388" w="1428" /><ent r="6" t="388" w="1443" /><ent r="6" t="388" w="1443" /><ent r="6" t="388" w="1517" /><ent r="6" t="388" w="1517" /><ent r="6" t="389" w="72" /><ent r="6" t="389" w="72" /><ent r="6" t="389" w="80" /><ent r="6" t="389" w="80" /><ent r="6" t="389" w="84" /><ent r="6" t="389" w="84" /><ent r="6" t="389" w="103" /><ent r="6" t="389" w="103" /><ent r="6" t="389" w="116" /><ent r="6" t="389" w="116" /><ent r="6" t="389" w="129" /><ent r="6" t="389" w="129" /><ent r="6" t="389" w="145" /><ent r="6" t="389" w="145" /><ent r="4" t="390" w="145" /><ent r="4" t="390" w="145" /><ent r="6" t="390" w="189" /><ent r="6" t="390" w="189" /><ent r="6" t="390" w="195" /><ent r="6" t="390" w="195" /><ent r="6" t="390" w="199" /><ent r="6" t="390" w="199" /><ent r="6" t="390" w="218" /><ent r="6" t="390" w="218" /><ent r="6" t="390" w="231" /><ent r="6" t="390" w="231" /><ent r="6" t="390" w="523" /><ent r="6" t="390" w="523" /><ent r="6" t="390" w="537" /><ent r="6" t="390" w="537" /><ent r="4" t="390" w="566" /><ent r="4" t="390" w="570" /><ent r="4" t="390" w="598" /><ent r="4" t="390" w="606" /><ent r="3" t="390" w="822" /><ent r="3" t="390" w="888" /><ent r="3" t="390" w="888" /><ent r="3" t="390" w="911" /><ent r="3" t="390" w="911" /><ent r="4" t="390" w="931" /><ent r="6" t="391" w="117" /><ent r="6" t="391" w="117" /><ent r="6" t="391" w="125" /><ent r="6" t="391" w="125" /><ent r="6" t="391" w="129" /><ent r="6" t="391" w="129" /><ent r="6" t="391" w="149" /><ent r="6" t="391" w="149" /><ent r="6" t="391" w="162" /><ent r="6" t="391" w="162" /><ent r="6" t="391" w="176" /><ent r="6" t="391" w="176" /><ent r="6" t="391" w="196" /><ent r="6" t="391" w="196" /><ent r="6" t="391" w="254" /><ent r="6" t="391" w="254" /><ent r="6" t="391" w="271" /><ent r="6" t="391" w="271" /><ent r="6" t="391" w="318" /><ent r="6" t="391" w="318" /><ent r="3" t="394" w="97" /><ent r="7" t="396" w="42" /><ent r="7" t="396" w="42" /><ent r="7" t="396" w="171" /><ent r="7" t="396" w="171" /><ent r="7" t="396" w="316" /><ent r="7" t="396" w="316" /><ent r="3" t="397" w="212" /><ent r="3" t="397" w="248" /><ent r="3" t="397" w="248" /><ent r="3" t="397" w="275" /><ent r="3" t="397" w="275" /><ent r="3" t="397" w="288" /><ent r="3" t="397" w="291" /><ent r="3" t="397" w="291" /><ent r="3" t="397" w="496" /><ent r="3" t="397" w="533" /><ent r="3" t="397" w="533" /><ent r="3" t="397" w="540" /><ent r="3" t="397" w="543" /><ent r="3" t="397" w="543" /><ent r="3" t="397" w="546" /><ent r="3" t="397" w="546" /><ent r="3" t="397" w="553" /><ent r="3" t="397" w="556" /><ent r="3" t="397" w="556" /><ent r="3" t="397" w="559" /><ent r="3" t="397" w="559" /><ent r="3" t="397" w="636" /><ent r="3" t="397" w="672" /><ent r="3" t="397" w="675" /><ent r="3" t="397" w="675" /><ent r="3" t="397" w="687" /><ent r="3" t="397" w="687" /><ent r="5" t="398" w="200" /><ent r="5" t="398" w="200" /><ent r="5" t="398" w="205" /><ent r="5" t="398" w="205" /><ent r="5" t="398" w="528" /><ent r="5" t="398" w="547" /><ent r="5" t="398" w="547" /><ent r="5" t="398" w="875" /><ent r="5" t="398" w="875" /><ent r="5" t="398" w="946" /><ent r="5" t="398" w="950" /><ent r="5" t="398" w="950" /><ent r="5" t="398" w="958" /><ent r="5" t="398" w="1125" /><ent r="5" t="398" w="1125" /><ent r="5" t="398" w="1403" /><ent r="5" t="398" w="1403" /><ent r="5" t="398" w="1462" /><ent r="5" t="398" w="1462" /><ent r="5" t="398" w="1469" /><ent r="5" t="398" w="1469" /><ent r="5" t="398" w="1511" /><ent r="5" t="398" w="1511" /><ent r="5" t="398" w="1518" /><ent r="5" t="398" w="1518" /><ent r="5" t="398" w="1710" /><ent r="5" t="398" w="1710" /><ent r="5" t="398" w="1738" /><ent r="5" t="398" w="1738" /><ent r="5" t="398" w="1740" /><ent r="5" t="398" w="2160" /><ent r="5" t="398" w="2161" /><ent r="5" t="398" w="2161" /><ent r="5" t="398" w="2279" /><ent r="5" t="398" w="2279" /><ent r="5" t="398" w="2338" /><ent r="5" t="398" w="2338" /><ent r="5" t="398" w="2345" /><ent r="5" t="398" w="2345" /><ent r="5" t="398" w="2387" /><ent r="5" t="398" w="2387" /><ent r="5" t="398" w="2394" /><ent r="5" t="398" w="2394" /><ent r="3" t="398" w="2594" /><ent r="3" t="398" w="2601" /><ent r="3" t="398" w="2601" /><ent r="3" t="398" w="2617" /><ent r="3" t="398" w="2638" /><ent r="3" t="398" w="2645" /><ent r="3" t="398" w="2645" /><ent r="3" t="398" w="2661" /><ent r="3" t="398" w="2667" /><ent r="3" t="398" w="2667" /><ent r="3" t="398" w="2677" /><ent r="3" t="398" w="2677" /><ent r="3" t="398" w="2683" /><ent r="3" t="398" w="2691" /><ent r="3" t="398" w="2691" /><ent r="3" t="398" w="2823" /><ent r="3" t="398" w="2831" /><ent r="3" t="398" w="2843" /><ent r="3" t="398" w="2850" /><ent r="3" t="398" w="2857" /><ent r="3" t="398" w="2864" /><ent r="3" t="398" w="2996" /><ent r="3" t="398" w="3002" /><ent r="3" t="398" w="3002" /><ent r="3" t="398" w="3024" /><ent r="3" t="398" w="3024" /><ent r="3" t="398" w="3044" /><ent r="3" t="398" w="3066" /><ent r="3" t="399" w="73" /><ent r="3" t="399" w="73" /><ent r="3" t="399" w="1167" /><ent r="3" t="399" w="1167" /><ent r="3" t="399" w="1266" /><ent r="3" t="399" w="1266" /><ent r="3" t="399" w="1971" /><ent r="3" t="399" w="1971" /><ent r="3" t="399" w="2104" /><ent r="3" t="399" w="2104" /><ent r="3" t="399" w="2149" /><ent r="3" t="399" w="2149" /><ent r="3" t="399" w="2197" /><ent r="3" t="399" w="2197" /><ent r="3" t="399" w="2758" /><ent r="3" t="399" w="3183" /><ent r="3" t="399" w="3183" /><ent r="3" t="399" w="3958" /><ent r="3" t="399" w="3958" /><ent r="6" t="400" w="700" /><ent r="6" t="400" w="954" /><ent r="6" t="400" w="1345" /><ent r="6" t="400" w="1545" /><ent r="6" t="400" w="1812" /><ent r="6" t="400" w="1855" /><ent r="7" t="400" w="1972" /><ent r="8" t="400" w="2113" /><ent r="8" t="400" w="2113" /><ent r="4" t="401" w="76" /><ent r="4" t="401" w="76" /><ent r="3" t="401" w="125" /><ent r="3" t="401" w="125" /><ent r="4" t="401" w="142" /><ent r="4" t="401" w="142" /><ent r="4" t="401" w="164" /><ent r="4" t="401" w="215" /><ent r="4" t="401" w="281" /><ent r="4" t="401" w="281" /><ent r="72" t="401" w="355" /><ent r="72" t="401" w="355" /><ent r="3" t="401" w="363" /><ent r="3" t="401" w="376" /><ent r="72" t="401" w="383" /><ent r="72" t="401" w="383" /><ent r="3" t="401" w="470" /><ent r="3" t="401" w="483" /><ent r="3" t="401" w="496" /><ent r="3" t="401" w="496" /><ent r="3" t="401" w="498" /><ent r="3" t="401" w="498" /><ent r="3" t="401" w="518" /><ent r="3" t="401" w="518" /><ent r="3" t="401" w="519" /><ent r="3" t="401" w="526" /><ent r="3" t="401" w="558" /><ent r="3" t="401" w="558" /><ent r="3" t="401" w="560" /><ent r="3" t="401" w="560" /><ent r="3" t="401" w="580" /><ent r="3" t="401" w="580" /><ent r="3" t="401" w="581" /><ent r="3" t="401" w="588" /><ent r="4" t="401" w="605" /><ent r="3" t="402" w="139" /><ent r="3" t="402" w="142" /><ent r="3" t="402" w="868" /><ent r="3" t="402" w="868" /><ent r="3" t="402" w="1097" /><ent r="3" t="402" w="1097" /><ent r="3" t="402" w="1105" /><ent r="3" t="402" w="1134" /><ent r="3" t="402" w="1134" /><ent r="3" t="402" w="1143" /><ent r="3" t="402" w="1143" /><ent r="3" t="402" w="1148" /><ent r="3" t="402" w="1148" /><ent r="3" t="402" w="1158" /><ent r="3" t="402" w="1158" /><ent r="3" t="402" w="1227" /><ent r="3" t="402" w="1227" /><ent r="3" t="402" w="1237" /><ent r="3" t="402" w="1237" /><ent r="3" t="402" w="1262" /><ent r="3" t="402" w="1262" /><ent r="3" t="402" w="1290" /><ent r="3" t="402" w="1290" /><ent r="3" t="402" w="1313" /><ent r="3" t="402" w="1313" /><ent r="3" t="404" w="238" /><ent r="3" t="404" w="519" /><ent r="3" t="404" w="1520" /><ent r="3" t="422" w="358" /><ent r="3" t="422" w="358" /><ent r="4" t="425" w="144" /><ent r="4" t="425" w="144" /><ent r="7" t="430" w="92" /><ent r="7" t="430" w="92" /><ent r="7" t="430" w="197" /><ent r="7" t="430" w="218" /><ent r="7" t="430" w="218" /><ent r="7" t="430" w="224" /><ent r="7" t="430" w="224" /><ent r="7" t="430" w="238" /><ent r="7" t="430" w="238" /><ent r="8" t="430" w="341" /><ent r="8" t="430" w="341" /><ent r="8" t="430" w="386" /><ent r="8" t="430" w="386" /><ent r="8" t="430" w="430" /><ent r="8" t="430" w="430" /><ent r="8" t="430" w="467" /><ent r="8" t="430" w="467" /><ent r="8" t="430" w="509" /><ent r="8" t="430" w="509" /><ent r="7" t="431" w="137" /><ent r="7" t="431" w="137" /><ent r="7" t="431" w="144" /><ent r="7" t="431" w="144" /><ent r="7" t="431" w="286" /><ent r="7" t="431" w="312" /><ent r="7" t="431" w="312" /><ent r="7" t="431" w="326" /><ent r="7" t="431" w="326" /><ent r="8" t="431" w="432" /><ent r="8" t="431" w="432" /><ent r="8" t="431" w="477" /><ent r="8" t="431" w="477" /><ent r="8" t="431" w="521" /><ent r="8" t="431" w="521" /><ent r="8" t="431" w="558" /><ent r="8" t="431" w="558" /><ent r="8" t="431" w="600" /><ent r="8" t="431" w="600" /><ent r="9" t="431" w="669" /><ent r="9" t="431" w="669" /><ent r="9" t="431" w="737" /><ent r="9" t="431" w="737" /><ent r="9" t="431" w="806" /><ent r="9" t="431" w="806" /><ent r="7" t="432" w="130" /><ent r="7" t="432" w="130" /><ent r="7" t="432" w="300" /><ent r="7" t="432" w="300" /><ent r="7" t="433" w="91" /><ent r="7" t="433" w="91" /><ent r="7" t="433" w="226" /><ent r="7" t="434" w="61" /><ent r="7" t="434" w="61" /><ent r="7" t="435" w="60" /><ent r="7" t="435" w="60" /><ent r="7" t="435" w="79" /><ent r="7" t="435" w="104" /><ent r="7" t="435" w="104" /><ent r="7" t="436" w="67" /><ent r="7" t="436" w="67" /><ent r="7" t="437" w="76" /><ent r="7" t="437" w="76" /><ent r="72" t="438" w="13" /><ent r="7" t="438" w="27" /><ent r="7" t="438" w="30" /><ent r="7" t="438" w="30" /><ent r="7" t="438" w="40" /><ent r="7" t="438" w="52" /><ent r="7" t="438" w="63" /><ent r="7" t="438" w="79" /><ent r="7" t="438" w="97" /><ent r="7" t="438" w="126" /><ent r="7" t="438" w="133" /><ent r="7" t="438" w="133" /><ent r="7" t="438" w="142" /><ent r="7" t="438" w="180" /><ent r="7" t="438" w="206" /><ent r="7" t="438" w="227" /><ent r="7" t="438" w="239" /><ent r="7" t="438" w="250" /><ent r="7" t="438" w="261" /><ent r="7" t="438" w="285" /><ent r="7" t="438" w="288" /><ent r="7" t="438" w="288" /><ent r="7" t="438" w="296" /><ent r="7" t="438" w="316" /><ent r="7" t="438" w="319" /><ent r="7" t="438" w="319" /><ent r="7" t="438" w="327" /><ent r="72" t="438" w="343" /><ent r="7" t="438" w="358" /><ent r="7" t="438" w="361" /><ent r="7" t="438" w="361" /><ent r="7" t="438" w="374" /><ent r="7" t="438" w="387" /><ent r="7" t="438" w="400" /><ent r="7" t="438" w="414" /><ent r="7" t="438" w="428" /><ent r="7" t="438" w="439" /><ent r="7" t="438" w="456" /><ent r="7" t="438" w="480" /><ent r="7" t="438" w="483" /><ent r="7" t="438" w="483" /><ent r="7" t="438" w="494" /><ent r="7" t="438" w="519" /><ent r="7" t="438" w="522" /><ent r="7" t="438" w="522" /><ent r="7" t="438" w="528" /><ent r="7" t="438" w="537" /><ent r="7" t="438" w="546" /><ent r="7" t="438" w="555" /><ent r="7" t="438" w="611" /><ent r="7" t="439" w="56" /><ent r="7" t="439" w="56" /><ent r="7" t="439" w="210" /><ent r="7" t="439" w="243" /><ent r="7" t="439" w="261" /><ent r="7" t="439" w="284" /><ent r="7" t="439" w="330" /><ent r="7" t="439" w="396" /><ent r="7" t="439" w="448" /><ent r="7" t="439" w="448" /><ent r="7" t="439" w="458" /><ent r="7" t="439" w="458" /><ent r="7" t="439" w="584" /><ent r="7" t="440" w="70" /><ent r="7" t="440" w="70" /><ent r="7" t="441" w="73" /><ent r="7" t="441" w="73" /><ent r="7" t="442" w="86" /><ent r="7" t="442" w="86" /><ent r="7" t="443" w="141" /><ent r="7" t="443" w="141" /><ent r="7" t="443" w="148" /><ent r="7" t="443" w="148" /><ent r="7" t="443" w="200" /><ent r="7" t="443" w="200" /><ent r="7" t="443" w="272" /><ent r="7" t="443" w="312" /><ent r="7" t="443" w="312" /><ent r="7" t="443" w="326" /><ent r="7" t="443" w="326" /><ent r="7" t="443" w="426" /><ent r="7" t="443" w="426" /><ent r="7" t="443" w="518" /><ent r="7" t="443" w="518" /><ent r="7" t="443" w="565" /><ent r="7" t="443" w="565" /><ent r="9" t="443" w="651" /><ent r="9" t="443" w="651" /><ent r="9" t="443" w="726" /><ent r="9" t="443" w="726" /><ent r="7" t="444" w="59" /><ent r="7" t="444" w="59" /><ent r="7" t="445" w="93" /><ent r="7" t="445" w="93" /><ent r="7" t="445" w="151" /><ent r="7" t="445" w="207" /><ent r="7" t="445" w="314" /><ent r="7" t="445" w="331" /><ent r="7" t="445" w="333" /><ent r="7" t="445" w="352" /><ent r="7" t="445" w="353" /><ent r="7" t="445" w="375" /><ent r="7" t="445" w="376" /><ent r="7" t="445" w="377" /><ent r="7" t="445" w="453" /><ent r="7" t="445" w="453" /><ent r="7" t="445" w="466" /><ent r="7" t="445" w="466" /><ent r="7" t="445" w="481" /><ent r="7" t="445" w="481" /><ent r="7" t="445" w="542" /><ent r="7" t="446" w="101" /><ent r="7" t="446" w="101" /><ent r="7" t="446" w="267" /><ent r="7" t="446" w="267" /><ent r="7" t="447" w="75" /><ent r="7" t="447" w="75" /><ent r="7" t="447" w="82" /><ent r="7" t="447" w="82" /><ent r="7" t="448" w="53" /><ent r="7" t="448" w="53" /><ent r="7" t="449" w="123" /><ent r="7" t="449" w="123" /><ent r="7" t="449" w="275" /><ent r="7" t="449" w="283" /><ent r="7" t="449" w="317" /><ent r="7" t="449" w="317" /><ent r="7" t="449" w="325" /><ent r="7" t="449" w="325" /><ent r="7" t="450" w="75" /><ent r="7" t="450" w="75" /><ent r="7" t="450" w="147" /><ent r="7" t="450" w="147" /><ent r="68" t="450" w="155" /><ent r="7" t="451" w="105" /><ent r="7" t="451" w="105" /><ent r="7" t="451" w="112" /><ent r="7" t="451" w="112" /><ent r="7" t="451" w="179" /><ent r="68" t="451" w="190" /><ent r="9" t="451" w="265" /><ent r="9" t="451" w="265" /><ent r="9" t="451" w="308" /><ent r="9" t="451" w="308" /><ent r="72" t="452" w="43" /><ent r="72" t="452" w="43" /><ent r="7" t="452" w="71" /><ent r="7" t="452" w="71" /><ent r="7" t="452" w="145" /><ent r="7" t="452" w="145" /><ent r="68" t="452" w="153" /><ent r="7" t="453" w="101" /><ent r="7" t="453" w="101" /><ent r="7" t="454" w="66" /><ent r="7" t="454" w="66" /><ent r="7" t="455" w="99" /><ent r="7" t="455" w="99" /><ent r="3" t="463" w="279" /><ent r="3" t="463" w="279" /><ent r="55" t="469" w="19" /><ent r="55" t="469" w="19" /><ent r="55" t="469" w="37" /><ent r="55" t="469" w="37" /><ent r="55" t="469" w="51" /><ent r="55" t="469" w="51" /><ent r="55" t="469" w="66" /><ent r="55" t="469" w="66" /><ent r="6" t="473" w="66" /><ent r="6" t="473" w="66" /><ent r="6" t="473" w="170" /><ent r="6" t="473" w="170" /><ent r="7" t="474" w="61" /><ent r="7" t="474" w="61" /><ent r="3" t="475" w="38" /><ent r="7" t="475" w="74" /><ent r="7" t="475" w="74" /><ent r="7" t="475" w="124" /><ent r="7" t="475" w="215" /><ent r="7" t="475" w="215" /><ent r="9" t="475" w="251" /><ent r="9" t="475" w="251" /><ent r="7" t="476" w="58" /><ent r="7" t="476" w="58" /><ent r="3" t="477" w="93" /><ent r="3" t="477" w="102" /><ent r="7" t="477" w="186" /><ent r="7" t="477" w="186" /><ent r="9" t="477" w="506" /><ent r="9" t="477" w="506" /><ent r="7" t="478" w="53" /><ent r="7" t="478" w="53" /><ent r="3" t="479" w="55" /><ent r="3" t="479" w="55" /><ent r="3" t="479" w="76" /><ent r="7" t="479" w="99" /><ent r="7" t="479" w="99" /><ent r="7" t="479" w="124" /><ent r="3" t="480" w="37" /><ent r="3" t="480" w="41" /><ent r="3" t="480" w="55" /><ent r="3" t="480" w="59" /><ent r="7" t="480" w="77" /><ent r="7" t="480" w="77" /><ent r="7" t="480" w="80" /><ent r="7" t="480" w="92" /><ent r="7" t="480" w="92" /><ent r="7" t="481" w="87" /><ent r="7" t="481" w="87" /><ent r="7" t="481" w="123" /><ent r="7" t="481" w="123" /><ent r="7" t="481" w="136" /><ent r="7" t="481" w="136" /><ent r="7" t="481" w="155" /><ent r="7" t="481" w="155" /><ent r="7" t="481" w="164" /><ent r="7" t="481" w="164" /><ent r="7" t="481" w="173" /><ent r="7" t="481" w="173" /><ent r="3" t="482" w="41" /><ent r="3" t="482" w="150" /><ent r="7" t="482" w="200" /><ent r="7" t="482" w="200" /><ent r="7" t="483" w="67" /><ent r="7" t="483" w="67" /><ent r="7" t="484" w="49" /><ent r="7" t="484" w="49" /><ent r="7" t="484" w="102" /><ent r="7" t="484" w="102" /><ent r="3" t="485" w="81" /><ent r="3" t="485" w="83" /><ent r="3" t="485" w="86" /><ent r="7" t="485" w="97" /><ent r="7" t="485" w="97" /><ent r="3" t="486" w="86" /><ent r="3" t="486" w="104" /><ent r="7" t="486" w="124" /><ent r="7" t="486" w="124" /><ent r="7" t="486" w="179" /><ent r="7" t="487" w="100" /><ent r="7" t="487" w="100" /><ent r="7" t="487" w="250" /><ent r="3" t="488" w="68" /><ent r="7" t="488" w="104" /><ent r="7" t="488" w="104" /><ent r="7" t="488" w="199" /><ent r="7" t="488" w="250" /><ent r="7" t="488" w="250" /><ent r="3" t="489" w="42" /><ent r="7" t="489" w="64" /><ent r="7" t="489" w="64" /><ent r="7" t="489" w="190" /><ent r="3" t="490" w="41" /><ent r="3" t="490" w="59" /><ent r="7" t="490" w="84" /><ent r="7" t="490" w="84" /><ent r="7" t="490" w="142" /><ent r="7" t="491" w="52" /><ent r="7" t="491" w="52" /><ent r="3" t="492" w="39" /><ent r="7" t="492" w="60" /><ent r="7" t="492" w="60" /><ent r="7" t="492" w="117" /><ent r="7" t="493" w="86" /><ent r="7" t="493" w="86" /><ent r="7" t="493" w="144" /><ent r="3" t="494" w="63" /><ent r="7" t="494" w="81" /><ent r="7" t="494" w="81" /><ent r="7" t="495" w="72" /><ent r="7" t="495" w="72" /><ent r="7" t="496" w="83" /><ent r="7" t="496" w="83" /><ent r="7" t="497" w="55" /><ent r="7" t="497" w="55" /><ent r="4" t="499" w="184" /><ent r="3" t="501" w="345" /><ent r="3" t="501" w="345" /><ent r="3" t="501" w="434" /><ent r="3" t="501" w="464" /></phr></stem></index>